BiologieID,SejourID,DatePrelevement,Panel,Valeur,Unite,ValeurReferenceBas,ValeurReferenceHaut
BIO-000001,SEJ-000001,2024-03-21 05:00:00,CRP,-11.33,mg/L,0,5
BIO-000002,SEJ-000001,2024-03-18 20:00:00,GlobulesBlancs,6.27,G/L,4,10
BIO-000003,SEJ-000001,2024-03-17 03:00:00,Natremie,138.76,mmol/L,135,145
BIO-000004,SEJ-000001,2024-03-21 21:00:00,Natremie,137.56,mmol/L,135,145
BIO-000005,SEJ-000001,2024-03-21 18:00:00,Creatinine,48.91,µmol/L,60,110
BIO-000006,SEJ-000001,2024-03-17 06:00:00,Creatinine,40.81,µmol/L,60,110
BIO-000007,SEJ-000001,2024-03-19 06:00:00,CRP,43.81,mg/L,0,5
BIO-000008,SEJ-000002,2023-11-01 21:00:00,CRP,37.35,mg/L,0,5
BIO-000009,SEJ-000002,2023-11-03 20:00:00,GlobulesBlancs,9.38,G/L,4,10
BIO-000010,SEJ-000003,2024-04-01 06:00:00,Natremie,999.0,mmol/L,135,145
BIO-000011,SEJ-000003,2024-04-02 18:00:00,GlobulesBlancs,9.09,G/L,4,10
BIO-000012,SEJ-000003,2024-03-31 02:00:00,Creatinine,54.28,µmol/L,60,110
BIO-000013,SEJ-000003,2024-04-02 18:00:00,GlobulesBlancs,10.65,G/L,4,10
BIO-000014,SEJ-000003,2024-04-02 08:00:00,Natremie,137.65,mmol/L,135,145
BIO-000015,SEJ-000003,2024-03-31 21:00:00,GlobulesBlancs,9.14,G/L,4,10
BIO-000016,SEJ-000003,2024-03-31 10:00:00,Natremie,135.35,mmol/L,135,145
BIO-000017,SEJ-000003,2024-04-01 05:00:00,CRP,,mg/L,0,5
BIO-000018,SEJ-000004,2023-12-01 06:00:00,Creatinine,102.15,µmol/L,60,110
BIO-000019,SEJ-000004,2023-11-26 10:00:00,Hemoglobine,10.99,g/dL,12,16
BIO-000020,SEJ-000004,2023-12-03 06:00:00,CRP,,mg/L,0,5
BIO-000021,SEJ-000004,2023-12-11 02:00:00,GlobulesBlancs,7.31,G/L,4,10
BIO-000022,SEJ-000005,2023-07-16 03:00:00,CRP,-0.18,mg/L,0,5
BIO-000023,SEJ-000005,2023-07-16 18:00:00,GlobulesBlancs,,G/L,4,10
BIO-000024,SEJ-000005,2023-07-16 17:00:00,Natremie,,mmol/L,135,145
BIO-000025,SEJ-000006,2022-12-14 15:00:00,Hemoglobine,109.38,g/L,12,16
BIO-000026,SEJ-000006,2022-12-11 06:00:00,GlobulesBlancs,10.99,G/L,4,10
BIO-000027,SEJ-000007,2023-09-16 11:00:00,Natremie,137.13,mmol/L,135,145
BIO-000028,SEJ-000007,2023-09-16 12:00:00,Hemoglobine,10.16,g/dL,12,16
BIO-000029,SEJ-000007,2023-09-17 11:00:00,Natremie,141.68,mmol/L,135,145
BIO-000030,SEJ-000007,2023-09-16 01:00:00,Natremie,139.76,mmol/L,135,145
BIO-000031,SEJ-000008,2023-08-01 03:00:00,CRP,4.83,mg/L,0,5
BIO-000032,SEJ-000008,2023-08-01 00:00:00,Creatinine,11.05,mg/L,60,110
BIO-000033,SEJ-000008,2023-08-04 13:00:00,Hemoglobine,10.9,g/dL,12,16
BIO-000034,SEJ-000008,2023-08-01 08:00:00,Natremie,136.32,mmol/L,135,145
BIO-000035,SEJ-000008,2023-08-03 23:00:00,Natremie,138.32,mmol/L,135,145
BIO-000036,SEJ-000008,2023-08-04 23:00:00,Creatinine,135.23,µmol/L,60,110
BIO-000037,SEJ-000008,2023-08-01 16:00:00,Creatinine,11.23,mg/L,60,110
BIO-000038,SEJ-000008,2023-07-31 16:00:00,CRP,-5.94,mg/L,0,5
BIO-000039,SEJ-000008,2023-07-31 18:00:00,CRP,18.51,mg/L,0,5
BIO-000040,SEJ-000008,2023-08-01 19:00:00,Natremie,139.03,mmol/L,135,145
BIO-000041,SEJ-000009,2024-02-11 19:00:00,Natremie,138.58,mmol/L,135,145
BIO-000042,SEJ-000009,2024-02-07 02:00:00,CRP,-9.45,mg/L,0,5
BIO-000043,SEJ-999999,2024-02-09 00:00:00,Natremie,139.67,mmol/L,135,145
BIO-000044,SEJ-000010,2024-01-12 23:00:00,Hemoglobine,124.64,g/L,12,16
BIO-000045,SEJ-000010,2024-01-12 21:00:00,GlobulesBlancs,14.6,G/L,4,10
BIO-000046,SEJ-000010,2024-01-12 22:00:00,CRP,47.66,mg/L,0,5
BIO-000047,SEJ-000010,2024-01-12 03:00:00,Hemoglobine,121.98,g/L,12,16
BIO-000048,SEJ-000010,2024-01-12 04:00:00,GlobulesBlancs,7.24,G/L,4,10
BIO-000049,SEJ-000010,2024-01-12 09:00:00,Creatinine,4.04,mg/L,60,110
BIO-000050,SEJ-000010,2024-01-12 17:00:00,GlobulesBlancs,9.82,G/L,4,10
BIO-000051,SEJ-000011,2024-01-07 12:00:00,GlobulesBlancs,12.5,G/L,4,10
BIO-000052,SEJ-000011,2024-01-04 09:00:00,GlobulesBlancs,7.29,G/L,4,10
BIO-000053,SEJ-000011,2024-01-07 15:00:00,GlobulesBlancs,12.66,G/L,4,10
BIO-000054,SEJ-000012,2023-06-08 21:00:00,Creatinine,113.68,µmol/L,60,110
BIO-000055,SEJ-000012,2023-06-08 06:00:00,CRP,50.44,mg/L,0,5
BIO-000056,SEJ-000012,2023-06-11 00:00:00,Natremie,139.56,mmol/L,135,145
BIO-000057,SEJ-000013,2023-11-08 17:00:00,GlobulesBlancs,5.01,G/L,4,10
BIO-000058,SEJ-000013,2023-11-09 19:00:00,GlobulesBlancs,12.11,G/L,4,10
BIO-000059,SEJ-000013,2023-11-14 08:00:00,GlobulesBlancs,17.26,G/L,4,10
BIO-000060,SEJ-000013,2023-11-15 03:00:00,Creatinine,6.33,mg/L,60,110
BIO-000061,SEJ-000013,2023-11-13 04:00:00,CRP,-18.35,mg/L,0,5
BIO-000062,SEJ-000013,2023-11-15 00:00:00,Hemoglobine,121.88,g/L,12,16
BIO-000063,SEJ-000014,2023-11-21 10:00:00,Creatinine,79.88,µmol/L,60,110
BIO-000064,SEJ-000014,2023-11-27 05:00:00,GlobulesBlancs,5.6,G/L,4,10
BIO-000065,SEJ-000014,2023-11-24 00:00:00,Hemoglobine,142.25,g/L,12,16
BIO-000066,SEJ-000015,2024-03-19 14:00:00,Creatinine,55.82,µmol/L,60,110
BIO-000067,SEJ-000015,2024-03-21 08:00:00,Natremie,140.71,mmol/L,135,145
BIO-000068,SEJ-000015,2024-03-19 18:00:00,GlobulesBlancs,7.84,G/L,4,10
BIO-000069,SEJ-000015,2024-03-21 19:00:00,Natremie,,mmol/L,135,145
BIO-000070,SEJ-000015,2024-03-19 17:00:00,Natremie,139.1,mmol/L,135,145
BIO-000071,SEJ-000015,2024-03-19 12:00:00,Creatinine,135.28,µmol/L,60,110
BIO-000072,SEJ-000015,2024-03-19 17:00:00,Hemoglobine,116.16,g/L,12,16
BIO-000073,SEJ-000016,2023-01-21 14:00:00,CRP,83.87,mg/L,0,5
BIO-000074,SEJ-000016,2023-01-20 09:00:00,GlobulesBlancs,11.15,G/L,4,10
BIO-000075,SEJ-000016,2023-01-19 06:00:00,Hemoglobine,12.13,g/dL,12,16
BIO-000076,SEJ-000016,2023-01-20 09:00:00,Hemoglobine,124.08,g/L,12,16
BIO-000077,SEJ-000017,2023-09-05 19:00:00,CRP,6.92,mg/L,0,5
BIO-000078,SEJ-000017,2023-09-04 22:00:00,Creatinine,9.53,mg/L,60,110
BIO-000079,SEJ-000017,2023-09-02 21:00:00,Hemoglobine,,g/dL,12,16
BIO-000080,SEJ-000017,2023-09-02 06:00:00,CRP,-3.69,mg/L,0,5
BIO-000081,SEJ-000018,2023-06-28 09:00:00,CRP,18.44,mg/L,0,5
BIO-000082,SEJ-000018,2023-06-29 10:00:00,Natremie,,mmol/L,135,145
BIO-000083,SEJ-000019,2023-03-11 21:00:00,Natremie,139.77,mmol/L,135,145
BIO-000084,SEJ-000019,2023-03-14 17:00:00,GlobulesBlancs,5.24,G/L,4,10
BIO-000085,SEJ-000019,2023-03-14 09:00:00,Hemoglobine,88.86,g/L,12,16
BIO-000086,SEJ-000019,2023-03-10 13:00:00,Hemoglobine,144.42,g/L,12,16
BIO-000087,SEJ-000019,2023-03-14 11:00:00,Creatinine,130.47,µmol/L,60,110
BIO-000088,SEJ-000019,2023-03-14 20:00:00,Hemoglobine,116.14,g/L,12,16
BIO-000089,SEJ-000020,2023-09-09 20:00:00,GlobulesBlancs,9.64,G/L,4,10
BIO-000090,SEJ-000020,2023-09-08 12:00:00,CRP,50.31,mg/L,0,5
BIO-000091,SEJ-000021,2024-02-10 17:00:00,CRP,44.71,mg/L,0,5
BIO-000092,SEJ-000021,2024-02-09 10:00:00,Creatinine,12.47,mg/L,60,110
BIO-000093,SEJ-000021,2024-02-08 05:00:00,Hemoglobine,11.81,g/dL,12,16
BIO-000094,SEJ-000022,2023-12-30 14:00:00,CRP,48.24,mg/L,0,5
BIO-000095,SEJ-999999,2023-12-30 04:00:00,Natremie,138.73,mmol/L,135,145
BIO-000096,SEJ-000022,2023-12-31 00:00:00,Hemoglobine,12.38,g/dL,12,16
BIO-000097,SEJ-000022,2023-12-31 21:00:00,Natremie,,mmol/L,135,145
BIO-000098,SEJ-000022,2024-01-01 18:00:00,Creatinine,2.59,mg/L,60,110
BIO-000099,SEJ-000023,2024-05-02 07:00:00,Natremie,136.14,mmol/L,135,145
BIO-000100,SEJ-000023,2024-05-02 09:00:00,Natremie,135.06,mmol/L,135,145
BIO-000101,SEJ-000023,2024-05-02 14:00:00,Creatinine,6.67,mg/L,60,110
BIO-000102,SEJ-000024,2024-01-22 06:00:00,Natremie,138.46,mmol/L,135,145
BIO-000103,SEJ-000024,2024-01-28 22:00:00,Hemoglobine,11.02,g/dL,12,16
BIO-000104,SEJ-000024,2024-01-19 17:00:00,CRP,-6.52,mg/L,0,5
BIO-000105,SEJ-000024,2024-01-21 07:00:00,Natremie,138.22,mmol/L,135,145
BIO-000106,SEJ-000024,2024-01-28 11:00:00,Hemoglobine,101.91,g/L,12,16
BIO-000107,SEJ-000025,2023-11-14 05:00:00,Creatinine,79.71,µmol/L,60,110
BIO-000108,SEJ-000025,2023-11-14 21:00:00,GlobulesBlancs,,G/L,4,10
BIO-000109,SEJ-000026,2024-01-06 21:00:00,Creatinine,17.23,mg/L,60,110
BIO-000110,SEJ-000026,2024-01-04 23:00:00,GlobulesBlancs,6.93,G/L,4,10
BIO-000111,SEJ-000026,2024-01-06 03:00:00,Creatinine,12.66,mg/L,60,110
BIO-000112,SEJ-000027,2023-08-29 00:00:00,Creatinine,0.12,mg/L,60,110
BIO-000113,SEJ-000027,2023-08-29 07:00:00,Creatinine,30.1,µmol/L,60,110
BIO-000114,SEJ-999999,2023-08-27 13:00:00,Creatinine,18.29,mg/L,60,110
BIO-000115,SEJ-000027,2023-08-27 14:00:00,GlobulesBlancs,7.95,G/L,4,10
BIO-000116,SEJ-000027,2023-08-26 13:00:00,Natremie,139.63,mmol/L,135,145
BIO-000117,SEJ-000028,2023-08-24 22:00:00,Natremie,137.37,mmol/L,135,145
BIO-000118,SEJ-000028,2023-08-23 14:00:00,GlobulesBlancs,8.83,G/L,4,10
BIO-000119,SEJ-000029,2024-03-01 16:00:00,GlobulesBlancs,12.72,G/L,4,10
BIO-000120,SEJ-000029,2024-02-28 12:00:00,Creatinine,11.65,mg/L,60,110
BIO-000121,SEJ-000029,2024-02-27 06:00:00,GlobulesBlancs,15.42,G/L,4,10
BIO-000122,SEJ-000029,2024-03-01 23:00:00,Hemoglobine,12.37,g/dL,12,16
BIO-000123,SEJ-000030,2023-05-29 10:00:00,Hemoglobine,9.56,g/dL,12,16
BIO-000124,SEJ-000030,2023-05-28 23:00:00,Hemoglobine,13.87,g/dL,12,16
BIO-000125,SEJ-000030,2023-05-28 14:00:00,GlobulesBlancs,6.77,G/L,4,10
BIO-000126,SEJ-000030,2023-05-29 17:00:00,CRP,33.03,mg/L,0,5
BIO-000127,SEJ-000031,2024-03-04 13:00:00,CRP,26.77,mg/L,0,5
BIO-000128,SEJ-000031,2024-03-03 22:00:00,CRP,-1.17,mg/L,0,5
BIO-000129,SEJ-000032,2023-10-11 15:00:00,GlobulesBlancs,4.59,G/L,4,10
BIO-000130,SEJ-000032,2023-10-11 15:00:00,CRP,67.24,mg/L,0,5
BIO-000131,SEJ-000032,2023-10-10 08:00:00,Creatinine,10.11,mg/L,60,110
BIO-000132,SEJ-000032,2023-10-10 02:00:00,GlobulesBlancs,3.3,G/L,4,10
BIO-000133,SEJ-000033,2023-02-25 11:00:00,GlobulesBlancs,10.21,G/L,4,10
BIO-000134,SEJ-000033,2023-02-23 05:00:00,Natremie,999.0,mmol/L,135,145
BIO-000135,SEJ-000033,2023-02-23 09:00:00,Creatinine,,mg/L,60,110
BIO-000136,SEJ-000034,2023-03-01 05:00:00,GlobulesBlancs,8.87,G/L,4,10
BIO-000137,SEJ-000034,2023-03-01 01:00:00,CRP,,mg/L,0,5
BIO-000138,SEJ-000034,2023-03-01 14:00:00,CRP,13.61,mg/L,0,5
BIO-000139,SEJ-000035,2023-06-29 00:00:00,CRP,41.56,mg/L,0,5
BIO-000140,SEJ-000035,2023-06-30 23:00:00,Creatinine,61.85,µmol/L,60,110
BIO-000141,SEJ-000035,2023-06-29 11:00:00,Hemoglobine,117.09,g/L,12,16
BIO-000142,SEJ-000036,2022-12-25 17:00:00,Hemoglobine,118.36,g/L,12,16
BIO-000143,SEJ-000036,2022-12-24 21:00:00,GlobulesBlancs,-6.61,G/L,4,10
BIO-000144,SEJ-000036,2022-12-20 01:00:00,Hemoglobine,110.35,g/L,12,16
BIO-000145,SEJ-000036,2022-12-21 07:00:00,Hemoglobine,11.99,g/dL,12,16
BIO-000146,SEJ-000036,2022-12-19 10:00:00,CRP,,mg/L,0,5
BIO-000147,SEJ-000037,2023-02-27 12:00:00,Hemoglobine,999.0,g/L,12,16
BIO-000148,SEJ-000037,2023-02-28 01:00:00,Hemoglobine,114.05,g/L,12,16
BIO-000149,SEJ-000037,2023-02-28 02:00:00,CRP,23.52,mg/L,0,5
BIO-000150,SEJ-000038,2023-05-15 12:00:00,Natremie,137.48,mmol/L,135,145
BIO-000151,SEJ-000038,2023-05-11 14:00:00,Creatinine,140.97,µmol/L,60,110
BIO-000152,SEJ-000038,2023-05-10 00:00:00,GlobulesBlancs,9.18,G/L,4,10
BIO-000153,SEJ-000038,2023-05-08 13:00:00,Hemoglobine,120.0,g/L,12,16
BIO-000154,SEJ-000038,2023-05-07 21:00:00,Hemoglobine,123.57,g/L,12,16
BIO-000155,SEJ-000039,2023-10-27 15:00:00,Creatinine,11.54,mg/L,60,110
BIO-000156,SEJ-000039,2023-10-28 06:00:00,Natremie,,mmol/L,135,145
BIO-000157,SEJ-000039,2023-10-22 17:00:00,GlobulesBlancs,12.54,G/L,4,10
BIO-000158,SEJ-000039,2023-10-25 08:00:00,CRP,44.59,mg/L,0,5
BIO-000159,SEJ-000039,2023-10-27 14:00:00,Natremie,134.68,mmol/L,135,145
BIO-000160,SEJ-000040,2024-03-09 06:00:00,GlobulesBlancs,,G/L,4,10
BIO-000161,SEJ-999999,2024-03-10 07:00:00,GlobulesBlancs,,G/L,4,10
BIO-000162,SEJ-000040,2024-03-04 07:00:00,Hemoglobine,101.75,g/L,12,16
BIO-000163,SEJ-000041,2023-05-29 08:00:00,Creatinine,102.28,µmol/L,60,110
BIO-000164,SEJ-000041,2023-06-01 05:00:00,CRP,2.32,mg/L,0,5
BIO-000165,SEJ-000041,2023-05-31 03:00:00,CRP,,mg/L,0,5
BIO-000166,SEJ-000041,2023-06-01 00:00:00,Creatinine,60.45,µmol/L,60,110
BIO-000167,SEJ-000041,2023-05-30 19:00:00,Hemoglobine,100.53,g/L,12,16
BIO-000168,SEJ-000042,2023-08-22 18:00:00,GlobulesBlancs,11.0,G/L,4,10
BIO-000169,SEJ-000042,2023-08-15 23:00:00,Creatinine,12.81,mg/L,60,110
BIO-000170,SEJ-000043,2024-02-28 05:00:00,Hemoglobine,106.16,g/L,12,16
BIO-000171,SEJ-000043,2024-03-03 11:00:00,Natremie,139.45,mmol/L,135,145
BIO-000172,SEJ-000044,2023-11-12 00:00:00,Hemoglobine,129.88,g/L,12,16
BIO-000173,SEJ-000044,2023-11-12 18:00:00,Hemoglobine,109.05,g/L,12,16
BIO-000174,SEJ-000044,2023-11-13 05:00:00,Creatinine,11.25,mg/L,60,110
BIO-000175,SEJ-999999,2023-11-12 17:00:00,Creatinine,6.51,µmol/L,60,110
BIO-000176,SEJ-000044,2023-11-12 10:00:00,CRP,56.77,mg/L,0,5
BIO-000177,SEJ-000044,2023-11-13 04:00:00,Creatinine,106.38,µmol/L,60,110
BIO-000178,SEJ-000045,2024-01-20 14:00:00,Creatinine,94.27,µmol/L,60,110
BIO-000179,SEJ-000045,2024-01-21 06:00:00,CRP,20.28,mg/L,0,5
BIO-000180,SEJ-000046,2024-03-08 14:00:00,GlobulesBlancs,6.51,G/L,4,10
BIO-000181,SEJ-000046,2024-03-11 19:00:00,Creatinine,12.43,mg/L,60,110
BIO-000182,SEJ-000046,2024-03-08 06:00:00,Hemoglobine,14.1,g/dL,12,16
BIO-000183,SEJ-000046,2024-03-11 20:00:00,Creatinine,42.73,µmol/L,60,110
BIO-000184,SEJ-000046,2024-03-08 21:00:00,GlobulesBlancs,7.51,G/L,4,10
BIO-000185,SEJ-000047,2023-12-30 01:00:00,GlobulesBlancs,108.81,G/L,4,10
BIO-000186,SEJ-000047,2024-01-01 14:00:00,CRP,-9.48,mg/L,0,5
BIO-000187,SEJ-000047,2023-12-27 02:00:00,GlobulesBlancs,999.0,G/L,4,10
BIO-000188,SEJ-000047,2023-12-31 21:00:00,GlobulesBlancs,12.65,G/L,4,10
BIO-000189,SEJ-000047,2023-12-30 10:00:00,Hemoglobine,11.83,g/dL,12,16
BIO-000190,SEJ-000047,2023-12-27 22:00:00,Hemoglobine,122.32,g/L,12,16
BIO-000191,SEJ-000048,2023-10-17 09:00:00,Natremie,,mmol/L,135,145
BIO-000192,SEJ-000048,2023-10-17 19:00:00,GlobulesBlancs,7.9,G/L,4,10
BIO-000193,SEJ-000048,2023-10-16 03:00:00,Creatinine,11.28,mg/L,60,110
BIO-000194,SEJ-000048,2023-10-16 22:00:00,Natremie,138.06,mmol/L,135,145
BIO-000195,SEJ-000048,2023-10-15 08:00:00,Hemoglobine,12.56,g/dL,12,16
BIO-000196,SEJ-000049,2023-05-05 17:00:00,CRP,32.4,mg/L,0,5
BIO-000197,SEJ-000049,2023-05-11 09:00:00,CRP,-18.57,mg/L,0,5
BIO-000198,SEJ-000049,2023-05-09 12:00:00,Hemoglobine,131.37,g/L,12,16
BIO-000199,SEJ-000049,2023-05-09 14:00:00,Natremie,133.71,mmol/L,135,145
BIO-000200,SEJ-000049,2023-05-05 09:00:00,Natremie,138.18,mmol/L,135,145
BIO-000201,SEJ-000049,2023-04-29 19:00:00,Creatinine,-12.81,mg/L,60,110
BIO-000202,SEJ-000049,2023-04-29 10:00:00,GlobulesBlancs,3.55,G/L,4,10
BIO-000203,SEJ-000050,2023-01-06 19:00:00,Natremie,137.11,mmol/L,135,145
BIO-000204,SEJ-000050,2023-01-06 17:00:00,GlobulesBlancs,1.96,G/L,4,10
BIO-000205,SEJ-000050,2023-01-06 15:00:00,CRP,-23.51,mg/L,0,5
BIO-000206,SEJ-000050,2023-01-06 03:00:00,Natremie,140.89,mmol/L,135,145
BIO-000207,SEJ-000051,2023-12-24 20:00:00,Natremie,137.71,mmol/L,135,145
BIO-000208,SEJ-000051,2023-12-24 07:00:00,Hemoglobine,11.75,g/dL,12,16
BIO-000209,SEJ-000052,2022-12-15 18:00:00,Hemoglobine,126.72,g/L,12,16
BIO-000210,SEJ-000052,2022-12-15 08:00:00,Hemoglobine,11.3,g/dL,12,16
BIO-000211,SEJ-000052,2022-12-16 04:00:00,Natremie,137.95,mmol/L,135,145
BIO-000212,SEJ-000052,2022-12-16 09:00:00,Natremie,131.15,mmol/L,135,145
BIO-000213,SEJ-000053,2024-04-05 22:00:00,CRP,0.61,mg/L,0,5
BIO-000214,SEJ-000053,2024-03-26 02:00:00,Natremie,135.58,mmol/L,135,145
BIO-000215,SEJ-000054,2023-10-05 17:00:00,Natremie,142.72,mmol/L,135,145
BIO-000216,SEJ-000054,2023-10-06 16:00:00,GlobulesBlancs,7.74,G/L,4,10
BIO-000217,SEJ-000054,2023-10-04 23:00:00,Hemoglobine,120.36,g/L,12,16
BIO-000218,SEJ-000054,2023-10-06 04:00:00,Creatinine,10.26,mg/L,60,110
BIO-000219,SEJ-000054,2023-10-03 15:00:00,CRP,5.41,mg/L,0,5
BIO-000220,SEJ-000054,2023-10-03 10:00:00,Creatinine,13.37,mg/L,60,110
BIO-000221,SEJ-000054,2023-10-03 15:00:00,Natremie,133.25,mmol/L,135,145
BIO-000222,SEJ-000054,2023-10-05 14:00:00,Hemoglobine,11.96,g/dL,12,16
BIO-000223,SEJ-000055,2024-03-07 06:00:00,Hemoglobine,137.25,g/L,12,16
BIO-000224,SEJ-000055,2024-03-09 02:00:00,GlobulesBlancs,10.26,G/L,4,10
BIO-000225,SEJ-000055,2024-03-12 10:00:00,Hemoglobine,,g/L,12,16
BIO-000226,SEJ-000055,2024-03-10 00:00:00,GlobulesBlancs,5.77,G/L,4,10
BIO-000227,SEJ-000055,2024-03-11 12:00:00,Natremie,142.65,mmol/L,135,145
BIO-000228,SEJ-000056,2023-05-23 15:00:00,GlobulesBlancs,11.34,G/L,4,10
BIO-000229,SEJ-000056,2023-05-24 05:00:00,GlobulesBlancs,999.0,G/L,4,10
BIO-000230,SEJ-000056,2023-05-24 19:00:00,Hemoglobine,12.21,g/dL,12,16
BIO-000231,SEJ-000057,2023-11-23 21:00:00,Hemoglobine,,g/dL,12,16
BIO-000232,SEJ-000057,2023-11-26 13:00:00,Hemoglobine,15.14,g/dL,12,16
BIO-000233,SEJ-000057,2023-11-25 14:00:00,Natremie,137.2,mmol/L,135,145
BIO-000234,SEJ-000058,2023-04-07 04:00:00,Natremie,141.52,mmol/L,135,145
BIO-000235,SEJ-000058,2023-04-08 11:00:00,Hemoglobine,-104.03,g/L,12,16
BIO-000236,SEJ-000058,2023-04-08 06:00:00,Hemoglobine,8.9,g/dL,12,16
BIO-000237,SEJ-000058,2023-04-10 14:00:00,Creatinine,7.7,mg/L,60,110
BIO-000238,SEJ-000059,2023-10-02 17:00:00,Hemoglobine,105.56,g/L,12,16
BIO-000239,SEJ-000059,2023-10-02 07:00:00,CRP,60.73,mg/L,0,5
BIO-000240,SEJ-000059,2023-10-03 00:00:00,GlobulesBlancs,9.15,G/L,4,10
BIO-000241,SEJ-000060,2023-02-25 18:00:00,CRP,-43.03,mg/L,0,5
BIO-000242,SEJ-000060,2023-03-04 18:00:00,Hemoglobine,,g/L,12,16
BIO-000243,SEJ-000060,2023-02-26 01:00:00,CRP,49.2,mg/L,0,5
BIO-000244,SEJ-000060,2023-03-01 09:00:00,Creatinine,10.3,mg/L,60,110
BIO-000245,SEJ-000060,2023-03-04 19:00:00,Hemoglobine,11.66,g/dL,12,16
BIO-000246,SEJ-000060,2023-03-01 13:00:00,Natremie,135.79,mmol/L,135,145
BIO-000247,SEJ-000061,2023-05-22 23:00:00,GlobulesBlancs,,G/L,4,10
BIO-000248,SEJ-000061,2023-05-20 21:00:00,CRP,4.44,mg/L,0,5
BIO-000249,SEJ-000061,2023-05-21 08:00:00,GlobulesBlancs,10.54,G/L,4,10
BIO-000250,SEJ-000061,2023-05-21 09:00:00,CRP,3.53,mg/L,0,5
BIO-000251,SEJ-999999,2023-05-22 16:00:00,Natremie,136.14,mmol/L,135,145
BIO-000252,SEJ-000061,2023-05-20 23:00:00,CRP,-15.93,mg/L,0,5
BIO-000253,SEJ-000062,2023-08-17 18:00:00,CRP,92.45,mg/L,0,5
BIO-000254,SEJ-000062,2023-08-12 12:00:00,Hemoglobine,126.82,g/L,12,16
BIO-000255,SEJ-000063,2023-12-27 17:00:00,Creatinine,6.95,mg/L,60,110
BIO-000256,SEJ-000063,2023-12-27 22:00:00,GlobulesBlancs,-8.51,G/L,4,10
BIO-000257,SEJ-000064,2024-02-02 07:00:00,Hemoglobine,129.71,g/L,12,16
BIO-000258,SEJ-000064,2024-01-29 12:00:00,Hemoglobine,146.81,g/L,12,16
BIO-000259,SEJ-000064,2024-01-29 06:00:00,Natremie,138.6,mmol/L,135,145
BIO-000260,SEJ-000064,2024-01-29 17:00:00,Creatinine,90.82,µmol/L,60,110
BIO-000261,SEJ-000064,2024-01-28 02:00:00,Hemoglobine,11.61,g/dL,12,16
BIO-000262,SEJ-000064,2024-02-04 01:00:00,Natremie,,mmol/L,135,145
BIO-000263,SEJ-000065,2024-04-02 19:00:00,Natremie,142.69,mmol/L,135,145
BIO-000264,SEJ-000065,2024-04-13 22:00:00,Natremie,144.14,mmol/L,135,145
BIO-000265,SEJ-000065,2024-04-01 20:00:00,GlobulesBlancs,10.98,G/L,4,10
BIO-000266,SEJ-000065,2024-04-01 09:00:00,GlobulesBlancs,6.75,G/L,4,10
BIO-000267,SEJ-000065,2024-04-05 16:00:00,Natremie,,mmol/L,135,145
BIO-000268,SEJ-000065,2024-04-01 18:00:00,Natremie,-140.92,mmol/L,135,145
BIO-000269,SEJ-000065,2024-04-07 19:00:00,Creatinine,6.39,mg/L,60,110
BIO-000270,SEJ-000065,2024-04-06 01:00:00,Natremie,142.78,mmol/L,135,145
BIO-000271,SEJ-000065,2024-04-04 11:00:00,Creatinine,12.45,mg/L,60,110
BIO-000272,SEJ-000065,2024-04-16 07:00:00,Natremie,135.36,mmol/L,135,145
BIO-000273,SEJ-000066,2023-10-31 02:00:00,Natremie,135.35,mmol/L,135,145
BIO-000274,SEJ-000066,2023-10-31 08:00:00,Natremie,139.82,mmol/L,135,145
BIO-000275,SEJ-000066,2023-10-24 09:00:00,GlobulesBlancs,9.85,G/L,4,10
BIO-000276,SEJ-000066,2023-11-01 15:00:00,Creatinine,107.56,mg/L,60,110
BIO-000277,SEJ-000067,2023-01-04 03:00:00,GlobulesBlancs,9.03,G/L,4,10
BIO-000278,SEJ-000067,2023-01-04 17:00:00,CRP,42.2,mg/L,0,5
BIO-000279,SEJ-000068,2023-09-12 12:00:00,CRP,36.19,mg/L,0,5
BIO-000280,SEJ-000068,2023-09-12 19:00:00,Hemoglobine,-12.93,g/dL,12,16
BIO-000281,SEJ-000068,2023-09-12 10:00:00,GlobulesBlancs,4.84,G/L,4,10
BIO-000282,SEJ-000068,2023-09-15 14:00:00,Creatinine,71.05,µmol/L,60,110
BIO-000283,SEJ-000068,2023-09-12 17:00:00,CRP,-50.41,mg/L,0,5
BIO-000284,SEJ-000068,2023-09-12 23:00:00,Hemoglobine,10.6,g/dL,12,16
BIO-000285,SEJ-999999,2023-09-14 18:00:00,Creatinine,65.66,µmol/L,60,110
BIO-000286,SEJ-000068,2023-09-14 21:00:00,CRP,3.82,mg/L,0,5
BIO-000287,SEJ-000069,2023-10-22 12:00:00,GlobulesBlancs,12.07,G/L,4,10
BIO-000288,SEJ-000069,2023-10-19 15:00:00,CRP,15.5,mg/L,0,5
BIO-000289,SEJ-000069,2023-10-22 08:00:00,Hemoglobine,117.8,g/L,12,16
BIO-000290,SEJ-000070,2023-02-13 05:00:00,Creatinine,81.65,µmol/L,60,110
BIO-000291,SEJ-000070,2023-02-14 01:00:00,Creatinine,105.23,µmol/L,60,110
BIO-000292,SEJ-000070,2023-02-12 11:00:00,GlobulesBlancs,8.76,G/L,4,10
BIO-000293,SEJ-000070,2023-02-12 23:00:00,GlobulesBlancs,,G/L,4,10
BIO-000294,SEJ-000070,2023-02-13 03:00:00,Natremie,136.28,mmol/L,135,145
BIO-000295,SEJ-000070,2023-02-12 07:00:00,Natremie,139.58,mmol/L,135,145
BIO-000296,SEJ-000070,2023-02-12 03:00:00,Hemoglobine,11.85,g/dL,12,16
BIO-000297,SEJ-000070,2023-02-12 10:00:00,Natremie,139.71,mmol/L,135,145
BIO-000298,SEJ-000071,2024-01-15 16:00:00,Hemoglobine,127.0,g/L,12,16
BIO-000299,SEJ-000071,2024-01-16 23:00:00,CRP,102.29,mg/L,0,5
BIO-000300,SEJ-000071,2024-01-14 16:00:00,GlobulesBlancs,,G/L,4,10
BIO-000301,SEJ-000071,2024-01-17 20:00:00,GlobulesBlancs,14.57,G/L,4,10
BIO-000302,SEJ-000072,2023-07-08 11:00:00,GlobulesBlancs,14.98,G/L,4,10
BIO-000303,SEJ-000072,2023-07-09 10:00:00,Natremie,141.19,mmol/L,135,145
BIO-000304,SEJ-999999,2023-07-08 04:00:00,Natremie,134.99,mmol/L,135,145
BIO-000305,SEJ-000072,2023-07-09 11:00:00,Hemoglobine,105.14,g/L,12,16
BIO-000306,SEJ-000072,2023-07-08 16:00:00,Hemoglobine,119.12,g/L,12,16
BIO-000307,SEJ-000072,2023-07-08 11:00:00,Natremie,140.44,mmol/L,135,145
BIO-000308,SEJ-000072,2023-07-09 09:00:00,GlobulesBlancs,8.34,G/L,4,10
BIO-000309,SEJ-000072,2023-07-08 08:00:00,CRP,-19.96,mg/L,0,5
BIO-000310,SEJ-000072,2023-07-09 01:00:00,Hemoglobine,9.18,g/dL,12,16
BIO-000311,SEJ-000073,2024-04-15 06:00:00,GlobulesBlancs,-13.48,G/L,4,10
BIO-000312,SEJ-000073,2024-04-15 11:00:00,Hemoglobine,10.11,g/dL,12,16
BIO-000313,SEJ-000073,2024-04-15 03:00:00,CRP,86.1,mg/L,0,5
BIO-000314,SEJ-000074,2023-11-10 13:00:00,Hemoglobine,139.74,g/L,12,16
BIO-000315,SEJ-000074,2023-11-11 18:00:00,CRP,2.72,mg/L,0,5
BIO-000316,SEJ-000074,2023-11-11 02:00:00,CRP,59.2,mg/L,0,5
BIO-000317,SEJ-000074,2023-11-12 08:00:00,Hemoglobine,145.96,g/L,12,16
BIO-000318,SEJ-000074,2023-11-12 06:00:00,Creatinine,5.39,mg/L,60,110
BIO-000319,SEJ-000075,2024-01-14 07:00:00,Hemoglobine,12.75,g/dL,12,16
BIO-000320,SEJ-000075,2024-01-14 16:00:00,Natremie,140.58,mmol/L,135,145
BIO-000321,SEJ-000075,2024-01-15 12:00:00,CRP,15.03,mg/L,0,5
BIO-000322,SEJ-000075,2024-01-14 13:00:00,Natremie,133.77,mmol/L,135,145
BIO-000323,SEJ-000075,2024-01-16 09:00:00,CRP,55.91,mg/L,0,5
BIO-000324,SEJ-000076,2024-04-02 02:00:00,Hemoglobine,13.46,g/dL,12,16
BIO-000325,SEJ-000076,2024-04-01 08:00:00,Natremie,135.69,mmol/L,135,145
BIO-000326,SEJ-000077,2024-02-24 15:00:00,Natremie,,mmol/L,135,145
BIO-000327,SEJ-000077,2024-02-24 11:00:00,Natremie,136.67,mmol/L,135,145
BIO-000328,SEJ-000077,2024-02-25 19:00:00,CRP,68.66,mg/L,0,5
BIO-000329,SEJ-000077,2024-02-24 22:00:00,GlobulesBlancs,8.5,G/L,4,10
BIO-000330,SEJ-000077,2024-02-25 08:00:00,Hemoglobine,13.63,g/dL,12,16
BIO-000331,SEJ-000077,2024-02-24 02:00:00,Hemoglobine,12.39,g/dL,12,16
BIO-000332,SEJ-000077,2024-02-25 04:00:00,GlobulesBlancs,6.22,G/L,4,10
BIO-000333,SEJ-000077,2024-02-25 17:00:00,GlobulesBlancs,9.99,G/L,4,10
BIO-000334,SEJ-000077,2024-02-24 21:00:00,Natremie,138.15,mmol/L,135,145
BIO-000335,SEJ-000078,2023-10-27 13:00:00,CRP,,mg/L,0,5
BIO-000336,SEJ-000078,2023-10-24 17:00:00,CRP,-48.56,mg/L,0,5
BIO-000337,SEJ-000079,2023-01-26 06:00:00,Natremie,134.86,mmol/L,135,145
BIO-000338,SEJ-000079,2023-01-26 07:00:00,CRP,85.84,mg/L,0,5
BIO-000339,SEJ-000079,2023-01-26 15:00:00,GlobulesBlancs,7.93,G/L,4,10
BIO-000340,SEJ-000079,2023-01-26 04:00:00,CRP,-43.36,mg/L,0,5
BIO-000341,SEJ-000079,2023-01-26 20:00:00,GlobulesBlancs,10.3,G/L,4,10
BIO-000342,SEJ-000079,2023-01-26 16:00:00,GlobulesBlancs,9.74,G/L,4,10
BIO-000343,SEJ-000080,2023-06-11 21:00:00,Natremie,135.3,mmol/L,135,145
BIO-000344,SEJ-000080,2023-06-11 20:00:00,Creatinine,111.97,µmol/L,60,110
BIO-000345,SEJ-000080,2023-06-13 02:00:00,CRP,383.7,mg/L,0,5
BIO-000346,SEJ-000080,2023-06-12 19:00:00,Hemoglobine,123.84,g/L,12,16
BIO-000347,SEJ-000081,2024-04-11 02:00:00,GlobulesBlancs,9.84,G/L,4,10
BIO-000348,SEJ-000081,2024-04-12 21:00:00,CRP,1.3,mg/L,0,5
BIO-000349,SEJ-000081,2024-04-12 17:00:00,GlobulesBlancs,12.24,G/L,4,10
BIO-000350,SEJ-000082,2023-02-18 10:00:00,Hemoglobine,147.02,g/L,12,16
BIO-000351,SEJ-000082,2023-02-24 13:00:00,Creatinine,81.58,µmol/L,60,110
BIO-000352,SEJ-000082,2023-02-18 08:00:00,Creatinine,10.89,mg/L,60,110
BIO-000353,SEJ-000082,2023-02-24 22:00:00,Natremie,135.06,mmol/L,135,145
BIO-000354,SEJ-000082,2023-02-19 13:00:00,Creatinine,12.58,mg/L,60,110
BIO-000355,SEJ-000083,2024-05-08 04:00:00,Hemoglobine,116.72,g/L,12,16
BIO-000356,SEJ-000083,2024-05-08 23:00:00,Creatinine,12.11,mg/L,60,110
BIO-000357,SEJ-000083,2024-05-09 02:00:00,Hemoglobine,12.34,g/dL,12,16
BIO-000358,SEJ-000083,2024-05-06 10:00:00,GlobulesBlancs,5.81,G/L,4,10
BIO-000359,SEJ-000083,2024-05-07 20:00:00,CRP,20.61,mg/L,0,5
BIO-000360,SEJ-000084,2023-11-27 08:00:00,Natremie,136.84,mmol/L,135,145
BIO-000361,SEJ-000084,2023-11-29 17:00:00,Hemoglobine,12.34,g/dL,12,16
BIO-000362,SEJ-000085,2023-01-01 08:00:00,Creatinine,81.96,µmol/L,60,110
BIO-000363,SEJ-000085,2023-01-01 17:00:00,CRP,,mg/L,0,5
BIO-000364,SEJ-000086,2023-10-21 21:00:00,Natremie,137.39,mmol/L,135,145
BIO-000365,SEJ-000086,2023-10-21 04:00:00,GlobulesBlancs,5.39,G/L,4,10
BIO-000366,SEJ-000086,2023-10-21 05:00:00,GlobulesBlancs,5.62,G/L,4,10
BIO-000367,SEJ-000086,2023-10-20 11:00:00,GlobulesBlancs,13.65,G/L,4,10
BIO-000368,SEJ-000086,2023-10-20 14:00:00,CRP,22.34,mg/L,0,5
BIO-000369,SEJ-000086,2023-10-22 05:00:00,Natremie,-136.16,mmol/L,135,145
BIO-000370,SEJ-000087,2023-02-13 07:00:00,Natremie,141.35,mmol/L,135,145
BIO-000371,SEJ-000087,2023-02-10 10:00:00,Hemoglobine,112.45,g/L,12,16
BIO-000372,SEJ-000088,2023-03-15 20:00:00,CRP,-18.1,mg/L,0,5
BIO-000373,SEJ-000088,2023-03-17 11:00:00,Natremie,137.76,mmol/L,135,145
BIO-000374,SEJ-000089,2024-05-17 02:00:00,GlobulesBlancs,14.56,G/L,4,10
BIO-000375,SEJ-999999,2024-05-16 02:00:00,Hemoglobine,10.44,g/dL,12,16
BIO-000376,SEJ-000089,2024-05-16 03:00:00,GlobulesBlancs,8.33,G/L,4,10
BIO-000377,SEJ-000089,2024-05-18 17:00:00,Natremie,137.75,mmol/L,135,145
BIO-000378,SEJ-000089,2024-05-18 12:00:00,Creatinine,9.33,mg/L,60,110
BIO-000379,SEJ-000090,2023-01-31 16:00:00,Hemoglobine,11.32,g/dL,12,16
BIO-000380,SEJ-000090,2023-02-01 03:00:00,CRP,,mg/L,0,5
BIO-000381,SEJ-000090,2023-02-01 07:00:00,GlobulesBlancs,13.34,G/L,4,10
BIO-000382,SEJ-000090,2023-02-01 09:00:00,Natremie,131.99,mmol/L,135,145
BIO-000383,SEJ-000091,2024-05-15 04:00:00,Natremie,144.18,mmol/L,135,145
BIO-000384,SEJ-000091,2024-05-15 09:00:00,CRP,55.53,mg/L,0,5
BIO-000385,SEJ-000091,2024-05-15 14:00:00,GlobulesBlancs,6.17,G/L,4,10
BIO-000386,SEJ-000091,2024-05-15 20:00:00,Creatinine,7.73,mg/L,60,110
BIO-000387,SEJ-000091,2024-05-15 14:00:00,CRP,43.36,mg/L,0,5
BIO-000388,SEJ-000091,2024-05-15 02:00:00,Natremie,132.02,mmol/L,135,145
BIO-000389,SEJ-000091,2024-05-15 11:00:00,Creatinine,,mg/L,60,110
BIO-000390,SEJ-000091,2024-05-15 22:00:00,Natremie,137.55,mmol/L,135,145
BIO-000391,SEJ-000091,2024-05-15 17:00:00,GlobulesBlancs,12.07,G/L,4,10
BIO-000392,SEJ-000091,2024-05-15 03:00:00,GlobulesBlancs,12.81,G/L,4,10
BIO-000393,SEJ-000092,2023-02-15 16:00:00,GlobulesBlancs,7.38,G/L,4,10
BIO-000394,SEJ-000092,2023-02-14 20:00:00,CRP,34.76,mg/L,0,5
BIO-000395,SEJ-000092,2023-02-14 13:00:00,Creatinine,12.19,mg/L,60,110
BIO-000396,SEJ-000092,2023-02-15 07:00:00,GlobulesBlancs,7.61,G/L,4,10
BIO-000397,SEJ-000093,2023-11-22 09:00:00,Hemoglobine,123.5,g/L,12,16
BIO-000398,SEJ-000093,2023-11-21 13:00:00,Natremie,136.9,mmol/L,135,145
BIO-000399,SEJ-000094,2024-03-15 02:00:00,CRP,-26.5,mg/L,0,5
BIO-000400,SEJ-000094,2024-03-14 12:00:00,Creatinine,11.29,mg/L,60,110
BIO-000401,SEJ-000094,2024-03-12 13:00:00,CRP,,mg/L,0,5
BIO-000402,SEJ-000094,2024-03-18 18:00:00,Hemoglobine,104.91,g/L,12,16
BIO-000403,SEJ-000095,2023-04-08 15:00:00,Natremie,141.57,mmol/L,135,145
BIO-000404,SEJ-000095,2023-04-09 05:00:00,GlobulesBlancs,7.4,G/L,4,10
BIO-000405,SEJ-000096,2023-03-25 16:00:00,CRP,31.66,mg/L,0,5
BIO-000406,SEJ-000096,2023-03-23 00:00:00,CRP,37.87,mg/L,0,5
BIO-000407,SEJ-000096,2023-03-25 16:00:00,Hemoglobine,12.15,g/dL,12,16
BIO-000408,SEJ-000096,2023-03-23 14:00:00,GlobulesBlancs,6.78,G/L,4,10
BIO-000409,SEJ-000096,2023-03-22 14:00:00,GlobulesBlancs,14.18,G/L,4,10
BIO-000410,SEJ-000096,2023-03-25 17:00:00,Natremie,135.58,mmol/L,135,145
BIO-000411,SEJ-000097,2023-06-13 07:00:00,GlobulesBlancs,5.06,G/L,4,10
BIO-000412,SEJ-000097,2023-06-14 03:00:00,GlobulesBlancs,11.3,G/L,4,10
BIO-000413,SEJ-999999,2023-06-13 05:00:00,GlobulesBlancs,9.82,G/L,4,10
BIO-000414,SEJ-000098,2023-12-18 16:00:00,CRP,6.57,mg/L,0,5
BIO-000415,SEJ-000098,2023-12-18 20:00:00,CRP,,mg/L,0,5
BIO-000416,SEJ-000099,2022-12-12 19:00:00,CRP,999.0,mg/L,0,5
BIO-000417,SEJ-000099,2022-12-12 22:00:00,Hemoglobine,11.97,g/dL,12,16
BIO-000418,SEJ-000099,2022-12-12 08:00:00,Hemoglobine,106.8,g/L,12,16
BIO-000419,SEJ-000100,2024-01-28 05:00:00,CRP,-23.11,mg/L,0,5
BIO-000420,SEJ-000100,2024-01-28 15:00:00,GlobulesBlancs,13.3,G/L,4,10
BIO-000421,SEJ-000100,2024-01-26 17:00:00,Hemoglobine,,g/dL,12,16
BIO-000422,SEJ-000100,2024-01-26 22:00:00,GlobulesBlancs,6.36,G/L,4,10
BIO-000423,SEJ-000101,2024-03-21 12:00:00,Hemoglobine,13.88,g/dL,12,16
BIO-000424,SEJ-000101,2024-03-23 19:00:00,CRP,,mg/L,0,5
BIO-000425,SEJ-000101,2024-03-20 16:00:00,GlobulesBlancs,7.0,G/L,4,10
BIO-000426,SEJ-000101,2024-03-24 21:00:00,Creatinine,62.98,µmol/L,60,110
BIO-000427,SEJ-000101,2024-03-21 08:00:00,Creatinine,85.74,µmol/L,60,110
BIO-000428,SEJ-000101,2024-03-20 18:00:00,Hemoglobine,104.73,g/L,12,16
BIO-000429,SEJ-000101,2024-03-22 00:00:00,Hemoglobine,105.05,g/L,12,16
BIO-000430,SEJ-000101,2024-03-21 21:00:00,GlobulesBlancs,10.33,G/L,4,10
BIO-000431,SEJ-000102,2024-05-17 23:00:00,GlobulesBlancs,,G/L,4,10
BIO-000432,SEJ-000102,2024-05-16 01:00:00,Creatinine,89.92,µmol/L,60,110
BIO-000433,SEJ-000102,2024-05-17 07:00:00,CRP,39.59,mg/L,0,5
BIO-000434,SEJ-000102,2024-05-13 02:00:00,Natremie,138.94,mmol/L,135,145
BIO-000435,SEJ-000102,2024-05-16 23:00:00,Creatinine,87.65,µmol/L,60,110
BIO-000436,SEJ-000102,2024-05-14 11:00:00,Hemoglobine,128.39,g/L,12,16
BIO-000437,SEJ-000102,2024-05-12 19:00:00,GlobulesBlancs,8.52,G/L,4,10
BIO-000438,SEJ-000103,2023-03-20 14:00:00,Creatinine,128.15,µmol/L,60,110
BIO-000439,SEJ-000103,2023-03-20 02:00:00,CRP,10.9,mg/L,0,5
BIO-000440,SEJ-000103,2023-03-18 11:00:00,CRP,20.79,mg/L,0,5
BIO-000441,SEJ-000103,2023-03-20 05:00:00,GlobulesBlancs,10.17,G/L,4,10
BIO-000442,SEJ-000103,2023-03-18 23:00:00,Natremie,139.92,mmol/L,135,145
BIO-000443,SEJ-999999,2023-03-19 06:00:00,Hemoglobine,11.27,g/dL,12,16
BIO-000444,SEJ-000104,2023-01-21 22:00:00,Natremie,139.02,mmol/L,135,145
BIO-000445,SEJ-999999,2023-01-21 10:00:00,GlobulesBlancs,7.66,G/L,4,10
BIO-000446,SEJ-000104,2023-01-19 14:00:00,GlobulesBlancs,13.0,G/L,4,10
BIO-000447,SEJ-000104,2023-01-19 19:00:00,Creatinine,,mg/L,60,110
BIO-000448,SEJ-000104,2023-01-20 08:00:00,CRP,12.62,mg/L,0,5
BIO-000449,SEJ-000104,2023-01-18 18:00:00,CRP,7.76,mg/L,0,5
BIO-000450,SEJ-000105,2023-11-30 20:00:00,GlobulesBlancs,11.67,G/L,4,10
BIO-000451,SEJ-000105,2023-12-02 00:00:00,Natremie,134.43,mmol/L,135,145
BIO-000452,SEJ-999999,2023-11-29 21:00:00,CRP,,mg/L,0,5
BIO-000453,SEJ-000105,2023-11-28 23:00:00,GlobulesBlancs,7.65,G/L,4,10
BIO-000454,SEJ-000106,2023-03-04 16:00:00,GlobulesBlancs,7.71,G/L,4,10
BIO-000455,SEJ-000106,2023-03-03 19:00:00,Hemoglobine,118.36,g/L,12,16
BIO-000456,SEJ-000106,2023-03-02 22:00:00,GlobulesBlancs,9.38,G/L,4,10
BIO-000457,SEJ-000106,2023-03-01 02:00:00,CRP,,mg/L,0,5
BIO-000458,SEJ-000106,2023-03-03 21:00:00,GlobulesBlancs,3.92,G/L,4,10
BIO-000459,SEJ-000106,2023-03-02 15:00:00,Natremie,136.38,mmol/L,135,145
BIO-000460,SEJ-000106,2023-03-01 08:00:00,GlobulesBlancs,11.1,G/L,4,10
BIO-000461,SEJ-000107,2024-01-02 20:00:00,Creatinine,14.49,mg/L,60,110
BIO-000462,SEJ-000107,2024-01-02 12:00:00,Natremie,135.18,mmol/L,135,145
BIO-000463,SEJ-000107,2024-01-02 09:00:00,Natremie,137.24,mmol/L,135,145
BIO-000464,SEJ-000107,2024-01-02 04:00:00,Natremie,140.31,mmol/L,135,145
BIO-000465,SEJ-000107,2024-01-02 05:00:00,Creatinine,6.98,mg/L,60,110
BIO-000466,SEJ-000107,2024-01-02 05:00:00,GlobulesBlancs,8.13,G/L,4,10
BIO-000467,SEJ-000107,2024-01-02 03:00:00,GlobulesBlancs,6.56,G/L,4,10
BIO-000468,SEJ-000108,2023-03-25 03:00:00,CRP,70.82,mg/L,0,5
BIO-000469,SEJ-000108,2023-03-25 08:00:00,Hemoglobine,,g/L,12,16
BIO-000470,SEJ-000108,2023-03-25 15:00:00,GlobulesBlancs,9.09,G/L,4,10
BIO-000471,SEJ-000108,2023-03-25 07:00:00,CRP,21.17,mg/L,0,5
BIO-000472,SEJ-000108,2023-03-25 15:00:00,CRP,18.3,mg/L,0,5
BIO-000473,SEJ-000108,2023-03-25 14:00:00,GlobulesBlancs,6.52,G/L,4,10
BIO-000474,SEJ-000108,2023-03-25 10:00:00,Natremie,141.72,mmol/L,135,145
BIO-000475,SEJ-000109,2023-01-03 14:00:00,CRP,0.84,mg/L,0,5
BIO-000476,SEJ-000109,2023-01-01 20:00:00,Natremie,139.86,mmol/L,135,145
BIO-000477,SEJ-000109,2023-01-03 13:00:00,Creatinine,999.0,µmol/L,60,110
BIO-000478,SEJ-000109,2023-01-02 09:00:00,Creatinine,13.41,mg/L,60,110
BIO-000479,SEJ-000110,2024-04-08 17:00:00,Natremie,,mmol/L,135,145
BIO-000480,SEJ-000110,2024-04-05 07:00:00,Hemoglobine,124.21,g/L,12,16
BIO-000481,SEJ-000110,2024-04-09 18:00:00,Natremie,135.47,mmol/L,135,145
BIO-000482,SEJ-000110,2024-04-06 03:00:00,GlobulesBlancs,,G/L,4,10
BIO-000483,SEJ-999999,2023-05-11 08:00:00,CRP,-11.48,mg/L,0,5
BIO-000484,SEJ-000111,2023-05-09 13:00:00,Natremie,138.28,mmol/L,135,145
BIO-000485,SEJ-000112,2024-05-02 21:00:00,GlobulesBlancs,5.14,G/L,4,10
BIO-000486,SEJ-000112,2024-04-29 12:00:00,Creatinine,,µmol/L,60,110
BIO-000487,SEJ-000112,2024-05-02 03:00:00,Natremie,137.74,mmol/L,135,145
BIO-000488,SEJ-000112,2024-04-28 16:00:00,CRP,-17.67,mg/L,0,5
BIO-000489,SEJ-000113,2024-03-25 12:00:00,Hemoglobine,10.42,g/dL,12,16
BIO-000490,SEJ-000113,2024-03-26 01:00:00,Hemoglobine,11.39,g/dL,12,16
BIO-000491,SEJ-000113,2024-03-26 22:00:00,CRP,999.0,mg/L,0,5
BIO-000492,SEJ-999999,2024-03-27 07:00:00,Natremie,137.04,mmol/L,135,145
BIO-000493,SEJ-000114,2023-06-18 04:00:00,Natremie,141.63,mmol/L,135,145
BIO-000494,SEJ-000114,2023-06-18 08:00:00,Hemoglobine,127.96,g/L,12,16
BIO-000495,SEJ-000114,2023-06-19 14:00:00,Hemoglobine,124.61,g/L,12,16
BIO-000496,SEJ-000114,2023-06-17 03:00:00,CRP,0.34,mg/L,0,5
BIO-000497,SEJ-000114,2023-06-18 21:00:00,CRP,-17.33,mg/L,0,5
BIO-000498,SEJ-000114,2023-06-17 02:00:00,Natremie,139.47,mmol/L,135,145
BIO-000499,SEJ-000115,2024-05-15 21:00:00,Natremie,138.14,mmol/L,135,145
BIO-000500,SEJ-000115,2024-05-16 13:00:00,Natremie,138.85,mmol/L,135,145
BIO-000501,SEJ-000116,2023-09-23 12:00:00,GlobulesBlancs,6.58,G/L,4,10
BIO-000502,SEJ-000116,2023-09-29 21:00:00,GlobulesBlancs,8.91,G/L,4,10
BIO-000503,SEJ-000116,2023-09-19 21:00:00,Creatinine,73.74,µmol/L,60,110
BIO-000504,SEJ-000116,2023-09-25 10:00:00,GlobulesBlancs,8.94,G/L,4,10
BIO-000505,SEJ-000116,2023-09-23 20:00:00,Creatinine,12.61,mg/L,60,110
BIO-000506,SEJ-000117,2023-11-13 07:00:00,CRP,-14.12,mg/L,0,5
BIO-000507,SEJ-000117,2023-11-14 02:00:00,Hemoglobine,110.25,g/L,12,16
BIO-000508,SEJ-000117,2023-11-12 19:00:00,GlobulesBlancs,9.69,G/L,4,10
BIO-000509,SEJ-000117,2023-11-18 13:00:00,GlobulesBlancs,11.52,G/L,4,10
BIO-000510,SEJ-000117,2023-11-09 19:00:00,Hemoglobine,14.35,g/dL,12,16
BIO-000511,SEJ-000117,2023-11-20 12:00:00,Hemoglobine,,g/L,12,16
BIO-000512,SEJ-000117,2023-11-15 15:00:00,CRP,68.41,mg/L,0,5
BIO-000513,SEJ-000118,2023-04-07 23:00:00,Hemoglobine,133.58,g/dL,12,16
BIO-000514,SEJ-000118,2023-04-07 05:00:00,Natremie,999.0,mmol/L,135,145
BIO-000515,SEJ-000118,2023-04-07 10:00:00,GlobulesBlancs,10.22,G/L,4,10
BIO-000516,SEJ-000118,2023-04-09 14:00:00,Hemoglobine,93.73,g/L,12,16
BIO-000517,SEJ-000118,2023-04-08 10:00:00,Natremie,143.03,mmol/L,135,145
BIO-000518,SEJ-000119,2022-12-26 12:00:00,GlobulesBlancs,5.35,G/L,4,10
BIO-000519,SEJ-000119,2022-12-23 00:00:00,Hemoglobine,142.95,g/L,12,16
BIO-000520,SEJ-000120,2024-03-20 21:00:00,GlobulesBlancs,6.49,G/L,4,10
BIO-000521,SEJ-000120,2024-03-31 02:00:00,CRP,35.78,mg/L,0,5
BIO-000522,SEJ-000120,2024-03-26 12:00:00,GlobulesBlancs,9.03,G/L,4,10
BIO-000523,SEJ-000121,2023-03-10 23:00:00,GlobulesBlancs,12.15,G/L,4,10
BIO-000524,SEJ-000121,2023-03-08 11:00:00,Natremie,136.0,mmol/L,135,145
BIO-000525,SEJ-000121,2023-03-08 03:00:00,Natremie,136.26,mmol/L,135,145
BIO-000526,SEJ-000121,2023-03-10 02:00:00,Creatinine,8.64,mg/L,60,110
BIO-000527,SEJ-000122,2022-12-19 05:00:00,Natremie,,mmol/L,135,145
BIO-000528,SEJ-000122,2022-12-21 04:00:00,Natremie,139.58,mmol/L,135,145
BIO-000529,SEJ-000123,2024-01-04 01:00:00,CRP,63.4,mg/L,0,5
BIO-000530,SEJ-000123,2024-01-03 19:00:00,CRP,39.64,mg/L,0,5
BIO-000531,SEJ-000123,2024-01-03 17:00:00,GlobulesBlancs,8.31,G/L,4,10
BIO-000532,SEJ-000123,2024-01-03 21:00:00,Hemoglobine,116.44,g/L,12,16
BIO-000533,SEJ-000123,2024-01-04 04:00:00,Hemoglobine,122.98,g/L,12,16
BIO-000534,SEJ-000123,2024-01-04 05:00:00,Creatinine,68.96,µmol/L,60,110
BIO-000535,SEJ-000123,2024-01-05 10:00:00,Hemoglobine,116.47,g/L,12,16
BIO-000536,SEJ-000123,2024-01-03 07:00:00,Hemoglobine,114.43,g/L,12,16
BIO-000537,SEJ-000123,2024-01-04 22:00:00,Hemoglobine,7.09,g/dL,12,16
BIO-000538,SEJ-000124,2023-09-21 00:00:00,Hemoglobine,999.0,g/L,12,16
BIO-000539,SEJ-000124,2023-09-21 22:00:00,Creatinine,14.59,mg/L,60,110
BIO-000540,SEJ-000124,2023-09-20 00:00:00,Creatinine,13.6,mg/L,60,110
BIO-000541,SEJ-000124,2023-09-20 13:00:00,Hemoglobine,105.37,g/L,12,16
BIO-000542,SEJ-000124,2023-09-22 03:00:00,GlobulesBlancs,2.85,G/L,4,10
BIO-000543,SEJ-000124,2023-09-22 16:00:00,Natremie,999.0,mmol/L,135,145
BIO-000544,SEJ-000125,2023-01-09 22:00:00,CRP,28.34,mg/L,0,5
BIO-000545,SEJ-000125,2023-01-11 21:00:00,CRP,21.65,mg/L,0,5
BIO-000546,SEJ-000125,2023-01-11 05:00:00,Hemoglobine,13.12,g/dL,12,16
BIO-000547,SEJ-000126,2024-04-03 09:00:00,CRP,0.23,mg/L,0,5
BIO-000548,SEJ-000126,2024-04-05 06:00:00,Hemoglobine,14.0,g/dL,12,16
BIO-000549,SEJ-000126,2024-04-05 10:00:00,Hemoglobine,125.98,g/L,12,16
BIO-000550,SEJ-000127,2024-03-23 10:00:00,CRP,25.28,mg/L,0,5
BIO-000551,SEJ-000127,2024-03-25 08:00:00,CRP,38.9,mg/L,0,5
BIO-000552,SEJ-000127,2024-03-25 17:00:00,Natremie,138.65,mmol/L,135,145
BIO-000553,SEJ-000128,2023-01-09 08:00:00,GlobulesBlancs,5.66,G/L,4,10
BIO-000554,SEJ-000128,2023-01-07 13:00:00,Natremie,140.83,mmol/L,135,145
BIO-000555,SEJ-000128,2023-01-08 13:00:00,Natremie,139.39,mmol/L,135,145
BIO-000556,SEJ-000128,2023-01-11 11:00:00,Hemoglobine,13.29,g/dL,12,16
BIO-000557,SEJ-000129,2024-02-17 07:00:00,GlobulesBlancs,11.96,G/L,4,10
BIO-000558,SEJ-000129,2024-02-18 04:00:00,Hemoglobine,129.3,g/L,12,16
BIO-000559,SEJ-000130,2024-03-26 05:00:00,Hemoglobine,9.4,g/dL,12,16
BIO-000560,SEJ-000130,2024-03-26 08:00:00,GlobulesBlancs,999.0,G/L,4,10
BIO-000561,SEJ-000130,2024-03-25 23:00:00,Natremie,136.25,mmol/L,135,145
BIO-000562,SEJ-000130,2024-03-25 05:00:00,Hemoglobine,9.11,g/dL,12,16
BIO-000563,SEJ-000130,2024-03-24 05:00:00,GlobulesBlancs,8.73,G/L,4,10
BIO-000564,SEJ-000130,2024-03-26 21:00:00,Creatinine,1333.47,µmol/L,60,110
BIO-000565,SEJ-000130,2024-03-26 07:00:00,Natremie,,mmol/L,135,145
BIO-000566,SEJ-000130,2024-03-26 03:00:00,Hemoglobine,114.57,g/L,12,16
BIO-000567,SEJ-000131,2023-03-08 09:00:00,Creatinine,125.1,µmol/L,60,110
BIO-000568,SEJ-000131,2023-03-09 22:00:00,Natremie,133.56,mmol/L,135,145
BIO-000569,SEJ-000132,2024-02-21 11:00:00,Hemoglobine,137.4,g/L,12,16
BIO-000570,SEJ-000132,2024-02-13 21:00:00,GlobulesBlancs,8.17,G/L,4,10
BIO-000571,SEJ-000132,2024-02-13 16:00:00,GlobulesBlancs,11.66,G/L,4,10
BIO-000572,SEJ-000132,2024-02-20 22:00:00,Creatinine,5.9,mg/L,60,110
BIO-000573,SEJ-000132,2024-02-22 22:00:00,CRP,-5.46,mg/L,0,5
BIO-000574,SEJ-000133,2023-12-24 19:00:00,Creatinine,57.69,µmol/L,60,110
BIO-000575,SEJ-000133,2023-12-20 03:00:00,CRP,17.73,mg/L,0,5
BIO-000576,SEJ-000133,2023-12-25 07:00:00,Creatinine,118.74,µmol/L,60,110
BIO-000577,SEJ-000133,2023-12-25 03:00:00,Hemoglobine,10.46,g/dL,12,16
BIO-000578,SEJ-000133,2023-12-20 21:00:00,Natremie,129.57,mmol/L,135,145
BIO-000579,SEJ-000133,2023-12-24 04:00:00,Creatinine,75.68,µmol/L,60,110
BIO-000580,SEJ-000134,2024-05-26 08:00:00,GlobulesBlancs,12.77,G/L,4,10
BIO-000581,SEJ-000134,2024-05-23 12:00:00,CRP,21.78,mg/L,0,5
BIO-000582,SEJ-000134,2024-05-22 04:00:00,GlobulesBlancs,13.32,G/L,4,10
BIO-000583,SEJ-000134,2024-05-22 12:00:00,Creatinine,9.67,mg/L,60,110
BIO-000584,SEJ-000134,2024-05-20 04:00:00,Natremie,139.43,mmol/L,135,145
BIO-000585,SEJ-999999,2024-05-23 05:00:00,Natremie,136.08,mmol/L,135,145
BIO-000586,SEJ-000134,2024-05-20 22:00:00,Natremie,130.77,mmol/L,135,145
BIO-000587,SEJ-000135,2023-05-04 09:00:00,Creatinine,105.7,µmol/L,60,110
BIO-000588,SEJ-000135,2023-05-09 03:00:00,CRP,65.81,mg/L,0,5
BIO-000589,SEJ-000135,2023-05-07 22:00:00,Hemoglobine,,g/L,12,16
BIO-000590,SEJ-000136,2023-05-30 13:00:00,GlobulesBlancs,,G/L,4,10
BIO-000591,SEJ-000136,2023-05-31 06:00:00,CRP,33.37,mg/L,0,5
BIO-000592,SEJ-000136,2023-05-31 12:00:00,GlobulesBlancs,9.61,G/L,4,10
BIO-000593,SEJ-000137,2023-07-14 19:00:00,Hemoglobine,13.27,g/dL,12,16
BIO-000594,SEJ-000137,2023-07-07 07:00:00,CRP,-14.92,mg/L,0,5
BIO-000595,SEJ-000137,2023-07-06 08:00:00,Creatinine,69.92,µmol/L,60,110
BIO-000596,SEJ-000137,2023-07-11 07:00:00,Natremie,137.75,mmol/L,135,145
BIO-000597,SEJ-000138,2023-03-06 08:00:00,GlobulesBlancs,10.99,G/L,4,10
BIO-000598,SEJ-000138,2023-03-07 03:00:00,GlobulesBlancs,4.68,G/L,4,10
BIO-000599,SEJ-000139,2023-08-05 17:00:00,GlobulesBlancs,6.64,G/L,4,10
BIO-000600,SEJ-000139,2023-08-05 15:00:00,CRP,-0.96,mg/L,0,5
BIO-000601,SEJ-000140,2023-12-10 17:00:00,Creatinine,7.98,mg/L,60,110
BIO-000602,SEJ-000140,2023-12-11 18:00:00,Creatinine,68.54,µmol/L,60,110
BIO-000603,SEJ-000140,2023-12-10 09:00:00,CRP,-27.95,mg/L,0,5
BIO-000604,SEJ-000141,2024-05-11 13:00:00,GlobulesBlancs,9.27,G/L,4,10
BIO-000605,SEJ-000141,2024-05-09 19:00:00,CRP,-19.98,mg/L,0,5
BIO-000606,SEJ-000141,2024-05-13 01:00:00,Natremie,141.69,mmol/L,135,145
BIO-000607,SEJ-000142,2023-02-27 04:00:00,CRP,22.36,mg/L,0,5
BIO-000608,SEJ-000142,2023-02-28 02:00:00,Hemoglobine,135.28,g/L,12,16
BIO-000609,SEJ-000142,2023-02-27 07:00:00,Creatinine,105.67,µmol/L,60,110
BIO-000610,SEJ-000143,2023-07-19 21:00:00,GlobulesBlancs,6.78,G/L,4,10
BIO-000611,SEJ-000143,2023-07-12 08:00:00,Hemoglobine,11.41,g/dL,12,16
BIO-000612,SEJ-000143,2023-07-17 07:00:00,Creatinine,,µmol/L,60,110
BIO-000613,SEJ-000143,2023-07-12 22:00:00,CRP,58.53,mg/L,0,5
BIO-000614,SEJ-000143,2023-07-16 14:00:00,GlobulesBlancs,5.19,G/L,4,10
BIO-000615,SEJ-000143,2023-07-21 18:00:00,Creatinine,13.96,mg/L,60,110
BIO-000616,SEJ-000144,2023-09-09 08:00:00,GlobulesBlancs,,G/L,4,10
BIO-000617,SEJ-000144,2023-09-11 02:00:00,Creatinine,2.47,mg/L,60,110
BIO-000618,SEJ-000144,2023-09-09 08:00:00,CRP,-3.36,mg/L,0,5
BIO-000619,SEJ-000144,2023-09-10 00:00:00,Natremie,138.79,mmol/L,135,145
BIO-000620,SEJ-000145,2023-01-13 03:00:00,GlobulesBlancs,999.0,G/L,4,10
BIO-000621,SEJ-000145,2023-01-15 01:00:00,CRP,-19.44,mg/L,0,5
BIO-000622,SEJ-000145,2023-01-15 19:00:00,Creatinine,113.06,µmol/L,60,110
BIO-000623,SEJ-000145,2023-01-14 16:00:00,Hemoglobine,13.63,g/dL,12,16
BIO-000624,SEJ-000145,2023-01-14 11:00:00,Natremie,133.84,mmol/L,135,145
BIO-000625,SEJ-000145,2023-01-13 20:00:00,Natremie,136.42,mmol/L,135,145
BIO-000626,SEJ-000145,2023-01-14 08:00:00,CRP,24.99,mg/L,0,5
BIO-000627,SEJ-000146,2024-03-03 08:00:00,GlobulesBlancs,5.25,G/L,4,10
BIO-000628,SEJ-000146,2024-03-05 23:00:00,Creatinine,100.13,µmol/L,60,110
BIO-000629,SEJ-000146,2024-03-03 02:00:00,CRP,25.3,mg/L,0,5
BIO-000630,SEJ-000146,2024-03-01 22:00:00,Creatinine,97.87,µmol/L,60,110
BIO-000631,SEJ-000146,2024-03-04 21:00:00,Creatinine,101.7,µmol/L,60,110
BIO-000632,SEJ-000147,2024-05-21 09:00:00,GlobulesBlancs,10.51,G/L,4,10
BIO-000633,SEJ-000147,2024-05-21 23:00:00,Natremie,139.06,mmol/L,135,145
BIO-000634,SEJ-000147,2024-05-22 17:00:00,Hemoglobine,132.26,g/L,12,16
BIO-000635,SEJ-000147,2024-05-21 21:00:00,Creatinine,13.53,mg/L,60,110
BIO-000636,SEJ-000147,2024-05-20 10:00:00,GlobulesBlancs,11.2,G/L,4,10
BIO-000637,SEJ-000148,2023-04-08 11:00:00,GlobulesBlancs,12.46,G/L,4,10
BIO-000638,SEJ-000148,2023-04-08 11:00:00,Natremie,136.91,mmol/L,135,145
BIO-000639,SEJ-000148,2023-04-07 15:00:00,Creatinine,13.15,mg/L,60,110
BIO-000640,SEJ-000149,2023-06-26 07:00:00,Creatinine,,µmol/L,60,110
BIO-000641,SEJ-000149,2023-06-26 12:00:00,CRP,-59.47,mg/L,0,5
BIO-000642,SEJ-000149,2023-06-23 18:00:00,Natremie,141.01,mmol/L,135,145
BIO-000643,SEJ-000149,2023-06-24 16:00:00,Natremie,135.9,mmol/L,135,145
BIO-000644,SEJ-000149,2023-06-24 03:00:00,Natremie,132.82,mmol/L,135,145
BIO-000645,SEJ-000149,2023-06-22 11:00:00,CRP,-15.43,mg/L,0,5
BIO-000646,SEJ-000149,2023-06-23 17:00:00,Hemoglobine,102.76,g/L,12,16
BIO-000647,SEJ-000149,2023-06-24 16:00:00,Hemoglobine,133.93,g/L,12,16
BIO-000648,SEJ-000150,2023-11-11 15:00:00,Natremie,136.24,mmol/L,135,145
BIO-000649,SEJ-000150,2023-11-12 03:00:00,Natremie,139.9,mmol/L,135,145
BIO-000650,SEJ-000151,2024-01-09 05:00:00,GlobulesBlancs,6.77,G/L,4,10
BIO-000651,SEJ-000151,2024-01-09 10:00:00,Creatinine,14.98,mg/L,60,110
BIO-000652,SEJ-000151,2024-01-08 12:00:00,Creatinine,103.89,µmol/L,60,110
BIO-000653,SEJ-000151,2024-01-08 15:00:00,Creatinine,85.74,µmol/L,60,110
BIO-000654,SEJ-000151,2024-01-09 01:00:00,Creatinine,118.19,µmol/L,60,110
BIO-000655,SEJ-000152,2023-05-19 10:00:00,Hemoglobine,15.01,g/dL,12,16
BIO-000656,SEJ-000152,2023-05-16 03:00:00,GlobulesBlancs,13.75,G/L,4,10
BIO-000657,SEJ-000152,2023-05-19 19:00:00,Hemoglobine,9.43,g/dL,12,16
BIO-000658,SEJ-000153,2023-08-09 02:00:00,Creatinine,13.13,mg/L,60,110
BIO-000659,SEJ-000153,2023-08-06 08:00:00,CRP,64.04,mg/L,0,5
BIO-000660,SEJ-000153,2023-08-09 23:00:00,Hemoglobine,,g/dL,12,16
BIO-000661,SEJ-000153,2023-08-08 13:00:00,Natremie,,mmol/L,135,145
BIO-000662,SEJ-000153,2023-08-08 13:00:00,Natremie,138.01,mmol/L,135,145
BIO-000663,SEJ-000154,2023-04-27 22:00:00,CRP,-9.67,mg/L,0,5
BIO-000664,SEJ-000154,2023-05-01 14:00:00,GlobulesBlancs,12.59,G/L,4,10
BIO-000665,SEJ-000154,2023-04-29 12:00:00,CRP,18.2,mg/L,0,5
BIO-000666,SEJ-000154,2023-04-23 10:00:00,GlobulesBlancs,8.22,G/L,4,10
BIO-000667,SEJ-000154,2023-04-28 13:00:00,CRP,-34.36,mg/L,0,5
BIO-000668,SEJ-000155,2023-06-21 11:00:00,Creatinine,78.88,µmol/L,60,110
BIO-000669,SEJ-000155,2023-06-21 19:00:00,Creatinine,98.02,µmol/L,60,110
BIO-000670,SEJ-000155,2023-06-21 13:00:00,GlobulesBlancs,9.02,G/L,4,10
BIO-000671,SEJ-000155,2023-06-21 16:00:00,GlobulesBlancs,999.0,G/L,4,10
BIO-000672,SEJ-000155,2023-06-21 23:00:00,Creatinine,101.22,µmol/L,60,110
BIO-000673,SEJ-000156,2023-02-20 12:00:00,Natremie,141.32,mmol/L,135,145
BIO-000674,SEJ-000156,2023-02-14 07:00:00,Creatinine,12.31,mg/L,60,110
BIO-000675,SEJ-000157,2023-08-25 03:00:00,Hemoglobine,95.09,g/L,12,16
BIO-000676,SEJ-000157,2023-08-25 12:00:00,Hemoglobine,15.79,g/dL,12,16
BIO-000677,SEJ-000157,2023-08-24 09:00:00,CRP,-18.38,mg/L,0,5
BIO-000678,SEJ-000157,2023-08-22 16:00:00,Hemoglobine,112.86,g/L,12,16
BIO-000679,SEJ-000157,2023-08-21 00:00:00,Natremie,139.29,mmol/L,135,145
BIO-000680,SEJ-000158,2023-10-31 20:00:00,Natremie,143.04,mmol/L,135,145
BIO-000681,SEJ-000158,2023-10-27 11:00:00,Hemoglobine,150.07,g/L,12,16
BIO-000682,SEJ-000158,2023-10-31 21:00:00,Hemoglobine,,g/L,12,16
BIO-000683,SEJ-000159,2023-02-11 20:00:00,GlobulesBlancs,10.19,G/L,4,10
BIO-000684,SEJ-000159,2023-02-11 02:00:00,GlobulesBlancs,3.4,G/L,4,10
BIO-000685,SEJ-000159,2023-02-13 10:00:00,CRP,34.28,mg/L,0,5
BIO-000686,SEJ-000159,2023-02-13 10:00:00,Natremie,137.88,mmol/L,135,145
BIO-000687,SEJ-000160,2024-04-12 07:00:00,CRP,999.0,mg/L,0,5
BIO-000688,SEJ-000160,2024-04-10 16:00:00,CRP,88.13,mg/L,0,5
BIO-000689,SEJ-000160,2024-04-11 16:00:00,Hemoglobine,12.05,g/dL,12,16
BIO-000690,SEJ-000160,2024-04-09 06:00:00,Creatinine,138.39,µmol/L,60,110
BIO-000691,SEJ-999999,2024-04-09 12:00:00,Natremie,135.69,mmol/L,135,145
BIO-000692,SEJ-000160,2024-04-09 02:00:00,GlobulesBlancs,10.68,G/L,4,10
BIO-000693,SEJ-000160,2024-04-08 06:00:00,CRP,433.02,mg/L,0,5
BIO-000694,SEJ-000161,2024-01-24 09:00:00,GlobulesBlancs,8.16,G/L,4,10
BIO-000695,SEJ-000161,2024-01-23 03:00:00,Creatinine,109.41,µmol/L,60,110
BIO-000696,SEJ-000162,2024-01-18 09:00:00,CRP,35.83,mg/L,0,5
BIO-000697,SEJ-000162,2024-01-17 17:00:00,GlobulesBlancs,12.54,G/L,4,10
BIO-000698,SEJ-000162,2024-01-17 23:00:00,Creatinine,,µmol/L,60,110
BIO-000699,SEJ-000162,2024-01-18 20:00:00,Hemoglobine,132.11,g/L,12,16
BIO-000700,SEJ-000162,2024-01-16 14:00:00,GlobulesBlancs,11.85,G/L,4,10
BIO-000701,SEJ-000162,2024-01-16 02:00:00,Natremie,133.86,mmol/L,135,145
BIO-000702,SEJ-000162,2024-01-18 07:00:00,GlobulesBlancs,4.47,G/L,4,10
BIO-000703,SEJ-000162,2024-01-20 12:00:00,Natremie,135.52,mmol/L,135,145
BIO-000704,SEJ-000162,2024-01-21 01:00:00,GlobulesBlancs,11.66,G/L,4,10
BIO-000705,SEJ-000163,2023-07-10 14:00:00,Natremie,136.92,mmol/L,135,145
BIO-000706,SEJ-000163,2023-07-10 20:00:00,GlobulesBlancs,7.06,G/L,4,10
BIO-000707,SEJ-000163,2023-07-10 08:00:00,Hemoglobine,999.0,g/dL,12,16
BIO-000708,SEJ-000163,2023-07-09 22:00:00,Hemoglobine,,g/dL,12,16
BIO-000709,SEJ-000163,2023-07-09 15:00:00,Creatinine,70.66,µmol/L,60,110
BIO-000710,SEJ-000163,2023-07-08 15:00:00,Creatinine,12.76,mg/L,60,110
BIO-000711,SEJ-000164,2023-10-03 16:00:00,CRP,-41.1,mg/L,0,5
BIO-000712,SEJ-000164,2023-10-03 00:00:00,GlobulesBlancs,13.0,G/L,4,10
BIO-000713,SEJ-000165,2023-02-17 15:00:00,Hemoglobine,13.86,g/dL,12,16
BIO-000714,SEJ-000165,2023-02-18 00:00:00,CRP,4.23,mg/L,0,5
BIO-000715,SEJ-000165,2023-02-20 06:00:00,Creatinine,77.16,µmol/L,60,110
BIO-000716,SEJ-000165,2023-02-19 17:00:00,Natremie,133.02,mmol/L,135,145
BIO-000717,SEJ-000166,2023-05-01 14:00:00,GlobulesBlancs,3.04,G/L,4,10
BIO-000718,SEJ-000166,2023-04-24 23:00:00,GlobulesBlancs,8.08,G/L,4,10
BIO-000719,SEJ-000166,2023-04-23 14:00:00,Creatinine,94.96,µmol/L,60,110
BIO-000720,SEJ-000166,2023-04-22 03:00:00,Creatinine,8.06,mg/L,60,110
BIO-000721,SEJ-000167,2023-07-26 21:00:00,GlobulesBlancs,-4.0,G/L,4,10
BIO-000722,SEJ-000167,2023-07-25 12:00:00,GlobulesBlancs,4.64,G/L,4,10
BIO-000723,SEJ-000168,2023-11-03 08:00:00,GlobulesBlancs,10.36,G/L,4,10
BIO-000724,SEJ-000168,2023-11-01 06:00:00,Hemoglobine,123.71,g/L,12,16
BIO-000725,SEJ-000168,2023-11-01 07:00:00,CRP,-10.61,mg/L,0,5
BIO-000726,SEJ-000168,2023-11-03 18:00:00,Creatinine,10.24,mg/L,60,110
BIO-000727,SEJ-000168,2023-11-03 04:00:00,GlobulesBlancs,8.79,G/L,4,10
BIO-000728,SEJ-999999,2023-07-28 14:00:00,CRP,28.01,mg/L,0,5
BIO-000729,SEJ-000169,2023-07-29 20:00:00,Creatinine,55.5,µmol/L,60,110
BIO-000730,SEJ-000169,2023-07-31 06:00:00,GlobulesBlancs,2.41,G/L,4,10
BIO-000731,SEJ-000169,2023-07-29 22:00:00,Creatinine,15.9,mg/L,60,110
BIO-000732,SEJ-000169,2023-07-29 19:00:00,Creatinine,10.45,mg/L,60,110
BIO-000733,SEJ-000169,2023-07-31 15:00:00,GlobulesBlancs,12.44,G/L,4,10
BIO-000734,SEJ-000169,2023-07-28 18:00:00,Natremie,139.36,mmol/L,135,145
BIO-000735,SEJ-000170,2024-04-12 01:00:00,CRP,12.54,mg/L,0,5
BIO-000736,SEJ-000170,2024-04-12 15:00:00,Creatinine,15.91,mg/L,60,110
BIO-000737,SEJ-000171,2023-12-31 05:00:00,Creatinine,60.05,µmol/L,60,110
BIO-000738,SEJ-000171,2023-12-31 21:00:00,Creatinine,8.7,mg/L,60,110
BIO-000739,SEJ-000172,2022-12-19 22:00:00,Natremie,136.5,mmol/L,135,145
BIO-000740,SEJ-000172,2022-12-19 21:00:00,CRP,52.37,mg/L,0,5
BIO-000741,SEJ-000172,2022-12-19 01:00:00,Creatinine,6.96,mg/L,60,110
BIO-000742,SEJ-000173,2023-05-28 09:00:00,Creatinine,4.73,mg/L,60,110
BIO-000743,SEJ-000173,2023-05-29 21:00:00,Natremie,137.15,mmol/L,135,145
BIO-000744,SEJ-000173,2023-05-28 18:00:00,Hemoglobine,13.11,g/dL,12,16
BIO-000745,SEJ-000173,2023-05-29 02:00:00,Hemoglobine,109.2,g/L,12,16
BIO-000746,SEJ-000173,2023-05-28 23:00:00,Hemoglobine,12.83,g/dL,12,16
BIO-000747,SEJ-999999,2023-05-29 13:00:00,Creatinine,26.25,µmol/L,60,110
BIO-000748,SEJ-000174,2023-09-24 20:00:00,GlobulesBlancs,8.48,G/L,4,10
BIO-000749,SEJ-000174,2023-09-24 04:00:00,Hemoglobine,128.09,g/L,12,16
BIO-000750,SEJ-000174,2023-09-23 17:00:00,Creatinine,115.39,µmol/L,60,110
BIO-000751,SEJ-000175,2023-08-18 22:00:00,Hemoglobine,11.51,g/dL,12,16
BIO-000752,SEJ-000175,2023-08-20 17:00:00,Hemoglobine,135.21,g/L,12,16
BIO-000753,SEJ-000175,2023-08-18 08:00:00,CRP,14.69,mg/L,0,5
BIO-000754,SEJ-000175,2023-08-19 05:00:00,GlobulesBlancs,11.39,G/L,4,10
BIO-000755,SEJ-000176,2023-03-02 20:00:00,CRP,18.99,mg/L,0,5
BIO-000756,SEJ-000176,2023-02-23 07:00:00,Natremie,,mmol/L,135,145
BIO-000757,SEJ-000176,2023-03-04 22:00:00,Creatinine,66.98,µmol/L,60,110
BIO-000758,SEJ-000177,2023-12-07 19:00:00,Creatinine,117.3,µmol/L,60,110
BIO-000759,SEJ-000177,2023-12-05 15:00:00,Natremie,141.19,mmol/L,135,145
BIO-000760,SEJ-000178,2023-08-10 17:00:00,GlobulesBlancs,7.49,G/L,4,10
BIO-000761,SEJ-000178,2023-08-02 06:00:00,Creatinine,999.0,µmol/L,60,110
BIO-000762,SEJ-000178,2023-08-12 06:00:00,Natremie,138.7,mmol/L,135,145
BIO-000763,SEJ-000178,2023-08-12 10:00:00,Creatinine,73.69,µmol/L,60,110
BIO-000764,SEJ-000178,2023-08-13 14:00:00,Creatinine,9.35,mg/L,60,110
BIO-000765,SEJ-000179,2023-09-10 21:00:00,CRP,50.99,mg/L,0,5
BIO-000766,SEJ-000179,2023-09-06 15:00:00,CRP,62.26,mg/L,0,5
BIO-000767,SEJ-000180,2023-07-12 17:00:00,Natremie,136.93,mmol/L,135,145
BIO-000768,SEJ-000180,2023-07-13 19:00:00,GlobulesBlancs,9.1,G/L,4,10
BIO-000769,SEJ-000180,2023-07-13 10:00:00,GlobulesBlancs,5.71,G/L,4,10
BIO-000770,SEJ-000180,2023-07-13 10:00:00,GlobulesBlancs,5.75,G/L,4,10
BIO-000771,SEJ-000180,2023-07-13 13:00:00,GlobulesBlancs,7.98,G/L,4,10
BIO-000772,SEJ-000181,2023-03-29 14:00:00,Creatinine,10.7,mg/L,60,110
BIO-000773,SEJ-000181,2023-03-29 04:00:00,GlobulesBlancs,7.0,G/L,4,10
BIO-000774,SEJ-000181,2023-03-29 17:00:00,Natremie,136.62,mmol/L,135,145
BIO-000775,SEJ-000181,2023-03-28 21:00:00,Natremie,139.35,mmol/L,135,145
BIO-000776,SEJ-000182,2024-05-14 02:00:00,Creatinine,2.3,mg/L,60,110
BIO-000777,SEJ-000182,2024-05-11 08:00:00,Natremie,138.24,mmol/L,135,145
BIO-000778,SEJ-000182,2024-05-12 16:00:00,Natremie,136.72,mmol/L,135,145
BIO-000779,SEJ-000183,2023-01-16 00:00:00,Hemoglobine,88.19,g/L,12,16
BIO-000780,SEJ-000183,2023-01-15 06:00:00,GlobulesBlancs,5.06,G/L,4,10
BIO-000781,SEJ-000183,2023-01-13 08:00:00,Natremie,999.0,mmol/L,135,145
BIO-000782,SEJ-000183,2023-01-16 12:00:00,Creatinine,11.71,mg/L,60,110
BIO-000783,SEJ-000183,2023-01-15 08:00:00,GlobulesBlancs,8.11,G/L,4,10
BIO-000784,SEJ-000183,2023-01-14 17:00:00,Natremie,134.22,mmol/L,135,145
BIO-000785,SEJ-000183,2023-01-14 00:00:00,CRP,14.03,mg/L,0,5
BIO-000786,SEJ-000183,2023-01-13 20:00:00,Creatinine,82.37,µmol/L,60,110
BIO-000787,SEJ-000183,2023-01-14 08:00:00,GlobulesBlancs,9.68,G/L,4,10
BIO-000788,SEJ-000184,2024-02-12 03:00:00,Hemoglobine,102.87,g/L,12,16
BIO-000789,SEJ-000184,2024-02-15 12:00:00,CRP,-38.16,mg/L,0,5
BIO-000790,SEJ-000184,2024-02-15 20:00:00,Hemoglobine,132.67,g/L,12,16
BIO-000791,SEJ-000184,2024-02-13 02:00:00,Natremie,142.45,mmol/L,135,145
BIO-000792,SEJ-000184,2024-02-13 04:00:00,Creatinine,,mg/L,60,110
BIO-000793,SEJ-000184,2024-02-13 20:00:00,Natremie,141.06,mmol/L,135,145
BIO-000794,SEJ-000185,2023-04-25 01:00:00,GlobulesBlancs,10.26,G/L,4,10
BIO-000795,SEJ-000185,2023-04-29 02:00:00,Creatinine,3.52,µmol/L,60,110
BIO-000796,SEJ-000185,2023-04-27 21:00:00,Hemoglobine,103.55,g/L,12,16
BIO-000797,SEJ-000185,2023-04-29 04:00:00,Creatinine,14.86,mg/L,60,110
BIO-000798,SEJ-000186,2023-08-26 12:00:00,Hemoglobine,13.45,g/dL,12,16
BIO-000799,SEJ-000186,2023-08-27 15:00:00,Natremie,138.2,mmol/L,135,145
BIO-000800,SEJ-000186,2023-08-26 07:00:00,Hemoglobine,106.87,g/L,12,16
BIO-000801,SEJ-000186,2023-08-27 15:00:00,GlobulesBlancs,,G/L,4,10
BIO-000802,SEJ-000186,2023-08-27 00:00:00,Creatinine,16.17,mg/L,60,110
BIO-000803,SEJ-000186,2023-08-30 13:00:00,CRP,45.73,mg/L,0,5
BIO-000804,SEJ-000187,2024-03-09 15:00:00,Creatinine,101.23,µmol/L,60,110
BIO-000805,SEJ-000187,2024-03-12 04:00:00,GlobulesBlancs,10.16,G/L,4,10
BIO-000806,SEJ-000187,2024-03-08 08:00:00,GlobulesBlancs,0.51,G/L,4,10
BIO-000807,SEJ-000187,2024-03-10 13:00:00,CRP,-14.36,mg/L,0,5
BIO-000808,SEJ-000188,2024-02-28 13:00:00,Natremie,138.02,mmol/L,135,145
BIO-000809,SEJ-000188,2024-03-04 13:00:00,Hemoglobine,9.16,g/dL,12,16
BIO-000810,SEJ-000188,2024-03-03 13:00:00,Creatinine,14.15,mg/L,60,110
BIO-000811,SEJ-000188,2024-03-06 10:00:00,Creatinine,68.36,µmol/L,60,110
BIO-000812,SEJ-000188,2024-02-26 03:00:00,Natremie,,mmol/L,135,145
BIO-000813,SEJ-999999,2024-02-29 03:00:00,Hemoglobine,99.9,g/L,12,16
BIO-000814,SEJ-000189,2023-09-09 21:00:00,GlobulesBlancs,9.63,G/L,4,10
BIO-000815,SEJ-000189,2023-09-09 15:00:00,Natremie,134.0,mmol/L,135,145
BIO-000816,SEJ-000190,2023-07-10 03:00:00,CRP,-35.63,mg/L,0,5
BIO-000817,SEJ-000190,2023-07-11 20:00:00,CRP,-18.16,mg/L,0,5
BIO-000818,SEJ-000190,2023-07-11 08:00:00,Hemoglobine,12.86,g/dL,12,16
BIO-000819,SEJ-000190,2023-07-10 05:00:00,CRP,32.97,mg/L,0,5
BIO-000820,SEJ-000191,2023-07-01 22:00:00,GlobulesBlancs,-4.37,G/L,4,10
BIO-000821,SEJ-000191,2023-06-27 12:00:00,CRP,32.92,mg/L,0,5
BIO-000822,SEJ-000191,2023-06-26 20:00:00,CRP,1.96,mg/L,0,5
BIO-000823,SEJ-000191,2023-06-29 00:00:00,CRP,25.01,mg/L,0,5
BIO-000824,SEJ-000191,2023-06-29 22:00:00,CRP,59.19,mg/L,0,5
BIO-000825,SEJ-000191,2023-06-30 02:00:00,Creatinine,68.17,µmol/L,60,110
BIO-000826,SEJ-000192,2023-11-20 20:00:00,GlobulesBlancs,,G/L,4,10
BIO-000827,SEJ-000192,2023-11-20 09:00:00,GlobulesBlancs,15.72,G/L,4,10
BIO-000828,SEJ-000192,2023-11-20 23:00:00,Hemoglobine,11.47,g/dL,12,16
BIO-000829,SEJ-000192,2023-11-20 19:00:00,Natremie,137.77,mmol/L,135,145
BIO-000830,SEJ-000192,2023-11-20 19:00:00,Creatinine,10.4,mg/L,60,110
BIO-000831,SEJ-000193,2023-11-30 22:00:00,CRP,27.25,mg/L,0,5
BIO-000832,SEJ-000193,2023-11-30 07:00:00,Creatinine,7.94,mg/L,60,110
BIO-000833,SEJ-000194,2023-05-29 03:00:00,Hemoglobine,114.46,g/L,12,16
BIO-000834,SEJ-000194,2023-05-29 03:00:00,GlobulesBlancs,10.27,G/L,4,10
BIO-000835,SEJ-000194,2023-05-29 12:00:00,Hemoglobine,11.01,g/dL,12,16
BIO-000836,SEJ-000194,2023-05-28 13:00:00,Creatinine,7.87,mg/L,60,110
BIO-000837,SEJ-000194,2023-05-28 17:00:00,Natremie,,mmol/L,135,145
BIO-000838,SEJ-000194,2023-05-27 15:00:00,Creatinine,12.48,mg/L,60,110
BIO-000839,SEJ-000194,2023-05-30 18:00:00,Hemoglobine,14.32,g/dL,12,16
BIO-000840,SEJ-000194,2023-05-29 14:00:00,Hemoglobine,116.09,g/L,12,16
BIO-000841,SEJ-000194,2023-05-27 11:00:00,Natremie,140.37,mmol/L,135,145
BIO-000842,SEJ-000195,2023-06-18 09:00:00,Natremie,132.92,mmol/L,135,145
BIO-000843,SEJ-000195,2023-06-17 07:00:00,Creatinine,11.46,mg/L,60,110
BIO-000844,SEJ-000195,2023-06-17 19:00:00,Creatinine,5.73,mg/L,60,110
BIO-000845,SEJ-000195,2023-06-17 08:00:00,Hemoglobine,129.94,g/L,12,16
BIO-000846,SEJ-000196,2023-06-16 13:00:00,Creatinine,83.41,µmol/L,60,110
BIO-000847,SEJ-000196,2023-06-17 03:00:00,Natremie,138.97,mmol/L,135,145
BIO-000848,SEJ-000196,2023-06-14 09:00:00,GlobulesBlancs,,G/L,4,10
BIO-000849,SEJ-000196,2023-06-15 04:00:00,Hemoglobine,79.45,g/L,12,16
BIO-000850,SEJ-000197,2024-04-01 21:00:00,GlobulesBlancs,9.48,G/L,4,10
BIO-000851,SEJ-000197,2024-04-02 23:00:00,CRP,43.68,mg/L,0,5
BIO-000852,SEJ-000197,2024-04-01 13:00:00,Hemoglobine,109.15,g/L,12,16
BIO-000853,SEJ-000197,2024-04-01 19:00:00,Hemoglobine,86.53,g/L,12,16
BIO-000854,SEJ-000197,2024-03-31 09:00:00,GlobulesBlancs,10.42,G/L,4,10
BIO-000855,SEJ-000198,2023-03-29 10:00:00,CRP,-22.18,mg/L,0,5
BIO-000856,SEJ-999999,2023-03-29 08:00:00,Hemoglobine,10.81,g/dL,12,16
BIO-000857,SEJ-000198,2023-03-29 23:00:00,Creatinine,9.13,mg/L,60,110
BIO-000858,SEJ-000198,2023-03-29 14:00:00,CRP,39.18,mg/L,0,5
BIO-000859,SEJ-000199,2023-08-31 11:00:00,CRP,10.87,mg/L,0,5
BIO-000860,SEJ-000199,2023-09-01 04:00:00,Hemoglobine,108.89,g/L,12,16
BIO-000861,SEJ-000200,2023-10-26 12:00:00,Natremie,138.61,mmol/L,135,145
BIO-000862,SEJ-000200,2023-10-25 11:00:00,CRP,44.49,mg/L,0,5
BIO-000863,SEJ-000200,2023-10-25 07:00:00,CRP,-38.59,mg/L,0,5
BIO-000864,SEJ-000200,2023-10-27 16:00:00,Natremie,136.35,mmol/L,135,145
BIO-000865,SEJ-000201,2024-01-06 16:00:00,GlobulesBlancs,12.67,G/L,4,10
BIO-000866,SEJ-000201,2024-01-07 22:00:00,Hemoglobine,,g/dL,12,16
BIO-000867,SEJ-000201,2024-01-05 21:00:00,Hemoglobine,120.23,g/L,12,16
BIO-000868,SEJ-000202,2024-02-16 04:00:00,GlobulesBlancs,7.97,G/L,4,10
BIO-000869,SEJ-000202,2024-02-17 02:00:00,Hemoglobine,120.18,g/L,12,16
BIO-000870,SEJ-000202,2024-02-16 15:00:00,CRP,48.42,mg/L,0,5
BIO-000871,SEJ-000202,2024-02-16 22:00:00,Hemoglobine,115.39,g/L,12,16
BIO-000872,SEJ-000203,2023-10-27 20:00:00,Hemoglobine,11.11,g/dL,12,16
BIO-000873,SEJ-000203,2023-10-28 12:00:00,CRP,-19.74,mg/L,0,5
BIO-000874,SEJ-000204,2023-08-12 00:00:00,Hemoglobine,10.07,g/dL,12,16
BIO-000875,SEJ-000204,2023-08-11 02:00:00,Natremie,139.14,mmol/L,135,145
BIO-000876,SEJ-000204,2023-08-12 08:00:00,Creatinine,18.8,mg/L,60,110
BIO-000877,SEJ-000204,2023-08-11 13:00:00,CRP,58.14,mg/L,0,5
BIO-000878,SEJ-000204,2023-08-11 03:00:00,Natremie,136.51,mmol/L,135,145
BIO-000879,SEJ-000204,2023-08-13 01:00:00,Hemoglobine,125.11,g/L,12,16
BIO-000880,SEJ-000205,2023-12-16 08:00:00,Natremie,,mmol/L,135,145
BIO-000881,SEJ-000205,2023-12-17 03:00:00,CRP,48.46,mg/L,0,5
BIO-000882,SEJ-000205,2023-12-18 00:00:00,Natremie,136.33,mmol/L,135,145
BIO-000883,SEJ-000205,2023-12-18 11:00:00,Creatinine,85.3,µmol/L,60,110
BIO-000884,SEJ-000205,2023-12-16 23:00:00,Hemoglobine,9.75,g/dL,12,16
BIO-000885,SEJ-000205,2023-12-18 04:00:00,Hemoglobine,149.84,g/L,12,16
BIO-000886,SEJ-000205,2023-12-17 16:00:00,Creatinine,,mg/L,60,110
BIO-000887,SEJ-000206,2023-10-23 10:00:00,Hemoglobine,11.57,g/dL,12,16
BIO-000888,SEJ-000206,2023-10-24 11:00:00,GlobulesBlancs,4.67,G/L,4,10
BIO-000889,SEJ-000206,2023-10-23 15:00:00,GlobulesBlancs,11.74,G/L,4,10
BIO-000890,SEJ-000206,2023-10-18 03:00:00,GlobulesBlancs,8.41,G/L,4,10
BIO-000891,SEJ-000206,2023-10-21 14:00:00,Natremie,142.34,mmol/L,135,145
BIO-000892,SEJ-000207,2023-12-24 20:00:00,Hemoglobine,134.33,g/L,12,16
BIO-000893,SEJ-000207,2023-12-22 04:00:00,CRP,999.0,mg/L,0,5
BIO-000894,SEJ-000207,2023-12-24 15:00:00,Hemoglobine,13.71,g/dL,12,16
BIO-000895,SEJ-000207,2023-12-25 21:00:00,CRP,56.43,mg/L,0,5
BIO-000896,SEJ-000207,2023-12-26 07:00:00,GlobulesBlancs,1.88,G/L,4,10
BIO-000897,SEJ-000207,2023-12-26 22:00:00,CRP,,mg/L,0,5
BIO-000898,SEJ-000208,2023-01-13 12:00:00,CRP,4.15,mg/L,0,5
BIO-000899,SEJ-000208,2023-01-14 09:00:00,CRP,-29.95,mg/L,0,5
BIO-000900,SEJ-000208,2023-01-14 08:00:00,CRP,-19.87,mg/L,0,5
BIO-000901,SEJ-000208,2023-01-14 07:00:00,CRP,32.42,mg/L,0,5
BIO-000902,SEJ-000208,2023-01-14 04:00:00,GlobulesBlancs,10.45,G/L,4,10
BIO-000903,SEJ-000209,2023-02-24 15:00:00,Creatinine,52.3,µmol/L,60,110
BIO-000904,SEJ-000209,2023-02-22 22:00:00,CRP,7.06,mg/L,0,5
BIO-000905,SEJ-000209,2023-02-22 05:00:00,Natremie,140.19,mmol/L,135,145
BIO-000906,SEJ-000209,2023-02-22 11:00:00,CRP,,mg/L,0,5
BIO-000907,SEJ-000210,2023-02-11 20:00:00,GlobulesBlancs,12.78,G/L,4,10
BIO-000908,SEJ-000210,2023-02-14 12:00:00,Natremie,137.34,mmol/L,135,145
BIO-000909,SEJ-000210,2023-02-18 15:00:00,Creatinine,8.21,mg/L,60,110
BIO-000910,SEJ-000210,2023-02-14 05:00:00,Hemoglobine,11.38,g/dL,12,16
BIO-000911,SEJ-000210,2023-02-21 20:00:00,Natremie,,mmol/L,135,145
BIO-000912,SEJ-000210,2023-02-18 16:00:00,CRP,45.64,mg/L,0,5
BIO-000913,SEJ-000211,2024-02-23 07:00:00,Natremie,140.21,mmol/L,135,145
BIO-000914,SEJ-000211,2024-02-28 13:00:00,GlobulesBlancs,12.56,G/L,4,10
BIO-000915,SEJ-000211,2024-02-24 19:00:00,Hemoglobine,117.14,g/L,12,16
BIO-000916,SEJ-000211,2024-02-28 12:00:00,Hemoglobine,94.2,g/L,12,16
BIO-000917,SEJ-000212,2023-07-18 13:00:00,Creatinine,11.52,mg/L,60,110
BIO-000918,SEJ-000212,2023-07-16 03:00:00,GlobulesBlancs,1.63,G/L,4,10
BIO-000919,SEJ-000212,2023-07-15 12:00:00,GlobulesBlancs,,G/L,4,10
BIO-000920,SEJ-000212,2023-07-14 10:00:00,Natremie,133.07,mmol/L,135,145
BIO-000921,SEJ-000212,2023-07-14 09:00:00,Creatinine,11.77,mg/L,60,110
BIO-000922,SEJ-000212,2023-07-16 15:00:00,CRP,61.19,mg/L,0,5
BIO-000923,SEJ-000213,2023-11-22 12:00:00,Natremie,139.85,mmol/L,135,145
BIO-000924,SEJ-000213,2023-11-23 20:00:00,Natremie,137.6,mmol/L,135,145
BIO-000925,SEJ-000214,2023-02-27 05:00:00,CRP,33.51,mg/L,0,5
BIO-000926,SEJ-000214,2023-02-27 03:00:00,GlobulesBlancs,9.38,G/L,4,10
BIO-000927,SEJ-000214,2023-03-03 03:00:00,Hemoglobine,,g/L,12,16
BIO-000928,SEJ-000214,2023-03-03 15:00:00,GlobulesBlancs,7.36,G/L,4,10
BIO-000929,SEJ-000215,2024-02-09 22:00:00,GlobulesBlancs,,G/L,4,10
BIO-000930,SEJ-000215,2024-02-07 22:00:00,CRP,59.05,mg/L,0,5
BIO-000931,SEJ-000215,2024-02-08 08:00:00,CRP,-9.82,mg/L,0,5
BIO-000932,SEJ-000215,2024-02-09 16:00:00,Natremie,133.42,mmol/L,135,145
BIO-000933,SEJ-000215,2024-02-06 03:00:00,CRP,,mg/L,0,5
BIO-000934,SEJ-000215,2024-02-10 04:00:00,Creatinine,,µmol/L,60,110
BIO-000935,SEJ-000215,2024-02-10 01:00:00,CRP,,mg/L,0,5
BIO-000936,SEJ-000216,2023-11-28 04:00:00,GlobulesBlancs,5.0,G/L,4,10
BIO-000937,SEJ-000216,2023-11-27 02:00:00,Natremie,131.41,mmol/L,135,145
BIO-000938,SEJ-000216,2023-11-28 17:00:00,Creatinine,999.0,mg/L,60,110
BIO-000939,SEJ-000216,2023-11-27 16:00:00,Hemoglobine,104.56,g/L,12,16
BIO-000940,SEJ-000216,2023-11-28 03:00:00,GlobulesBlancs,10.06,G/L,4,10
BIO-000941,SEJ-000216,2023-11-28 19:00:00,GlobulesBlancs,7.61,G/L,4,10
BIO-000942,SEJ-000217,2023-01-17 11:00:00,CRP,23.32,mg/L,0,5
BIO-000943,SEJ-000217,2023-01-18 03:00:00,Creatinine,10.24,mg/L,60,110
BIO-000944,SEJ-000217,2023-01-17 05:00:00,CRP,4.63,mg/L,0,5
BIO-000945,SEJ-000217,2023-01-16 06:00:00,Hemoglobine,,g/dL,12,16
BIO-000946,SEJ-000217,2023-01-17 20:00:00,Natremie,143.33,mmol/L,135,145
BIO-000947,SEJ-000217,2023-01-18 23:00:00,CRP,-10.53,mg/L,0,5
BIO-000948,SEJ-000217,2023-01-18 16:00:00,Natremie,136.84,mmol/L,135,145
BIO-000949,SEJ-000218,2024-05-17 02:00:00,Hemoglobine,999.0,g/dL,12,16
BIO-000950,SEJ-000218,2024-05-17 09:00:00,GlobulesBlancs,10.55,G/L,4,10
BIO-000951,SEJ-000219,2023-09-16 20:00:00,Natremie,139.35,mmol/L,135,145
BIO-000952,SEJ-000219,2023-09-15 05:00:00,Natremie,131.64,mmol/L,135,145
BIO-000953,SEJ-000220,2023-01-24 12:00:00,CRP,,mg/L,0,5
BIO-000954,SEJ-000220,2023-01-21 22:00:00,GlobulesBlancs,4.26,G/L,4,10
BIO-000955,SEJ-000220,2023-01-22 15:00:00,GlobulesBlancs,11.47,G/L,4,10
BIO-000956,SEJ-000220,2023-01-24 03:00:00,CRP,8.12,mg/L,0,5
BIO-000957,SEJ-000220,2023-01-22 12:00:00,GlobulesBlancs,17.9,G/L,4,10
BIO-000958,SEJ-000220,2023-01-22 05:00:00,GlobulesBlancs,8.67,G/L,4,10
BIO-000959,SEJ-000221,2023-01-12 08:00:00,Natremie,136.43,mmol/L,135,145
BIO-000960,SEJ-000221,2023-01-13 07:00:00,Hemoglobine,129.28,g/L,12,16
BIO-000961,SEJ-000221,2023-01-07 07:00:00,Creatinine,16.36,mg/L,60,110
BIO-000962,SEJ-000221,2023-01-09 13:00:00,GlobulesBlancs,5.89,G/L,4,10
BIO-000963,SEJ-000222,2024-02-13 19:00:00,CRP,,mg/L,0,5
BIO-000964,SEJ-000222,2024-02-14 12:00:00,GlobulesBlancs,10.46,G/L,4,10
BIO-000965,SEJ-000222,2024-02-13 01:00:00,Natremie,139.75,mmol/L,135,145
BIO-000966,SEJ-000222,2024-02-11 19:00:00,Creatinine,,µmol/L,60,110
BIO-000967,SEJ-000222,2024-02-11 16:00:00,Creatinine,13.44,mg/L,60,110
BIO-000968,SEJ-000223,2023-07-08 14:00:00,Creatinine,87.05,µmol/L,60,110
BIO-000969,SEJ-000223,2023-07-11 11:00:00,Hemoglobine,13.33,g/dL,12,16
BIO-000970,SEJ-000224,2023-03-09 04:00:00,Creatinine,102.73,µmol/L,60,110
BIO-000971,SEJ-000224,2023-03-16 11:00:00,Natremie,135.83,mmol/L,135,145
BIO-000972,SEJ-000224,2023-03-08 14:00:00,Hemoglobine,124.42,g/L,12,16
BIO-000973,SEJ-000224,2023-03-19 19:00:00,GlobulesBlancs,4.44,G/L,4,10
BIO-000974,SEJ-000224,2023-03-19 05:00:00,Creatinine,10.63,mg/L,60,110
BIO-000975,SEJ-000225,2023-04-03 21:00:00,Creatinine,55.45,µmol/L,60,110
BIO-000976,SEJ-000225,2023-04-03 22:00:00,Natremie,135.51,mmol/L,135,145
BIO-000977,SEJ-000225,2023-04-03 15:00:00,Hemoglobine,-13.2,g/dL,12,16
BIO-000978,SEJ-000225,2023-04-03 18:00:00,Natremie,141.94,mmol/L,135,145
BIO-000979,SEJ-000226,2023-05-21 19:00:00,GlobulesBlancs,6.7,G/L,4,10
BIO-000980,SEJ-000226,2023-05-23 20:00:00,CRP,-15.49,mg/L,0,5
BIO-000981,SEJ-000227,2024-01-05 23:00:00,Hemoglobine,,g/dL,12,16
BIO-000982,SEJ-000227,2024-01-12 06:00:00,GlobulesBlancs,10.62,G/L,4,10
BIO-000983,SEJ-000227,2024-01-11 09:00:00,CRP,-33.47,mg/L,0,5
BIO-000984,SEJ-000227,2024-01-14 09:00:00,CRP,,mg/L,0,5
BIO-000985,SEJ-000227,2024-01-14 06:00:00,Natremie,138.63,mmol/L,135,145
BIO-000986,SEJ-000228,2023-07-14 01:00:00,GlobulesBlancs,12.08,G/L,4,10
BIO-000987,SEJ-000228,2023-07-11 13:00:00,Natremie,141.12,mmol/L,135,145
BIO-000988,SEJ-000228,2023-07-12 19:00:00,Creatinine,106.75,µmol/L,60,110
BIO-000989,SEJ-000229,2024-01-27 16:00:00,GlobulesBlancs,8.44,G/L,4,10
BIO-000990,SEJ-000229,2024-01-29 20:00:00,GlobulesBlancs,10.02,G/L,4,10
BIO-000991,SEJ-000230,2024-03-11 20:00:00,CRP,28.28,mg/L,0,5
BIO-000992,SEJ-000230,2024-03-11 17:00:00,Natremie,,mmol/L,135,145
BIO-000993,SEJ-000230,2024-03-13 01:00:00,Natremie,140.7,mmol/L,135,145
BIO-000994,SEJ-000230,2024-03-09 22:00:00,Hemoglobine,-14.7,g/dL,12,16
BIO-000995,SEJ-999999,2024-03-17 23:00:00,Creatinine,119.97,µmol/L,60,110
BIO-000996,SEJ-000231,2024-03-20 18:00:00,Hemoglobine,130.45,g/L,12,16
BIO-000997,SEJ-000231,2024-03-18 12:00:00,Creatinine,82.65,µmol/L,60,110
BIO-000998,SEJ-000232,2024-03-26 06:00:00,Creatinine,651.86,µmol/L,60,110
BIO-000999,SEJ-000232,2024-03-22 21:00:00,Natremie,140.74,mmol/L,135,145
BIO-001000,SEJ-000232,2024-03-19 20:00:00,CRP,17.86,mg/L,0,5
BIO-001001,SEJ-000233,2024-05-22 14:00:00,Creatinine,10.58,mg/L,60,110
BIO-001002,SEJ-000233,2024-05-21 23:00:00,Creatinine,,mg/L,60,110
BIO-001003,SEJ-000234,2023-01-01 10:00:00,Creatinine,999.0,µmol/L,60,110
BIO-001004,SEJ-000234,2023-01-01 20:00:00,GlobulesBlancs,7.8,G/L,4,10
BIO-001005,SEJ-000234,2023-01-01 14:00:00,Hemoglobine,128.43,g/L,12,16
BIO-001006,SEJ-000235,2024-05-01 01:00:00,Creatinine,10.5,mg/L,60,110
BIO-001007,SEJ-000235,2024-05-04 18:00:00,Creatinine,10.31,mg/L,60,110
BIO-001008,SEJ-000235,2024-05-02 11:00:00,Natremie,132.82,mmol/L,135,145
BIO-001009,SEJ-000235,2024-05-06 00:00:00,Natremie,136.23,mmol/L,135,145
BIO-001010,SEJ-000236,2023-02-07 08:00:00,GlobulesBlancs,8.66,G/L,4,10
BIO-001011,SEJ-000236,2023-02-02 21:00:00,GlobulesBlancs,4.91,G/L,4,10
BIO-001012,SEJ-000236,2023-02-02 05:00:00,Creatinine,11.33,mg/L,60,110
BIO-001013,SEJ-000236,2023-02-05 14:00:00,Natremie,138.72,mmol/L,135,145
BIO-001014,SEJ-000236,2023-02-05 14:00:00,GlobulesBlancs,9.07,G/L,4,10
BIO-001015,SEJ-000236,2023-02-04 10:00:00,Natremie,138.64,mmol/L,135,145
BIO-001016,SEJ-000237,2023-03-05 02:00:00,GlobulesBlancs,999.0,G/L,4,10
BIO-001017,SEJ-000237,2023-03-07 12:00:00,GlobulesBlancs,7.86,G/L,4,10
BIO-001018,SEJ-000237,2023-03-05 08:00:00,Hemoglobine,142.86,g/L,12,16
BIO-001019,SEJ-000238,2023-11-01 23:00:00,CRP,-25.22,mg/L,0,5
BIO-001020,SEJ-000238,2023-10-31 17:00:00,Creatinine,8.82,mg/L,60,110
BIO-001021,SEJ-000238,2023-10-29 18:00:00,CRP,-7.96,mg/L,0,5
BIO-001022,SEJ-000239,2023-02-20 18:00:00,Creatinine,5.99,mg/L,60,110
BIO-001023,SEJ-000239,2023-02-19 01:00:00,GlobulesBlancs,12.52,G/L,4,10
BIO-001024,SEJ-000239,2023-02-18 12:00:00,Natremie,140.82,mmol/L,135,145
BIO-001025,SEJ-000239,2023-02-20 12:00:00,CRP,-19.76,mg/L,0,5
BIO-001026,SEJ-000239,2023-02-21 14:00:00,Creatinine,,µmol/L,60,110
BIO-001027,SEJ-000240,2023-07-20 18:00:00,Creatinine,999.0,µmol/L,60,110
BIO-001028,SEJ-000240,2023-07-12 14:00:00,GlobulesBlancs,7.25,G/L,4,10
BIO-001029,SEJ-999999,2023-07-16 06:00:00,Natremie,139.77,mmol/L,135,145
BIO-001030,SEJ-000241,2023-07-29 11:00:00,Creatinine,11.63,mg/L,60,110
BIO-001031,SEJ-000241,2023-07-29 16:00:00,GlobulesBlancs,10.76,G/L,4,10
BIO-001032,SEJ-000241,2023-07-28 10:00:00,CRP,35.52,mg/L,0,5
BIO-001033,SEJ-000241,2023-07-29 23:00:00,CRP,-16.64,mg/L,0,5
BIO-001034,SEJ-000241,2023-07-29 17:00:00,Natremie,137.14,mmol/L,135,145
BIO-001035,SEJ-000242,2022-12-25 08:00:00,GlobulesBlancs,9.5,G/L,4,10
BIO-001036,SEJ-000242,2022-12-29 15:00:00,Natremie,140.74,mmol/L,135,145
BIO-001037,SEJ-000242,2022-12-29 14:00:00,Hemoglobine,,g/L,12,16
BIO-001038,SEJ-000242,2022-12-26 03:00:00,Natremie,139.53,mmol/L,135,145
BIO-001039,SEJ-000243,2024-03-20 22:00:00,CRP,55.69,mg/L,0,5
BIO-001040,SEJ-999999,2024-03-15 06:00:00,CRP,22.83,mg/L,0,5
BIO-001041,SEJ-000244,2023-03-14 09:00:00,CRP,17.27,mg/L,0,5
BIO-001042,SEJ-000244,2023-03-13 01:00:00,GlobulesBlancs,10.26,G/L,4,10
BIO-001043,SEJ-000244,2023-03-12 23:00:00,Creatinine,9.56,mg/L,60,110
BIO-001044,SEJ-000244,2023-03-13 23:00:00,Natremie,135.73,mmol/L,135,145
BIO-001045,SEJ-000244,2023-03-12 05:00:00,CRP,3.72,mg/L,0,5
BIO-001046,SEJ-000244,2023-03-14 06:00:00,CRP,10.02,mg/L,0,5
BIO-001047,SEJ-000244,2023-03-12 02:00:00,CRP,-13.61,mg/L,0,5
BIO-001048,SEJ-000244,2023-03-12 04:00:00,CRP,-14.23,mg/L,0,5
BIO-001049,SEJ-000245,2023-03-08 19:00:00,GlobulesBlancs,6.02,G/L,4,10
BIO-001050,SEJ-000245,2023-03-08 18:00:00,CRP,5.74,mg/L,0,5
BIO-001051,SEJ-000245,2023-03-08 03:00:00,GlobulesBlancs,4.52,G/L,4,10
BIO-001052,SEJ-000245,2023-03-08 15:00:00,Hemoglobine,12.07,g/dL,12,16
BIO-001053,SEJ-000246,2023-05-06 05:00:00,Natremie,137.69,mmol/L,135,145
BIO-001054,SEJ-000246,2023-05-07 20:00:00,CRP,92.9,mg/L,0,5
BIO-001055,SEJ-000247,2023-05-23 10:00:00,GlobulesBlancs,9.98,G/L,4,10
BIO-001056,SEJ-000247,2023-05-23 02:00:00,Hemoglobine,135.75,g/L,12,16
BIO-001057,SEJ-000247,2023-05-23 16:00:00,GlobulesBlancs,13.18,G/L,4,10
BIO-001058,SEJ-999999,2023-05-23 01:00:00,Hemoglobine,12.2,g/dL,12,16
BIO-001059,SEJ-000247,2023-05-23 19:00:00,GlobulesBlancs,11.24,G/L,4,10
BIO-001060,SEJ-000247,2023-05-22 04:00:00,Hemoglobine,11.91,g/dL,12,16
BIO-001061,SEJ-000248,2023-03-16 03:00:00,Natremie,6.82,mmol/L,135,145
BIO-001062,SEJ-000248,2023-03-15 20:00:00,Hemoglobine,136.56,g/L,12,16
BIO-001063,SEJ-000248,2023-03-16 21:00:00,GlobulesBlancs,6.27,G/L,4,10
BIO-001064,SEJ-000249,2023-07-07 03:00:00,Natremie,134.15,mmol/L,135,145
BIO-001065,SEJ-000249,2023-07-07 14:00:00,GlobulesBlancs,,G/L,4,10
BIO-001066,SEJ-000250,2024-04-20 00:00:00,Natremie,,mmol/L,135,145
BIO-001067,SEJ-000250,2024-04-30 19:00:00,Natremie,140.65,mmol/L,135,145
BIO-001068,SEJ-000250,2024-04-27 17:00:00,CRP,36.13,mg/L,0,5
BIO-001069,SEJ-000250,2024-04-19 13:00:00,Creatinine,9.65,mg/L,60,110
BIO-001070,SEJ-000250,2024-04-17 10:00:00,Hemoglobine,122.19,g/L,12,16
BIO-001071,SEJ-000251,2023-05-18 10:00:00,Hemoglobine,114.16,g/L,12,16
BIO-001072,SEJ-000251,2023-05-15 13:00:00,Natremie,,mmol/L,135,145
BIO-001073,SEJ-000251,2023-05-14 01:00:00,Creatinine,11.57,mg/L,60,110
BIO-001074,SEJ-000251,2023-05-17 01:00:00,Natremie,,mmol/L,135,145
BIO-001075,SEJ-000251,2023-05-15 20:00:00,Hemoglobine,112.56,g/L,12,16
BIO-001076,SEJ-000252,2023-09-03 14:00:00,Natremie,134.23,mmol/L,135,145
BIO-001077,SEJ-000252,2023-09-05 05:00:00,Hemoglobine,9.98,g/dL,12,16
BIO-001078,SEJ-000252,2023-09-16 10:00:00,GlobulesBlancs,-1.36,G/L,4,10
BIO-001079,SEJ-000252,2023-09-08 19:00:00,Creatinine,1277.33,µmol/L,60,110
BIO-001080,SEJ-000252,2023-09-08 22:00:00,GlobulesBlancs,-7.26,G/L,4,10
BIO-001081,SEJ-000253,2023-07-22 00:00:00,Natremie,135.56,mmol/L,135,145
BIO-001082,SEJ-000253,2023-07-22 15:00:00,GlobulesBlancs,11.95,G/L,4,10
BIO-001083,SEJ-000253,2023-07-21 10:00:00,Hemoglobine,116.53,g/L,12,16
BIO-001084,SEJ-000253,2023-07-21 09:00:00,GlobulesBlancs,8.03,G/L,4,10
BIO-001085,SEJ-000253,2023-07-22 22:00:00,GlobulesBlancs,3.0,G/L,4,10
BIO-001086,SEJ-000254,2023-03-23 05:00:00,CRP,56.79,mg/L,0,5
BIO-001087,SEJ-000254,2023-03-21 20:00:00,Natremie,137.18,mmol/L,135,145
BIO-001088,SEJ-000254,2023-03-18 08:00:00,Creatinine,141.01,µmol/L,60,110
BIO-001089,SEJ-000254,2023-03-22 03:00:00,GlobulesBlancs,5.04,G/L,4,10
BIO-001090,SEJ-000254,2023-03-22 13:00:00,Hemoglobine,,g/L,12,16
BIO-001091,SEJ-000254,2023-03-24 01:00:00,GlobulesBlancs,9.32,G/L,4,10
BIO-001092,SEJ-000254,2023-03-20 18:00:00,CRP,30.62,mg/L,0,5
BIO-001093,SEJ-000255,2024-03-03 04:00:00,Natremie,139.82,mmol/L,135,145
BIO-001094,SEJ-000255,2024-03-03 03:00:00,Hemoglobine,12.56,g/dL,12,16
BIO-001095,SEJ-000256,2023-07-11 09:00:00,Creatinine,18.35,mg/L,60,110
BIO-001096,SEJ-000256,2023-07-13 20:00:00,Hemoglobine,,g/dL,12,16
BIO-001097,SEJ-000256,2023-07-10 17:00:00,CRP,62.27,mg/L,0,5
BIO-001098,SEJ-000257,2023-09-23 07:00:00,Natremie,142.37,mmol/L,135,145
BIO-001099,SEJ-000257,2023-09-23 19:00:00,Creatinine,,mg/L,60,110
BIO-001100,SEJ-000257,2023-09-23 21:00:00,Natremie,139.74,mmol/L,135,145
BIO-001101,SEJ-000258,2024-03-02 21:00:00,Natremie,136.17,mmol/L,135,145
BIO-001102,SEJ-000258,2024-02-27 23:00:00,Natremie,134.83,mmol/L,135,145
BIO-001103,SEJ-000258,2024-02-28 09:00:00,Natremie,139.22,mmol/L,135,145
BIO-001104,SEJ-000258,2024-02-28 19:00:00,Natremie,139.02,mmol/L,135,145
BIO-001105,SEJ-000258,2024-02-29 20:00:00,Creatinine,79.75,µmol/L,60,110
BIO-001106,SEJ-000259,2023-08-11 08:00:00,GlobulesBlancs,14.83,G/L,4,10
BIO-001107,SEJ-000259,2023-08-07 22:00:00,Natremie,141.12,mmol/L,135,145
BIO-001108,SEJ-000259,2023-08-11 09:00:00,Creatinine,,µmol/L,60,110
BIO-001109,SEJ-000259,2023-08-09 18:00:00,GlobulesBlancs,5.05,G/L,4,10
BIO-001110,SEJ-000259,2023-08-07 02:00:00,Creatinine,11.74,mg/L,60,110
BIO-001111,SEJ-000259,2023-08-12 14:00:00,GlobulesBlancs,8.0,G/L,4,10
BIO-001112,SEJ-000260,2023-08-28 15:00:00,CRP,-28.32,mg/L,0,5
BIO-001113,SEJ-999999,2023-08-28 09:00:00,Natremie,,mmol/L,135,145
BIO-001114,SEJ-000260,2023-08-29 22:00:00,Natremie,143.97,mmol/L,135,145
BIO-001115,SEJ-000260,2023-08-29 04:00:00,GlobulesBlancs,9.18,G/L,4,10
BIO-001116,SEJ-000261,2024-03-20 12:00:00,GlobulesBlancs,10.48,G/L,4,10
BIO-001117,SEJ-999999,2024-03-20 22:00:00,Hemoglobine,12.53,g/dL,12,16
BIO-001118,SEJ-000262,2024-01-11 20:00:00,GlobulesBlancs,11.04,G/L,4,10
BIO-001119,SEJ-000262,2024-01-12 16:00:00,CRP,82.23,mg/L,0,5
BIO-001120,SEJ-000262,2024-01-12 01:00:00,Creatinine,76.4,µmol/L,60,110
BIO-001121,SEJ-000263,2023-01-22 17:00:00,CRP,42.97,mg/L,0,5
BIO-001122,SEJ-000263,2023-01-20 03:00:00,Creatinine,13.32,mg/L,60,110
BIO-001123,SEJ-000263,2023-01-22 11:00:00,Natremie,130.61,mmol/L,135,145
BIO-001124,SEJ-000264,2023-07-26 14:00:00,Natremie,139.84,mmol/L,135,145
BIO-001125,SEJ-000264,2023-07-25 08:00:00,Hemoglobine,115.56,g/L,12,16
BIO-001126,SEJ-000264,2023-07-24 12:00:00,GlobulesBlancs,12.32,G/L,4,10
BIO-001127,SEJ-000264,2023-07-30 18:00:00,GlobulesBlancs,9.84,G/L,4,10
BIO-001128,SEJ-000264,2023-07-30 16:00:00,CRP,,mg/L,0,5
BIO-001129,SEJ-000265,2024-04-25 17:00:00,CRP,10.27,mg/L,0,5
BIO-001130,SEJ-000265,2024-04-25 16:00:00,Natremie,132.3,mmol/L,135,145
BIO-001131,SEJ-000265,2024-04-25 17:00:00,Hemoglobine,123.42,g/L,12,16
BIO-001132,SEJ-000265,2024-04-21 18:00:00,Natremie,139.91,mmol/L,135,145
BIO-001133,SEJ-000266,2022-12-19 12:00:00,Natremie,142.17,mmol/L,135,145
BIO-001134,SEJ-000266,2022-12-19 23:00:00,Natremie,,mmol/L,135,145
BIO-001135,SEJ-000266,2022-12-17 14:00:00,CRP,,mg/L,0,5
BIO-001136,SEJ-000266,2022-12-20 12:00:00,Hemoglobine,11.55,g/dL,12,16
BIO-001137,SEJ-000267,2024-01-02 14:00:00,GlobulesBlancs,11.27,G/L,4,10
BIO-001138,SEJ-000267,2024-01-03 00:00:00,CRP,71.03,mg/L,0,5
BIO-001139,SEJ-000267,2024-01-02 02:00:00,GlobulesBlancs,13.78,G/L,4,10
BIO-001140,SEJ-000268,2024-02-04 20:00:00,Hemoglobine,123.76,g/L,12,16
BIO-001141,SEJ-000268,2024-02-05 15:00:00,Creatinine,133.07,µmol/L,60,110
BIO-001142,SEJ-000268,2024-02-05 13:00:00,Natremie,134.68,mmol/L,135,145
BIO-001143,SEJ-000269,2023-05-16 10:00:00,Natremie,137.49,mmol/L,135,145
BIO-001144,SEJ-000269,2023-05-15 05:00:00,Natremie,140.47,mmol/L,135,145
BIO-001145,SEJ-000270,2024-03-03 13:00:00,Hemoglobine,132.74,g/L,12,16
BIO-001146,SEJ-000270,2024-03-05 20:00:00,Creatinine,108.07,µmol/L,60,110
BIO-001147,SEJ-000270,2024-03-04 17:00:00,GlobulesBlancs,13.2,G/L,4,10
BIO-001148,SEJ-000270,2024-03-05 07:00:00,Creatinine,4.31,µmol/L,60,110
BIO-001149,SEJ-000271,2023-08-14 06:00:00,Creatinine,14.55,mg/L,60,110
BIO-001150,SEJ-000271,2023-08-10 08:00:00,GlobulesBlancs,2.26,G/L,4,10
BIO-001151,SEJ-000272,2022-12-26 02:00:00,CRP,22.02,mg/L,0,5
BIO-001152,SEJ-000272,2022-12-26 15:00:00,Hemoglobine,80.05,g/L,12,16
BIO-001153,SEJ-000272,2022-12-26 15:00:00,Hemoglobine,96.08,g/L,12,16
BIO-001154,SEJ-000272,2022-12-26 22:00:00,Creatinine,12.69,mg/L,60,110
BIO-001155,SEJ-000273,2023-10-16 20:00:00,Hemoglobine,8.33,g/dL,12,16
BIO-001156,SEJ-000273,2023-10-17 17:00:00,Creatinine,80.64,µmol/L,60,110
BIO-001157,SEJ-000273,2023-10-15 20:00:00,Creatinine,81.55,µmol/L,60,110
BIO-001158,SEJ-000273,2023-10-17 16:00:00,Natremie,137.54,mmol/L,135,145
BIO-001159,SEJ-000273,2023-10-16 21:00:00,CRP,-0.08,mg/L,0,5
BIO-001160,SEJ-000273,2023-10-15 08:00:00,Natremie,136.52,mmol/L,135,145
BIO-001161,SEJ-000273,2023-10-15 02:00:00,Hemoglobine,12.06,g/dL,12,16
BIO-001162,SEJ-000274,2023-10-27 13:00:00,Natremie,135.7,mmol/L,135,145
BIO-001163,SEJ-000274,2023-10-27 07:00:00,Hemoglobine,999.0,g/L,12,16
BIO-001164,SEJ-000274,2023-10-27 18:00:00,Hemoglobine,12.12,g/dL,12,16
BIO-001165,SEJ-000274,2023-10-27 02:00:00,CRP,7.9,mg/L,0,5
BIO-001166,SEJ-000275,2023-05-06 18:00:00,Hemoglobine,126.65,g/L,12,16
BIO-001167,SEJ-000275,2023-05-05 04:00:00,Natremie,999.0,mmol/L,135,145
BIO-001168,SEJ-000275,2023-05-05 02:00:00,Hemoglobine,999.0,g/L,12,16
BIO-001169,SEJ-000275,2023-05-06 00:00:00,GlobulesBlancs,14.46,G/L,4,10
BIO-001170,SEJ-000275,2023-05-05 19:00:00,Hemoglobine,10.71,g/dL,12,16
BIO-001171,SEJ-000275,2023-05-06 12:00:00,Creatinine,100.95,µmol/L,60,110
BIO-001172,SEJ-999999,2023-05-05 06:00:00,GlobulesBlancs,8.64,G/L,4,10
BIO-001173,SEJ-000276,2024-03-18 10:00:00,Natremie,139.58,mmol/L,135,145
BIO-001174,SEJ-000276,2024-03-20 20:00:00,Hemoglobine,126.84,g/L,12,16
BIO-001175,SEJ-000276,2024-03-19 22:00:00,Creatinine,5.6,mg/L,60,110
BIO-001176,SEJ-000277,2023-10-13 09:00:00,CRP,31.12,mg/L,0,5
BIO-001177,SEJ-000277,2023-10-15 09:00:00,Creatinine,82.31,µmol/L,60,110
BIO-001178,SEJ-000278,2023-07-27 22:00:00,Hemoglobine,1346.48,g/L,12,16
BIO-001179,SEJ-000278,2023-07-27 08:00:00,GlobulesBlancs,10.26,G/L,4,10
BIO-001180,SEJ-000278,2023-07-26 12:00:00,GlobulesBlancs,9.4,G/L,4,10
BIO-001181,SEJ-000278,2023-07-28 23:00:00,Creatinine,74.11,µmol/L,60,110
BIO-001182,SEJ-000278,2023-07-27 14:00:00,Creatinine,46.55,µmol/L,60,110
BIO-001183,SEJ-000279,2023-07-04 00:00:00,Natremie,136.22,mmol/L,135,145
BIO-001184,SEJ-000279,2023-07-08 15:00:00,Creatinine,13.62,mg/L,60,110
BIO-001185,SEJ-000279,2023-07-07 20:00:00,Natremie,141.24,mmol/L,135,145
BIO-001186,SEJ-000280,2023-02-04 04:00:00,Natremie,135.19,mmol/L,135,145
BIO-001187,SEJ-000280,2023-02-07 01:00:00,Natremie,137.0,mmol/L,135,145
BIO-001188,SEJ-000280,2023-02-07 00:00:00,Creatinine,999.0,mg/L,60,110
BIO-001189,SEJ-000280,2023-02-05 18:00:00,Creatinine,1475.76,µmol/L,60,110
BIO-001190,SEJ-000280,2023-02-07 10:00:00,Natremie,137.64,mmol/L,135,145
BIO-001191,SEJ-000281,2023-03-27 22:00:00,Natremie,136.76,mmol/L,135,145
BIO-001192,SEJ-000281,2023-03-28 23:00:00,CRP,-5.8,mg/L,0,5
BIO-001193,SEJ-000281,2023-03-30 06:00:00,Hemoglobine,116.47,g/L,12,16
BIO-001194,SEJ-000282,2023-08-19 13:00:00,Natremie,137.52,mmol/L,135,145
BIO-001195,SEJ-000282,2023-08-17 11:00:00,GlobulesBlancs,9.11,G/L,4,10
BIO-001196,SEJ-000282,2023-08-17 09:00:00,Hemoglobine,11.49,g/dL,12,16
BIO-001197,SEJ-000282,2023-08-18 11:00:00,Creatinine,53.71,µmol/L,60,110
BIO-001198,SEJ-000282,2023-08-17 12:00:00,Hemoglobine,10.58,g/dL,12,16
BIO-001199,SEJ-000282,2023-08-19 09:00:00,GlobulesBlancs,,G/L,4,10
BIO-001200,SEJ-000283,2023-11-15 03:00:00,Creatinine,52.22,µmol/L,60,110
BIO-001201,SEJ-000283,2023-11-16 01:00:00,Natremie,143.38,mmol/L,135,145
BIO-001202,SEJ-000283,2023-11-12 16:00:00,Hemoglobine,13.55,g/dL,12,16
BIO-001203,SEJ-000283,2023-11-12 21:00:00,GlobulesBlancs,10.64,G/L,4,10
BIO-001204,SEJ-000283,2023-11-14 18:00:00,Creatinine,80.49,µmol/L,60,110
BIO-001205,SEJ-000283,2023-11-17 09:00:00,CRP,,mg/L,0,5
BIO-001206,SEJ-000284,2023-10-07 18:00:00,Creatinine,8.73,mg/L,60,110
BIO-001207,SEJ-000284,2023-10-07 23:00:00,GlobulesBlancs,8.11,G/L,4,10
BIO-001208,SEJ-000285,2023-12-27 11:00:00,CRP,-26.4,mg/L,0,5
BIO-001209,SEJ-000285,2023-12-26 09:00:00,GlobulesBlancs,,G/L,4,10
BIO-001210,SEJ-000285,2023-12-26 21:00:00,Hemoglobine,5.78,g/L,12,16
BIO-001211,SEJ-000285,2023-12-25 22:00:00,GlobulesBlancs,5.31,G/L,4,10
BIO-001212,SEJ-000285,2023-12-25 03:00:00,Hemoglobine,120.04,g/L,12,16
BIO-001213,SEJ-000285,2023-12-27 02:00:00,Creatinine,56.92,µmol/L,60,110
BIO-001214,SEJ-000286,2023-11-28 13:00:00,Natremie,138.36,mmol/L,135,145
BIO-001215,SEJ-000286,2023-11-27 14:00:00,Hemoglobine,122.24,g/L,12,16
BIO-001216,SEJ-000286,2023-11-28 02:00:00,Natremie,139.46,mmol/L,135,145
BIO-001217,SEJ-000286,2023-11-27 01:00:00,CRP,-13.02,mg/L,0,5
BIO-001218,SEJ-999999,2023-11-25 06:00:00,Hemoglobine,,g/dL,12,16
BIO-001219,SEJ-000286,2023-11-25 18:00:00,Hemoglobine,121.25,g/L,12,16
BIO-001220,SEJ-000286,2023-11-26 19:00:00,Creatinine,127.71,µmol/L,60,110
BIO-001221,SEJ-000286,2023-11-28 18:00:00,Hemoglobine,10.66,g/dL,12,16
BIO-001222,SEJ-000287,2023-01-01 05:00:00,CRP,32.3,mg/L,0,5
BIO-001223,SEJ-000287,2023-01-08 18:00:00,Hemoglobine,8.54,g/dL,12,16
BIO-001224,SEJ-000287,2023-01-06 16:00:00,Creatinine,,µmol/L,60,110
BIO-001225,SEJ-000288,2023-10-12 22:00:00,CRP,40.92,mg/L,0,5
BIO-001226,SEJ-000288,2023-10-14 00:00:00,Creatinine,8.51,mg/L,60,110
BIO-001227,SEJ-000288,2023-10-20 19:00:00,CRP,,mg/L,0,5
BIO-001228,SEJ-000288,2023-10-20 17:00:00,GlobulesBlancs,9.21,G/L,4,10
BIO-001229,SEJ-000288,2023-10-19 03:00:00,CRP,31.18,mg/L,0,5
BIO-001230,SEJ-000288,2023-10-16 04:00:00,Natremie,137.52,mmol/L,135,145
BIO-001231,SEJ-000288,2023-10-13 00:00:00,GlobulesBlancs,,G/L,4,10
BIO-001232,SEJ-000289,2023-08-18 09:00:00,CRP,36.92,mg/L,0,5
BIO-001233,SEJ-000289,2023-08-22 14:00:00,Natremie,138.32,mmol/L,135,145
BIO-001234,SEJ-000290,2023-07-26 05:00:00,CRP,18.62,mg/L,0,5
BIO-001235,SEJ-000290,2023-07-27 21:00:00,Natremie,132.75,mmol/L,135,145
BIO-001236,SEJ-000290,2023-07-26 14:00:00,CRP,-14.92,mg/L,0,5
BIO-001237,SEJ-000290,2023-07-27 06:00:00,CRP,28.31,mg/L,0,5
BIO-001238,SEJ-000290,2023-07-26 05:00:00,CRP,10.51,mg/L,0,5
BIO-001239,SEJ-000291,2023-02-26 22:00:00,CRP,-5.21,mg/L,0,5
BIO-001240,SEJ-000291,2023-02-27 22:00:00,CRP,22.63,mg/L,0,5
BIO-001241,SEJ-000291,2023-02-27 10:00:00,GlobulesBlancs,13.31,G/L,4,10
BIO-001242,SEJ-000291,2023-02-26 11:00:00,Natremie,138.91,mmol/L,135,145
BIO-001243,SEJ-000291,2023-02-27 04:00:00,Natremie,136.17,mmol/L,135,145
BIO-001244,SEJ-000291,2023-02-26 09:00:00,GlobulesBlancs,11.21,G/L,4,10
BIO-001245,SEJ-000291,2023-02-27 09:00:00,Hemoglobine,11.34,g/dL,12,16
BIO-001246,SEJ-000292,2024-01-25 05:00:00,Natremie,139.02,mmol/L,135,145
BIO-001247,SEJ-000292,2024-01-21 14:00:00,GlobulesBlancs,10.65,G/L,4,10
BIO-001248,SEJ-000292,2024-01-21 05:00:00,Creatinine,12.6,mg/L,60,110
BIO-001249,SEJ-000292,2024-01-21 13:00:00,Creatinine,,mg/L,60,110
BIO-001250,SEJ-000292,2024-01-24 13:00:00,GlobulesBlancs,7.83,G/L,4,10
BIO-001251,SEJ-000293,2024-01-01 09:00:00,CRP,,mg/L,0,5
BIO-001252,SEJ-000293,2024-01-01 06:00:00,GlobulesBlancs,7.79,G/L,4,10
BIO-001253,SEJ-000293,2024-01-01 10:00:00,Creatinine,94.79,µmol/L,60,110
BIO-001254,SEJ-000293,2024-01-01 16:00:00,GlobulesBlancs,4.55,G/L,4,10
BIO-001255,SEJ-000293,2024-01-01 11:00:00,CRP,999.0,mg/L,0,5
BIO-001256,SEJ-000294,2023-12-12 09:00:00,CRP,51.81,mg/L,0,5
BIO-001257,SEJ-000294,2023-12-13 16:00:00,Hemoglobine,99.22,g/L,12,16
BIO-001258,SEJ-000294,2023-12-13 18:00:00,Hemoglobine,128.13,g/L,12,16
BIO-001259,SEJ-000295,2023-06-05 01:00:00,GlobulesBlancs,14.65,G/L,4,10
BIO-001260,SEJ-000295,2023-06-13 13:00:00,Natremie,135.65,mmol/L,135,145
BIO-001261,SEJ-000296,2023-01-23 20:00:00,Natremie,136.84,mmol/L,135,145
BIO-001262,SEJ-000296,2023-01-23 12:00:00,Natremie,139.97,mmol/L,135,145
BIO-001263,SEJ-000296,2023-01-22 10:00:00,CRP,-0.95,mg/L,0,5
BIO-001264,SEJ-000296,2023-01-22 07:00:00,CRP,48.54,mg/L,0,5
BIO-001265,SEJ-000296,2023-01-20 21:00:00,Hemoglobine,11.85,g/dL,12,16
BIO-001266,SEJ-000296,2023-01-19 04:00:00,CRP,51.4,mg/L,0,5
BIO-001267,SEJ-000296,2023-01-23 12:00:00,Natremie,141.99,mmol/L,135,145
BIO-001268,SEJ-000297,2023-12-14 17:00:00,Creatinine,6.49,mg/L,60,110
BIO-001269,SEJ-000297,2023-12-13 18:00:00,CRP,14.83,mg/L,0,5
BIO-001270,SEJ-000297,2023-12-15 21:00:00,Natremie,999.0,mmol/L,135,145
BIO-001271,SEJ-000297,2023-12-15 10:00:00,CRP,24.71,mg/L,0,5
BIO-001272,SEJ-000297,2023-12-13 17:00:00,CRP,-36.29,mg/L,0,5
BIO-001273,SEJ-000297,2023-12-14 15:00:00,Creatinine,7.31,mg/L,60,110
BIO-001274,SEJ-000297,2023-12-15 11:00:00,CRP,,mg/L,0,5
BIO-001275,SEJ-000297,2023-12-14 19:00:00,Creatinine,77.39,µmol/L,60,110
BIO-001276,SEJ-000298,2024-05-16 15:00:00,Natremie,141.64,mmol/L,135,145
BIO-001277,SEJ-000298,2024-05-14 13:00:00,Creatinine,120.57,µmol/L,60,110
BIO-001278,SEJ-000298,2024-05-14 06:00:00,Natremie,139.21,mmol/L,135,145
BIO-001279,SEJ-000298,2024-05-16 17:00:00,Creatinine,117.69,µmol/L,60,110
BIO-001280,SEJ-000299,2024-04-08 07:00:00,Hemoglobine,10.87,g/dL,12,16
BIO-001281,SEJ-000299,2024-04-08 02:00:00,GlobulesBlancs,10.79,G/L,4,10
BIO-001282,SEJ-000299,2024-04-08 21:00:00,CRP,23.53,mg/L,0,5
BIO-001283,SEJ-000299,2024-04-08 21:00:00,GlobulesBlancs,6.37,G/L,4,10
BIO-001284,SEJ-000299,2024-04-08 09:00:00,GlobulesBlancs,11.73,G/L,4,10
BIO-001285,SEJ-000299,2024-04-08 15:00:00,GlobulesBlancs,8.87,G/L,4,10
BIO-001286,SEJ-000300,2024-03-02 05:00:00,CRP,-24.99,mg/L,0,5
BIO-001287,SEJ-000300,2024-03-03 14:00:00,Hemoglobine,999.0,g/dL,12,16
BIO-001288,SEJ-000301,2024-03-17 06:00:00,Natremie,141.75,mmol/L,135,145
BIO-001289,SEJ-000301,2024-03-15 16:00:00,Creatinine,9.16,mg/L,60,110
BIO-001290,SEJ-000301,2024-03-17 14:00:00,Natremie,138.11,mmol/L,135,145
BIO-001291,SEJ-000301,2024-03-18 20:00:00,Creatinine,101.54,µmol/L,60,110
BIO-001292,SEJ-000301,2024-03-17 01:00:00,CRP,4.67,mg/L,0,5
BIO-001293,SEJ-000301,2024-03-16 17:00:00,CRP,50.18,mg/L,0,5
BIO-001294,SEJ-000301,2024-03-18 06:00:00,Natremie,133.88,mmol/L,135,145
BIO-001295,SEJ-000301,2024-03-19 06:00:00,Natremie,999.0,mmol/L,135,145
BIO-001296,SEJ-000302,2024-04-25 19:00:00,Natremie,6.66,mmol/L,135,145
BIO-001297,SEJ-000302,2024-04-23 15:00:00,Hemoglobine,137.97,g/L,12,16
BIO-001298,SEJ-000302,2024-04-23 18:00:00,CRP,0.43,mg/L,0,5
BIO-001299,SEJ-000302,2024-04-25 00:00:00,CRP,-4.87,mg/L,0,5
BIO-001300,SEJ-000303,2023-07-11 17:00:00,CRP,-34.09,mg/L,0,5
BIO-001301,SEJ-000303,2023-07-11 05:00:00,CRP,-32.03,mg/L,0,5
BIO-001302,SEJ-000304,2023-12-07 09:00:00,Natremie,139.62,mmol/L,135,145
BIO-001303,SEJ-000304,2023-12-05 11:00:00,Natremie,140.2,mmol/L,135,145
BIO-001304,SEJ-000304,2023-12-11 11:00:00,Hemoglobine,13.44,g/dL,12,16
BIO-001305,SEJ-000304,2023-12-10 16:00:00,GlobulesBlancs,4.9,G/L,4,10
BIO-001306,SEJ-000304,2023-12-05 23:00:00,GlobulesBlancs,8.63,G/L,4,10
BIO-001307,SEJ-000304,2023-12-07 02:00:00,Natremie,135.45,mmol/L,135,145
BIO-001308,SEJ-000305,2024-02-20 23:00:00,CRP,-30.99,mg/L,0,5
BIO-001309,SEJ-000305,2024-02-19 16:00:00,CRP,36.19,mg/L,0,5
BIO-001310,SEJ-000305,2024-02-20 19:00:00,Creatinine,101.62,µmol/L,60,110
BIO-001311,SEJ-000305,2024-02-19 20:00:00,Hemoglobine,12.51,g/dL,12,16
BIO-001312,SEJ-000305,2024-02-19 02:00:00,GlobulesBlancs,6.38,G/L,4,10
BIO-001313,SEJ-000306,2023-11-24 20:00:00,Natremie,144.31,mmol/L,135,145
BIO-001314,SEJ-000306,2023-11-24 20:00:00,CRP,54.18,mg/L,0,5
BIO-001315,SEJ-000306,2023-11-24 22:00:00,Natremie,139.1,mmol/L,135,145
BIO-001316,SEJ-000306,2023-11-23 13:00:00,Hemoglobine,122.74,g/L,12,16
BIO-001317,SEJ-000307,2023-03-23 13:00:00,CRP,-0.04,mg/L,0,5
BIO-001318,SEJ-000307,2023-03-25 08:00:00,Natremie,136.73,mmol/L,135,145
BIO-001319,SEJ-000307,2023-03-26 23:00:00,Creatinine,83.78,µmol/L,60,110
BIO-001320,SEJ-000308,2023-09-26 10:00:00,Natremie,,mmol/L,135,145
BIO-001321,SEJ-000308,2023-09-26 21:00:00,Natremie,143.4,mmol/L,135,145
BIO-001322,SEJ-000308,2023-09-23 12:00:00,GlobulesBlancs,11.44,G/L,4,10
BIO-001323,SEJ-000308,2023-09-23 21:00:00,Creatinine,7.83,mg/L,60,110
BIO-001324,SEJ-000308,2023-09-25 07:00:00,GlobulesBlancs,,G/L,4,10
BIO-001325,SEJ-000308,2023-09-24 03:00:00,GlobulesBlancs,7.11,G/L,4,10
BIO-001326,SEJ-000308,2023-09-24 08:00:00,Natremie,,mmol/L,135,145
BIO-001327,SEJ-000309,2022-12-19 16:00:00,Creatinine,90.33,µmol/L,60,110
BIO-001328,SEJ-000309,2022-12-23 00:00:00,Natremie,135.22,mmol/L,135,145
BIO-001329,SEJ-000310,2023-02-09 16:00:00,GlobulesBlancs,13.7,G/L,4,10
BIO-001330,SEJ-000310,2023-02-10 20:00:00,Creatinine,117.35,µmol/L,60,110
BIO-001331,SEJ-000310,2023-02-10 22:00:00,Creatinine,96.63,µmol/L,60,110
BIO-001332,SEJ-000310,2023-02-08 16:00:00,Hemoglobine,134.46,g/L,12,16
BIO-001333,SEJ-000310,2023-02-10 15:00:00,CRP,8.45,mg/L,0,5
BIO-001334,SEJ-000311,2023-02-10 09:00:00,Hemoglobine,134.53,g/L,12,16
BIO-001335,SEJ-000311,2023-02-14 09:00:00,Creatinine,106.25,µmol/L,60,110
BIO-001336,SEJ-000312,2022-12-14 05:00:00,GlobulesBlancs,9.58,G/L,4,10
BIO-001337,SEJ-000312,2022-12-12 16:00:00,Natremie,135.09,mmol/L,135,145
BIO-001338,SEJ-000312,2022-12-11 14:00:00,GlobulesBlancs,1.71,G/L,4,10
BIO-001339,SEJ-999999,2024-03-26 21:00:00,CRP,-18.72,mg/L,0,5
BIO-001340,SEJ-000313,2024-03-25 09:00:00,Creatinine,,mg/L,60,110
BIO-001341,SEJ-000313,2024-03-28 09:00:00,CRP,29.0,mg/L,0,5
BIO-001342,SEJ-000314,2023-12-09 06:00:00,Natremie,137.38,mmol/L,135,145
BIO-001343,SEJ-000314,2023-12-08 00:00:00,Creatinine,95.17,µmol/L,60,110
BIO-001344,SEJ-000315,2023-11-28 08:00:00,Hemoglobine,134.43,g/L,12,16
BIO-001345,SEJ-000315,2023-11-30 01:00:00,Hemoglobine,15.14,g/dL,12,16
BIO-001346,SEJ-000315,2023-11-28 09:00:00,Hemoglobine,113.52,g/L,12,16
BIO-001347,SEJ-000316,2023-04-10 14:00:00,GlobulesBlancs,9.24,G/L,4,10
BIO-001348,SEJ-000316,2023-04-10 13:00:00,Creatinine,7.76,mg/L,60,110
BIO-001349,SEJ-000316,2023-04-10 05:00:00,Natremie,141.99,mmol/L,135,145
BIO-001350,SEJ-000317,2023-11-23 15:00:00,Hemoglobine,11.88,g/dL,12,16
BIO-001351,SEJ-000317,2023-11-23 12:00:00,Hemoglobine,9.29,g/dL,12,16
BIO-001352,SEJ-000317,2023-11-24 00:00:00,Natremie,1409.01,mmol/L,135,145
BIO-001353,SEJ-000318,2024-02-25 01:00:00,Natremie,138.8,mmol/L,135,145
BIO-001354,SEJ-000318,2024-02-24 12:00:00,Natremie,135.49,mmol/L,135,145
BIO-001355,SEJ-000318,2024-02-24 06:00:00,Hemoglobine,10.7,g/dL,12,16
BIO-001356,SEJ-000318,2024-02-25 21:00:00,Natremie,139.58,mmol/L,135,145
BIO-001357,SEJ-000319,2023-12-22 11:00:00,CRP,24.95,mg/L,0,5
BIO-001358,SEJ-000319,2023-12-17 22:00:00,Natremie,136.69,mmol/L,135,145
BIO-001359,SEJ-000319,2023-12-24 10:00:00,Natremie,142.03,mmol/L,135,145
BIO-001360,SEJ-000320,2024-01-04 03:00:00,CRP,60.16,mg/L,0,5
BIO-001361,SEJ-000320,2024-01-02 02:00:00,Hemoglobine,12.11,g/dL,12,16
BIO-001362,SEJ-000320,2024-01-05 22:00:00,Creatinine,7.68,mg/L,60,110
BIO-001363,SEJ-000320,2024-01-06 06:00:00,GlobulesBlancs,6.58,G/L,4,10
BIO-001364,SEJ-000320,2024-01-06 02:00:00,GlobulesBlancs,8.4,G/L,4,10
BIO-001365,SEJ-000320,2024-01-08 11:00:00,Creatinine,1494.23,µmol/L,60,110
BIO-001366,SEJ-000320,2024-01-07 22:00:00,Creatinine,12.04,mg/L,60,110
BIO-001367,SEJ-000321,2023-07-17 02:00:00,GlobulesBlancs,,G/L,4,10
BIO-001368,SEJ-000321,2023-07-18 11:00:00,Natremie,140.97,mmol/L,135,145
BIO-001369,SEJ-000321,2023-07-15 05:00:00,Natremie,130.07,mmol/L,135,145
BIO-001370,SEJ-000321,2023-07-17 10:00:00,CRP,7.33,mg/L,0,5
BIO-001371,SEJ-999999,2023-11-13 07:00:00,GlobulesBlancs,14.41,G/L,4,10
BIO-001372,SEJ-000322,2023-11-17 09:00:00,GlobulesBlancs,5.93,G/L,4,10
BIO-001373,SEJ-000322,2023-11-13 09:00:00,Creatinine,999.0,mg/L,60,110
BIO-001374,SEJ-000322,2023-11-17 15:00:00,Hemoglobine,10.97,g/dL,12,16
BIO-001375,SEJ-000322,2023-11-10 14:00:00,CRP,37.13,mg/L,0,5
BIO-001376,SEJ-000322,2023-11-11 05:00:00,GlobulesBlancs,9.92,G/L,4,10
BIO-001377,SEJ-000322,2023-11-16 02:00:00,Hemoglobine,128.09,g/L,12,16
BIO-001378,SEJ-000322,2023-11-10 21:00:00,Creatinine,8.94,mg/L,60,110
BIO-001379,SEJ-000322,2023-11-13 13:00:00,Natremie,136.66,mmol/L,135,145
BIO-001380,SEJ-000323,2023-09-26 03:00:00,CRP,14.0,mg/L,0,5
BIO-001381,SEJ-000323,2023-09-20 11:00:00,Natremie,139.0,mmol/L,135,145
BIO-001382,SEJ-000323,2023-09-23 14:00:00,GlobulesBlancs,3.14,G/L,4,10
BIO-001383,SEJ-000323,2023-09-25 11:00:00,Hemoglobine,12.59,g/dL,12,16
BIO-001384,SEJ-000323,2023-09-20 15:00:00,Hemoglobine,94.54,g/L,12,16
BIO-001385,SEJ-000323,2023-09-21 13:00:00,Creatinine,55.76,µmol/L,60,110
BIO-001386,SEJ-000323,2023-09-25 15:00:00,Natremie,134.35,mmol/L,135,145
BIO-001387,SEJ-000324,2023-11-12 22:00:00,Hemoglobine,13.25,g/dL,12,16
BIO-001388,SEJ-000324,2023-11-10 15:00:00,Creatinine,11.46,mg/L,60,110
BIO-001389,SEJ-000324,2023-11-10 03:00:00,CRP,22.36,mg/L,0,5
BIO-001390,SEJ-000325,2023-11-28 23:00:00,GlobulesBlancs,9.94,G/L,4,10
BIO-001391,SEJ-000325,2023-11-22 04:00:00,Natremie,999.0,mmol/L,135,145
BIO-001392,SEJ-000326,2024-04-28 08:00:00,CRP,32.96,mg/L,0,5
BIO-001393,SEJ-000326,2024-04-27 21:00:00,GlobulesBlancs,2.05,G/L,4,10
BIO-001394,SEJ-000327,2023-05-14 03:00:00,GlobulesBlancs,8.55,G/L,4,10
BIO-001395,SEJ-000327,2023-05-13 11:00:00,Creatinine,,mg/L,60,110
BIO-001396,SEJ-000327,2023-05-14 13:00:00,CRP,-1.83,mg/L,0,5
BIO-001397,SEJ-000327,2023-05-14 18:00:00,Creatinine,3.64,mg/L,60,110
BIO-001398,SEJ-000327,2023-05-14 20:00:00,Hemoglobine,131.24,g/L,12,16
BIO-001399,SEJ-000327,2023-05-14 13:00:00,Hemoglobine,114.13,g/L,12,16
BIO-001400,SEJ-000328,2023-12-30 19:00:00,CRP,50.23,mg/L,0,5
BIO-001401,SEJ-000328,2023-12-30 20:00:00,CRP,9.0,mg/L,0,5
BIO-001402,SEJ-000328,2023-12-29 08:00:00,Creatinine,7.17,mg/L,60,110
BIO-001403,SEJ-000329,2023-03-16 21:00:00,Natremie,135.91,mmol/L,135,145
BIO-001404,SEJ-000329,2023-03-16 04:00:00,Creatinine,71.21,µmol/L,60,110
BIO-001405,SEJ-000330,2024-03-25 03:00:00,CRP,7.29,mg/L,0,5
BIO-001406,SEJ-000330,2024-03-26 12:00:00,Creatinine,95.64,µmol/L,60,110
BIO-001407,SEJ-000330,2024-03-25 23:00:00,Hemoglobine,127.9,g/L,12,16
BIO-001408,SEJ-000330,2024-03-26 17:00:00,CRP,48.06,mg/L,0,5
BIO-001409,SEJ-000330,2024-03-25 06:00:00,Natremie,137.81,mmol/L,135,145
BIO-001410,SEJ-000330,2024-03-25 08:00:00,Creatinine,105.67,µmol/L,60,110
BIO-001411,SEJ-000331,2023-07-22 17:00:00,GlobulesBlancs,10.84,G/L,4,10
BIO-001412,SEJ-000331,2023-07-20 11:00:00,Hemoglobine,121.27,g/L,12,16
BIO-001413,SEJ-000331,2023-07-20 03:00:00,Natremie,,mmol/L,135,145
BIO-001414,SEJ-000331,2023-07-22 19:00:00,Natremie,999.0,mmol/L,135,145
BIO-001415,SEJ-000331,2023-07-20 05:00:00,Creatinine,91.58,µmol/L,60,110
BIO-001416,SEJ-000332,2023-07-19 09:00:00,Creatinine,10.88,mg/L,60,110
BIO-001417,SEJ-000332,2023-07-17 10:00:00,Natremie,144.02,mmol/L,135,145
BIO-001418,SEJ-000332,2023-07-14 07:00:00,Natremie,137.21,mmol/L,135,145
BIO-001419,SEJ-000332,2023-07-15 10:00:00,Natremie,139.24,mmol/L,135,145
BIO-001420,SEJ-000332,2023-07-19 06:00:00,Natremie,141.05,mmol/L,135,145
BIO-001421,SEJ-000333,2023-07-02 23:00:00,Hemoglobine,113.75,g/L,12,16
BIO-001422,SEJ-000333,2023-06-30 05:00:00,Hemoglobine,133.94,g/L,12,16
BIO-001423,SEJ-000333,2023-07-02 18:00:00,CRP,53.72,mg/L,0,5
BIO-001424,SEJ-000333,2023-07-02 18:00:00,Hemoglobine,12.36,g/dL,12,16
BIO-001425,SEJ-000333,2023-07-02 10:00:00,CRP,40.88,mg/L,0,5
BIO-001426,SEJ-000333,2023-07-01 04:00:00,CRP,40.82,mg/L,0,5
BIO-001427,SEJ-000333,2023-07-01 08:00:00,CRP,37.31,mg/L,0,5
BIO-001428,SEJ-000334,2023-11-18 02:00:00,GlobulesBlancs,,G/L,4,10
BIO-001429,SEJ-000334,2023-11-20 07:00:00,Creatinine,6.98,mg/L,60,110
BIO-001430,SEJ-000334,2023-11-19 15:00:00,GlobulesBlancs,10.82,G/L,4,10
BIO-001431,SEJ-000334,2023-11-21 01:00:00,Natremie,140.72,mmol/L,135,145
BIO-001432,SEJ-000334,2023-11-17 05:00:00,Hemoglobine,108.79,g/L,12,16
BIO-001433,SEJ-000334,2023-11-22 05:00:00,GlobulesBlancs,3.91,G/L,4,10
BIO-001434,SEJ-000335,2023-03-22 15:00:00,Hemoglobine,121.43,g/L,12,16
BIO-001435,SEJ-000335,2023-03-22 12:00:00,CRP,,mg/L,0,5
BIO-001436,SEJ-000335,2023-03-22 11:00:00,Creatinine,136.35,µmol/L,60,110
BIO-001437,SEJ-000335,2023-03-22 17:00:00,CRP,3.39,mg/L,0,5
BIO-001438,SEJ-000335,2023-03-23 07:00:00,CRP,51.37,mg/L,0,5
BIO-001439,SEJ-000336,2023-07-23 15:00:00,CRP,-13.12,mg/L,0,5
BIO-001440,SEJ-000336,2023-07-20 12:00:00,Creatinine,11.63,mg/L,60,110
BIO-001441,SEJ-000337,2023-04-03 21:00:00,Hemoglobine,123.72,g/L,12,16
BIO-001442,SEJ-000337,2023-04-01 05:00:00,Creatinine,12.08,mg/L,60,110
BIO-001443,SEJ-000337,2023-03-26 09:00:00,Creatinine,50.45,µmol/L,60,110
BIO-001444,SEJ-000338,2023-04-10 22:00:00,Creatinine,10.73,mg/L,60,110
BIO-001445,SEJ-000338,2023-04-10 22:00:00,GlobulesBlancs,4.5,G/L,4,10
BIO-001446,SEJ-000338,2023-04-10 17:00:00,Creatinine,14.2,mg/L,60,110
BIO-001447,SEJ-000339,2023-03-28 23:00:00,GlobulesBlancs,2.3,G/L,4,10
BIO-001448,SEJ-000339,2023-03-28 04:00:00,GlobulesBlancs,8.51,G/L,4,10
BIO-001449,SEJ-000339,2023-03-29 06:00:00,Creatinine,10.89,mg/L,60,110
BIO-001450,SEJ-000340,2023-02-14 15:00:00,Creatinine,104.33,µmol/L,60,110
BIO-001451,SEJ-000340,2023-02-14 18:00:00,CRP,-30.23,mg/L,0,5
BIO-001452,SEJ-000340,2023-02-14 07:00:00,Creatinine,131.63,µmol/L,60,110
BIO-001453,SEJ-000341,2023-01-18 12:00:00,GlobulesBlancs,0.43,G/L,4,10
BIO-001454,SEJ-000341,2023-01-21 16:00:00,CRP,12.39,mg/L,0,5
BIO-001455,SEJ-000342,2023-03-13 00:00:00,GlobulesBlancs,14.59,G/L,4,10
BIO-001456,SEJ-000342,2023-03-16 12:00:00,Creatinine,7.97,mg/L,60,110
BIO-001457,SEJ-000342,2023-03-16 11:00:00,GlobulesBlancs,10.8,G/L,4,10
BIO-001458,SEJ-000342,2023-03-13 04:00:00,Creatinine,4.84,mg/L,60,110
BIO-001459,SEJ-000342,2023-03-14 21:00:00,GlobulesBlancs,14.41,G/L,4,10
BIO-001460,SEJ-000343,2023-07-07 07:00:00,Natremie,139.64,mmol/L,135,145
BIO-001461,SEJ-000343,2023-07-07 05:00:00,CRP,999.0,mg/L,0,5
BIO-001462,SEJ-000343,2023-07-08 01:00:00,GlobulesBlancs,15.28,G/L,4,10
BIO-001463,SEJ-000343,2023-07-07 10:00:00,Natremie,137.22,mmol/L,135,145
BIO-001464,SEJ-000343,2023-07-08 19:00:00,Natremie,142.31,mmol/L,135,145
BIO-001465,SEJ-000343,2023-07-08 05:00:00,CRP,3.53,mg/L,0,5
BIO-001466,SEJ-000344,2023-03-28 15:00:00,Creatinine,10.15,mg/L,60,110
BIO-001467,SEJ-000344,2023-03-29 08:00:00,GlobulesBlancs,11.39,G/L,4,10
BIO-001468,SEJ-000344,2023-03-29 04:00:00,Natremie,,mmol/L,135,145
BIO-001469,SEJ-000344,2023-03-28 10:00:00,GlobulesBlancs,6.52,G/L,4,10
BIO-001470,SEJ-000345,2023-08-29 02:00:00,Creatinine,71.38,µmol/L,60,110
BIO-001471,SEJ-000345,2023-09-06 18:00:00,Natremie,135.63,mmol/L,135,145
BIO-001472,SEJ-000345,2023-08-31 22:00:00,Creatinine,,mg/L,60,110
BIO-001473,SEJ-000345,2023-08-31 22:00:00,Hemoglobine,11.61,g/dL,12,16
BIO-001474,SEJ-000346,2023-05-20 14:00:00,GlobulesBlancs,7.09,G/L,4,10
BIO-001475,SEJ-000346,2023-05-21 00:00:00,Creatinine,84.5,µmol/L,60,110
BIO-001476,SEJ-000346,2023-05-19 08:00:00,GlobulesBlancs,10.08,G/L,4,10
BIO-001477,SEJ-000346,2023-05-19 20:00:00,Creatinine,132.06,µmol/L,60,110
BIO-001478,SEJ-000347,2024-03-21 15:00:00,Natremie,140.61,mmol/L,135,145
BIO-001479,SEJ-000347,2024-03-22 04:00:00,Natremie,140.74,mmol/L,135,145
BIO-001480,SEJ-000347,2024-03-22 18:00:00,CRP,3.38,mg/L,0,5
BIO-001481,SEJ-000347,2024-03-20 04:00:00,Creatinine,13.01,mg/L,60,110
BIO-001482,SEJ-000348,2023-08-08 03:00:00,CRP,-3.5,mg/L,0,5
BIO-001483,SEJ-000348,2023-08-10 05:00:00,CRP,12.04,mg/L,0,5
BIO-001484,SEJ-000348,2023-08-03 21:00:00,GlobulesBlancs,5.31,G/L,4,10
BIO-001485,SEJ-000349,2024-03-19 16:00:00,CRP,,mg/L,0,5
BIO-001486,SEJ-000349,2024-03-19 16:00:00,GlobulesBlancs,10.17,G/L,4,10
BIO-001487,SEJ-000350,2023-04-08 23:00:00,Creatinine,100.32,µmol/L,60,110
BIO-001488,SEJ-000350,2023-04-08 18:00:00,GlobulesBlancs,8.78,G/L,4,10
BIO-001489,SEJ-000350,2023-04-07 20:00:00,Creatinine,5.66,mg/L,60,110
BIO-001490,SEJ-000350,2023-04-09 08:00:00,Hemoglobine,136.93,g/L,12,16
BIO-001491,SEJ-000351,2024-02-07 17:00:00,Natremie,136.85,mmol/L,135,145
BIO-001492,SEJ-000351,2024-02-06 08:00:00,CRP,20.7,mg/L,0,5
BIO-001493,SEJ-000352,2023-10-19 03:00:00,Hemoglobine,6.42,g/L,12,16
BIO-001494,SEJ-999999,2023-10-19 13:00:00,CRP,71.62,mg/L,0,5
BIO-001495,SEJ-000352,2023-10-20 15:00:00,CRP,-0.38,mg/L,0,5
BIO-001496,SEJ-000352,2023-10-18 12:00:00,GlobulesBlancs,14.3,G/L,4,10
BIO-001497,SEJ-000352,2023-10-20 01:00:00,GlobulesBlancs,11.46,G/L,4,10
BIO-001498,SEJ-000353,2023-05-24 13:00:00,GlobulesBlancs,999.0,G/L,4,10
BIO-001499,SEJ-000353,2023-06-01 13:00:00,Hemoglobine,10.7,g/dL,12,16
BIO-001500,SEJ-000353,2023-05-23 18:00:00,CRP,-52.71,mg/L,0,5
BIO-001501,SEJ-000353,2023-05-26 16:00:00,CRP,50.8,mg/L,0,5
BIO-001502,SEJ-000353,2023-05-25 19:00:00,GlobulesBlancs,,G/L,4,10
BIO-001503,SEJ-000354,2023-03-20 03:00:00,Hemoglobine,9.52,g/dL,12,16
BIO-001504,SEJ-000354,2023-03-20 14:00:00,Hemoglobine,,g/L,12,16
BIO-001505,SEJ-000354,2023-03-18 03:00:00,GlobulesBlancs,7.51,G/L,4,10
BIO-001506,SEJ-000354,2023-03-19 17:00:00,Natremie,137.65,mmol/L,135,145
BIO-001507,SEJ-000354,2023-03-18 21:00:00,CRP,,mg/L,0,5
BIO-001508,SEJ-000355,2023-05-25 10:00:00,CRP,-26.28,mg/L,0,5
BIO-001509,SEJ-000355,2023-05-24 20:00:00,Natremie,138.44,mmol/L,135,145
BIO-001510,SEJ-000355,2023-05-24 14:00:00,Hemoglobine,10.91,g/dL,12,16
BIO-001511,SEJ-000355,2023-05-22 05:00:00,CRP,17.36,mg/L,0,5
BIO-001512,SEJ-000356,2023-09-12 08:00:00,GlobulesBlancs,6.32,G/L,4,10
BIO-001513,SEJ-000356,2023-09-05 01:00:00,Hemoglobine,,g/dL,12,16
BIO-001514,SEJ-000356,2023-09-16 08:00:00,Natremie,136.51,mmol/L,135,145
BIO-001515,SEJ-000356,2023-09-05 23:00:00,Hemoglobine,11.32,g/dL,12,16
BIO-001516,SEJ-000356,2023-09-04 06:00:00,Creatinine,10.65,mg/L,60,110
BIO-001517,SEJ-000356,2023-09-06 03:00:00,CRP,2.77,mg/L,0,5
BIO-001518,SEJ-000357,2023-07-22 08:00:00,Hemoglobine,15.47,g/dL,12,16
BIO-001519,SEJ-000357,2023-07-22 02:00:00,GlobulesBlancs,10.07,G/L,4,10
BIO-001520,SEJ-000357,2023-07-22 05:00:00,CRP,-1.54,mg/L,0,5
BIO-001521,SEJ-000357,2023-07-23 02:00:00,CRP,46.68,mg/L,0,5
BIO-001522,SEJ-000358,2023-03-25 12:00:00,Hemoglobine,136.0,g/L,12,16
BIO-001523,SEJ-000358,2023-03-22 09:00:00,Hemoglobine,11.0,g/dL,12,16
BIO-001524,SEJ-000358,2023-03-23 03:00:00,Creatinine,92.96,µmol/L,60,110
BIO-001525,SEJ-000358,2023-03-24 12:00:00,Natremie,,mmol/L,135,145
BIO-001526,SEJ-000358,2023-03-21 06:00:00,Creatinine,55.8,µmol/L,60,110
BIO-001527,SEJ-000359,2023-07-10 21:00:00,CRP,17.96,mg/L,0,5
BIO-001528,SEJ-000359,2023-07-13 13:00:00,Creatinine,11.56,mg/L,60,110
BIO-001529,SEJ-000359,2023-07-10 05:00:00,Natremie,133.93,mmol/L,135,145
BIO-001530,SEJ-000359,2023-07-13 10:00:00,GlobulesBlancs,8.9,G/L,4,10
BIO-001531,SEJ-000359,2023-07-14 21:00:00,CRP,30.02,mg/L,0,5
BIO-001532,SEJ-000359,2023-07-10 05:00:00,Hemoglobine,11.94,g/dL,12,16
BIO-001533,SEJ-000360,2023-12-29 07:00:00,Creatinine,14.02,mg/L,60,110
BIO-001534,SEJ-000360,2023-12-29 10:00:00,CRP,-8.19,mg/L,0,5
BIO-001535,SEJ-000360,2023-12-28 08:00:00,Creatinine,16.49,mg/L,60,110
BIO-001536,SEJ-000360,2023-12-27 14:00:00,Creatinine,125.63,µmol/L,60,110
BIO-001537,SEJ-000360,2023-12-28 11:00:00,CRP,8.66,mg/L,0,5
BIO-001538,SEJ-999999,2023-12-29 13:00:00,Natremie,139.58,mmol/L,135,145
BIO-001539,SEJ-000360,2023-12-27 14:00:00,Hemoglobine,,g/L,12,16
BIO-001540,SEJ-000361,2023-07-16 06:00:00,Creatinine,6.9,mg/L,60,110
BIO-001541,SEJ-000361,2023-07-16 14:00:00,GlobulesBlancs,3.67,G/L,4,10
BIO-001542,SEJ-000361,2023-07-17 23:00:00,CRP,31.65,mg/L,0,5
BIO-001543,SEJ-000361,2023-07-17 12:00:00,Natremie,999.0,mmol/L,135,145
BIO-001544,SEJ-000362,2024-05-02 20:00:00,CRP,,mg/L,0,5
BIO-001545,SEJ-000362,2024-05-02 21:00:00,Hemoglobine,127.19,g/L,12,16
BIO-001546,SEJ-000362,2024-05-03 09:00:00,Natremie,143.07,mmol/L,135,145
BIO-001547,SEJ-000362,2024-05-03 07:00:00,Hemoglobine,15.42,g/dL,12,16
BIO-001548,SEJ-000363,2023-04-05 06:00:00,CRP,-2.31,mg/L,0,5
BIO-001549,SEJ-000363,2023-04-08 22:00:00,GlobulesBlancs,12.98,G/L,4,10
BIO-001550,SEJ-000363,2023-04-04 09:00:00,GlobulesBlancs,27.13,G/L,4,10
BIO-001551,SEJ-000363,2023-04-08 17:00:00,Natremie,139.31,mmol/L,135,145
BIO-001552,SEJ-000363,2023-04-04 06:00:00,Natremie,140.86,mmol/L,135,145
BIO-001553,SEJ-000363,2023-04-05 23:00:00,Natremie,133.89,mmol/L,135,145
BIO-001554,SEJ-000364,2023-10-09 22:00:00,GlobulesBlancs,10.41,G/L,4,10
BIO-001555,SEJ-000364,2023-10-13 02:00:00,GlobulesBlancs,8.74,G/L,4,10
BIO-001556,SEJ-000364,2023-10-13 10:00:00,Creatinine,10.51,mg/L,60,110
BIO-001557,SEJ-000364,2023-10-08 17:00:00,Creatinine,115.5,µmol/L,60,110
BIO-001558,SEJ-000365,2024-04-19 11:00:00,Creatinine,9.25,mg/L,60,110
BIO-001559,SEJ-000365,2024-04-14 20:00:00,Natremie,-137.02,mmol/L,135,145
BIO-001560,SEJ-000365,2024-04-11 21:00:00,CRP,3.71,mg/L,0,5
BIO-001561,SEJ-000365,2024-04-19 19:00:00,Natremie,142.86,mmol/L,135,145
BIO-001562,SEJ-000365,2024-04-11 19:00:00,CRP,-34.85,mg/L,0,5
BIO-001563,SEJ-000365,2024-04-21 11:00:00,CRP,-43.08,mg/L,0,5
BIO-001564,SEJ-000365,2024-04-18 07:00:00,Creatinine,11.91,mg/L,60,110
BIO-001565,SEJ-000366,2023-01-13 23:00:00,Creatinine,103.89,µmol/L,60,110
BIO-001566,SEJ-000366,2023-01-14 05:00:00,Creatinine,118.63,µmol/L,60,110
BIO-001567,SEJ-000366,2023-01-11 18:00:00,Hemoglobine,11.62,g/dL,12,16
BIO-001568,SEJ-000366,2023-01-13 10:00:00,CRP,-13.37,mg/L,0,5
BIO-001569,SEJ-000367,2022-12-14 05:00:00,Creatinine,12.65,mg/L,60,110
BIO-001570,SEJ-000367,2022-12-16 20:00:00,Creatinine,,mg/L,60,110
BIO-001571,SEJ-000368,2023-08-14 06:00:00,Hemoglobine,14.69,g/dL,12,16
BIO-001572,SEJ-000368,2023-08-20 13:00:00,Hemoglobine,13.31,g/dL,12,16
BIO-001573,SEJ-000368,2023-08-21 17:00:00,Creatinine,9.43,mg/L,60,110
BIO-001574,SEJ-000369,2024-05-06 07:00:00,CRP,-1.1,mg/L,0,5
BIO-001575,SEJ-000369,2024-05-08 09:00:00,Creatinine,-10.69,mg/L,60,110
BIO-001576,SEJ-000370,2023-12-18 07:00:00,Hemoglobine,131.59,g/L,12,16
BIO-001577,SEJ-000370,2023-12-16 10:00:00,CRP,61.9,mg/L,0,5
BIO-001578,SEJ-000370,2023-12-17 10:00:00,CRP,72.77,mg/L,0,5
BIO-001579,SEJ-000371,2024-05-23 01:00:00,Natremie,140.33,mmol/L,135,145
BIO-001580,SEJ-000371,2024-05-23 07:00:00,Hemoglobine,95.06,g/L,12,16
BIO-001581,SEJ-000371,2024-05-23 12:00:00,GlobulesBlancs,6.55,G/L,4,10
BIO-001582,SEJ-000371,2024-05-21 19:00:00,Creatinine,8.45,mg/L,60,110
BIO-001583,SEJ-000372,2022-12-30 04:00:00,GlobulesBlancs,6.63,G/L,4,10
BIO-001584,SEJ-000372,2022-12-18 16:00:00,CRP,,mg/L,0,5
BIO-001585,SEJ-000372,2022-12-26 15:00:00,CRP,7.88,mg/L,0,5
BIO-001586,SEJ-000372,2022-12-22 01:00:00,Hemoglobine,10.71,g/dL,12,16
BIO-001587,SEJ-000373,2024-04-30 18:00:00,CRP,999.0,mg/L,0,5
BIO-001588,SEJ-000373,2024-04-30 12:00:00,GlobulesBlancs,10.56,G/L,4,10
BIO-001589,SEJ-000373,2024-04-30 04:00:00,GlobulesBlancs,2.53,G/L,4,10
BIO-001590,SEJ-000373,2024-04-30 18:00:00,CRP,,mg/L,0,5
BIO-001591,SEJ-000373,2024-04-30 11:00:00,Hemoglobine,103.55,g/L,12,16
BIO-001592,SEJ-000373,2024-04-30 15:00:00,GlobulesBlancs,3.16,G/L,4,10
BIO-001593,SEJ-000374,2023-01-12 15:00:00,Natremie,140.42,mmol/L,135,145
BIO-001594,SEJ-000374,2023-01-13 20:00:00,Hemoglobine,112.81,g/L,12,16
BIO-001595,SEJ-000374,2023-01-13 03:00:00,Creatinine,-9.73,mg/L,60,110
BIO-001596,SEJ-000374,2023-01-13 22:00:00,Natremie,137.85,mmol/L,135,145
BIO-001597,SEJ-000374,2023-01-12 08:00:00,CRP,56.9,mg/L,0,5
BIO-001598,SEJ-000375,2023-05-18 03:00:00,GlobulesBlancs,12.22,G/L,4,10
BIO-001599,SEJ-000375,2023-05-19 03:00:00,CRP,24.11,mg/L,0,5
BIO-001600,SEJ-000375,2023-05-22 11:00:00,Creatinine,156.33,µmol/L,60,110
BIO-001601,SEJ-000376,2023-06-19 21:00:00,Creatinine,117.59,µmol/L,60,110
BIO-001602,SEJ-000376,2023-06-19 05:00:00,Natremie,136.75,mmol/L,135,145
BIO-001603,SEJ-000376,2023-06-24 11:00:00,Creatinine,108.42,µmol/L,60,110
BIO-001604,SEJ-000376,2023-06-24 12:00:00,Natremie,127.65,mmol/L,135,145
BIO-001605,SEJ-000376,2023-06-20 11:00:00,GlobulesBlancs,-10.54,G/L,4,10
BIO-001606,SEJ-000376,2023-06-21 07:00:00,Hemoglobine,138.85,g/L,12,16
BIO-001607,SEJ-000377,2023-07-24 08:00:00,Creatinine,73.84,µmol/L,60,110
BIO-001608,SEJ-000377,2023-07-27 05:00:00,Hemoglobine,12.0,g/dL,12,16
BIO-001609,SEJ-000378,2023-07-30 21:00:00,Natremie,139.33,mmol/L,135,145
BIO-001610,SEJ-000378,2023-08-11 15:00:00,Hemoglobine,11.27,g/dL,12,16
BIO-001611,SEJ-000378,2023-08-15 02:00:00,GlobulesBlancs,12.44,G/L,4,10
BIO-001612,SEJ-000379,2023-07-29 11:00:00,Creatinine,0.37,mg/L,60,110
BIO-001613,SEJ-000379,2023-07-29 05:00:00,CRP,-16.63,mg/L,0,5
BIO-001614,SEJ-000379,2023-07-28 17:00:00,CRP,-16.76,mg/L,0,5
BIO-001615,SEJ-000379,2023-07-30 23:00:00,Creatinine,150.87,µmol/L,60,110
BIO-001616,SEJ-000379,2023-07-29 12:00:00,CRP,26.9,mg/L,0,5
BIO-001617,SEJ-000379,2023-07-29 04:00:00,CRP,66.87,mg/L,0,5
BIO-001618,SEJ-000380,2023-11-26 16:00:00,CRP,32.43,mg/L,0,5
BIO-001619,SEJ-000380,2023-12-02 19:00:00,CRP,43.86,mg/L,0,5
BIO-001620,SEJ-000381,2023-05-27 12:00:00,CRP,-9.01,mg/L,0,5
BIO-001621,SEJ-000381,2023-05-26 13:00:00,Natremie,137.27,mmol/L,135,145
BIO-001622,SEJ-000382,2023-02-06 09:00:00,CRP,,mg/L,0,5
BIO-001623,SEJ-000382,2023-02-06 10:00:00,GlobulesBlancs,10.13,G/L,4,10
BIO-001624,SEJ-000382,2023-02-07 07:00:00,GlobulesBlancs,4.76,G/L,4,10
BIO-001625,SEJ-000382,2023-02-07 20:00:00,GlobulesBlancs,7.76,G/L,4,10
BIO-001626,SEJ-000382,2023-02-06 10:00:00,Natremie,136.94,mmol/L,135,145
BIO-001627,SEJ-000382,2023-02-06 08:00:00,Hemoglobine,121.2,g/L,12,16
BIO-001628,SEJ-000383,2023-12-19 09:00:00,GlobulesBlancs,6.08,G/L,4,10
BIO-001629,SEJ-000383,2023-12-20 16:00:00,Natremie,142.61,mmol/L,135,145
BIO-001630,SEJ-000383,2023-12-19 13:00:00,Creatinine,47.95,µmol/L,60,110
BIO-001631,SEJ-000383,2023-12-20 05:00:00,Creatinine,57.29,µmol/L,60,110
BIO-001632,SEJ-000383,2023-12-19 16:00:00,GlobulesBlancs,,G/L,4,10
BIO-001633,SEJ-000383,2023-12-21 10:00:00,GlobulesBlancs,,G/L,4,10
BIO-001634,SEJ-000383,2023-12-21 04:00:00,Hemoglobine,136.94,g/L,12,16
BIO-001635,SEJ-000384,2024-02-28 20:00:00,Hemoglobine,138.23,g/L,12,16
BIO-001636,SEJ-999999,2024-02-28 06:00:00,Hemoglobine,10.62,g/dL,12,16
BIO-001637,SEJ-000384,2024-02-27 03:00:00,GlobulesBlancs,10.04,G/L,4,10
BIO-001638,SEJ-000385,2023-03-29 16:00:00,Hemoglobine,,g/L,12,16
BIO-001639,SEJ-000385,2023-03-29 09:00:00,GlobulesBlancs,13.36,G/L,4,10
BIO-001640,SEJ-000385,2023-03-29 07:00:00,CRP,28.79,mg/L,0,5
BIO-001641,SEJ-000385,2023-03-29 18:00:00,Hemoglobine,9.49,g/dL,12,16
BIO-001642,SEJ-000385,2023-03-30 11:00:00,Natremie,135.23,mmol/L,135,145
BIO-001643,SEJ-000386,2024-02-06 20:00:00,GlobulesBlancs,6.62,G/L,4,10
BIO-001644,SEJ-000386,2024-02-06 19:00:00,GlobulesBlancs,8.97,G/L,4,10
BIO-001645,SEJ-000386,2024-02-06 12:00:00,Hemoglobine,91.49,g/L,12,16
BIO-001646,SEJ-000386,2024-02-06 16:00:00,Hemoglobine,9.85,g/dL,12,16
BIO-001647,SEJ-000386,2024-02-06 14:00:00,Natremie,137.75,mmol/L,135,145
BIO-001648,SEJ-999999,2024-05-10 23:00:00,Natremie,137.12,mmol/L,135,145
BIO-001649,SEJ-000387,2024-05-11 01:00:00,Creatinine,4.88,mg/L,60,110
BIO-001650,SEJ-000387,2024-05-12 14:00:00,GlobulesBlancs,6.1,G/L,4,10
BIO-001651,SEJ-000387,2024-05-11 04:00:00,Natremie,136.07,mmol/L,135,145
BIO-001652,SEJ-000387,2024-05-12 06:00:00,Creatinine,10.41,mg/L,60,110
BIO-001653,SEJ-000388,2023-10-16 23:00:00,Creatinine,8.32,mg/L,60,110
BIO-001654,SEJ-000388,2023-10-16 15:00:00,GlobulesBlancs,,G/L,4,10
BIO-001655,SEJ-000388,2023-10-16 02:00:00,Natremie,133.7,mmol/L,135,145
BIO-001656,SEJ-000388,2023-10-16 19:00:00,Hemoglobine,131.56,g/L,12,16
BIO-001657,SEJ-000389,2024-03-19 09:00:00,Hemoglobine,103.28,g/L,12,16
BIO-001658,SEJ-000389,2024-03-19 21:00:00,Creatinine,112.07,µmol/L,60,110
BIO-001659,SEJ-000390,2023-10-28 20:00:00,CRP,,mg/L,0,5
BIO-001660,SEJ-000390,2023-10-29 00:00:00,GlobulesBlancs,8.7,G/L,4,10
BIO-001661,SEJ-000390,2023-10-28 20:00:00,GlobulesBlancs,12.23,G/L,4,10
BIO-001662,SEJ-000390,2023-10-30 12:00:00,GlobulesBlancs,10.33,G/L,4,10
BIO-001663,SEJ-000390,2023-10-31 22:00:00,Creatinine,11.32,mg/L,60,110
BIO-001664,SEJ-000390,2023-10-28 21:00:00,Creatinine,8.04,mg/L,60,110
BIO-001665,SEJ-000390,2023-10-30 11:00:00,GlobulesBlancs,999.0,G/L,4,10
BIO-001666,SEJ-000390,2023-10-30 07:00:00,Natremie,138.28,mmol/L,135,145
BIO-001667,SEJ-000391,2023-04-27 17:00:00,Hemoglobine,11.44,g/dL,12,16
BIO-001668,SEJ-000391,2023-04-27 07:00:00,Natremie,141.24,mmol/L,135,145
BIO-001669,SEJ-000392,2023-08-29 07:00:00,GlobulesBlancs,14.3,G/L,4,10
BIO-001670,SEJ-000392,2023-08-28 16:00:00,Creatinine,9.18,mg/L,60,110
BIO-001671,SEJ-000392,2023-08-29 16:00:00,Natremie,,mmol/L,135,145
BIO-001672,SEJ-000393,2024-03-06 09:00:00,Natremie,136.73,mmol/L,135,145
BIO-001673,SEJ-000393,2024-03-05 13:00:00,GlobulesBlancs,3.28,G/L,4,10
BIO-001674,SEJ-000393,2024-03-06 17:00:00,Hemoglobine,155.81,g/L,12,16
BIO-001675,SEJ-999999,2024-03-05 09:00:00,GlobulesBlancs,11.33,G/L,4,10
BIO-001676,SEJ-000394,2023-07-16 07:00:00,Natremie,136.12,mmol/L,135,145
BIO-001677,SEJ-000394,2023-07-16 10:00:00,Creatinine,118.04,µmol/L,60,110
BIO-001678,SEJ-000394,2023-07-19 04:00:00,Hemoglobine,10.83,g/dL,12,16
BIO-001679,SEJ-000394,2023-07-19 07:00:00,Hemoglobine,117.75,g/L,12,16
BIO-001680,SEJ-000395,2023-09-18 22:00:00,Natremie,139.97,mmol/L,135,145
BIO-001681,SEJ-000395,2023-09-15 13:00:00,CRP,82.49,mg/L,0,5
BIO-001682,SEJ-000395,2023-09-16 20:00:00,CRP,,mg/L,0,5
BIO-001683,SEJ-000395,2023-09-15 01:00:00,Creatinine,6.76,mg/L,60,110
BIO-001684,SEJ-000396,2023-03-07 18:00:00,Natremie,139.58,mmol/L,135,145
BIO-001685,SEJ-000396,2023-03-03 12:00:00,GlobulesBlancs,10.03,G/L,4,10
BIO-001686,SEJ-000397,2023-03-04 12:00:00,Natremie,140.11,mmol/L,135,145
BIO-001687,SEJ-000397,2023-03-03 16:00:00,CRP,28.1,mg/L,0,5
BIO-001688,SEJ-000397,2023-03-04 01:00:00,Hemoglobine,11.69,g/dL,12,16
BIO-001689,SEJ-999999,2023-03-03 12:00:00,Creatinine,,mg/L,60,110
BIO-001690,SEJ-000397,2023-03-04 16:00:00,GlobulesBlancs,9.4,G/L,4,10
BIO-001691,SEJ-000397,2023-03-04 04:00:00,Creatinine,59.41,µmol/L,60,110
BIO-001692,SEJ-000398,2023-06-17 21:00:00,GlobulesBlancs,12.99,G/L,4,10
BIO-001693,SEJ-000398,2023-06-15 07:00:00,Hemoglobine,126.76,g/L,12,16
BIO-001694,SEJ-000398,2023-06-13 21:00:00,Natremie,140.45,mmol/L,135,145
BIO-001695,SEJ-000398,2023-06-13 13:00:00,Creatinine,97.82,µmol/L,60,110
BIO-001696,SEJ-000398,2023-06-16 03:00:00,CRP,18.22,mg/L,0,5
BIO-001697,SEJ-000398,2023-06-19 08:00:00,Creatinine,104.09,µmol/L,60,110
BIO-001698,SEJ-000399,2024-01-26 19:00:00,GlobulesBlancs,5.24,G/L,4,10
BIO-001699,SEJ-000399,2024-01-27 04:00:00,GlobulesBlancs,7.59,G/L,4,10
BIO-001700,SEJ-000400,2023-08-14 12:00:00,Natremie,135.62,mmol/L,135,145
BIO-001701,SEJ-000400,2023-08-15 18:00:00,Creatinine,78.61,µmol/L,60,110
BIO-001702,SEJ-000400,2023-08-15 08:00:00,Natremie,145.69,mmol/L,135,145
BIO-001703,SEJ-000400,2023-08-16 16:00:00,CRP,37.95,mg/L,0,5
BIO-001704,SEJ-000400,2023-08-15 07:00:00,Hemoglobine,125.24,g/L,12,16
BIO-001705,SEJ-000401,2023-07-20 14:00:00,Creatinine,6.5,mg/L,60,110
BIO-001706,SEJ-000401,2023-07-19 12:00:00,GlobulesBlancs,,G/L,4,10
BIO-001707,SEJ-000401,2023-07-20 01:00:00,GlobulesBlancs,12.64,G/L,4,10
BIO-001708,SEJ-000401,2023-07-20 11:00:00,CRP,-24.02,mg/L,0,5
BIO-001709,SEJ-000402,2023-03-26 20:00:00,Hemoglobine,11.84,g/dL,12,16
BIO-001710,SEJ-000402,2023-03-26 07:00:00,Creatinine,65.18,µmol/L,60,110
BIO-001711,SEJ-000402,2023-03-26 18:00:00,CRP,999.0,mg/L,0,5
BIO-001712,SEJ-000402,2023-03-25 14:00:00,Natremie,139.9,mmol/L,135,145
BIO-001713,SEJ-000402,2023-03-26 15:00:00,Creatinine,52.74,µmol/L,60,110
BIO-001714,SEJ-000402,2023-03-26 14:00:00,GlobulesBlancs,11.05,G/L,4,10
BIO-001715,SEJ-000403,2023-06-09 16:00:00,GlobulesBlancs,,G/L,4,10
BIO-001716,SEJ-000403,2023-06-09 08:00:00,Hemoglobine,9.38,g/dL,12,16
BIO-001717,SEJ-000403,2023-06-09 02:00:00,Hemoglobine,143.54,g/L,12,16
BIO-001718,SEJ-000403,2023-06-09 12:00:00,Hemoglobine,133.25,g/L,12,16
BIO-001719,SEJ-000403,2023-06-09 23:00:00,Natremie,137.58,mmol/L,135,145
BIO-001720,SEJ-000404,2023-10-03 15:00:00,CRP,3.31,mg/L,0,5
BIO-001721,SEJ-000404,2023-10-02 09:00:00,CRP,1.21,mg/L,0,5
BIO-001722,SEJ-000404,2023-10-03 18:00:00,CRP,14.3,mg/L,0,5
BIO-001723,SEJ-000405,2023-07-18 07:00:00,Natremie,135.9,mmol/L,135,145
BIO-001724,SEJ-000405,2023-07-20 23:00:00,Hemoglobine,14.08,g/dL,12,16
BIO-001725,SEJ-000406,2024-02-02 14:00:00,Hemoglobine,10.84,g/dL,12,16
BIO-001726,SEJ-000406,2024-02-03 08:00:00,Natremie,140.42,mmol/L,135,145
BIO-001727,SEJ-000406,2024-02-01 22:00:00,Creatinine,11.39,mg/L,60,110
BIO-001728,SEJ-000406,2024-02-05 02:00:00,Creatinine,84.64,µmol/L,60,110
BIO-001729,SEJ-000406,2024-02-03 01:00:00,Hemoglobine,116.07,g/L,12,16
BIO-001730,SEJ-000407,2023-06-12 12:00:00,Creatinine,6.98,mg/L,60,110
BIO-001731,SEJ-000407,2023-06-15 12:00:00,CRP,-4.69,mg/L,0,5
BIO-001732,SEJ-000408,2023-07-06 05:00:00,Natremie,143.53,mmol/L,135,145
BIO-001733,SEJ-000408,2023-07-05 08:00:00,Creatinine,5.14,mg/L,60,110
BIO-001734,SEJ-000408,2023-07-05 23:00:00,Creatinine,10.24,mg/L,60,110
BIO-001735,SEJ-000408,2023-07-05 04:00:00,CRP,0.27,mg/L,0,5
BIO-001736,SEJ-000409,2022-12-21 14:00:00,Creatinine,999.0,mg/L,60,110
BIO-001737,SEJ-000409,2022-12-23 17:00:00,GlobulesBlancs,5.14,G/L,4,10
BIO-001738,SEJ-000409,2022-12-23 12:00:00,Hemoglobine,,g/L,12,16
BIO-001739,SEJ-000409,2022-12-23 18:00:00,Natremie,139.61,mmol/L,135,145
BIO-001740,SEJ-000409,2022-12-23 08:00:00,GlobulesBlancs,11.75,G/L,4,10
BIO-001741,SEJ-000410,2023-03-07 11:00:00,Creatinine,7.87,µmol/L,60,110
BIO-001742,SEJ-000410,2023-03-08 05:00:00,Natremie,135.71,mmol/L,135,145
BIO-001743,SEJ-000410,2023-03-08 23:00:00,Natremie,140.06,mmol/L,135,145
BIO-001744,SEJ-000410,2023-03-07 10:00:00,Hemoglobine,106.11,g/L,12,16
BIO-001745,SEJ-000410,2023-03-08 21:00:00,Hemoglobine,0.5,g/dL,12,16
BIO-001746,SEJ-000410,2023-03-07 20:00:00,CRP,6.31,mg/L,0,5
BIO-001747,SEJ-000411,2024-04-17 19:00:00,CRP,32.78,mg/L,0,5
BIO-001748,SEJ-000411,2024-04-17 03:00:00,Natremie,141.51,mmol/L,135,145
BIO-001749,SEJ-000411,2024-04-16 10:00:00,Creatinine,0.35,mg/L,60,110
BIO-001750,SEJ-000411,2024-04-18 23:00:00,GlobulesBlancs,,G/L,4,10
BIO-001751,SEJ-000412,2024-04-06 13:00:00,Natremie,,mmol/L,135,145
BIO-001752,SEJ-000412,2024-04-04 06:00:00,CRP,-47.56,mg/L,0,5
BIO-001753,SEJ-000412,2024-04-05 10:00:00,Natremie,140.84,mmol/L,135,145
BIO-001754,SEJ-000412,2024-04-04 06:00:00,Hemoglobine,11.17,g/dL,12,16
BIO-001755,SEJ-000412,2024-04-04 16:00:00,Natremie,140.71,mmol/L,135,145
BIO-001756,SEJ-000412,2024-04-04 03:00:00,GlobulesBlancs,13.8,G/L,4,10
BIO-001757,SEJ-000413,2023-03-11 07:00:00,CRP,34.72,mg/L,0,5
BIO-001758,SEJ-000413,2023-03-11 19:00:00,Hemoglobine,12.4,g/dL,12,16
BIO-001759,SEJ-000413,2023-03-11 10:00:00,Creatinine,10.19,mg/L,60,110
BIO-001760,SEJ-000414,2023-07-28 11:00:00,GlobulesBlancs,7.35,G/L,4,10
BIO-001761,SEJ-000414,2023-07-24 14:00:00,Hemoglobine,119.44,g/L,12,16
BIO-001762,SEJ-000414,2023-07-27 12:00:00,Natremie,138.91,mmol/L,135,145
BIO-001763,SEJ-000415,2024-04-16 18:00:00,Natremie,136.91,mmol/L,135,145
BIO-001764,SEJ-000415,2024-04-17 04:00:00,GlobulesBlancs,7.27,G/L,4,10
BIO-001765,SEJ-000415,2024-04-15 21:00:00,Hemoglobine,120.97,g/L,12,16
BIO-001766,SEJ-000415,2024-04-16 06:00:00,CRP,,mg/L,0,5
BIO-001767,SEJ-000415,2024-04-16 13:00:00,GlobulesBlancs,,G/L,4,10
BIO-001768,SEJ-000415,2024-04-17 03:00:00,CRP,-11.2,mg/L,0,5
BIO-001769,SEJ-000416,2023-08-24 09:00:00,Hemoglobine,12.9,g/dL,12,16
BIO-001770,SEJ-000416,2023-08-23 05:00:00,Hemoglobine,11.23,g/dL,12,16
BIO-001771,SEJ-000417,2023-08-17 06:00:00,Creatinine,80.2,µmol/L,60,110
BIO-001772,SEJ-000417,2023-08-19 21:00:00,Hemoglobine,11.11,g/dL,12,16
BIO-001773,SEJ-000417,2023-08-18 04:00:00,GlobulesBlancs,7.71,G/L,4,10
BIO-001774,SEJ-000417,2023-08-17 12:00:00,CRP,39.94,mg/L,0,5
BIO-001775,SEJ-000417,2023-08-18 10:00:00,CRP,3.96,mg/L,0,5
BIO-001776,SEJ-000417,2023-08-19 03:00:00,Natremie,137.89,mmol/L,135,145
BIO-001777,SEJ-000418,2023-04-13 19:00:00,Natremie,141.49,mmol/L,135,145
BIO-001778,SEJ-000418,2023-04-08 16:00:00,Creatinine,102.32,µmol/L,60,110
BIO-001779,SEJ-000418,2023-04-09 14:00:00,GlobulesBlancs,8.13,G/L,4,10
BIO-001780,SEJ-000418,2023-04-08 19:00:00,Creatinine,12.35,mg/L,60,110
BIO-001781,SEJ-000418,2023-04-09 01:00:00,Hemoglobine,135.58,g/L,12,16
BIO-001782,SEJ-000419,2023-12-03 11:00:00,Natremie,,mmol/L,135,145
BIO-001783,SEJ-000419,2023-12-06 14:00:00,GlobulesBlancs,7.89,G/L,4,10
BIO-001784,SEJ-000419,2023-12-03 19:00:00,Creatinine,98.57,µmol/L,60,110
BIO-001785,SEJ-000419,2023-12-05 17:00:00,Natremie,138.15,mmol/L,135,145
BIO-001786,SEJ-000419,2023-12-05 22:00:00,CRP,3.21,mg/L,0,5
BIO-001787,SEJ-000420,2023-11-29 22:00:00,Creatinine,128.05,µmol/L,60,110
BIO-001788,SEJ-000420,2023-11-28 16:00:00,Hemoglobine,12.96,g/dL,12,16
BIO-001789,SEJ-000420,2023-11-28 05:00:00,GlobulesBlancs,9.9,G/L,4,10
BIO-001790,SEJ-000420,2023-11-28 10:00:00,Natremie,132.31,mmol/L,135,145
BIO-001791,SEJ-000420,2023-11-28 12:00:00,CRP,25.17,mg/L,0,5
BIO-001792,SEJ-999999,2023-11-29 16:00:00,Natremie,134.63,mmol/L,135,145
BIO-001793,SEJ-000421,2023-05-20 04:00:00,CRP,7.88,mg/L,0,5
BIO-001794,SEJ-000421,2023-05-19 19:00:00,Natremie,,mmol/L,135,145
BIO-001795,SEJ-000422,2023-04-17 07:00:00,Creatinine,10.53,mg/L,60,110
BIO-001796,SEJ-000422,2023-04-19 10:00:00,Creatinine,10.8,mg/L,60,110
BIO-001797,SEJ-000422,2023-04-19 09:00:00,Creatinine,62.71,µmol/L,60,110
BIO-001798,SEJ-000422,2023-04-19 10:00:00,Hemoglobine,12.84,g/dL,12,16
BIO-001799,SEJ-000422,2023-04-19 03:00:00,Natremie,137.53,mmol/L,135,145
BIO-001800,SEJ-000422,2023-04-19 02:00:00,Natremie,,mmol/L,135,145
BIO-001801,SEJ-000423,2024-03-13 08:00:00,Creatinine,7.64,mg/L,60,110
BIO-001802,SEJ-000423,2024-03-13 19:00:00,Hemoglobine,10.71,g/dL,12,16
BIO-001803,SEJ-000423,2024-03-13 20:00:00,GlobulesBlancs,13.41,G/L,4,10
BIO-001804,SEJ-000423,2024-03-13 06:00:00,GlobulesBlancs,9.19,G/L,4,10
BIO-001805,SEJ-000424,2023-05-10 16:00:00,CRP,14.49,mg/L,0,5
BIO-001806,SEJ-000424,2023-05-18 02:00:00,Creatinine,4.21,mg/L,60,110
BIO-001807,SEJ-000424,2023-05-10 03:00:00,Natremie,139.84,mmol/L,135,145
BIO-001808,SEJ-000425,2024-01-26 16:00:00,Creatinine,8.26,mg/L,60,110
BIO-001809,SEJ-000425,2024-01-26 06:00:00,Creatinine,11.48,mg/L,60,110
BIO-001810,SEJ-000425,2024-01-26 14:00:00,GlobulesBlancs,0.65,G/L,4,10
BIO-001811,SEJ-000426,2024-03-24 19:00:00,GlobulesBlancs,8.89,G/L,4,10
BIO-001812,SEJ-000426,2024-03-23 23:00:00,Natremie,138.57,mmol/L,135,145
BIO-001813,SEJ-000427,2024-02-21 22:00:00,Hemoglobine,11.2,g/dL,12,16
BIO-001814,SEJ-000427,2024-02-23 18:00:00,Natremie,136.7,mmol/L,135,145
BIO-001815,SEJ-000427,2024-02-23 00:00:00,Creatinine,133.01,µmol/L,60,110
BIO-001816,SEJ-000427,2024-02-22 15:00:00,Hemoglobine,117.9,g/L,12,16
BIO-001817,SEJ-000427,2024-02-23 03:00:00,CRP,-51.93,mg/L,0,5
BIO-001818,SEJ-000428,2023-02-19 23:00:00,CRP,28.78,mg/L,0,5
BIO-001819,SEJ-000428,2023-02-21 02:00:00,Creatinine,10.46,mg/L,60,110
BIO-001820,SEJ-000429,2023-07-10 21:00:00,Natremie,,mmol/L,135,145
BIO-001821,SEJ-000429,2023-07-14 20:00:00,Creatinine,81.91,µmol/L,60,110
BIO-001822,SEJ-000429,2023-07-03 19:00:00,GlobulesBlancs,11.13,G/L,4,10
BIO-001823,SEJ-000429,2023-07-18 16:00:00,Creatinine,53.86,µmol/L,60,110
BIO-001824,SEJ-000430,2023-08-01 21:00:00,Creatinine,-8.32,mg/L,60,110
BIO-001825,SEJ-000430,2023-07-31 20:00:00,GlobulesBlancs,11.21,G/L,4,10
BIO-001826,SEJ-000430,2023-07-29 21:00:00,CRP,65.92,mg/L,0,5
BIO-001827,SEJ-999999,2023-07-31 03:00:00,CRP,-5.62,mg/L,0,5
BIO-001828,SEJ-000430,2023-07-28 16:00:00,Creatinine,121.77,µmol/L,60,110
BIO-001829,SEJ-000431,2024-03-06 15:00:00,Hemoglobine,10.91,g/dL,12,16
BIO-001830,SEJ-000431,2024-03-06 15:00:00,Creatinine,113.64,µmol/L,60,110
BIO-001831,SEJ-000431,2024-03-07 05:00:00,Creatinine,14.18,mg/L,60,110
BIO-001832,SEJ-000431,2024-03-07 02:00:00,Natremie,136.43,mmol/L,135,145
BIO-001833,SEJ-000431,2024-03-07 19:00:00,CRP,112.42,mg/L,0,5
BIO-001834,SEJ-000431,2024-03-06 23:00:00,GlobulesBlancs,,G/L,4,10
BIO-001835,SEJ-000431,2024-03-07 06:00:00,GlobulesBlancs,11.01,G/L,4,10
BIO-001836,SEJ-000431,2024-03-07 19:00:00,Creatinine,5.89,mg/L,60,110
BIO-001837,SEJ-000432,2023-11-14 03:00:00,Hemoglobine,13.47,g/dL,12,16
BIO-001838,SEJ-000432,2023-11-12 03:00:00,Natremie,137.53,mmol/L,135,145
BIO-001839,SEJ-000432,2023-11-15 00:00:00,GlobulesBlancs,9.05,G/L,4,10
BIO-001840,SEJ-000432,2023-11-13 16:00:00,Natremie,138.96,mmol/L,135,145
BIO-001841,SEJ-000432,2023-11-12 04:00:00,GlobulesBlancs,10.27,G/L,4,10
BIO-001842,SEJ-000433,2024-04-05 12:00:00,Natremie,135.13,mmol/L,135,145
BIO-001843,SEJ-000433,2024-04-04 23:00:00,CRP,4.02,mg/L,0,5
BIO-001844,SEJ-000433,2024-04-04 02:00:00,Creatinine,,mg/L,60,110
BIO-001845,SEJ-000433,2024-04-04 04:00:00,Natremie,137.62,mmol/L,135,145
BIO-001846,SEJ-000433,2024-04-03 11:00:00,Hemoglobine,11.23,g/dL,12,16
BIO-001847,SEJ-000433,2024-04-04 04:00:00,Hemoglobine,11.25,g/dL,12,16
BIO-001848,SEJ-000434,2023-06-07 14:00:00,CRP,9.42,mg/L,0,5
BIO-001849,SEJ-000434,2023-06-08 05:00:00,CRP,16.81,mg/L,0,5
BIO-001850,SEJ-000434,2023-06-07 08:00:00,CRP,11.56,mg/L,0,5
BIO-001851,SEJ-000434,2023-06-12 18:00:00,GlobulesBlancs,8.73,G/L,4,10
BIO-001852,SEJ-000434,2023-06-11 00:00:00,Natremie,128.35,mmol/L,135,145
BIO-001853,SEJ-000435,2022-12-30 05:00:00,Creatinine,999.0,mg/L,60,110
BIO-001854,SEJ-000435,2022-12-28 14:00:00,CRP,34.52,mg/L,0,5
BIO-001855,SEJ-000435,2022-12-29 11:00:00,Creatinine,,mg/L,60,110
BIO-001856,SEJ-000435,2022-12-30 04:00:00,Creatinine,105.94,µmol/L,60,110
BIO-001857,SEJ-000435,2022-12-27 15:00:00,Hemoglobine,130.11,g/L,12,16
BIO-001858,SEJ-000435,2022-12-30 04:00:00,Creatinine,10.62,mg/L,60,110
BIO-001859,SEJ-000435,2022-12-30 10:00:00,GlobulesBlancs,12.47,G/L,4,10
BIO-001860,SEJ-000436,2023-07-24 19:00:00,GlobulesBlancs,13.26,G/L,4,10
BIO-001861,SEJ-000436,2023-07-24 17:00:00,Natremie,138.45,mmol/L,135,145
BIO-001862,SEJ-000436,2023-07-24 02:00:00,GlobulesBlancs,7.25,G/L,4,10
BIO-001863,SEJ-000436,2023-07-24 14:00:00,Natremie,,mmol/L,135,145
BIO-001864,SEJ-000437,2024-01-16 16:00:00,Creatinine,96.32,µmol/L,60,110
BIO-001865,SEJ-000437,2024-01-18 09:00:00,Hemoglobine,10.39,g/dL,12,16
BIO-001866,SEJ-000437,2024-01-17 11:00:00,CRP,10.51,mg/L,0,5
BIO-001867,SEJ-000437,2024-01-19 09:00:00,Natremie,139.7,mmol/L,135,145
BIO-001868,SEJ-000437,2024-01-20 20:00:00,Natremie,144.22,mmol/L,135,145
BIO-001869,SEJ-000438,2023-11-14 08:00:00,Creatinine,4.58,µmol/L,60,110
BIO-001870,SEJ-000438,2023-11-14 22:00:00,Creatinine,16.63,mg/L,60,110
BIO-001871,SEJ-000439,2023-10-20 03:00:00,CRP,26.3,mg/L,0,5
BIO-001872,SEJ-000439,2023-10-19 03:00:00,Creatinine,9.05,mg/L,60,110
BIO-001873,SEJ-000440,2023-07-07 14:00:00,CRP,34.41,mg/L,0,5
BIO-001874,SEJ-000440,2023-07-05 20:00:00,CRP,34.88,mg/L,0,5
BIO-001875,SEJ-000441,2023-01-18 04:00:00,GlobulesBlancs,11.52,G/L,4,10
BIO-001876,SEJ-000441,2023-01-19 09:00:00,GlobulesBlancs,9.71,G/L,4,10
BIO-001877,SEJ-000442,2022-12-22 05:00:00,Creatinine,9.09,mg/L,60,110
BIO-001878,SEJ-000442,2022-12-15 19:00:00,Hemoglobine,13.17,g/dL,12,16
BIO-001879,SEJ-000442,2022-12-20 12:00:00,Hemoglobine,120.95,g/L,12,16
BIO-001880,SEJ-000442,2022-12-21 15:00:00,GlobulesBlancs,11.61,G/L,4,10
BIO-001881,SEJ-000442,2022-12-22 18:00:00,Natremie,136.6,mmol/L,135,145
BIO-001882,SEJ-000443,2023-02-20 18:00:00,Natremie,,mmol/L,135,145
BIO-001883,SEJ-000443,2023-02-19 10:00:00,Creatinine,78.57,µmol/L,60,110
BIO-001884,SEJ-000444,2023-11-23 07:00:00,Creatinine,999.0,µmol/L,60,110
BIO-001885,SEJ-000444,2023-11-25 14:00:00,Creatinine,6.64,mg/L,60,110
BIO-001886,SEJ-000444,2023-11-24 00:00:00,GlobulesBlancs,6.52,G/L,4,10
BIO-001887,SEJ-000444,2023-11-23 13:00:00,GlobulesBlancs,999.0,G/L,4,10
BIO-001888,SEJ-000445,2023-09-30 02:00:00,CRP,-18.94,mg/L,0,5
BIO-001889,SEJ-000445,2023-10-02 13:00:00,Natremie,139.15,mmol/L,135,145
BIO-001890,SEJ-000445,2023-09-29 19:00:00,Hemoglobine,153.01,g/L,12,16
BIO-001891,SEJ-000446,2023-04-04 17:00:00,CRP,76.75,mg/L,0,5
BIO-001892,SEJ-000446,2023-03-31 20:00:00,CRP,28.38,mg/L,0,5
BIO-001893,SEJ-000446,2023-04-01 08:00:00,Hemoglobine,131.63,g/L,12,16
BIO-001894,SEJ-000447,2024-01-07 21:00:00,Hemoglobine,117.28,g/L,12,16
BIO-001895,SEJ-000447,2023-12-30 21:00:00,CRP,30.44,mg/L,0,5
BIO-001896,SEJ-000447,2024-01-03 05:00:00,Creatinine,74.76,µmol/L,60,110
BIO-001897,SEJ-000447,2024-01-02 16:00:00,Natremie,135.67,mmol/L,135,145
BIO-001898,SEJ-000447,2024-01-02 18:00:00,Natremie,140.88,mmol/L,135,145
BIO-001899,SEJ-000448,2023-09-10 06:00:00,Creatinine,100.73,µmol/L,60,110
BIO-001900,SEJ-000448,2023-09-04 17:00:00,Hemoglobine,999.0,g/dL,12,16
BIO-001901,SEJ-000448,2023-09-11 12:00:00,GlobulesBlancs,8.9,G/L,4,10
BIO-001902,SEJ-000448,2023-09-12 16:00:00,Natremie,,mmol/L,135,145
BIO-001903,SEJ-000448,2023-09-10 16:00:00,Creatinine,102.72,µmol/L,60,110
BIO-001904,SEJ-000448,2023-09-09 19:00:00,Natremie,137.82,mmol/L,135,145
BIO-001905,SEJ-000448,2023-09-06 14:00:00,CRP,26.22,mg/L,0,5
BIO-001906,SEJ-000449,2023-06-19 18:00:00,CRP,24.28,mg/L,0,5
BIO-001907,SEJ-000449,2023-06-19 01:00:00,GlobulesBlancs,8.78,G/L,4,10
BIO-001908,SEJ-000449,2023-06-18 23:00:00,Natremie,133.77,mmol/L,135,145
BIO-001909,SEJ-000450,2023-10-14 02:00:00,GlobulesBlancs,9.55,G/L,4,10
BIO-001910,SEJ-000450,2023-10-16 05:00:00,Natremie,144.15,mmol/L,135,145
BIO-001911,SEJ-000450,2023-10-17 10:00:00,GlobulesBlancs,8.17,G/L,4,10
BIO-001912,SEJ-000450,2023-10-15 09:00:00,CRP,26.75,mg/L,0,5
BIO-001913,SEJ-000450,2023-10-17 02:00:00,GlobulesBlancs,7.09,G/L,4,10
BIO-001914,SEJ-000451,2023-09-29 19:00:00,CRP,16.54,mg/L,0,5
BIO-001915,SEJ-000451,2023-09-29 14:00:00,CRP,44.91,mg/L,0,5
BIO-001916,SEJ-000451,2023-09-30 08:00:00,CRP,62.43,mg/L,0,5
BIO-001917,SEJ-000451,2023-09-27 05:00:00,Hemoglobine,5.98,g/L,12,16
BIO-001918,SEJ-000451,2023-10-08 05:00:00,CRP,9.53,mg/L,0,5
BIO-001919,SEJ-000452,2024-02-16 21:00:00,Hemoglobine,132.1,g/L,12,16
BIO-001920,SEJ-000452,2024-02-18 10:00:00,Creatinine,114.32,µmol/L,60,110
BIO-001921,SEJ-000452,2024-02-16 14:00:00,Creatinine,10.15,mg/L,60,110
BIO-001922,SEJ-000453,2024-02-05 21:00:00,Creatinine,10.68,mg/L,60,110
BIO-001923,SEJ-000453,2024-02-05 07:00:00,CRP,74.97,mg/L,0,5
BIO-001924,SEJ-000453,2024-02-05 13:00:00,Natremie,140.54,mmol/L,135,145
BIO-001925,SEJ-000454,2022-12-11 18:00:00,Creatinine,15.71,mg/L,60,110
BIO-001926,SEJ-000454,2022-12-14 07:00:00,Natremie,137.85,mmol/L,135,145
BIO-001927,SEJ-000454,2022-12-11 03:00:00,Natremie,141.23,mmol/L,135,145
BIO-001928,SEJ-000454,2022-12-11 19:00:00,Creatinine,6.36,mg/L,60,110
BIO-001929,SEJ-000455,2023-10-06 02:00:00,Natremie,140.34,mmol/L,135,145
BIO-001930,SEJ-000455,2023-10-03 21:00:00,CRP,41.96,mg/L,0,5
BIO-001931,SEJ-000455,2023-10-04 23:00:00,Hemoglobine,,g/L,12,16
BIO-001932,SEJ-000456,2024-01-06 18:00:00,GlobulesBlancs,4.89,G/L,4,10
BIO-001933,SEJ-000456,2024-01-01 22:00:00,Creatinine,11.67,mg/L,60,110
BIO-001934,SEJ-000456,2024-01-03 11:00:00,CRP,-62.09,mg/L,0,5
BIO-001935,SEJ-000457,2023-06-11 11:00:00,GlobulesBlancs,8.44,G/L,4,10
BIO-001936,SEJ-000457,2023-06-11 18:00:00,Creatinine,6.15,mg/L,60,110
BIO-001937,SEJ-000457,2023-06-14 02:00:00,Natremie,140.39,mmol/L,135,145
BIO-001938,SEJ-000458,2023-11-25 10:00:00,GlobulesBlancs,5.34,G/L,4,10
BIO-001939,SEJ-000458,2023-11-22 19:00:00,Natremie,137.25,mmol/L,135,145
BIO-001940,SEJ-000458,2023-11-25 04:00:00,CRP,-21.11,mg/L,0,5
BIO-001941,SEJ-000458,2023-11-23 03:00:00,CRP,-3.31,mg/L,0,5
BIO-001942,SEJ-000458,2023-11-25 10:00:00,Natremie,138.25,mmol/L,135,145
BIO-001943,SEJ-000458,2023-11-23 17:00:00,Hemoglobine,130.55,g/dL,12,16
BIO-001944,SEJ-000459,2023-04-14 09:00:00,Creatinine,94.09,µmol/L,60,110
BIO-001945,SEJ-000459,2023-04-15 08:00:00,Hemoglobine,13.75,g/dL,12,16
BIO-001946,SEJ-000459,2023-04-14 10:00:00,Natremie,136.88,mmol/L,135,145
BIO-001947,SEJ-000460,2024-03-01 10:00:00,Natremie,138.09,mmol/L,135,145
BIO-001948,SEJ-000460,2024-02-29 09:00:00,Hemoglobine,130.26,g/L,12,16
BIO-001949,SEJ-000461,2023-10-07 12:00:00,GlobulesBlancs,4.85,G/L,4,10
BIO-001950,SEJ-000461,2023-10-09 11:00:00,GlobulesBlancs,7.6,G/L,4,10
BIO-001951,SEJ-000461,2023-10-08 13:00:00,GlobulesBlancs,5.53,G/L,4,10
BIO-001952,SEJ-000462,2023-05-06 10:00:00,CRP,,mg/L,0,5
BIO-001953,SEJ-000462,2023-05-07 04:00:00,Natremie,139.84,mmol/L,135,145
BIO-001954,SEJ-000462,2023-05-06 00:00:00,GlobulesBlancs,4.72,G/L,4,10
BIO-001955,SEJ-000462,2023-05-06 21:00:00,Creatinine,7.95,mg/L,60,110
BIO-001956,SEJ-000462,2023-05-07 15:00:00,CRP,14.79,mg/L,0,5
BIO-001957,SEJ-000463,2023-04-13 08:00:00,Creatinine,10.0,mg/L,60,110
BIO-001958,SEJ-000463,2023-04-16 19:00:00,GlobulesBlancs,,G/L,4,10
BIO-001959,SEJ-000464,2022-12-21 15:00:00,Hemoglobine,95.99,g/L,12,16
BIO-001960,SEJ-000464,2022-12-18 03:00:00,CRP,0.33,mg/L,0,5
BIO-001961,SEJ-000464,2022-12-20 22:00:00,CRP,44.06,mg/L,0,5
BIO-001962,SEJ-000464,2022-12-21 18:00:00,CRP,-6.34,mg/L,0,5
BIO-001963,SEJ-000465,2024-04-25 06:00:00,CRP,39.98,mg/L,0,5
BIO-001964,SEJ-000465,2024-04-21 14:00:00,GlobulesBlancs,7.42,G/L,4,10
BIO-001965,SEJ-000465,2024-04-18 13:00:00,CRP,34.54,mg/L,0,5
BIO-001966,SEJ-000466,2023-04-01 13:00:00,CRP,24.16,mg/L,0,5
BIO-001967,SEJ-000466,2023-04-04 15:00:00,Creatinine,105.28,µmol/L,60,110
BIO-001968,SEJ-000466,2023-04-10 05:00:00,CRP,-8.17,mg/L,0,5
BIO-001969,SEJ-000466,2023-03-19 17:00:00,CRP,26.2,mg/L,0,5
BIO-001970,SEJ-000467,2023-02-05 22:00:00,Creatinine,9.18,mg/L,60,110
BIO-001971,SEJ-000467,2023-02-05 22:00:00,Natremie,139.32,mmol/L,135,145
BIO-001972,SEJ-000467,2023-02-02 17:00:00,Natremie,138.49,mmol/L,135,145
BIO-001973,SEJ-000467,2023-02-04 04:00:00,Natremie,141.11,mmol/L,135,145
BIO-001974,SEJ-000468,2023-04-07 20:00:00,Creatinine,50.97,µmol/L,60,110
BIO-001975,SEJ-000468,2023-04-07 22:00:00,Natremie,147.41,mmol/L,135,145
BIO-001976,SEJ-000468,2023-04-07 02:00:00,Natremie,143.34,mmol/L,135,145
BIO-001977,SEJ-000468,2023-04-07 04:00:00,Creatinine,79.68,µmol/L,60,110
BIO-001978,SEJ-000468,2023-04-07 12:00:00,Creatinine,71.46,µmol/L,60,110
BIO-001979,SEJ-000469,2024-05-01 22:00:00,Natremie,140.58,mmol/L,135,145
BIO-001980,SEJ-000469,2024-05-01 03:00:00,Hemoglobine,108.98,g/L,12,16
BIO-001981,SEJ-000469,2024-05-01 09:00:00,GlobulesBlancs,12.8,G/L,4,10
BIO-001982,SEJ-000469,2024-05-01 21:00:00,Hemoglobine,-10.71,g/dL,12,16
BIO-001983,SEJ-000470,2023-10-16 13:00:00,Creatinine,64.77,µmol/L,60,110
BIO-001984,SEJ-000470,2023-10-17 01:00:00,Hemoglobine,999.0,g/L,12,16
BIO-001985,SEJ-000471,2023-10-04 05:00:00,Hemoglobine,,g/L,12,16
BIO-001986,SEJ-000471,2023-10-07 01:00:00,Creatinine,100.12,µmol/L,60,110
BIO-001987,SEJ-000471,2023-10-04 10:00:00,GlobulesBlancs,11.24,G/L,4,10
BIO-001988,SEJ-000471,2023-10-04 12:00:00,Creatinine,78.69,µmol/L,60,110
BIO-001989,SEJ-000472,2023-07-25 08:00:00,Hemoglobine,11.26,g/dL,12,16
BIO-001990,SEJ-000472,2023-07-27 17:00:00,Hemoglobine,12.31,g/dL,12,16
BIO-001991,SEJ-000472,2023-07-25 15:00:00,Natremie,133.29,mmol/L,135,145
BIO-001992,SEJ-000472,2023-07-28 16:00:00,Hemoglobine,118.13,g/L,12,16
BIO-001993,SEJ-000472,2023-07-28 13:00:00,Natremie,140.77,mmol/L,135,145
BIO-001994,SEJ-000472,2023-07-28 20:00:00,GlobulesBlancs,11.4,G/L,4,10
BIO-001995,SEJ-000472,2023-07-26 08:00:00,CRP,52.0,mg/L,0,5
BIO-001996,SEJ-000472,2023-07-28 02:00:00,CRP,-7.43,mg/L,0,5
BIO-001997,SEJ-000472,2023-07-28 08:00:00,CRP,8.86,mg/L,0,5
BIO-001998,SEJ-000472,2023-07-26 07:00:00,CRP,34.78,mg/L,0,5
BIO-001999,SEJ-000473,2024-04-13 18:00:00,Natremie,142.13,mmol/L,135,145
BIO-002000,SEJ-000473,2024-04-15 14:00:00,Hemoglobine,90.48,g/L,12,16
BIO-002001,SEJ-000474,2023-08-21 09:00:00,Hemoglobine,126.88,g/L,12,16
BIO-002002,SEJ-000474,2023-08-24 06:00:00,Creatinine,12.99,mg/L,60,110
BIO-002003,SEJ-000475,2024-05-13 11:00:00,CRP,47.07,mg/L,0,5
BIO-002004,SEJ-000475,2024-05-12 06:00:00,CRP,999.0,mg/L,0,5
BIO-002005,SEJ-000475,2024-05-21 16:00:00,CRP,60.12,mg/L,0,5
BIO-002006,SEJ-000476,2023-03-13 17:00:00,GlobulesBlancs,6.28,G/L,4,10
BIO-002007,SEJ-000476,2023-03-14 17:00:00,CRP,14.59,mg/L,0,5
BIO-002008,SEJ-000477,2022-12-17 15:00:00,CRP,999.0,mg/L,0,5
BIO-002009,SEJ-000477,2022-12-16 09:00:00,CRP,33.21,mg/L,0,5
BIO-002010,SEJ-000477,2022-12-17 01:00:00,Creatinine,121.55,µmol/L,60,110
BIO-002011,SEJ-000477,2022-12-14 22:00:00,GlobulesBlancs,,G/L,4,10
BIO-002012,SEJ-000477,2022-12-17 11:00:00,CRP,39.99,mg/L,0,5
BIO-002013,SEJ-000478,2023-03-02 18:00:00,GlobulesBlancs,5.35,G/L,4,10
BIO-002014,SEJ-000478,2023-03-02 07:00:00,GlobulesBlancs,9.59,G/L,4,10
BIO-002015,SEJ-000478,2023-03-01 18:00:00,CRP,2.09,mg/L,0,5
BIO-002016,SEJ-000478,2023-03-04 01:00:00,GlobulesBlancs,8.34,G/L,4,10
BIO-002017,SEJ-000478,2023-03-01 16:00:00,Creatinine,7.37,mg/L,60,110
BIO-002018,SEJ-000478,2023-03-03 16:00:00,Natremie,139.85,mmol/L,135,145
BIO-002019,SEJ-000479,2023-04-10 15:00:00,Hemoglobine,11.07,g/dL,12,16
BIO-002020,SEJ-000479,2023-04-07 01:00:00,Creatinine,137.06,µmol/L,60,110
BIO-002021,SEJ-000479,2023-04-08 22:00:00,CRP,413.73,mg/L,0,5
BIO-002022,SEJ-000480,2024-01-16 21:00:00,Hemoglobine,999.0,g/L,12,16
BIO-002023,SEJ-000480,2024-01-16 09:00:00,Hemoglobine,133.65,g/L,12,16
BIO-002024,SEJ-000480,2024-01-18 08:00:00,GlobulesBlancs,10.06,G/L,4,10
BIO-002025,SEJ-000480,2024-01-18 09:00:00,GlobulesBlancs,10.83,G/L,4,10
BIO-002026,SEJ-000480,2024-01-18 03:00:00,Creatinine,11.8,mg/L,60,110
BIO-002027,SEJ-000480,2024-01-17 00:00:00,Creatinine,,µmol/L,60,110
BIO-002028,SEJ-000480,2024-01-19 20:00:00,CRP,19.21,mg/L,0,5
BIO-002029,SEJ-000481,2023-12-20 03:00:00,CRP,45.14,mg/L,0,5
BIO-002030,SEJ-000481,2023-12-20 13:00:00,CRP,-8.94,mg/L,0,5
BIO-002031,SEJ-000481,2023-12-20 16:00:00,GlobulesBlancs,7.46,G/L,4,10
BIO-002032,SEJ-000481,2023-12-20 04:00:00,Creatinine,84.98,µmol/L,60,110
BIO-002033,SEJ-000481,2023-12-20 05:00:00,Natremie,138.5,mmol/L,135,145
BIO-002034,SEJ-000482,2024-02-27 01:00:00,Creatinine,7.75,mg/L,60,110
BIO-002035,SEJ-000482,2024-02-27 22:00:00,Natremie,137.63,mmol/L,135,145
BIO-002036,SEJ-000482,2024-02-26 14:00:00,Hemoglobine,1228.66,g/L,12,16
BIO-002037,SEJ-000482,2024-02-28 22:00:00,Hemoglobine,13.12,g/dL,12,16
BIO-002038,SEJ-000482,2024-02-26 17:00:00,GlobulesBlancs,8.16,G/L,4,10
BIO-002039,SEJ-000483,2023-11-06 14:00:00,Natremie,,mmol/L,135,145
BIO-002040,SEJ-000483,2023-11-03 00:00:00,Hemoglobine,9.35,g/dL,12,16
BIO-002041,SEJ-000483,2023-10-31 13:00:00,Hemoglobine,109.43,g/L,12,16
BIO-002042,SEJ-000484,2023-01-22 08:00:00,Creatinine,101.71,µmol/L,60,110
BIO-002043,SEJ-000484,2023-01-23 03:00:00,Hemoglobine,121.92,g/L,12,16
BIO-002044,SEJ-000484,2023-01-21 16:00:00,Creatinine,151.54,µmol/L,60,110
BIO-002045,SEJ-000484,2023-01-22 20:00:00,Natremie,,mmol/L,135,145
BIO-002046,SEJ-000485,2024-04-10 14:00:00,Natremie,142.43,mmol/L,135,145
BIO-002047,SEJ-000485,2024-04-11 08:00:00,Hemoglobine,11.45,g/dL,12,16
BIO-002048,SEJ-000485,2024-04-13 09:00:00,CRP,22.48,mg/L,0,5
BIO-002049,SEJ-000486,2024-01-12 07:00:00,Natremie,137.61,mmol/L,135,145
BIO-002050,SEJ-000486,2024-01-14 04:00:00,Hemoglobine,11.78,g/dL,12,16
BIO-002051,SEJ-000486,2024-01-12 18:00:00,Creatinine,70.01,µmol/L,60,110
BIO-002052,SEJ-000486,2024-01-11 18:00:00,GlobulesBlancs,15.2,G/L,4,10
BIO-002053,SEJ-000486,2024-01-16 17:00:00,CRP,24.88,mg/L,0,5
BIO-002054,SEJ-000486,2024-01-15 03:00:00,GlobulesBlancs,7.42,G/L,4,10
BIO-002055,SEJ-000487,2023-11-20 10:00:00,CRP,13.8,mg/L,0,5
BIO-002056,SEJ-000487,2023-11-21 22:00:00,CRP,85.68,mg/L,0,5
BIO-002057,SEJ-000487,2023-11-18 14:00:00,Creatinine,,mg/L,60,110
BIO-002058,SEJ-000487,2023-11-18 10:00:00,Hemoglobine,96.93,g/L,12,16
BIO-002059,SEJ-000488,2023-11-20 21:00:00,Natremie,142.39,mmol/L,135,145
BIO-002060,SEJ-000488,2023-11-21 23:00:00,CRP,32.93,mg/L,0,5
BIO-002061,SEJ-000488,2023-11-21 16:00:00,Hemoglobine,11.83,g/dL,12,16
BIO-002062,SEJ-000488,2023-11-21 14:00:00,Creatinine,12.57,mg/L,60,110
BIO-002063,SEJ-000489,2023-02-04 15:00:00,Natremie,135.29,mmol/L,135,145
BIO-002064,SEJ-000489,2023-02-05 09:00:00,Hemoglobine,11.1,g/dL,12,16
BIO-002065,SEJ-000489,2023-02-04 04:00:00,GlobulesBlancs,5.9,G/L,4,10
BIO-002066,SEJ-000489,2023-02-04 12:00:00,Creatinine,-6.56,mg/L,60,110
BIO-002067,SEJ-000489,2023-02-05 03:00:00,CRP,-21.47,mg/L,0,5
BIO-002068,SEJ-000489,2023-02-04 19:00:00,Creatinine,17.98,mg/L,60,110
BIO-002069,SEJ-000489,2023-02-04 04:00:00,Creatinine,77.66,µmol/L,60,110
BIO-002070,SEJ-000489,2023-02-04 14:00:00,GlobulesBlancs,999.0,G/L,4,10
BIO-002071,SEJ-000489,2023-02-04 19:00:00,GlobulesBlancs,999.0,G/L,4,10
BIO-002072,SEJ-000489,2023-02-04 02:00:00,CRP,38.46,mg/L,0,5
BIO-002073,SEJ-000490,2023-09-15 16:00:00,Natremie,137.05,mmol/L,135,145
BIO-002074,SEJ-999999,2023-09-16 00:00:00,Natremie,137.08,mmol/L,135,145
BIO-002075,SEJ-000490,2023-09-13 22:00:00,GlobulesBlancs,7.26,G/L,4,10
BIO-002076,SEJ-000491,2023-01-02 20:00:00,Natremie,138.89,mmol/L,135,145
BIO-002077,SEJ-000491,2023-01-02 19:00:00,GlobulesBlancs,7.26,G/L,4,10
BIO-002078,SEJ-999999,2023-01-03 15:00:00,Creatinine,,mg/L,60,110
BIO-002079,SEJ-000491,2023-01-06 00:00:00,GlobulesBlancs,12.62,G/L,4,10
BIO-002080,SEJ-000491,2023-01-06 05:00:00,CRP,23.85,mg/L,0,5
BIO-002081,SEJ-000492,2023-10-10 13:00:00,GlobulesBlancs,6.01,G/L,4,10
BIO-002082,SEJ-000492,2023-10-13 04:00:00,Natremie,-142.36,mmol/L,135,145
BIO-002083,SEJ-000492,2023-10-11 14:00:00,GlobulesBlancs,2.61,G/L,4,10
BIO-002084,SEJ-000492,2023-10-11 22:00:00,Creatinine,94.09,µmol/L,60,110
BIO-002085,SEJ-000492,2023-10-13 18:00:00,Natremie,137.7,mmol/L,135,145
BIO-002086,SEJ-000493,2023-02-28 15:00:00,GlobulesBlancs,,G/L,4,10
BIO-002087,SEJ-999999,2023-03-02 04:00:00,Hemoglobine,10.27,g/dL,12,16
BIO-002088,SEJ-000493,2023-03-03 00:00:00,Creatinine,7.6,mg/L,60,110
BIO-002089,SEJ-000493,2023-03-01 20:00:00,Creatinine,12.62,mg/L,60,110
BIO-002090,SEJ-000494,2024-05-19 10:00:00,CRP,49.19,mg/L,0,5
BIO-002091,SEJ-000494,2024-05-19 05:00:00,Natremie,133.05,mmol/L,135,145
BIO-002092,SEJ-000494,2024-05-19 05:00:00,Creatinine,12.25,mg/L,60,110
BIO-002093,SEJ-000494,2024-05-18 06:00:00,CRP,9.76,mg/L,0,5
BIO-002094,SEJ-000494,2024-05-18 03:00:00,Hemoglobine,10.62,g/dL,12,16
BIO-002095,SEJ-000495,2023-08-28 01:00:00,Natremie,143.02,mmol/L,135,145
BIO-002096,SEJ-000495,2023-08-25 09:00:00,Natremie,137.11,mmol/L,135,145
BIO-002097,SEJ-000496,2023-06-04 15:00:00,Hemoglobine,116.83,g/L,12,16
BIO-002098,SEJ-000496,2023-06-04 07:00:00,CRP,-5.44,mg/L,0,5
BIO-002099,SEJ-000496,2023-06-03 08:00:00,Creatinine,72.75,µmol/L,60,110
BIO-002100,SEJ-000496,2023-06-03 15:00:00,GlobulesBlancs,8.1,G/L,4,10
BIO-002101,SEJ-000497,2024-04-03 22:00:00,Hemoglobine,107.53,g/L,12,16
BIO-002102,SEJ-000497,2024-04-03 22:00:00,Hemoglobine,126.41,g/L,12,16
BIO-002103,SEJ-000497,2024-04-03 00:00:00,Natremie,999.0,mmol/L,135,145
BIO-002104,SEJ-000497,2024-04-05 23:00:00,GlobulesBlancs,3.18,G/L,4,10
BIO-002105,SEJ-000497,2024-04-03 23:00:00,Natremie,133.75,mmol/L,135,145
BIO-002106,SEJ-000497,2024-04-05 23:00:00,Natremie,6.96,mmol/L,135,145
BIO-002107,SEJ-000497,2024-04-02 17:00:00,Natremie,142.44,mmol/L,135,145
BIO-002108,SEJ-000497,2024-04-05 07:00:00,Creatinine,0.33,mg/L,60,110
BIO-002109,SEJ-000497,2024-04-03 05:00:00,Creatinine,8.33,mg/L,60,110
BIO-002110,SEJ-000498,2024-04-15 22:00:00,GlobulesBlancs,5.88,G/L,4,10
BIO-002111,SEJ-000498,2024-04-15 03:00:00,Hemoglobine,12.28,g/dL,12,16
BIO-002112,SEJ-000498,2024-04-15 02:00:00,Creatinine,999.0,mg/L,60,110
BIO-002113,SEJ-000498,2024-04-15 18:00:00,GlobulesBlancs,14.53,G/L,4,10
BIO-002114,SEJ-000498,2024-04-15 10:00:00,GlobulesBlancs,11.68,G/L,4,10
BIO-002115,SEJ-000499,2023-11-09 00:00:00,CRP,7.55,mg/L,0,5
BIO-002116,SEJ-000499,2023-11-09 21:00:00,Natremie,139.13,mmol/L,135,145
BIO-002117,SEJ-000499,2023-11-08 18:00:00,Natremie,140.85,mmol/L,135,145
BIO-002118,SEJ-000500,2023-04-09 04:00:00,CRP,999.0,mg/L,0,5
BIO-002119,SEJ-000500,2023-04-10 22:00:00,Natremie,133.82,mmol/L,135,145
BIO-002120,SEJ-000500,2023-04-12 20:00:00,CRP,12.79,mg/L,0,5
BIO-002121,SEJ-000500,2023-04-09 14:00:00,Hemoglobine,11.57,g/dL,12,16
BIO-002122,SEJ-000500,2023-04-10 01:00:00,CRP,63.71,mg/L,0,5
BIO-002123,SEJ-000501,2024-01-03 03:00:00,Creatinine,86.85,µmol/L,60,110
BIO-002124,SEJ-000501,2024-01-01 11:00:00,Creatinine,71.88,µmol/L,60,110
BIO-002125,SEJ-000501,2024-01-02 17:00:00,CRP,1.38,mg/L,0,5
BIO-002126,SEJ-000501,2023-12-31 05:00:00,Hemoglobine,13.84,g/dL,12,16
BIO-002127,SEJ-000501,2024-01-04 05:00:00,Hemoglobine,13.36,g/dL,12,16
BIO-002128,SEJ-000501,2023-12-31 11:00:00,Hemoglobine,149.23,g/L,12,16
BIO-002129,SEJ-000501,2024-01-03 16:00:00,CRP,,mg/L,0,5
BIO-002130,SEJ-000502,2023-06-26 14:00:00,Natremie,127.54,mmol/L,135,145
BIO-002131,SEJ-000502,2023-06-28 22:00:00,Natremie,136.3,mmol/L,135,145
BIO-002132,SEJ-000502,2023-06-26 07:00:00,Creatinine,88.01,µmol/L,60,110
BIO-002133,SEJ-000502,2023-06-28 11:00:00,GlobulesBlancs,5.55,G/L,4,10
BIO-002134,SEJ-000502,2023-06-25 13:00:00,Hemoglobine,150.11,g/L,12,16
BIO-002135,SEJ-000502,2023-06-27 16:00:00,Creatinine,9.38,mg/L,60,110
BIO-002136,SEJ-000502,2023-06-26 06:00:00,Natremie,136.96,mmol/L,135,145
BIO-002137,SEJ-000502,2023-06-27 20:00:00,Hemoglobine,123.39,g/L,12,16
BIO-002138,SEJ-000502,2023-06-27 01:00:00,GlobulesBlancs,11.65,G/L,4,10
BIO-002139,SEJ-000502,2023-06-28 05:00:00,Natremie,137.72,mmol/L,135,145
BIO-002140,SEJ-000503,2024-03-25 23:00:00,Natremie,141.57,mmol/L,135,145
BIO-002141,SEJ-000503,2024-03-28 13:00:00,Natremie,138.24,mmol/L,135,145
BIO-002142,SEJ-000504,2023-04-09 03:00:00,Natremie,133.54,mmol/L,135,145
BIO-002143,SEJ-000504,2023-04-11 20:00:00,CRP,27.53,mg/L,0,5
BIO-002144,SEJ-000505,2023-09-26 15:00:00,Hemoglobine,,g/L,12,16
BIO-002145,SEJ-000505,2023-09-27 06:00:00,CRP,999.0,mg/L,0,5
BIO-002146,SEJ-000505,2023-09-26 09:00:00,Hemoglobine,10.35,g/dL,12,16
BIO-002147,SEJ-000505,2023-09-27 03:00:00,Hemoglobine,114.49,g/L,12,16
BIO-002148,SEJ-000506,2024-02-13 02:00:00,Hemoglobine,124.28,g/L,12,16
BIO-002149,SEJ-999999,2024-02-12 03:00:00,Hemoglobine,145.31,g/L,12,16
BIO-002150,SEJ-000506,2024-02-12 19:00:00,GlobulesBlancs,999.0,G/L,4,10
BIO-002151,SEJ-000506,2024-02-12 11:00:00,Creatinine,9.31,mg/L,60,110
BIO-002152,SEJ-999999,2024-02-10 04:00:00,Hemoglobine,1273.81,g/L,12,16
BIO-002153,SEJ-000506,2024-02-13 21:00:00,CRP,-9.58,mg/L,0,5
BIO-002154,SEJ-000507,2023-03-29 17:00:00,CRP,999.0,mg/L,0,5
BIO-002155,SEJ-000507,2023-03-30 21:00:00,Natremie,137.86,mmol/L,135,145
BIO-002156,SEJ-000507,2023-04-01 06:00:00,Hemoglobine,9.94,g/dL,12,16
BIO-002157,SEJ-000508,2023-03-05 01:00:00,Natremie,138.6,mmol/L,135,145
BIO-002158,SEJ-000508,2023-03-02 19:00:00,CRP,13.28,mg/L,0,5
BIO-002159,SEJ-000508,2023-03-05 21:00:00,Hemoglobine,11.49,g/dL,12,16
BIO-002160,SEJ-000508,2023-03-04 07:00:00,Natremie,133.97,mmol/L,135,145
BIO-002161,SEJ-999999,2023-04-18 05:00:00,CRP,33.3,mg/L,0,5
BIO-002162,SEJ-000509,2023-04-16 12:00:00,CRP,38.92,mg/L,0,5
BIO-002163,SEJ-000510,2023-10-19 08:00:00,Natremie,,mmol/L,135,145
BIO-002164,SEJ-000510,2023-10-18 16:00:00,Natremie,136.34,mmol/L,135,145
BIO-002165,SEJ-000510,2023-10-18 08:00:00,Hemoglobine,120.58,g/L,12,16
BIO-002166,SEJ-000511,2022-12-17 10:00:00,CRP,6.17,mg/L,0,5
BIO-002167,SEJ-000511,2022-12-17 03:00:00,GlobulesBlancs,10.52,G/L,4,10
BIO-002168,SEJ-000512,2022-12-16 12:00:00,CRP,13.95,mg/L,0,5
BIO-002169,SEJ-000512,2022-12-15 23:00:00,GlobulesBlancs,-13.1,G/L,4,10
BIO-002170,SEJ-000513,2023-08-08 21:00:00,Hemoglobine,9.97,g/dL,12,16
BIO-002171,SEJ-000513,2023-08-10 13:00:00,GlobulesBlancs,10.69,G/L,4,10
BIO-002172,SEJ-000514,2023-12-20 12:00:00,GlobulesBlancs,5.36,G/L,4,10
BIO-002173,SEJ-000514,2023-12-20 14:00:00,GlobulesBlancs,6.53,G/L,4,10
BIO-002174,SEJ-000514,2023-12-18 08:00:00,CRP,0.8,mg/L,0,5
BIO-002175,SEJ-000514,2023-12-19 23:00:00,Creatinine,80.12,µmol/L,60,110
BIO-002176,SEJ-000514,2023-12-18 17:00:00,GlobulesBlancs,6.72,G/L,4,10
BIO-002177,SEJ-000514,2023-12-20 02:00:00,GlobulesBlancs,,G/L,4,10
BIO-002178,SEJ-000515,2023-12-26 16:00:00,CRP,1.4,mg/L,0,5
BIO-002179,SEJ-000515,2023-12-16 19:00:00,Natremie,139.65,mmol/L,135,145
BIO-002180,SEJ-000515,2023-12-16 01:00:00,Natremie,138.09,mmol/L,135,145
BIO-002181,SEJ-000516,2023-11-23 17:00:00,CRP,-17.74,mg/L,0,5
BIO-002182,SEJ-000516,2023-11-21 02:00:00,Creatinine,8.25,mg/L,60,110
BIO-002183,SEJ-000516,2023-11-21 16:00:00,GlobulesBlancs,10.51,G/L,4,10
BIO-002184,SEJ-000517,2024-02-04 18:00:00,CRP,-24.7,mg/L,0,5
BIO-002185,SEJ-000517,2024-02-06 13:00:00,Hemoglobine,13.11,g/dL,12,16
BIO-002186,SEJ-000517,2024-02-03 15:00:00,Hemoglobine,13.06,g/dL,12,16
BIO-002187,SEJ-000517,2024-02-03 20:00:00,CRP,-2.55,mg/L,0,5
BIO-002188,SEJ-000518,2023-11-21 23:00:00,GlobulesBlancs,5.72,G/L,4,10
BIO-002189,SEJ-000518,2023-11-21 19:00:00,Creatinine,160.04,µmol/L,60,110
BIO-002190,SEJ-000518,2023-11-23 15:00:00,Hemoglobine,111.52,g/L,12,16
BIO-002191,SEJ-000518,2023-11-22 21:00:00,CRP,19.05,mg/L,0,5
BIO-002192,SEJ-000519,2023-11-06 12:00:00,CRP,80.01,mg/L,0,5
BIO-002193,SEJ-000519,2023-11-08 04:00:00,GlobulesBlancs,10.3,G/L,4,10
BIO-002194,SEJ-000519,2023-11-06 00:00:00,CRP,-1.04,mg/L,0,5
BIO-002195,SEJ-000519,2023-11-08 05:00:00,GlobulesBlancs,5.22,G/L,4,10
BIO-002196,SEJ-000519,2023-11-07 00:00:00,CRP,-8.24,mg/L,0,5
BIO-002197,SEJ-000519,2023-11-07 23:00:00,Natremie,139.28,mmol/L,135,145
BIO-002198,SEJ-000519,2023-11-09 20:00:00,Natremie,135.27,mmol/L,135,145
BIO-002199,SEJ-000519,2023-11-07 07:00:00,Creatinine,9.39,mg/L,60,110
BIO-002200,SEJ-000519,2023-11-05 09:00:00,Hemoglobine,14.12,g/dL,12,16
BIO-002201,SEJ-000520,2023-10-07 04:00:00,Creatinine,82.9,µmol/L,60,110
BIO-002202,SEJ-000520,2023-10-08 07:00:00,Hemoglobine,110.71,g/L,12,16
BIO-002203,SEJ-000520,2023-10-12 14:00:00,Hemoglobine,11.41,g/dL,12,16
BIO-002204,SEJ-000520,2023-10-10 08:00:00,Natremie,138.67,mmol/L,135,145
BIO-002205,SEJ-000520,2023-10-12 19:00:00,Creatinine,9.52,mg/L,60,110
BIO-002206,SEJ-000521,2024-04-12 16:00:00,GlobulesBlancs,5.52,G/L,4,10
BIO-002207,SEJ-000521,2024-04-15 23:00:00,Hemoglobine,13.7,g/dL,12,16
BIO-002208,SEJ-000522,2023-04-26 03:00:00,Creatinine,38.09,µmol/L,60,110
BIO-002209,SEJ-000522,2023-04-28 21:00:00,CRP,23.28,mg/L,0,5
BIO-002210,SEJ-000522,2023-04-26 00:00:00,CRP,44.13,mg/L,0,5
BIO-002211,SEJ-000522,2023-04-28 22:00:00,Hemoglobine,109.18,g/L,12,16
BIO-002212,SEJ-000523,2023-05-21 02:00:00,Hemoglobine,151.15,g/dL,12,16
BIO-002213,SEJ-000523,2023-05-22 02:00:00,Hemoglobine,106.84,g/L,12,16
BIO-002214,SEJ-000523,2023-05-21 06:00:00,GlobulesBlancs,12.06,G/L,4,10
BIO-002215,SEJ-000523,2023-05-23 07:00:00,CRP,70.49,mg/L,0,5
BIO-002216,SEJ-000524,2023-06-04 00:00:00,GlobulesBlancs,0.38,G/L,4,10
BIO-002217,SEJ-000524,2023-05-30 18:00:00,Natremie,135.19,mmol/L,135,145
BIO-002218,SEJ-000524,2023-05-31 15:00:00,Hemoglobine,4.51,g/L,12,16
BIO-002219,SEJ-000524,2023-06-01 04:00:00,Hemoglobine,,g/L,12,16
BIO-002220,SEJ-000524,2023-05-31 22:00:00,Creatinine,164.31,µmol/L,60,110
BIO-002221,SEJ-000524,2023-06-04 02:00:00,Natremie,135.51,mmol/L,135,145
BIO-002222,SEJ-000525,2023-06-12 10:00:00,Creatinine,10.52,mg/L,60,110
BIO-002223,SEJ-000525,2023-06-17 17:00:00,Creatinine,5.17,mg/L,60,110
BIO-002224,SEJ-000525,2023-06-21 12:00:00,CRP,46.92,mg/L,0,5
BIO-002225,SEJ-000525,2023-06-16 16:00:00,Creatinine,139.31,µmol/L,60,110
BIO-002226,SEJ-000525,2023-06-12 15:00:00,CRP,6.53,mg/L,0,5
BIO-002227,SEJ-000525,2023-06-14 17:00:00,Natremie,139.02,mmol/L,135,145
BIO-002228,SEJ-000525,2023-06-18 17:00:00,Creatinine,86.19,µmol/L,60,110
BIO-002229,SEJ-000526,2023-02-21 03:00:00,GlobulesBlancs,6.4,G/L,4,10
BIO-002230,SEJ-000526,2023-02-24 18:00:00,Creatinine,59.22,µmol/L,60,110
BIO-002231,SEJ-000526,2023-02-21 23:00:00,GlobulesBlancs,8.03,G/L,4,10
BIO-002232,SEJ-000526,2023-03-02 16:00:00,Creatinine,95.02,µmol/L,60,110
BIO-002233,SEJ-000527,2022-12-28 19:00:00,GlobulesBlancs,4.8,G/L,4,10
BIO-002234,SEJ-000527,2022-12-31 06:00:00,Creatinine,12.77,mg/L,60,110
BIO-002235,SEJ-000527,2022-12-27 18:00:00,CRP,-4.95,mg/L,0,5
BIO-002236,SEJ-000528,2023-05-20 16:00:00,Creatinine,111.04,µmol/L,60,110
BIO-002237,SEJ-000528,2023-05-18 04:00:00,CRP,114.1,mg/L,0,5
BIO-002238,SEJ-000528,2023-05-16 00:00:00,Natremie,136.87,mmol/L,135,145
BIO-002239,SEJ-000528,2023-05-20 07:00:00,Creatinine,127.72,µmol/L,60,110
BIO-002240,SEJ-000529,2024-01-18 11:00:00,Creatinine,-5.95,mg/L,60,110
BIO-002241,SEJ-000529,2024-01-18 07:00:00,Hemoglobine,10.76,g/dL,12,16
BIO-002242,SEJ-999999,2024-01-18 21:00:00,Creatinine,96.13,µmol/L,60,110
BIO-002243,SEJ-000529,2024-01-18 10:00:00,CRP,-10.76,mg/L,0,5
BIO-002244,SEJ-000529,2024-01-18 09:00:00,GlobulesBlancs,0.33,G/L,4,10
BIO-002245,SEJ-000530,2024-02-14 03:00:00,Hemoglobine,98.8,g/L,12,16
BIO-002246,SEJ-000530,2024-02-14 15:00:00,CRP,16.97,mg/L,0,5
BIO-002247,SEJ-000530,2024-02-13 03:00:00,GlobulesBlancs,4.7,G/L,4,10
BIO-002248,SEJ-000530,2024-02-14 21:00:00,GlobulesBlancs,4.65,G/L,4,10
BIO-002249,SEJ-000530,2024-02-13 21:00:00,Natremie,132.81,mmol/L,135,145
BIO-002250,SEJ-000530,2024-02-14 17:00:00,CRP,37.68,mg/L,0,5
BIO-002251,SEJ-000531,2023-08-01 15:00:00,GlobulesBlancs,6.65,G/L,4,10
BIO-002252,SEJ-000531,2023-08-02 16:00:00,Hemoglobine,127.69,g/L,12,16
BIO-002253,SEJ-000532,2023-06-09 14:00:00,Creatinine,44.51,µmol/L,60,110
BIO-002254,SEJ-000532,2023-06-09 15:00:00,CRP,39.42,mg/L,0,5
BIO-002255,SEJ-000532,2023-06-10 01:00:00,GlobulesBlancs,6.5,G/L,4,10
BIO-002256,SEJ-000532,2023-06-13 23:00:00,CRP,-15.51,mg/L,0,5
BIO-002257,SEJ-000533,2023-03-06 05:00:00,Hemoglobine,141.36,g/L,12,16
BIO-002258,SEJ-000533,2023-03-06 23:00:00,CRP,60.66,mg/L,0,5
BIO-002259,SEJ-000534,2024-01-14 13:00:00,Natremie,137.12,mmol/L,135,145
BIO-002260,SEJ-000534,2024-01-14 23:00:00,GlobulesBlancs,10.55,G/L,4,10
BIO-002261,SEJ-000534,2024-01-11 09:00:00,CRP,38.21,mg/L,0,5
BIO-002262,SEJ-000535,2023-07-11 00:00:00,GlobulesBlancs,11.14,G/L,4,10
BIO-002263,SEJ-000535,2023-07-11 03:00:00,CRP,84.64,mg/L,0,5
BIO-002264,SEJ-000535,2023-07-11 13:00:00,CRP,2.48,mg/L,0,5
BIO-002265,SEJ-000535,2023-07-11 10:00:00,Hemoglobine,123.14,g/L,12,16
BIO-002266,SEJ-000535,2023-07-10 08:00:00,CRP,84.14,mg/L,0,5
BIO-002267,SEJ-000535,2023-07-11 01:00:00,Creatinine,10.01,mg/L,60,110
BIO-002268,SEJ-000536,2023-07-29 14:00:00,Creatinine,,µmol/L,60,110
BIO-002269,SEJ-000536,2023-07-27 16:00:00,Creatinine,6.92,mg/L,60,110
BIO-002270,SEJ-000536,2023-07-30 12:00:00,CRP,53.01,mg/L,0,5
BIO-002271,SEJ-000536,2023-07-28 02:00:00,Hemoglobine,12.53,g/dL,12,16
BIO-002272,SEJ-000537,2022-12-30 13:00:00,CRP,20.59,mg/L,0,5
BIO-002273,SEJ-000537,2022-12-31 12:00:00,GlobulesBlancs,5.75,G/L,4,10
BIO-002274,SEJ-000537,2022-12-31 20:00:00,GlobulesBlancs,8.51,G/L,4,10
BIO-002275,SEJ-000537,2022-12-31 15:00:00,CRP,58.79,mg/L,0,5
BIO-002276,SEJ-000537,2022-12-30 16:00:00,Creatinine,142.72,µmol/L,60,110
BIO-002277,SEJ-000537,2022-12-30 04:00:00,Natremie,137.12,mmol/L,135,145
BIO-002278,SEJ-000538,2023-05-25 22:00:00,Creatinine,75.86,µmol/L,60,110
BIO-002279,SEJ-000538,2023-05-24 09:00:00,Creatinine,42.51,µmol/L,60,110
BIO-002280,SEJ-000539,2024-01-07 03:00:00,Hemoglobine,11.52,g/dL,12,16
BIO-002281,SEJ-000539,2024-01-06 11:00:00,Hemoglobine,107.24,g/L,12,16
BIO-002282,SEJ-000539,2024-01-03 08:00:00,CRP,14.69,mg/L,0,5
BIO-002283,SEJ-000539,2024-01-08 17:00:00,Natremie,,mmol/L,135,145
BIO-002284,SEJ-000539,2024-01-05 12:00:00,GlobulesBlancs,12.78,G/L,4,10
BIO-002285,SEJ-000539,2024-01-04 09:00:00,Hemoglobine,127.67,g/L,12,16
BIO-002286,SEJ-000539,2024-01-08 23:00:00,Natremie,138.43,mmol/L,135,145
BIO-002287,SEJ-000539,2024-01-08 19:00:00,GlobulesBlancs,10.38,G/L,4,10
BIO-002288,SEJ-000539,2024-01-05 17:00:00,Creatinine,,mg/L,60,110
BIO-002289,SEJ-000540,2023-03-07 05:00:00,Natremie,140.71,mmol/L,135,145
BIO-002290,SEJ-000540,2023-03-06 04:00:00,Natremie,136.66,mmol/L,135,145
BIO-002291,SEJ-000540,2023-03-06 23:00:00,Creatinine,102.33,µmol/L,60,110
BIO-002292,SEJ-000540,2023-03-05 20:00:00,Creatinine,102.36,µmol/L,60,110
BIO-002293,SEJ-000540,2023-03-06 01:00:00,Creatinine,999.0,µmol/L,60,110
BIO-002294,SEJ-000540,2023-03-07 04:00:00,Natremie,136.88,mmol/L,135,145
BIO-002295,SEJ-000540,2023-03-07 23:00:00,Creatinine,93.56,µmol/L,60,110
BIO-002296,SEJ-000540,2023-03-06 12:00:00,Creatinine,10.61,mg/L,60,110
BIO-002297,SEJ-000541,2023-08-24 03:00:00,Natremie,133.34,mmol/L,135,145
BIO-002298,SEJ-000541,2023-08-21 23:00:00,GlobulesBlancs,4.86,G/L,4,10
BIO-002299,SEJ-000541,2023-09-04 01:00:00,GlobulesBlancs,7.21,G/L,4,10
BIO-002300,SEJ-000541,2023-08-22 19:00:00,Natremie,136.82,mmol/L,135,145
BIO-002301,SEJ-000542,2023-10-23 19:00:00,GlobulesBlancs,,G/L,4,10
BIO-002302,SEJ-000542,2023-10-31 21:00:00,Hemoglobine,10.42,g/dL,12,16
BIO-002303,SEJ-000542,2023-10-25 10:00:00,Creatinine,7.04,mg/L,60,110
BIO-002304,SEJ-000542,2023-10-29 15:00:00,Hemoglobine,108.46,g/L,12,16
BIO-002305,SEJ-000542,2023-10-27 01:00:00,Natremie,132.9,mmol/L,135,145
BIO-002306,SEJ-000543,2024-04-18 12:00:00,CRP,40.13,mg/L,0,5
BIO-002307,SEJ-000543,2024-04-18 15:00:00,Natremie,,mmol/L,135,145
BIO-002308,SEJ-000543,2024-04-18 19:00:00,Hemoglobine,132.63,g/L,12,16
BIO-002309,SEJ-000544,2023-02-02 06:00:00,GlobulesBlancs,6.68,G/L,4,10
BIO-002310,SEJ-000544,2023-02-03 01:00:00,CRP,35.62,mg/L,0,5
BIO-002311,SEJ-000544,2023-02-01 07:00:00,Natremie,138.6,mmol/L,135,145
BIO-002312,SEJ-000544,2023-01-31 20:00:00,GlobulesBlancs,10.21,G/L,4,10
BIO-002313,SEJ-000545,2023-07-05 02:00:00,Hemoglobine,999.0,g/L,12,16
BIO-002314,SEJ-000545,2023-07-05 16:00:00,Creatinine,50.09,µmol/L,60,110
BIO-002315,SEJ-000545,2023-07-05 23:00:00,Natremie,136.13,mmol/L,135,145
BIO-002316,SEJ-000545,2023-07-05 10:00:00,Natremie,,mmol/L,135,145
BIO-002317,SEJ-000545,2023-07-05 07:00:00,GlobulesBlancs,15.11,G/L,4,10
BIO-002318,SEJ-000546,2023-08-01 11:00:00,Creatinine,2.74,mg/L,60,110
BIO-002319,SEJ-000546,2023-07-26 15:00:00,GlobulesBlancs,10.11,G/L,4,10
BIO-002320,SEJ-000547,2023-09-15 04:00:00,CRP,7.7,mg/L,0,5
BIO-002321,SEJ-000547,2023-09-15 05:00:00,Hemoglobine,130.4,g/L,12,16
BIO-002322,SEJ-000547,2023-09-18 22:00:00,CRP,55.18,mg/L,0,5
BIO-002323,SEJ-000547,2023-09-17 10:00:00,GlobulesBlancs,8.9,G/L,4,10
BIO-002324,SEJ-000548,2024-03-13 15:00:00,Hemoglobine,140.41,g/L,12,16
BIO-002325,SEJ-000548,2024-03-14 21:00:00,GlobulesBlancs,6.76,G/L,4,10
BIO-002326,SEJ-000548,2024-03-14 04:00:00,Creatinine,4.93,mg/L,60,110
BIO-002327,SEJ-000548,2024-03-14 02:00:00,Hemoglobine,117.38,g/L,12,16
BIO-002328,SEJ-000548,2024-03-14 08:00:00,Natremie,131.34,mmol/L,135,145
BIO-002329,SEJ-000548,2024-03-13 18:00:00,Natremie,137.73,mmol/L,135,145
BIO-002330,SEJ-000549,2024-01-09 09:00:00,Natremie,133.2,mmol/L,135,145
BIO-002331,SEJ-000549,2024-01-09 15:00:00,CRP,34.1,mg/L,0,5
BIO-002332,SEJ-000549,2024-01-10 08:00:00,GlobulesBlancs,8.41,G/L,4,10
BIO-002333,SEJ-000549,2024-01-09 15:00:00,Natremie,141.65,mmol/L,135,145
BIO-002334,SEJ-000549,2024-01-12 08:00:00,Hemoglobine,146.35,g/L,12,16
BIO-002335,SEJ-000550,2024-02-07 17:00:00,Hemoglobine,8.75,g/dL,12,16
BIO-002336,SEJ-000550,2024-02-09 23:00:00,GlobulesBlancs,10.27,G/L,4,10
BIO-002337,SEJ-000550,2024-02-09 03:00:00,CRP,4.64,mg/L,0,5
BIO-002338,SEJ-000550,2024-02-11 03:00:00,GlobulesBlancs,10.29,G/L,4,10
BIO-002339,SEJ-000550,2024-02-12 19:00:00,Creatinine,99.35,µmol/L,60,110
BIO-002340,SEJ-000551,2023-01-12 23:00:00,CRP,58.44,mg/L,0,5
BIO-002341,SEJ-000551,2023-01-13 21:00:00,Hemoglobine,107.4,g/L,12,16
BIO-002342,SEJ-000551,2023-01-12 18:00:00,Natremie,137.07,mmol/L,135,145
BIO-002343,SEJ-000552,2023-12-13 20:00:00,CRP,42.33,mg/L,0,5
BIO-002344,SEJ-000552,2023-12-11 10:00:00,Natremie,137.99,mmol/L,135,145
BIO-002345,SEJ-000553,2024-01-20 06:00:00,Creatinine,14.14,mg/L,60,110
BIO-002346,SEJ-000553,2024-01-19 17:00:00,Creatinine,16.18,mg/L,60,110
BIO-002347,SEJ-000554,2023-01-29 01:00:00,Creatinine,105.64,µmol/L,60,110
BIO-002348,SEJ-000554,2023-01-25 09:00:00,Hemoglobine,123.61,g/L,12,16
BIO-002349,SEJ-000554,2023-01-26 16:00:00,GlobulesBlancs,9.09,G/L,4,10
BIO-002350,SEJ-000555,2024-05-02 08:00:00,GlobulesBlancs,8.31,G/L,4,10
BIO-002351,SEJ-000555,2024-05-05 21:00:00,CRP,41.83,mg/L,0,5
BIO-002352,SEJ-000555,2024-05-02 21:00:00,Natremie,132.78,mmol/L,135,145
BIO-002353,SEJ-000555,2024-05-04 14:00:00,CRP,,mg/L,0,5
BIO-002354,SEJ-000555,2024-05-04 20:00:00,GlobulesBlancs,11.71,G/L,4,10
BIO-002355,SEJ-000555,2024-05-07 06:00:00,CRP,-3.05,mg/L,0,5
BIO-002356,SEJ-000556,2023-03-16 23:00:00,Natremie,133.87,mmol/L,135,145
BIO-002357,SEJ-000556,2023-03-17 13:00:00,Creatinine,11.13,mg/L,60,110
BIO-002358,SEJ-000556,2023-03-16 15:00:00,Natremie,138.6,mmol/L,135,145
BIO-002359,SEJ-000557,2023-06-27 07:00:00,GlobulesBlancs,7.23,G/L,4,10
BIO-002360,SEJ-000557,2023-06-26 00:00:00,Creatinine,65.58,µmol/L,60,110
BIO-002361,SEJ-000557,2023-06-26 22:00:00,Hemoglobine,10.43,g/dL,12,16
BIO-002362,SEJ-000557,2023-06-27 17:00:00,Creatinine,,µmol/L,60,110
BIO-002363,SEJ-000557,2023-06-26 11:00:00,GlobulesBlancs,9.18,G/L,4,10
BIO-002364,SEJ-000557,2023-06-26 18:00:00,CRP,15.09,mg/L,0,5
BIO-002365,SEJ-000558,2024-04-01 04:00:00,Hemoglobine,12.87,g/dL,12,16
BIO-002366,SEJ-000558,2024-04-04 21:00:00,Hemoglobine,,g/L,12,16
BIO-002367,SEJ-000558,2024-04-01 12:00:00,Hemoglobine,11.25,g/dL,12,16
BIO-002368,SEJ-000558,2024-04-02 14:00:00,GlobulesBlancs,9.66,G/L,4,10
BIO-002369,SEJ-000558,2024-04-01 23:00:00,Creatinine,100.88,µmol/L,60,110
BIO-002370,SEJ-000558,2024-04-03 23:00:00,GlobulesBlancs,13.08,G/L,4,10
BIO-002371,SEJ-000559,2023-06-22 16:00:00,GlobulesBlancs,6.67,G/L,4,10
BIO-002372,SEJ-000559,2023-06-22 14:00:00,Creatinine,144.64,µmol/L,60,110
BIO-002373,SEJ-000560,2022-12-12 10:00:00,Natremie,138.64,mmol/L,135,145
BIO-002374,SEJ-000560,2022-12-11 06:00:00,GlobulesBlancs,,G/L,4,10
BIO-002375,SEJ-000561,2023-11-19 20:00:00,GlobulesBlancs,7.28,G/L,4,10
BIO-002376,SEJ-000561,2023-11-08 22:00:00,Creatinine,101.36,µmol/L,60,110
BIO-002377,SEJ-000561,2023-11-09 15:00:00,Hemoglobine,12.41,g/dL,12,16
BIO-002378,SEJ-000561,2023-11-17 02:00:00,Creatinine,18.52,mg/L,60,110
BIO-002379,SEJ-000561,2023-11-17 04:00:00,GlobulesBlancs,7.77,G/L,4,10
BIO-002380,SEJ-000561,2023-11-15 18:00:00,CRP,-20.72,mg/L,0,5
BIO-002381,SEJ-000562,2023-03-29 04:00:00,CRP,18.69,mg/L,0,5
BIO-002382,SEJ-000562,2023-03-30 11:00:00,GlobulesBlancs,7.42,G/L,4,10
BIO-002383,SEJ-000563,2023-02-02 11:00:00,CRP,-5.72,mg/L,0,5
BIO-002384,SEJ-000563,2023-02-03 15:00:00,CRP,,mg/L,0,5
BIO-002385,SEJ-999999,2023-02-02 09:00:00,Hemoglobine,10.25,g/dL,12,16
BIO-002386,SEJ-000564,2023-03-30 00:00:00,Creatinine,12.88,mg/L,60,110
BIO-002387,SEJ-000564,2023-03-30 08:00:00,CRP,12.78,mg/L,0,5
BIO-002388,SEJ-000564,2023-03-30 09:00:00,Natremie,,mmol/L,135,145
BIO-002389,SEJ-000564,2023-03-29 14:00:00,GlobulesBlancs,,G/L,4,10
BIO-002390,SEJ-000565,2023-02-17 04:00:00,GlobulesBlancs,15.1,G/L,4,10
BIO-002391,SEJ-000565,2023-02-16 16:00:00,CRP,3.13,mg/L,0,5
BIO-002392,SEJ-000566,2024-05-16 18:00:00,CRP,26.72,mg/L,0,5
BIO-002393,SEJ-000566,2024-05-16 11:00:00,Natremie,137.34,mmol/L,135,145
BIO-002394,SEJ-000567,2023-01-14 23:00:00,GlobulesBlancs,9.71,G/L,4,10
BIO-002395,SEJ-000567,2023-01-13 13:00:00,CRP,11.31,mg/L,0,5
BIO-002396,SEJ-000568,2024-01-21 12:00:00,Natremie,,mmol/L,135,145
BIO-002397,SEJ-000568,2024-01-22 08:00:00,Hemoglobine,113.28,g/L,12,16
BIO-002398,SEJ-000568,2024-01-21 04:00:00,Creatinine,51.7,µmol/L,60,110
BIO-002399,SEJ-000568,2024-01-22 00:00:00,Natremie,137.94,mmol/L,135,145
BIO-002400,SEJ-000568,2024-01-21 21:00:00,GlobulesBlancs,6.27,G/L,4,10
BIO-002401,SEJ-000569,2024-03-14 03:00:00,CRP,18.08,mg/L,0,5
BIO-002402,SEJ-000569,2024-03-14 06:00:00,CRP,39.59,mg/L,0,5
BIO-002403,SEJ-000569,2024-03-15 11:00:00,CRP,15.72,mg/L,0,5
BIO-002404,SEJ-000569,2024-03-15 00:00:00,CRP,29.73,mg/L,0,5
BIO-002405,SEJ-000569,2024-03-17 17:00:00,GlobulesBlancs,11.6,G/L,4,10
BIO-002406,SEJ-000569,2024-03-17 10:00:00,Creatinine,75.36,µmol/L,60,110
BIO-002407,SEJ-000570,2023-08-03 07:00:00,GlobulesBlancs,13.73,G/L,4,10
BIO-002408,SEJ-000570,2023-08-06 18:00:00,CRP,5.6,mg/L,0,5
BIO-002409,SEJ-000571,2023-01-19 07:00:00,Natremie,136.49,mmol/L,135,145
BIO-002410,SEJ-000571,2023-01-21 09:00:00,Natremie,140.56,mmol/L,135,145
BIO-002411,SEJ-000571,2023-01-20 04:00:00,Natremie,132.57,mmol/L,135,145
BIO-002412,SEJ-000571,2023-01-19 07:00:00,CRP,-9.98,mg/L,0,5
BIO-002413,SEJ-000572,2023-12-12 04:00:00,Natremie,140.39,mmol/L,135,145
BIO-002414,SEJ-000572,2023-12-12 06:00:00,Natremie,141.34,mmol/L,135,145
BIO-002415,SEJ-000572,2023-12-11 20:00:00,Creatinine,999.0,µmol/L,60,110
BIO-002416,SEJ-000573,2023-03-24 13:00:00,Natremie,133.68,mmol/L,135,145
BIO-002417,SEJ-000573,2023-03-25 15:00:00,GlobulesBlancs,9.34,G/L,4,10
BIO-002418,SEJ-000573,2023-03-26 09:00:00,Creatinine,127.11,µmol/L,60,110
BIO-002419,SEJ-000573,2023-03-27 02:00:00,Creatinine,68.57,µmol/L,60,110
BIO-002420,SEJ-000573,2023-03-25 22:00:00,Hemoglobine,10.6,g/dL,12,16
BIO-002421,SEJ-000573,2023-03-25 12:00:00,GlobulesBlancs,8.89,G/L,4,10
BIO-002422,SEJ-000573,2023-03-25 04:00:00,Creatinine,,µmol/L,60,110
BIO-002423,SEJ-000573,2023-03-24 20:00:00,Natremie,141.24,mmol/L,135,145
BIO-002424,SEJ-000573,2023-03-25 09:00:00,Hemoglobine,10.26,g/dL,12,16
BIO-002425,SEJ-000573,2023-03-26 10:00:00,GlobulesBlancs,6.48,G/L,4,10
BIO-002426,SEJ-000574,2023-12-14 10:00:00,Hemoglobine,11.7,g/dL,12,16
BIO-002427,SEJ-000574,2023-12-14 08:00:00,Hemoglobine,12.66,g/dL,12,16
BIO-002428,SEJ-000574,2023-12-14 03:00:00,CRP,,mg/L,0,5
BIO-002429,SEJ-000575,2023-10-15 12:00:00,Hemoglobine,,g/L,12,16
BIO-002430,SEJ-000575,2023-10-12 15:00:00,Creatinine,5.9,mg/L,60,110
BIO-002431,SEJ-000575,2023-10-13 02:00:00,Creatinine,86.74,µmol/L,60,110
BIO-002432,SEJ-000575,2023-10-13 15:00:00,Hemoglobine,107.94,g/L,12,16
BIO-002433,SEJ-000575,2023-10-13 00:00:00,Creatinine,13.15,mg/L,60,110
BIO-002434,SEJ-000575,2023-10-12 13:00:00,GlobulesBlancs,8.17,G/L,4,10
BIO-002435,SEJ-000576,2023-01-21 23:00:00,Creatinine,34.85,µmol/L,60,110
BIO-002436,SEJ-000576,2023-01-19 14:00:00,CRP,55.0,mg/L,0,5
BIO-002437,SEJ-000576,2023-01-19 14:00:00,Hemoglobine,,g/L,12,16
BIO-002438,SEJ-000577,2023-08-23 22:00:00,Creatinine,8.12,mg/L,60,110
BIO-002439,SEJ-000577,2023-08-21 15:00:00,Creatinine,8.84,mg/L,60,110
BIO-002440,SEJ-000577,2023-08-23 00:00:00,CRP,42.19,mg/L,0,5
BIO-002441,SEJ-000578,2023-11-30 05:00:00,Natremie,133.53,mmol/L,135,145
BIO-002442,SEJ-000578,2023-12-04 12:00:00,CRP,18.05,mg/L,0,5
BIO-002443,SEJ-000578,2023-12-02 04:00:00,Creatinine,,µmol/L,60,110
BIO-002444,SEJ-000578,2023-12-01 12:00:00,GlobulesBlancs,9.14,G/L,4,10
BIO-002445,SEJ-000578,2023-11-30 22:00:00,Natremie,137.24,mmol/L,135,145
BIO-002446,SEJ-000579,2024-03-19 19:00:00,GlobulesBlancs,6.57,G/L,4,10
BIO-002447,SEJ-000579,2024-03-17 10:00:00,Creatinine,143.29,µmol/L,60,110
BIO-002448,SEJ-000579,2024-03-17 05:00:00,Hemoglobine,10.65,g/dL,12,16
BIO-002449,SEJ-000579,2024-03-19 18:00:00,Natremie,140.22,mmol/L,135,145
BIO-002450,SEJ-000579,2024-03-19 05:00:00,Creatinine,,mg/L,60,110
BIO-002451,SEJ-000580,2023-02-03 07:00:00,Creatinine,154.57,µmol/L,60,110
BIO-002452,SEJ-000580,2023-01-29 07:00:00,Natremie,137.6,mmol/L,135,145
BIO-002453,SEJ-000580,2023-02-01 04:00:00,CRP,23.62,mg/L,0,5
BIO-002454,SEJ-000580,2023-02-02 03:00:00,Natremie,138.13,mmol/L,135,145
BIO-002455,SEJ-000580,2023-02-01 14:00:00,GlobulesBlancs,12.83,G/L,4,10
BIO-002456,SEJ-000580,2023-02-02 22:00:00,Natremie,136.21,mmol/L,135,145
BIO-002457,SEJ-000580,2023-02-01 14:00:00,CRP,-0.92,mg/L,0,5
BIO-002458,SEJ-000580,2023-01-28 03:00:00,Hemoglobine,95.29,g/L,12,16
BIO-002459,SEJ-000580,2023-02-02 09:00:00,Hemoglobine,90.79,g/L,12,16
BIO-002460,SEJ-000581,2023-08-06 05:00:00,GlobulesBlancs,,G/L,4,10
BIO-002461,SEJ-000581,2023-08-06 15:00:00,Hemoglobine,12.47,g/dL,12,16
BIO-002462,SEJ-000581,2023-08-06 19:00:00,CRP,385.28,mg/L,0,5
BIO-002463,SEJ-000582,2023-10-26 15:00:00,Creatinine,11.16,mg/L,60,110
BIO-002464,SEJ-000582,2023-10-24 23:00:00,CRP,,mg/L,0,5
BIO-002465,SEJ-000582,2023-10-24 22:00:00,Creatinine,74.71,µmol/L,60,110
BIO-002466,SEJ-000583,2023-07-13 10:00:00,GlobulesBlancs,8.16,G/L,4,10
BIO-002467,SEJ-000583,2023-07-13 02:00:00,GlobulesBlancs,4.38,G/L,4,10
BIO-002468,SEJ-000583,2023-07-13 20:00:00,Creatinine,999.0,mg/L,60,110
BIO-002469,SEJ-000583,2023-07-13 15:00:00,Natremie,142.21,mmol/L,135,145
BIO-002470,SEJ-000584,2024-03-20 16:00:00,GlobulesBlancs,11.89,G/L,4,10
BIO-002471,SEJ-000584,2024-03-21 16:00:00,Natremie,,mmol/L,135,145
BIO-002472,SEJ-000584,2024-03-20 15:00:00,Creatinine,74.19,µmol/L,60,110
BIO-002473,SEJ-000584,2024-03-20 10:00:00,Hemoglobine,12.86,g/dL,12,16
BIO-002474,SEJ-000585,2023-06-01 06:00:00,Natremie,141.68,mmol/L,135,145
BIO-002475,SEJ-000585,2023-06-03 22:00:00,Creatinine,14.13,mg/L,60,110
BIO-002476,SEJ-000585,2023-06-02 13:00:00,CRP,,mg/L,0,5
BIO-002477,SEJ-000586,2023-09-11 08:00:00,Hemoglobine,114.8,g/L,12,16
BIO-002478,SEJ-000586,2023-09-10 23:00:00,GlobulesBlancs,12.07,G/L,4,10
BIO-002479,SEJ-000586,2023-09-13 11:00:00,Natremie,139.16,mmol/L,135,145
BIO-002480,SEJ-000586,2023-09-09 15:00:00,CRP,-11.08,mg/L,0,5
BIO-002481,SEJ-000586,2023-09-11 04:00:00,Hemoglobine,12.82,g/dL,12,16
BIO-002482,SEJ-000587,2022-12-21 23:00:00,Natremie,144.11,mmol/L,135,145
BIO-002483,SEJ-000587,2022-12-22 15:00:00,Hemoglobine,129.06,g/L,12,16
BIO-002484,SEJ-000588,2023-04-09 03:00:00,GlobulesBlancs,15.39,G/L,4,10
BIO-002485,SEJ-000588,2023-04-08 07:00:00,GlobulesBlancs,6.49,G/L,4,10
BIO-002486,SEJ-000588,2023-04-09 04:00:00,GlobulesBlancs,14.36,G/L,4,10
BIO-002487,SEJ-000588,2023-04-08 20:00:00,Natremie,141.82,mmol/L,135,145
BIO-002488,SEJ-000589,2023-09-09 22:00:00,GlobulesBlancs,13.49,G/L,4,10
BIO-002489,SEJ-000589,2023-09-05 20:00:00,GlobulesBlancs,,G/L,4,10
BIO-002490,SEJ-000590,2023-08-15 14:00:00,Natremie,999.0,mmol/L,135,145
BIO-002491,SEJ-000590,2023-08-16 16:00:00,GlobulesBlancs,12.63,G/L,4,10
BIO-002492,SEJ-000590,2023-08-15 06:00:00,GlobulesBlancs,8.05,G/L,4,10
BIO-002493,SEJ-000590,2023-08-17 16:00:00,Hemoglobine,12.01,g/dL,12,16
BIO-002494,SEJ-000590,2023-08-17 00:00:00,Natremie,136.04,mmol/L,135,145
BIO-002495,SEJ-000590,2023-08-17 06:00:00,Creatinine,98.09,µmol/L,60,110
BIO-002496,SEJ-000590,2023-08-15 11:00:00,CRP,-30.88,mg/L,0,5
BIO-002497,SEJ-000591,2023-07-17 23:00:00,CRP,-39.08,mg/L,0,5
BIO-002498,SEJ-000591,2023-07-19 02:00:00,GlobulesBlancs,9.18,G/L,4,10
BIO-002499,SEJ-000591,2023-07-18 13:00:00,CRP,66.37,mg/L,0,5
BIO-002500,SEJ-000591,2023-07-15 00:00:00,GlobulesBlancs,9.75,G/L,4,10
BIO-002501,SEJ-000591,2023-07-20 03:00:00,Hemoglobine,100.98,g/L,12,16
BIO-002502,SEJ-000591,2023-07-14 08:00:00,CRP,27.24,mg/L,0,5
BIO-002503,SEJ-000591,2023-07-17 08:00:00,Creatinine,13.87,mg/L,60,110
BIO-002504,SEJ-000591,2023-07-18 19:00:00,CRP,,mg/L,0,5
BIO-002505,SEJ-000592,2024-01-07 19:00:00,Hemoglobine,118.27,g/L,12,16
BIO-002506,SEJ-000592,2024-01-07 19:00:00,GlobulesBlancs,13.11,G/L,4,10
BIO-002507,SEJ-000592,2024-01-09 19:00:00,Natremie,137.94,mmol/L,135,145
BIO-002508,SEJ-000592,2024-01-10 05:00:00,Natremie,,mmol/L,135,145
BIO-002509,SEJ-000592,2024-01-09 17:00:00,Hemoglobine,98.47,g/L,12,16
BIO-002510,SEJ-000593,2023-02-17 03:00:00,Creatinine,70.15,µmol/L,60,110
BIO-002511,SEJ-000593,2023-02-15 07:00:00,GlobulesBlancs,8.88,G/L,4,10
BIO-002512,SEJ-000594,2023-11-04 01:00:00,Hemoglobine,127.54,g/L,12,16
BIO-002513,SEJ-000594,2023-11-03 13:00:00,Hemoglobine,85.96,g/L,12,16
BIO-002514,SEJ-000595,2024-04-10 07:00:00,GlobulesBlancs,9.13,G/L,4,10
BIO-002515,SEJ-000595,2024-04-06 20:00:00,Natremie,140.12,mmol/L,135,145
BIO-002516,SEJ-000595,2024-04-07 19:00:00,Creatinine,11.29,mg/L,60,110
BIO-002517,SEJ-000595,2024-04-08 00:00:00,CRP,,mg/L,0,5
BIO-002518,SEJ-000595,2024-04-09 06:00:00,Hemoglobine,110.9,g/L,12,16
BIO-002519,SEJ-000595,2024-04-08 14:00:00,CRP,3.4,mg/L,0,5
BIO-002520,SEJ-000595,2024-04-04 03:00:00,GlobulesBlancs,5.21,G/L,4,10
BIO-002521,SEJ-000595,2024-04-06 13:00:00,Creatinine,95.36,µmol/L,60,110
BIO-002522,SEJ-000595,2024-04-09 20:00:00,Hemoglobine,13.91,g/dL,12,16
BIO-002523,SEJ-000595,2024-04-10 04:00:00,Natremie,,mmol/L,135,145
BIO-002524,SEJ-000596,2023-06-07 16:00:00,Hemoglobine,130.03,g/L,12,16
BIO-002525,SEJ-000596,2023-06-10 10:00:00,Hemoglobine,106.97,g/L,12,16
BIO-002526,SEJ-000596,2023-06-06 21:00:00,GlobulesBlancs,999.0,G/L,4,10
BIO-002527,SEJ-000596,2023-06-11 11:00:00,Hemoglobine,140.54,g/L,12,16
BIO-002528,SEJ-000596,2023-06-06 13:00:00,Natremie,137.68,mmol/L,135,145
BIO-002529,SEJ-000597,2024-05-12 02:00:00,GlobulesBlancs,9.68,G/L,4,10
BIO-002530,SEJ-000597,2024-05-18 09:00:00,Creatinine,112.03,µmol/L,60,110
BIO-002531,SEJ-000597,2024-05-13 08:00:00,Hemoglobine,125.2,g/L,12,16
BIO-002532,SEJ-000597,2024-05-17 10:00:00,Creatinine,11.7,mg/L,60,110
BIO-002533,SEJ-000597,2024-05-20 22:00:00,CRP,27.92,mg/L,0,5
BIO-002534,SEJ-000597,2024-05-19 15:00:00,CRP,22.69,mg/L,0,5
BIO-002535,SEJ-000597,2024-05-15 13:00:00,Hemoglobine,84.1,g/L,12,16
BIO-002536,SEJ-000598,2023-07-22 07:00:00,GlobulesBlancs,6.64,G/L,4,10
BIO-002537,SEJ-000598,2023-07-20 05:00:00,Creatinine,8.58,mg/L,60,110
BIO-002538,SEJ-000598,2023-07-20 06:00:00,GlobulesBlancs,5.23,G/L,4,10
BIO-002539,SEJ-000598,2023-07-22 06:00:00,CRP,376.31,mg/L,0,5
BIO-002540,SEJ-000598,2023-07-22 08:00:00,Natremie,141.27,mmol/L,135,145
BIO-002541,SEJ-000598,2023-07-21 19:00:00,GlobulesBlancs,7.72,G/L,4,10
BIO-002542,SEJ-000598,2023-07-20 16:00:00,Natremie,137.0,mmol/L,135,145
BIO-002543,SEJ-000599,2024-02-21 07:00:00,CRP,21.87,mg/L,0,5
BIO-002544,SEJ-000599,2024-02-20 16:00:00,Natremie,140.88,mmol/L,135,145
BIO-002545,SEJ-000600,2023-01-20 21:00:00,Natremie,140.33,mmol/L,135,145
BIO-002546,SEJ-000600,2023-01-21 19:00:00,Natremie,,mmol/L,135,145
BIO-002547,SEJ-000600,2023-01-21 03:00:00,GlobulesBlancs,13.48,G/L,4,10
BIO-002548,SEJ-000600,2023-01-21 20:00:00,Natremie,137.53,mmol/L,135,145
BIO-002549,SEJ-000600,2023-01-21 17:00:00,CRP,7.25,mg/L,0,5
BIO-002550,SEJ-000601,2023-10-29 14:00:00,CRP,73.31,mg/L,0,5
BIO-002551,SEJ-000601,2023-10-29 19:00:00,Natremie,1411.0,mmol/L,135,145
BIO-002552,SEJ-000601,2023-10-29 13:00:00,Creatinine,7.93,mg/L,60,110
BIO-002553,SEJ-000602,2023-10-21 10:00:00,Natremie,137.36,mmol/L,135,145
BIO-002554,SEJ-000602,2023-10-21 02:00:00,Natremie,139.75,mmol/L,135,145
BIO-002555,SEJ-000603,2023-05-15 11:00:00,CRP,0.3,mg/L,0,5
BIO-002556,SEJ-000603,2023-05-16 07:00:00,Creatinine,,µmol/L,60,110
BIO-002557,SEJ-000604,2024-01-17 10:00:00,Hemoglobine,12.66,g/dL,12,16
BIO-002558,SEJ-999999,2024-01-17 20:00:00,Natremie,142.09,mmol/L,135,145
BIO-002559,SEJ-000604,2024-01-17 03:00:00,Hemoglobine,138.26,g/L,12,16
BIO-002560,SEJ-000604,2024-01-17 09:00:00,GlobulesBlancs,999.0,G/L,4,10
BIO-002561,SEJ-000605,2023-08-16 04:00:00,GlobulesBlancs,8.19,G/L,4,10
BIO-002562,SEJ-000605,2023-08-18 04:00:00,CRP,29.16,mg/L,0,5
BIO-002563,SEJ-000605,2023-08-17 10:00:00,Natremie,139.5,mmol/L,135,145
BIO-002564,SEJ-000605,2023-08-18 15:00:00,Natremie,135.44,mmol/L,135,145
BIO-002565,SEJ-000606,2024-04-11 11:00:00,Hemoglobine,106.35,g/L,12,16
BIO-002566,SEJ-000606,2024-04-07 10:00:00,Creatinine,4.27,mg/L,60,110
BIO-002567,SEJ-000606,2024-04-06 13:00:00,GlobulesBlancs,16.63,G/L,4,10
BIO-002568,SEJ-000606,2024-04-08 18:00:00,Natremie,,mmol/L,135,145
BIO-002569,SEJ-000607,2024-01-05 12:00:00,CRP,,mg/L,0,5
BIO-002570,SEJ-000607,2024-01-06 17:00:00,Hemoglobine,149.99,g/L,12,16
BIO-002571,SEJ-000607,2024-01-05 10:00:00,GlobulesBlancs,9.0,G/L,4,10
BIO-002572,SEJ-000607,2024-01-06 07:00:00,CRP,9.01,mg/L,0,5
BIO-002573,SEJ-000607,2024-01-06 09:00:00,Natremie,138.89,mmol/L,135,145
BIO-002574,SEJ-000608,2023-03-09 05:00:00,Hemoglobine,113.0,g/dL,12,16
BIO-002575,SEJ-000608,2023-03-16 01:00:00,Natremie,6.75,mmol/L,135,145
BIO-002576,SEJ-000608,2023-03-08 12:00:00,CRP,50.12,mg/L,0,5
BIO-002577,SEJ-000608,2023-03-14 00:00:00,CRP,,mg/L,0,5
BIO-002578,SEJ-000608,2023-03-09 04:00:00,Natremie,137.22,mmol/L,135,145
BIO-002579,SEJ-000608,2023-03-11 05:00:00,CRP,19.15,mg/L,0,5
BIO-002580,SEJ-000609,2023-02-21 05:00:00,Creatinine,8.11,µmol/L,60,110
BIO-002581,SEJ-000609,2023-02-16 20:00:00,Natremie,132.83,mmol/L,135,145
BIO-002582,SEJ-000609,2023-02-16 22:00:00,Natremie,142.9,mmol/L,135,145
BIO-002583,SEJ-000609,2023-02-20 10:00:00,Creatinine,9.67,mg/L,60,110
BIO-002584,SEJ-000609,2023-02-14 20:00:00,Hemoglobine,139.09,g/L,12,16
BIO-002585,SEJ-000610,2024-02-02 09:00:00,Creatinine,126.05,µmol/L,60,110
BIO-002586,SEJ-999999,2024-02-04 03:00:00,GlobulesBlancs,7.35,G/L,4,10
BIO-002587,SEJ-000610,2024-02-04 10:00:00,Hemoglobine,10.83,g/dL,12,16
BIO-002588,SEJ-000610,2024-02-05 02:00:00,Hemoglobine,12.76,g/dL,12,16
BIO-002589,SEJ-000611,2023-10-10 07:00:00,Natremie,141.37,mmol/L,135,145
BIO-002590,SEJ-000611,2023-10-10 11:00:00,Natremie,140.59,mmol/L,135,145
BIO-002591,SEJ-000611,2023-10-09 22:00:00,Hemoglobine,110.26,g/L,12,16
BIO-002592,SEJ-000611,2023-10-09 12:00:00,GlobulesBlancs,9.9,G/L,4,10
BIO-002593,SEJ-000611,2023-10-09 05:00:00,Hemoglobine,11.85,g/dL,12,16
BIO-002594,SEJ-000611,2023-10-09 20:00:00,Natremie,139.35,mmol/L,135,145
BIO-002595,SEJ-000611,2023-10-09 08:00:00,Creatinine,71.49,µmol/L,60,110
BIO-002596,SEJ-000611,2023-10-09 02:00:00,GlobulesBlancs,9.43,G/L,4,10
BIO-002597,SEJ-000612,2024-04-01 13:00:00,Hemoglobine,12.08,g/dL,12,16
BIO-002598,SEJ-000612,2024-04-04 09:00:00,GlobulesBlancs,5.41,G/L,4,10
BIO-002599,SEJ-000613,2023-12-07 20:00:00,GlobulesBlancs,7.13,G/L,4,10
BIO-002600,SEJ-000613,2023-12-04 21:00:00,CRP,16.21,mg/L,0,5
BIO-002601,SEJ-000613,2023-12-07 11:00:00,Natremie,136.07,mmol/L,135,145
BIO-002602,SEJ-000614,2023-04-26 18:00:00,CRP,4.92,mg/L,0,5
BIO-002603,SEJ-000614,2023-04-27 17:00:00,GlobulesBlancs,7.31,G/L,4,10
BIO-002604,SEJ-000614,2023-04-26 22:00:00,Creatinine,89.01,µmol/L,60,110
BIO-002605,SEJ-000615,2023-04-04 20:00:00,GlobulesBlancs,5.3,G/L,4,10
BIO-002606,SEJ-000615,2023-04-05 03:00:00,GlobulesBlancs,6.47,G/L,4,10
BIO-002607,SEJ-000615,2023-04-05 19:00:00,Creatinine,15.78,mg/L,60,110
BIO-002608,SEJ-000616,2023-01-03 08:00:00,Creatinine,9.45,mg/L,60,110
BIO-002609,SEJ-000616,2022-12-30 02:00:00,Hemoglobine,125.11,g/L,12,16
BIO-002610,SEJ-000616,2023-01-04 21:00:00,GlobulesBlancs,8.7,G/L,4,10
BIO-002611,SEJ-000616,2023-01-01 21:00:00,GlobulesBlancs,14.69,G/L,4,10
BIO-002612,SEJ-000616,2023-01-06 07:00:00,Natremie,141.45,mmol/L,135,145
BIO-002613,SEJ-000616,2023-01-07 14:00:00,Natremie,137.51,mmol/L,135,145
BIO-002614,SEJ-000617,2024-03-20 09:00:00,CRP,30.8,mg/L,0,5
BIO-002615,SEJ-000617,2024-03-22 23:00:00,Creatinine,105.37,µmol/L,60,110
BIO-002616,SEJ-000617,2024-03-19 15:00:00,Hemoglobine,126.47,g/L,12,16
BIO-002617,SEJ-000618,2023-05-11 23:00:00,Hemoglobine,12.2,g/dL,12,16
BIO-002618,SEJ-000618,2023-05-11 17:00:00,CRP,17.81,mg/L,0,5
BIO-002619,SEJ-000618,2023-05-13 11:00:00,Hemoglobine,139.45,g/L,12,16
BIO-002620,SEJ-999999,2023-05-12 07:00:00,Creatinine,7.34,mg/L,60,110
BIO-002621,SEJ-000619,2023-10-23 02:00:00,Hemoglobine,137.43,g/L,12,16
BIO-002622,SEJ-000619,2023-10-20 02:00:00,GlobulesBlancs,1.97,G/L,4,10
BIO-002623,SEJ-000619,2023-10-21 04:00:00,Hemoglobine,14.56,g/dL,12,16
BIO-002624,SEJ-000619,2023-10-23 00:00:00,GlobulesBlancs,11.75,G/L,4,10
BIO-002625,SEJ-000619,2023-10-23 05:00:00,Creatinine,11.02,mg/L,60,110
BIO-002626,SEJ-000620,2023-02-26 15:00:00,Hemoglobine,,g/L,12,16
BIO-002627,SEJ-000620,2023-02-26 11:00:00,Hemoglobine,,g/L,12,16
BIO-002628,SEJ-000621,2023-06-29 12:00:00,GlobulesBlancs,10.78,G/L,4,10
BIO-002629,SEJ-000621,2023-06-30 13:00:00,GlobulesBlancs,14.33,G/L,4,10
BIO-002630,SEJ-000621,2023-06-29 20:00:00,CRP,13.5,mg/L,0,5
BIO-002631,SEJ-000622,2023-07-07 16:00:00,GlobulesBlancs,14.17,G/L,4,10
BIO-002632,SEJ-000622,2023-07-07 09:00:00,Natremie,136.56,mmol/L,135,145
BIO-002633,SEJ-000622,2023-07-07 14:00:00,GlobulesBlancs,7.7,G/L,4,10
BIO-002634,SEJ-000622,2023-07-07 14:00:00,Creatinine,51.24,µmol/L,60,110
BIO-002635,SEJ-000622,2023-07-06 21:00:00,Natremie,136.18,mmol/L,135,145
BIO-002636,SEJ-000622,2023-07-06 12:00:00,GlobulesBlancs,12.27,G/L,4,10
BIO-002637,SEJ-000623,2023-01-14 23:00:00,CRP,,mg/L,0,5
BIO-002638,SEJ-000623,2023-01-14 01:00:00,Natremie,138.62,mmol/L,135,145
BIO-002639,SEJ-000623,2023-01-13 10:00:00,GlobulesBlancs,12.71,G/L,4,10
BIO-002640,SEJ-000623,2023-01-14 03:00:00,Hemoglobine,12.08,g/dL,12,16
BIO-002641,SEJ-999999,2023-04-22 10:00:00,GlobulesBlancs,6.77,G/L,4,10
BIO-002642,SEJ-000624,2023-04-21 23:00:00,GlobulesBlancs,7.23,G/L,4,10
BIO-002643,SEJ-000625,2023-10-21 06:00:00,Hemoglobine,13.1,g/dL,12,16
BIO-002644,SEJ-000625,2023-10-20 02:00:00,GlobulesBlancs,4.39,G/L,4,10
BIO-002645,SEJ-000625,2023-10-19 21:00:00,Creatinine,4.64,mg/L,60,110
BIO-002646,SEJ-000625,2023-10-19 17:00:00,Creatinine,92.56,µmol/L,60,110
BIO-002647,SEJ-000626,2023-10-21 09:00:00,Natremie,138.69,mmol/L,135,145
BIO-002648,SEJ-000626,2023-10-21 16:00:00,Creatinine,78.48,µmol/L,60,110
BIO-002649,SEJ-000626,2023-10-21 17:00:00,GlobulesBlancs,9.82,G/L,4,10
BIO-002650,SEJ-000627,2023-06-08 18:00:00,GlobulesBlancs,11.86,G/L,4,10
BIO-002651,SEJ-000627,2023-06-09 12:00:00,Hemoglobine,154.9,g/L,12,16
BIO-002652,SEJ-999999,2023-04-22 03:00:00,Hemoglobine,10.49,g/dL,12,16
BIO-002653,SEJ-000628,2023-04-19 04:00:00,Natremie,139.68,mmol/L,135,145
BIO-002654,SEJ-000628,2023-04-24 04:00:00,Hemoglobine,12.36,g/dL,12,16
BIO-002655,SEJ-000629,2024-03-06 22:00:00,Creatinine,999.0,µmol/L,60,110
BIO-002656,SEJ-000629,2024-03-07 03:00:00,GlobulesBlancs,,G/L,4,10
BIO-002657,SEJ-000629,2024-03-09 10:00:00,CRP,,mg/L,0,5
BIO-002658,SEJ-000629,2024-03-06 18:00:00,GlobulesBlancs,,G/L,4,10
BIO-002659,SEJ-000629,2024-03-06 06:00:00,CRP,10.3,mg/L,0,5
BIO-002660,SEJ-000630,2024-02-15 15:00:00,CRP,37.09,mg/L,0,5
BIO-002661,SEJ-000630,2024-02-15 10:00:00,CRP,-2.42,mg/L,0,5
BIO-002662,SEJ-000630,2024-02-11 21:00:00,Hemoglobine,108.43,g/L,12,16
BIO-002663,SEJ-000630,2024-02-12 16:00:00,GlobulesBlancs,5.28,G/L,4,10
BIO-002664,SEJ-000630,2024-02-14 17:00:00,GlobulesBlancs,9.46,G/L,4,10
BIO-002665,SEJ-000630,2024-02-10 23:00:00,Creatinine,,µmol/L,60,110
BIO-002666,SEJ-000631,2024-04-01 20:00:00,Hemoglobine,134.17,g/L,12,16
BIO-002667,SEJ-000631,2024-04-03 22:00:00,Natremie,136.8,mmol/L,135,145
BIO-002668,SEJ-000632,2023-09-02 02:00:00,GlobulesBlancs,,G/L,4,10
BIO-002669,SEJ-000632,2023-08-28 18:00:00,Hemoglobine,14.22,g/dL,12,16
BIO-002670,SEJ-000632,2023-08-29 04:00:00,Hemoglobine,11.34,g/dL,12,16
BIO-002671,SEJ-000632,2023-08-28 17:00:00,Natremie,141.61,mmol/L,135,145
BIO-002672,SEJ-000633,2024-05-16 16:00:00,Creatinine,0.3,mg/L,60,110
BIO-002673,SEJ-000633,2024-05-16 07:00:00,CRP,5.98,mg/L,0,5
BIO-002674,SEJ-000634,2024-05-26 15:00:00,Creatinine,,mg/L,60,110
BIO-002675,SEJ-000634,2024-05-26 08:00:00,GlobulesBlancs,8.36,G/L,4,10
BIO-002676,SEJ-000635,2023-07-02 07:00:00,Natremie,,mmol/L,135,145
BIO-002677,SEJ-000635,2023-07-03 17:00:00,Creatinine,68.56,µmol/L,60,110
BIO-002678,SEJ-000635,2023-07-05 16:00:00,GlobulesBlancs,999.0,G/L,4,10
BIO-002679,SEJ-000635,2023-07-05 00:00:00,Creatinine,127.62,µmol/L,60,110
BIO-002680,SEJ-000636,2023-09-30 10:00:00,CRP,-36.68,mg/L,0,5
BIO-002681,SEJ-000636,2023-09-28 18:00:00,CRP,-4.69,mg/L,0,5
BIO-002682,SEJ-000637,2022-12-25 09:00:00,Hemoglobine,88.86,g/L,12,16
BIO-002683,SEJ-000637,2022-12-25 20:00:00,Creatinine,105.71,µmol/L,60,110
BIO-002684,SEJ-000637,2022-12-28 01:00:00,GlobulesBlancs,8.93,G/L,4,10
BIO-002685,SEJ-000637,2022-12-29 14:00:00,Hemoglobine,9.97,g/dL,12,16
BIO-002686,SEJ-000637,2022-12-27 18:00:00,GlobulesBlancs,8.05,G/L,4,10
BIO-002687,SEJ-000637,2022-12-28 11:00:00,Hemoglobine,8.43,g/dL,12,16
BIO-002688,SEJ-000638,2023-07-12 03:00:00,Natremie,140.53,mmol/L,135,145
BIO-002689,SEJ-000638,2023-07-23 20:00:00,Creatinine,45.68,µmol/L,60,110
BIO-002690,SEJ-000638,2023-07-16 16:00:00,Hemoglobine,101.44,g/L,12,16
BIO-002691,SEJ-000639,2023-07-18 11:00:00,CRP,-11.88,mg/L,0,5
BIO-002692,SEJ-000639,2023-07-17 05:00:00,Natremie,139.18,mmol/L,135,145
BIO-002693,SEJ-000639,2023-07-18 04:00:00,Natremie,138.67,mmol/L,135,145
BIO-002694,SEJ-000639,2023-07-17 13:00:00,Creatinine,16.57,mg/L,60,110
BIO-002695,SEJ-000639,2023-07-18 21:00:00,GlobulesBlancs,6.3,G/L,4,10
BIO-002696,SEJ-999999,2023-11-29 16:00:00,GlobulesBlancs,,G/L,4,10
BIO-002697,SEJ-000640,2023-11-29 07:00:00,Creatinine,7.75,mg/L,60,110
BIO-002698,SEJ-000640,2023-11-29 04:00:00,Hemoglobine,11.83,g/dL,12,16
BIO-002699,SEJ-000640,2023-12-01 10:00:00,Hemoglobine,11.53,g/dL,12,16
BIO-002700,SEJ-000640,2023-12-01 08:00:00,Natremie,131.77,mmol/L,135,145
BIO-002701,SEJ-000641,2024-01-08 00:00:00,Natremie,142.03,mmol/L,135,145
BIO-002702,SEJ-000641,2024-01-06 20:00:00,GlobulesBlancs,6.78,G/L,4,10
BIO-002703,SEJ-000641,2024-01-05 12:00:00,Creatinine,7.19,mg/L,60,110
BIO-002704,SEJ-000641,2024-01-08 19:00:00,Natremie,137.96,mmol/L,135,145
BIO-002705,SEJ-000641,2024-01-08 07:00:00,Natremie,137.13,mmol/L,135,145
BIO-002706,SEJ-000642,2023-09-05 11:00:00,CRP,,mg/L,0,5
BIO-002707,SEJ-000642,2023-09-05 04:00:00,Natremie,135.66,mmol/L,135,145
BIO-002708,SEJ-000642,2023-09-03 23:00:00,CRP,1.94,mg/L,0,5
BIO-002709,SEJ-000643,2023-01-27 08:00:00,CRP,34.2,mg/L,0,5
BIO-002710,SEJ-000643,2023-01-27 01:00:00,Natremie,136.29,mmol/L,135,145
BIO-002711,SEJ-000644,2024-01-05 10:00:00,Creatinine,,µmol/L,60,110
BIO-002712,SEJ-000644,2024-01-05 10:00:00,CRP,999.0,mg/L,0,5
BIO-002713,SEJ-000644,2024-01-05 05:00:00,CRP,16.65,mg/L,0,5
BIO-002714,SEJ-000645,2023-09-22 09:00:00,Natremie,136.37,mmol/L,135,145
BIO-002715,SEJ-000645,2023-09-16 12:00:00,Natremie,135.75,mmol/L,135,145
BIO-002716,SEJ-000645,2023-09-22 06:00:00,Natremie,140.3,mmol/L,135,145
BIO-002717,SEJ-000646,2023-05-17 20:00:00,CRP,-63.42,mg/L,0,5
BIO-002718,SEJ-000646,2023-05-17 21:00:00,GlobulesBlancs,6.11,G/L,4,10
BIO-002719,SEJ-000646,2023-05-17 10:00:00,GlobulesBlancs,7.17,G/L,4,10
BIO-002720,SEJ-000646,2023-05-17 03:00:00,GlobulesBlancs,8.86,G/L,4,10
BIO-002721,SEJ-000647,2023-03-18 23:00:00,Natremie,140.43,mmol/L,135,145
BIO-002722,SEJ-000647,2023-03-17 11:00:00,Hemoglobine,13.29,g/dL,12,16
BIO-002723,SEJ-000647,2023-03-16 09:00:00,Natremie,139.4,mmol/L,135,145
BIO-002724,SEJ-000647,2023-03-19 19:00:00,CRP,38.6,mg/L,0,5
BIO-002725,SEJ-000647,2023-03-17 15:00:00,Creatinine,46.51,µmol/L,60,110
BIO-002726,SEJ-000648,2024-01-13 06:00:00,GlobulesBlancs,17.22,G/L,4,10
BIO-002727,SEJ-000648,2024-01-12 13:00:00,Hemoglobine,10.78,g/dL,12,16
BIO-002728,SEJ-000649,2023-06-11 03:00:00,Creatinine,7.41,mg/L,60,110
BIO-002729,SEJ-000649,2023-06-11 18:00:00,CRP,37.37,mg/L,0,5
BIO-002730,SEJ-000649,2023-06-13 02:00:00,Creatinine,14.05,mg/L,60,110
BIO-002731,SEJ-000649,2023-06-12 03:00:00,CRP,71.22,mg/L,0,5
BIO-002732,SEJ-000649,2023-06-13 12:00:00,CRP,-21.54,mg/L,0,5
BIO-002733,SEJ-000650,2023-10-14 19:00:00,Natremie,999.0,mmol/L,135,145
BIO-002734,SEJ-000650,2023-10-19 16:00:00,Natremie,133.1,mmol/L,135,145
BIO-002735,SEJ-000650,2023-10-16 06:00:00,Creatinine,74.53,µmol/L,60,110
BIO-002736,SEJ-000651,2023-10-01 03:00:00,CRP,21.76,mg/L,0,5
BIO-002737,SEJ-000651,2023-10-01 11:00:00,Creatinine,13.03,mg/L,60,110
BIO-002738,SEJ-000652,2023-09-21 02:00:00,Natremie,135.8,mmol/L,135,145
BIO-002739,SEJ-000652,2023-09-22 08:00:00,Hemoglobine,86.13,g/L,12,16
BIO-002740,SEJ-000652,2023-09-19 21:00:00,Hemoglobine,113.94,g/L,12,16
BIO-002741,SEJ-000653,2023-06-15 11:00:00,Natremie,,mmol/L,135,145
BIO-002742,SEJ-000653,2023-06-13 22:00:00,Creatinine,,mg/L,60,110
BIO-002743,SEJ-000653,2023-06-15 15:00:00,GlobulesBlancs,12.02,G/L,4,10
BIO-002744,SEJ-000653,2023-06-11 13:00:00,Hemoglobine,11.74,g/dL,12,16
BIO-002745,SEJ-000653,2023-06-14 02:00:00,GlobulesBlancs,8.22,G/L,4,10
BIO-002746,SEJ-000654,2024-05-10 23:00:00,CRP,-35.31,mg/L,0,5
BIO-002747,SEJ-000654,2024-05-10 16:00:00,Natremie,135.4,mmol/L,135,145
BIO-002748,SEJ-000654,2024-05-10 21:00:00,Hemoglobine,103.92,g/L,12,16
BIO-002749,SEJ-000655,2023-01-23 03:00:00,CRP,34.93,mg/L,0,5
BIO-002750,SEJ-000655,2023-01-23 21:00:00,Creatinine,999.0,µmol/L,60,110
BIO-002751,SEJ-000655,2023-01-21 19:00:00,Natremie,,mmol/L,135,145
BIO-002752,SEJ-000655,2023-01-21 18:00:00,GlobulesBlancs,4.41,G/L,4,10
BIO-002753,SEJ-000655,2023-01-25 21:00:00,GlobulesBlancs,7.94,G/L,4,10
BIO-002754,SEJ-000655,2023-01-25 09:00:00,Hemoglobine,12.65,g/dL,12,16
BIO-002755,SEJ-000655,2023-01-24 00:00:00,GlobulesBlancs,8.16,G/L,4,10
BIO-002756,SEJ-000656,2024-03-01 05:00:00,CRP,,mg/L,0,5
BIO-002757,SEJ-000656,2024-03-01 14:00:00,CRP,46.35,mg/L,0,5
BIO-002758,SEJ-000657,2024-03-08 12:00:00,Natremie,130.28,mmol/L,135,145
BIO-002759,SEJ-000657,2024-03-08 10:00:00,Hemoglobine,134.42,g/L,12,16
BIO-002760,SEJ-000657,2024-03-07 20:00:00,Creatinine,95.25,µmol/L,60,110
BIO-002761,SEJ-000657,2024-03-07 08:00:00,Hemoglobine,11.37,g/dL,12,16
BIO-002762,SEJ-000657,2024-03-07 01:00:00,CRP,23.36,mg/L,0,5
BIO-002763,SEJ-999999,2024-03-08 17:00:00,Natremie,143.47,mmol/L,135,145
BIO-002764,SEJ-000658,2024-05-03 10:00:00,CRP,-24.92,mg/L,0,5
BIO-002765,SEJ-000658,2024-05-03 17:00:00,Hemoglobine,103.95,g/L,12,16
BIO-002766,SEJ-000658,2024-05-02 08:00:00,Natremie,138.52,mmol/L,135,145
BIO-002767,SEJ-000658,2024-04-26 16:00:00,Natremie,139.27,mmol/L,135,145
BIO-002768,SEJ-000658,2024-05-03 11:00:00,GlobulesBlancs,2.13,G/L,4,10
BIO-002769,SEJ-000659,2024-03-29 17:00:00,CRP,30.0,mg/L,0,5
BIO-002770,SEJ-000659,2024-03-31 17:00:00,Creatinine,8.23,mg/L,60,110
BIO-002771,SEJ-000659,2024-03-28 18:00:00,GlobulesBlancs,11.24,G/L,4,10
BIO-002772,SEJ-000659,2024-03-30 00:00:00,Natremie,,mmol/L,135,145
BIO-002773,SEJ-000659,2024-03-27 21:00:00,GlobulesBlancs,9.67,G/L,4,10
BIO-002774,SEJ-000660,2023-09-08 06:00:00,Hemoglobine,120.83,g/L,12,16
BIO-002775,SEJ-000660,2023-09-10 22:00:00,Creatinine,999.0,µmol/L,60,110
BIO-002776,SEJ-000660,2023-09-09 17:00:00,Creatinine,52.01,µmol/L,60,110
BIO-002777,SEJ-000660,2023-09-08 15:00:00,Natremie,136.43,mmol/L,135,145
BIO-002778,SEJ-000660,2023-09-10 00:00:00,CRP,9.29,mg/L,0,5
BIO-002779,SEJ-000660,2023-09-10 17:00:00,Natremie,133.05,mmol/L,135,145
BIO-002780,SEJ-000660,2023-09-09 03:00:00,Natremie,136.88,mmol/L,135,145
BIO-002781,SEJ-000660,2023-09-08 02:00:00,GlobulesBlancs,6.31,G/L,4,10
BIO-002782,SEJ-000660,2023-09-09 13:00:00,Hemoglobine,12.05,g/dL,12,16
BIO-002783,SEJ-999999,2023-09-09 02:00:00,Hemoglobine,121.64,g/L,12,16
BIO-002784,SEJ-999999,2024-02-15 12:00:00,CRP,52.77,mg/L,0,5
BIO-002785,SEJ-000661,2024-02-16 18:00:00,CRP,999.0,mg/L,0,5
BIO-002786,SEJ-000661,2024-02-15 07:00:00,Natremie,136.29,mmol/L,135,145
BIO-002787,SEJ-000661,2024-02-15 13:00:00,Natremie,-138.79,mmol/L,135,145
BIO-002788,SEJ-000662,2023-12-12 17:00:00,Hemoglobine,12.27,g/dL,12,16
BIO-002789,SEJ-000662,2023-12-09 21:00:00,Hemoglobine,11.96,g/dL,12,16
BIO-002790,SEJ-000662,2023-12-11 06:00:00,Hemoglobine,13.46,g/dL,12,16
BIO-002791,SEJ-000662,2023-12-08 10:00:00,Creatinine,10.83,mg/L,60,110
BIO-002792,SEJ-000662,2023-12-11 14:00:00,Hemoglobine,,g/dL,12,16
BIO-002793,SEJ-000662,2023-12-08 12:00:00,Natremie,132.91,mmol/L,135,145
BIO-002794,SEJ-000662,2023-12-11 15:00:00,Natremie,139.35,mmol/L,135,145
BIO-002795,SEJ-000663,2023-12-17 17:00:00,Natremie,136.18,mmol/L,135,145
BIO-002796,SEJ-000663,2023-12-18 11:00:00,Creatinine,10.52,mg/L,60,110
BIO-002797,SEJ-000663,2023-12-17 12:00:00,Natremie,133.77,mmol/L,135,145
BIO-002798,SEJ-000663,2023-12-18 09:00:00,Natremie,-135.32,mmol/L,135,145
BIO-002799,SEJ-000663,2023-12-18 14:00:00,Natremie,144.17,mmol/L,135,145
BIO-002800,SEJ-000664,2024-04-06 13:00:00,Creatinine,10.62,mg/L,60,110
BIO-002801,SEJ-000664,2024-04-06 21:00:00,Hemoglobine,11.47,g/dL,12,16
BIO-002802,SEJ-000664,2024-04-08 12:00:00,CRP,-8.71,mg/L,0,5
BIO-002803,SEJ-000664,2024-04-07 14:00:00,Hemoglobine,102.87,g/L,12,16
BIO-002804,SEJ-000664,2024-04-11 09:00:00,Creatinine,,mg/L,60,110
BIO-002805,SEJ-000664,2024-04-11 12:00:00,GlobulesBlancs,7.78,G/L,4,10
BIO-002806,SEJ-000664,2024-04-07 07:00:00,Creatinine,12.19,mg/L,60,110
BIO-002807,SEJ-000665,2023-12-24 01:00:00,GlobulesBlancs,15.55,G/L,4,10
BIO-002808,SEJ-000665,2023-12-24 23:00:00,Creatinine,114.64,µmol/L,60,110
BIO-002809,SEJ-000665,2023-12-22 17:00:00,GlobulesBlancs,9.82,G/L,4,10
BIO-002810,SEJ-000666,2023-08-26 18:00:00,Natremie,999.0,mmol/L,135,145
BIO-002811,SEJ-999999,2023-08-25 04:00:00,Hemoglobine,13.35,g/dL,12,16
BIO-002812,SEJ-999999,2023-03-21 00:00:00,Natremie,134.65,mmol/L,135,145
BIO-002813,SEJ-000667,2023-03-23 09:00:00,CRP,24.48,mg/L,0,5
BIO-002814,SEJ-000667,2023-03-23 10:00:00,GlobulesBlancs,0.15,G/L,4,10
BIO-002815,SEJ-000668,2023-11-29 04:00:00,GlobulesBlancs,10.3,G/L,4,10
BIO-002816,SEJ-000668,2023-12-01 00:00:00,Hemoglobine,11.72,g/dL,12,16
BIO-002817,SEJ-000668,2023-11-30 20:00:00,Natremie,136.51,mmol/L,135,145
BIO-002818,SEJ-000669,2023-06-13 17:00:00,Creatinine,30.82,µmol/L,60,110
BIO-002819,SEJ-000669,2023-06-12 07:00:00,GlobulesBlancs,10.01,G/L,4,10
BIO-002820,SEJ-000669,2023-06-11 02:00:00,Natremie,,mmol/L,135,145
BIO-002821,SEJ-000669,2023-06-10 01:00:00,GlobulesBlancs,,G/L,4,10
BIO-002822,SEJ-000670,2023-01-05 13:00:00,Creatinine,14.09,mg/L,60,110
BIO-002823,SEJ-000670,2023-01-07 10:00:00,CRP,-9.43,mg/L,0,5
BIO-002824,SEJ-000670,2023-01-07 00:00:00,CRP,28.04,mg/L,0,5
BIO-002825,SEJ-000670,2023-01-06 21:00:00,Natremie,139.6,mmol/L,135,145
BIO-002826,SEJ-000670,2023-01-06 04:00:00,GlobulesBlancs,7.75,G/L,4,10
BIO-002827,SEJ-000670,2023-01-06 22:00:00,Creatinine,,µmol/L,60,110
BIO-002828,SEJ-000671,2023-06-06 16:00:00,GlobulesBlancs,10.68,G/L,4,10
BIO-002829,SEJ-000671,2023-06-04 17:00:00,Natremie,132.74,mmol/L,135,145
BIO-002830,SEJ-000671,2023-06-04 07:00:00,Hemoglobine,120.64,g/L,12,16
BIO-002831,SEJ-000672,2023-09-14 08:00:00,Natremie,141.13,mmol/L,135,145
BIO-002832,SEJ-000672,2023-09-14 22:00:00,CRP,45.94,mg/L,0,5
BIO-002833,SEJ-000672,2023-09-14 07:00:00,CRP,30.77,mg/L,0,5
BIO-002834,SEJ-000672,2023-09-14 16:00:00,Natremie,135.99,mmol/L,135,145
BIO-002835,SEJ-000672,2023-09-14 13:00:00,Hemoglobine,14.42,g/dL,12,16
BIO-002836,SEJ-000672,2023-09-14 03:00:00,CRP,8.38,mg/L,0,5
BIO-002837,SEJ-000672,2023-09-14 11:00:00,Creatinine,13.73,mg/L,60,110
BIO-002838,SEJ-000673,2024-03-08 17:00:00,GlobulesBlancs,0.31,G/L,4,10
BIO-002839,SEJ-000673,2024-03-01 12:00:00,GlobulesBlancs,7.62,G/L,4,10
BIO-002840,SEJ-000674,2023-04-28 14:00:00,CRP,63.42,mg/L,0,5
BIO-002841,SEJ-000674,2023-04-30 11:00:00,Natremie,141.33,mmol/L,135,145
BIO-002842,SEJ-000674,2023-04-28 19:00:00,Natremie,137.62,mmol/L,135,145
BIO-002843,SEJ-999999,2023-04-27 22:00:00,Hemoglobine,,g/L,12,16
BIO-002844,SEJ-000675,2024-03-14 11:00:00,CRP,72.55,mg/L,0,5
BIO-002845,SEJ-000675,2024-03-17 14:00:00,CRP,0.86,mg/L,0,5
BIO-002846,SEJ-000676,2023-11-22 06:00:00,GlobulesBlancs,,G/L,4,10
BIO-002847,SEJ-000676,2023-11-21 22:00:00,Creatinine,114.53,µmol/L,60,110
BIO-002848,SEJ-000677,2024-01-26 09:00:00,Natremie,130.17,mmol/L,135,145
BIO-002849,SEJ-000677,2024-01-26 09:00:00,GlobulesBlancs,17.89,G/L,4,10
BIO-002850,SEJ-999999,2024-01-26 21:00:00,CRP,21.81,mg/L,0,5
BIO-002851,SEJ-000677,2024-01-26 03:00:00,GlobulesBlancs,9.03,G/L,4,10
BIO-002852,SEJ-000678,2024-02-29 08:00:00,Hemoglobine,13.0,g/dL,12,16
BIO-002853,SEJ-000678,2024-02-28 20:00:00,GlobulesBlancs,10.42,G/L,4,10
BIO-002854,SEJ-000679,2023-11-08 13:00:00,Hemoglobine,103.5,g/L,12,16
BIO-002855,SEJ-000679,2023-11-08 02:00:00,Creatinine,,µmol/L,60,110
BIO-002856,SEJ-000679,2023-11-08 10:00:00,Natremie,136.48,mmol/L,135,145
BIO-002857,SEJ-000679,2023-11-08 08:00:00,GlobulesBlancs,7.68,G/L,4,10
BIO-002858,SEJ-000679,2023-11-08 05:00:00,Creatinine,117.61,µmol/L,60,110
BIO-002859,SEJ-000679,2023-11-08 04:00:00,Creatinine,8.74,mg/L,60,110
BIO-002860,SEJ-000680,2023-04-26 07:00:00,Hemoglobine,12.74,g/dL,12,16
BIO-002861,SEJ-000680,2023-04-26 21:00:00,Natremie,139.77,mmol/L,135,145
BIO-002862,SEJ-000680,2023-04-26 16:00:00,Hemoglobine,146.44,g/L,12,16
BIO-002863,SEJ-000681,2024-03-05 15:00:00,Natremie,144.67,mmol/L,135,145
BIO-002864,SEJ-000681,2024-03-06 22:00:00,GlobulesBlancs,2.92,G/L,4,10
BIO-002865,SEJ-000681,2024-03-05 21:00:00,Natremie,138.01,mmol/L,135,145
BIO-002866,SEJ-000681,2024-03-07 05:00:00,CRP,28.22,mg/L,0,5
BIO-002867,SEJ-000682,2024-04-23 17:00:00,Creatinine,89.32,µmol/L,60,110
BIO-002868,SEJ-000682,2024-04-23 19:00:00,Creatinine,127.83,µmol/L,60,110
BIO-002869,SEJ-000682,2024-04-21 18:00:00,Natremie,135.4,mmol/L,135,145
BIO-002870,SEJ-000682,2024-04-19 22:00:00,Hemoglobine,118.59,g/L,12,16
BIO-002871,SEJ-000683,2023-08-26 12:00:00,GlobulesBlancs,10.81,G/L,4,10
BIO-002872,SEJ-000683,2023-08-26 11:00:00,CRP,16.12,mg/L,0,5
BIO-002873,SEJ-000683,2023-08-28 20:00:00,CRP,35.52,mg/L,0,5
BIO-002874,SEJ-000684,2023-05-11 20:00:00,Natremie,,mmol/L,135,145
BIO-002875,SEJ-000684,2023-05-11 18:00:00,CRP,4.56,mg/L,0,5
BIO-002876,SEJ-000684,2023-05-11 07:00:00,CRP,20.32,mg/L,0,5
BIO-002877,SEJ-000684,2023-05-10 02:00:00,Hemoglobine,0.62,g/dL,12,16
BIO-002878,SEJ-000685,2023-11-08 02:00:00,Natremie,131.43,mmol/L,135,145
BIO-002879,SEJ-000685,2023-11-06 12:00:00,Creatinine,13.92,mg/L,60,110
BIO-002880,SEJ-000685,2023-11-07 10:00:00,Hemoglobine,132.94,g/L,12,16
BIO-002881,SEJ-000685,2023-11-05 17:00:00,GlobulesBlancs,8.78,G/L,4,10
BIO-002882,SEJ-000685,2023-11-09 18:00:00,Natremie,137.27,mmol/L,135,145
BIO-002883,SEJ-000686,2023-09-03 23:00:00,GlobulesBlancs,8.93,G/L,4,10
BIO-002884,SEJ-000686,2023-08-31 10:00:00,CRP,-43.25,mg/L,0,5
BIO-002885,SEJ-000686,2023-08-31 09:00:00,GlobulesBlancs,10.1,G/L,4,10
BIO-002886,SEJ-000686,2023-09-03 01:00:00,GlobulesBlancs,9.58,G/L,4,10
BIO-002887,SEJ-000686,2023-09-03 16:00:00,Hemoglobine,10.79,g/dL,12,16
BIO-002888,SEJ-000686,2023-09-04 03:00:00,Creatinine,107.88,µmol/L,60,110
BIO-002889,SEJ-000686,2023-09-01 02:00:00,CRP,39.79,mg/L,0,5
BIO-002890,SEJ-000686,2023-09-04 01:00:00,CRP,48.49,mg/L,0,5
BIO-002891,SEJ-000686,2023-08-31 23:00:00,Creatinine,10.5,mg/L,60,110
BIO-002892,SEJ-000687,2022-12-18 13:00:00,GlobulesBlancs,3.67,G/L,4,10
BIO-002893,SEJ-000687,2022-12-17 07:00:00,CRP,-1.43,mg/L,0,5
BIO-002894,SEJ-000687,2022-12-17 13:00:00,Hemoglobine,13.49,g/dL,12,16
BIO-002895,SEJ-000687,2022-12-19 05:00:00,Hemoglobine,13.22,g/dL,12,16
BIO-002896,SEJ-000687,2022-12-19 18:00:00,Creatinine,11.93,mg/L,60,110
BIO-002897,SEJ-000687,2022-12-19 13:00:00,CRP,33.99,mg/L,0,5
BIO-002898,SEJ-000688,2024-02-12 17:00:00,CRP,-7.68,mg/L,0,5
BIO-002899,SEJ-000688,2024-02-12 22:00:00,Creatinine,10.48,mg/L,60,110
BIO-002900,SEJ-000688,2024-02-12 14:00:00,Natremie,141.44,mmol/L,135,145
BIO-002901,SEJ-000688,2024-02-12 05:00:00,Natremie,,mmol/L,135,145
BIO-002902,SEJ-000688,2024-02-12 11:00:00,Natremie,140.93,mmol/L,135,145
BIO-002903,SEJ-000688,2024-02-12 21:00:00,GlobulesBlancs,4.18,G/L,4,10
BIO-002904,SEJ-999999,2024-02-12 12:00:00,GlobulesBlancs,8.65,G/L,4,10
BIO-002905,SEJ-000689,2023-09-28 12:00:00,Creatinine,0.44,mg/L,60,110
BIO-002906,SEJ-999999,2023-09-24 11:00:00,Natremie,134.2,mmol/L,135,145
BIO-002907,SEJ-000689,2023-09-26 06:00:00,Hemoglobine,109.14,g/L,12,16
BIO-002908,SEJ-000689,2023-09-25 18:00:00,GlobulesBlancs,12.69,G/L,4,10
BIO-002909,SEJ-000689,2023-09-27 01:00:00,Creatinine,9.48,mg/L,60,110
BIO-002910,SEJ-000689,2023-09-26 10:00:00,CRP,,mg/L,0,5
BIO-002911,SEJ-000689,2023-09-25 00:00:00,GlobulesBlancs,12.21,G/L,4,10
BIO-002912,SEJ-000690,2024-04-07 11:00:00,CRP,10.63,mg/L,0,5
BIO-002913,SEJ-000690,2024-04-08 23:00:00,CRP,72.06,mg/L,0,5
BIO-002914,SEJ-000690,2024-04-08 13:00:00,Natremie,137.09,mmol/L,135,145
BIO-002915,SEJ-000690,2024-04-10 18:00:00,CRP,-18.49,mg/L,0,5
BIO-002916,SEJ-000690,2024-04-07 02:00:00,Natremie,135.83,mmol/L,135,145
BIO-002917,SEJ-000691,2023-07-03 20:00:00,Hemoglobine,11.06,g/dL,12,16
BIO-002918,SEJ-000691,2023-07-04 17:00:00,CRP,20.7,mg/L,0,5
BIO-002919,SEJ-000691,2023-07-07 11:00:00,Natremie,134.92,mmol/L,135,145
BIO-002920,SEJ-000691,2023-07-07 10:00:00,CRP,21.83,mg/L,0,5
BIO-002921,SEJ-000691,2023-07-07 16:00:00,Creatinine,139.37,µmol/L,60,110
BIO-002922,SEJ-000691,2023-07-07 05:00:00,Natremie,137.57,mmol/L,135,145
BIO-002923,SEJ-999999,2023-07-07 08:00:00,Creatinine,73.92,µmol/L,60,110
BIO-002924,SEJ-000691,2023-07-06 02:00:00,Natremie,139.7,mmol/L,135,145
BIO-002925,SEJ-000691,2023-07-05 05:00:00,Creatinine,6.45,mg/L,60,110
BIO-002926,SEJ-000691,2023-07-05 18:00:00,CRP,31.89,mg/L,0,5
BIO-002927,SEJ-000692,2023-07-09 01:00:00,CRP,-16.79,mg/L,0,5
BIO-002928,SEJ-000692,2023-07-02 23:00:00,GlobulesBlancs,7.57,G/L,4,10
BIO-002929,SEJ-000692,2023-07-04 17:00:00,GlobulesBlancs,14.2,G/L,4,10
BIO-002930,SEJ-000692,2023-07-04 08:00:00,Creatinine,111.29,µmol/L,60,110
BIO-002931,SEJ-000692,2023-07-06 00:00:00,GlobulesBlancs,6.88,G/L,4,10
BIO-002932,SEJ-000693,2024-03-13 01:00:00,Hemoglobine,125.47,g/L,12,16
BIO-002933,SEJ-000693,2024-03-09 07:00:00,Creatinine,116.41,µmol/L,60,110
BIO-002934,SEJ-000693,2024-03-09 21:00:00,Creatinine,12.77,mg/L,60,110
BIO-002935,SEJ-000694,2024-03-10 18:00:00,Natremie,140.41,mmol/L,135,145
BIO-002936,SEJ-000694,2024-03-11 21:00:00,Natremie,,mmol/L,135,145
BIO-002937,SEJ-000694,2024-03-11 18:00:00,GlobulesBlancs,8.45,G/L,4,10
BIO-002938,SEJ-000694,2024-03-08 05:00:00,CRP,42.39,mg/L,0,5
BIO-002939,SEJ-000695,2023-12-19 23:00:00,Creatinine,68.04,µmol/L,60,110
BIO-002940,SEJ-000695,2023-12-23 00:00:00,Natremie,139.3,mmol/L,135,145
BIO-002941,SEJ-000695,2023-12-21 10:00:00,GlobulesBlancs,10.24,G/L,4,10
BIO-002942,SEJ-000695,2023-12-20 09:00:00,Natremie,,mmol/L,135,145
BIO-002943,SEJ-000696,2024-03-05 02:00:00,CRP,5.19,mg/L,0,5
BIO-002944,SEJ-000696,2024-03-05 17:00:00,GlobulesBlancs,,G/L,4,10
BIO-002945,SEJ-000696,2024-03-07 15:00:00,Hemoglobine,11.43,g/dL,12,16
BIO-002946,SEJ-000696,2024-03-07 07:00:00,Natremie,147.73,mmol/L,135,145
BIO-002947,SEJ-000697,2024-02-16 09:00:00,Hemoglobine,118.56,g/L,12,16
BIO-002948,SEJ-000697,2024-02-16 21:00:00,Creatinine,33.54,µmol/L,60,110
BIO-002949,SEJ-000698,2023-04-23 08:00:00,GlobulesBlancs,5.3,G/L,4,10
BIO-002950,SEJ-000698,2023-04-25 22:00:00,Creatinine,15.96,mg/L,60,110
BIO-002951,SEJ-000698,2023-04-22 09:00:00,Natremie,139.14,mmol/L,135,145
BIO-002952,SEJ-000698,2023-04-21 09:00:00,Creatinine,102.65,µmol/L,60,110
BIO-002953,SEJ-000698,2023-04-21 15:00:00,Creatinine,9.65,mg/L,60,110
BIO-002954,SEJ-000698,2023-04-24 06:00:00,Creatinine,91.54,µmol/L,60,110
BIO-002955,SEJ-000698,2023-04-21 06:00:00,Creatinine,7.31,mg/L,60,110
BIO-002956,SEJ-000698,2023-04-22 21:00:00,Natremie,134.11,mmol/L,135,145
BIO-002957,SEJ-000699,2023-11-23 08:00:00,Hemoglobine,7.92,g/dL,12,16
BIO-002958,SEJ-000699,2023-11-27 16:00:00,GlobulesBlancs,15.21,G/L,4,10
BIO-002959,SEJ-000699,2023-11-26 11:00:00,Hemoglobine,13.94,g/dL,12,16
BIO-002960,SEJ-000699,2023-11-26 10:00:00,Hemoglobine,102.4,g/L,12,16
BIO-002961,SEJ-000699,2023-11-25 23:00:00,Creatinine,9.83,mg/L,60,110
BIO-002962,SEJ-000699,2023-11-24 07:00:00,GlobulesBlancs,7.71,G/L,4,10
BIO-002963,SEJ-000699,2023-11-25 04:00:00,Creatinine,72.09,µmol/L,60,110
BIO-002964,SEJ-000700,2024-04-27 00:00:00,Hemoglobine,1193.5,g/L,12,16
BIO-002965,SEJ-000700,2024-04-27 12:00:00,GlobulesBlancs,9.25,G/L,4,10
BIO-002966,SEJ-000700,2024-04-27 14:00:00,GlobulesBlancs,999.0,G/L,4,10
BIO-002967,SEJ-000700,2024-04-26 03:00:00,Creatinine,,mg/L,60,110
BIO-002968,SEJ-000700,2024-04-26 18:00:00,Creatinine,13.2,mg/L,60,110
BIO-002969,SEJ-000700,2024-04-27 14:00:00,Natremie,,mmol/L,135,145
BIO-002970,SEJ-000701,2023-05-03 08:00:00,Natremie,137.44,mmol/L,135,145
BIO-002971,SEJ-000701,2023-05-06 02:00:00,Hemoglobine,13.77,g/dL,12,16
BIO-002972,SEJ-000702,2023-01-01 07:00:00,Hemoglobine,115.94,g/L,12,16
BIO-002973,SEJ-000702,2023-01-01 13:00:00,Natremie,139.37,mmol/L,135,145
BIO-002974,SEJ-999999,2022-12-30 05:00:00,GlobulesBlancs,7.89,G/L,4,10
BIO-002975,SEJ-000702,2022-12-31 10:00:00,GlobulesBlancs,,G/L,4,10
BIO-002976,SEJ-000703,2023-11-02 00:00:00,Natremie,7.04,mmol/L,135,145
BIO-002977,SEJ-000703,2023-10-31 10:00:00,Hemoglobine,,g/dL,12,16
BIO-002978,SEJ-000703,2023-11-05 03:00:00,CRP,37.89,mg/L,0,5
BIO-002979,SEJ-000703,2023-11-04 12:00:00,Creatinine,5.68,mg/L,60,110
BIO-002980,SEJ-000704,2023-04-09 13:00:00,Natremie,134.67,mmol/L,135,145
BIO-002981,SEJ-000704,2023-04-09 10:00:00,Creatinine,99.2,µmol/L,60,110
BIO-002982,SEJ-000705,2023-07-06 22:00:00,Natremie,134.5,mmol/L,135,145
BIO-002983,SEJ-000705,2023-07-05 20:00:00,GlobulesBlancs,4.46,G/L,4,10
BIO-002984,SEJ-000705,2023-07-06 12:00:00,Hemoglobine,136.25,g/L,12,16
BIO-002985,SEJ-000705,2023-07-04 11:00:00,Creatinine,8.49,mg/L,60,110
BIO-002986,SEJ-000705,2023-07-06 13:00:00,CRP,33.14,mg/L,0,5
BIO-002987,SEJ-000705,2023-07-05 04:00:00,Natremie,139.19,mmol/L,135,145
BIO-002988,SEJ-000705,2023-07-05 16:00:00,Creatinine,52.61,µmol/L,60,110
BIO-002989,SEJ-000705,2023-07-04 09:00:00,CRP,6.68,mg/L,0,5
BIO-002990,SEJ-000705,2023-07-06 15:00:00,CRP,24.7,mg/L,0,5
BIO-002991,SEJ-000705,2023-07-06 06:00:00,CRP,37.67,mg/L,0,5
BIO-002992,SEJ-000706,2023-12-23 01:00:00,Hemoglobine,137.32,g/L,12,16
BIO-002993,SEJ-000706,2023-12-22 04:00:00,Natremie,139.44,mmol/L,135,145
BIO-002994,SEJ-000706,2023-12-21 16:00:00,GlobulesBlancs,10.19,G/L,4,10
BIO-002995,SEJ-000706,2023-12-22 02:00:00,CRP,57.02,mg/L,0,5
BIO-002996,SEJ-000707,2023-03-27 23:00:00,Hemoglobine,-111.94,g/L,12,16
BIO-002997,SEJ-000707,2023-03-27 11:00:00,Creatinine,107.72,µmol/L,60,110
BIO-002998,SEJ-000708,2023-09-26 20:00:00,CRP,33.98,mg/L,0,5
BIO-002999,SEJ-000708,2023-09-23 02:00:00,GlobulesBlancs,6.76,G/L,4,10
BIO-003000,SEJ-000708,2023-09-24 03:00:00,CRP,-2.23,mg/L,0,5
BIO-003001,SEJ-000708,2023-09-25 17:00:00,Natremie,140.02,mmol/L,135,145
BIO-003002,SEJ-000708,2023-09-25 20:00:00,CRP,-24.85,mg/L,0,5
BIO-003003,SEJ-000709,2024-03-18 23:00:00,CRP,53.96,mg/L,0,5
BIO-003004,SEJ-000709,2024-03-17 15:00:00,Natremie,135.08,mmol/L,135,145
BIO-003005,SEJ-000709,2024-03-18 13:00:00,Natremie,138.51,mmol/L,135,145
BIO-003006,SEJ-000709,2024-03-18 08:00:00,Hemoglobine,102.52,g/L,12,16
BIO-003007,SEJ-000710,2024-05-10 18:00:00,Hemoglobine,115.73,g/L,12,16
BIO-003008,SEJ-000710,2024-05-09 13:00:00,Natremie,143.24,mmol/L,135,145
BIO-003009,SEJ-000710,2024-05-11 15:00:00,Creatinine,72.98,µmol/L,60,110
BIO-003010,SEJ-000710,2024-05-11 14:00:00,GlobulesBlancs,9.35,G/L,4,10
BIO-003011,SEJ-000710,2024-05-13 00:00:00,Natremie,141.05,mmol/L,135,145
BIO-003012,SEJ-000711,2023-09-07 11:00:00,Hemoglobine,11.35,g/dL,12,16
BIO-003013,SEJ-000711,2023-09-13 13:00:00,Natremie,139.21,mmol/L,135,145
BIO-003014,SEJ-000711,2023-09-11 22:00:00,CRP,19.08,mg/L,0,5
BIO-003015,SEJ-000711,2023-09-09 06:00:00,CRP,15.07,mg/L,0,5
BIO-003016,SEJ-000711,2023-09-13 11:00:00,Creatinine,91.13,µmol/L,60,110
BIO-003017,SEJ-000712,2023-05-25 01:00:00,Natremie,136.9,mmol/L,135,145
BIO-003018,SEJ-000712,2023-05-26 17:00:00,Hemoglobine,10.19,g/dL,12,16
BIO-003019,SEJ-000712,2023-05-25 03:00:00,Natremie,135.32,mmol/L,135,145
BIO-003020,SEJ-000712,2023-05-28 22:00:00,CRP,31.36,mg/L,0,5
BIO-003021,SEJ-000713,2023-05-18 04:00:00,Hemoglobine,15.3,g/dL,12,16
BIO-003022,SEJ-000713,2023-05-25 00:00:00,Natremie,136.34,mmol/L,135,145
BIO-003023,SEJ-000713,2023-05-13 23:00:00,Natremie,134.67,mmol/L,135,145
BIO-003024,SEJ-000713,2023-05-15 01:00:00,Hemoglobine,132.18,g/L,12,16
BIO-003025,SEJ-000713,2023-05-18 04:00:00,Creatinine,11.18,mg/L,60,110
BIO-003026,SEJ-000714,2024-01-27 18:00:00,Creatinine,9.83,mg/L,60,110
BIO-003027,SEJ-000714,2024-01-25 10:00:00,Creatinine,84.65,µmol/L,60,110
BIO-003028,SEJ-000715,2023-01-23 07:00:00,Creatinine,8.99,mg/L,60,110
BIO-003029,SEJ-000715,2023-01-23 14:00:00,CRP,42.34,mg/L,0,5
BIO-003030,SEJ-000716,2024-01-19 06:00:00,Creatinine,76.54,µmol/L,60,110
BIO-003031,SEJ-000716,2024-01-16 09:00:00,GlobulesBlancs,11.17,G/L,4,10
BIO-003032,SEJ-000717,2023-09-22 13:00:00,CRP,131.91,mg/L,0,5
BIO-003033,SEJ-000717,2023-09-22 23:00:00,Natremie,129.86,mmol/L,135,145
BIO-003034,SEJ-000717,2023-09-15 02:00:00,Hemoglobine,124.23,g/L,12,16
BIO-003035,SEJ-000717,2023-09-24 10:00:00,GlobulesBlancs,8.65,G/L,4,10
BIO-003036,SEJ-000717,2023-09-25 09:00:00,CRP,34.17,mg/L,0,5
BIO-003037,SEJ-000718,2024-01-31 12:00:00,CRP,-2.95,mg/L,0,5
BIO-003038,SEJ-000718,2024-01-28 21:00:00,GlobulesBlancs,7.03,G/L,4,10
BIO-003039,SEJ-000719,2023-02-01 21:00:00,Hemoglobine,12.18,g/dL,12,16
BIO-003040,SEJ-000719,2023-02-01 11:00:00,GlobulesBlancs,7.98,G/L,4,10
BIO-003041,SEJ-000719,2023-01-31 12:00:00,Natremie,135.46,mmol/L,135,145
BIO-003042,SEJ-000719,2023-02-01 01:00:00,Natremie,138.08,mmol/L,135,145
BIO-003043,SEJ-000719,2023-02-01 07:00:00,Natremie,138.99,mmol/L,135,145
BIO-003044,SEJ-000719,2023-02-01 14:00:00,Creatinine,12.38,mg/L,60,110
BIO-003045,SEJ-000719,2023-01-31 11:00:00,GlobulesBlancs,8.83,G/L,4,10
BIO-003046,SEJ-000719,2023-02-01 10:00:00,Natremie,140.53,mmol/L,135,145
BIO-003047,SEJ-000720,2023-03-28 23:00:00,Creatinine,70.34,µmol/L,60,110
BIO-003048,SEJ-000720,2023-03-30 22:00:00,CRP,56.28,mg/L,0,5
BIO-003049,SEJ-000720,2023-04-04 09:00:00,CRP,28.41,mg/L,0,5
BIO-003050,SEJ-000720,2023-03-29 20:00:00,Creatinine,8.05,mg/L,60,110
BIO-003051,SEJ-000721,2023-11-28 02:00:00,CRP,83.02,mg/L,0,5
BIO-003052,SEJ-000721,2023-12-01 02:00:00,GlobulesBlancs,15.98,G/L,4,10
BIO-003053,SEJ-000721,2023-11-30 04:00:00,GlobulesBlancs,13.47,G/L,4,10
BIO-003054,SEJ-000721,2023-12-06 06:00:00,Hemoglobine,121.49,g/L,12,16
BIO-003055,SEJ-000722,2023-04-24 22:00:00,Natremie,141.67,mmol/L,135,145
BIO-003056,SEJ-000722,2023-04-21 03:00:00,CRP,-53.34,mg/L,0,5
BIO-003057,SEJ-000723,2023-12-10 07:00:00,CRP,12.93,mg/L,0,5
BIO-003058,SEJ-000723,2023-12-11 17:00:00,GlobulesBlancs,5.8,G/L,4,10
BIO-003059,SEJ-000723,2023-12-09 09:00:00,GlobulesBlancs,8.39,G/L,4,10
BIO-003060,SEJ-000723,2023-12-04 07:00:00,Hemoglobine,123.61,g/L,12,16
BIO-003061,SEJ-000724,2022-12-28 14:00:00,Hemoglobine,103.0,g/L,12,16
BIO-003062,SEJ-000724,2022-12-28 01:00:00,Natremie,138.23,mmol/L,135,145
BIO-003063,SEJ-000724,2022-12-28 06:00:00,Hemoglobine,,g/dL,12,16
BIO-003064,SEJ-000724,2022-12-28 23:00:00,Natremie,138.47,mmol/L,135,145
BIO-003065,SEJ-000725,2023-12-25 13:00:00,Hemoglobine,13.76,g/dL,12,16
BIO-003066,SEJ-000725,2023-12-23 01:00:00,CRP,68.48,mg/L,0,5
BIO-003067,SEJ-000725,2023-12-24 20:00:00,Creatinine,10.35,mg/L,60,110
BIO-003068,SEJ-000725,2023-12-26 13:00:00,GlobulesBlancs,4.59,G/L,4,10
BIO-003069,SEJ-000725,2023-12-23 10:00:00,Natremie,138.69,mmol/L,135,145
BIO-003070,SEJ-000726,2023-10-24 14:00:00,Hemoglobine,146.44,g/L,12,16
BIO-003071,SEJ-000726,2023-10-23 12:00:00,GlobulesBlancs,11.07,G/L,4,10
BIO-003072,SEJ-000726,2023-10-24 20:00:00,Hemoglobine,120.07,g/L,12,16
BIO-003073,SEJ-000726,2023-10-25 17:00:00,Hemoglobine,12.88,g/dL,12,16
BIO-003074,SEJ-000726,2023-10-22 19:00:00,Hemoglobine,11.88,g/dL,12,16
BIO-003075,SEJ-000727,2023-07-01 12:00:00,Natremie,999.0,mmol/L,135,145
BIO-003076,SEJ-000727,2023-07-01 00:00:00,Natremie,138.49,mmol/L,135,145
BIO-003077,SEJ-000727,2023-07-02 09:00:00,Natremie,141.05,mmol/L,135,145
BIO-003078,SEJ-000728,2023-07-13 14:00:00,GlobulesBlancs,8.61,G/L,4,10
BIO-003079,SEJ-000728,2023-07-10 03:00:00,Natremie,134.87,mmol/L,135,145
BIO-003080,SEJ-000729,2023-03-27 08:00:00,Hemoglobine,11.93,g/dL,12,16
BIO-003081,SEJ-000729,2023-03-25 21:00:00,Creatinine,93.86,µmol/L,60,110
BIO-003082,SEJ-000729,2023-03-25 17:00:00,CRP,24.56,mg/L,0,5
BIO-003083,SEJ-000729,2023-03-25 10:00:00,GlobulesBlancs,,G/L,4,10
BIO-003084,SEJ-000729,2023-03-27 00:00:00,Natremie,137.66,mmol/L,135,145
BIO-003085,SEJ-000729,2023-03-27 15:00:00,Hemoglobine,-14.1,g/dL,12,16
BIO-003086,SEJ-000730,2023-07-11 17:00:00,GlobulesBlancs,10.27,G/L,4,10
BIO-003087,SEJ-000730,2023-07-10 23:00:00,CRP,-9.71,mg/L,0,5
BIO-003088,SEJ-000730,2023-07-11 16:00:00,Natremie,137.21,mmol/L,135,145
BIO-003089,SEJ-000730,2023-07-10 10:00:00,CRP,-37.9,mg/L,0,5
BIO-003090,SEJ-000731,2023-10-02 22:00:00,GlobulesBlancs,6.69,G/L,4,10
BIO-003091,SEJ-000731,2023-10-02 05:00:00,Natremie,138.04,mmol/L,135,145
BIO-003092,SEJ-000732,2024-02-23 06:00:00,GlobulesBlancs,0.43,G/L,4,10
BIO-003093,SEJ-000732,2024-02-25 16:00:00,CRP,,mg/L,0,5
BIO-003094,SEJ-000732,2024-02-28 08:00:00,CRP,-17.31,mg/L,0,5
BIO-003095,SEJ-000732,2024-02-29 10:00:00,Hemoglobine,10.52,g/dL,12,16
BIO-003096,SEJ-000733,2024-03-28 03:00:00,Hemoglobine,11.57,g/dL,12,16
BIO-003097,SEJ-000733,2024-03-31 05:00:00,Hemoglobine,13.53,g/dL,12,16
BIO-003098,SEJ-000733,2024-03-30 16:00:00,CRP,-10.22,mg/L,0,5
BIO-003099,SEJ-000733,2024-03-27 11:00:00,Natremie,138.36,mmol/L,135,145
BIO-003100,SEJ-000734,2023-10-23 14:00:00,Creatinine,10.0,mg/L,60,110
BIO-003101,SEJ-000734,2023-10-24 19:00:00,Natremie,141.36,mmol/L,135,145
BIO-003102,SEJ-000734,2023-10-22 09:00:00,Natremie,136.09,mmol/L,135,145
BIO-003103,SEJ-000734,2023-10-25 01:00:00,Hemoglobine,85.53,g/L,12,16
BIO-003104,SEJ-000734,2023-10-25 07:00:00,Natremie,137.33,mmol/L,135,145
BIO-003105,SEJ-000734,2023-10-24 10:00:00,Natremie,138.16,mmol/L,135,145
BIO-003106,SEJ-000735,2024-01-25 05:00:00,CRP,-10.44,mg/L,0,5
BIO-003107,SEJ-000735,2024-01-27 15:00:00,Hemoglobine,,g/dL,12,16
BIO-003108,SEJ-000735,2024-01-28 07:00:00,Hemoglobine,0.53,g/dL,12,16
BIO-003109,SEJ-000735,2024-01-26 00:00:00,CRP,11.92,mg/L,0,5
BIO-003110,SEJ-000735,2024-01-27 02:00:00,Hemoglobine,12.71,g/dL,12,16
BIO-003111,SEJ-000735,2024-01-27 11:00:00,Creatinine,115.77,µmol/L,60,110
BIO-003112,SEJ-000736,2023-03-14 10:00:00,Hemoglobine,10.95,g/dL,12,16
BIO-003113,SEJ-000736,2023-03-16 13:00:00,Hemoglobine,10.42,g/dL,12,16
BIO-003114,SEJ-000736,2023-03-13 14:00:00,Creatinine,147.63,µmol/L,60,110
BIO-003115,SEJ-000736,2023-03-13 15:00:00,Natremie,137.6,mmol/L,135,145
BIO-003116,SEJ-000736,2023-03-16 04:00:00,GlobulesBlancs,9.07,G/L,4,10
BIO-003117,SEJ-000737,2023-06-16 02:00:00,GlobulesBlancs,9.49,G/L,4,10
BIO-003118,SEJ-000737,2023-06-18 07:00:00,GlobulesBlancs,10.6,G/L,4,10
BIO-003119,SEJ-000738,2022-12-30 00:00:00,Creatinine,116.72,µmol/L,60,110
BIO-003120,SEJ-000738,2022-12-31 05:00:00,CRP,28.17,mg/L,0,5
BIO-003121,SEJ-000738,2023-01-03 23:00:00,GlobulesBlancs,13.62,G/L,4,10
BIO-003122,SEJ-000738,2022-12-31 07:00:00,Creatinine,97.54,µmol/L,60,110
BIO-003123,SEJ-000738,2022-12-29 10:00:00,GlobulesBlancs,14.0,G/L,4,10
BIO-003124,SEJ-000739,2023-10-18 12:00:00,Natremie,141.31,mmol/L,135,145
BIO-003125,SEJ-000739,2023-10-18 11:00:00,Creatinine,8.94,mg/L,60,110
BIO-003126,SEJ-000739,2023-10-19 07:00:00,GlobulesBlancs,13.75,G/L,4,10
BIO-003127,SEJ-000739,2023-10-16 22:00:00,Natremie,142.31,mmol/L,135,145
BIO-003128,SEJ-000740,2023-03-17 09:00:00,CRP,69.6,mg/L,0,5
BIO-003129,SEJ-000740,2023-03-17 17:00:00,Natremie,145.1,mmol/L,135,145
BIO-003130,SEJ-000740,2023-03-13 22:00:00,CRP,1.55,mg/L,0,5
BIO-003131,SEJ-000741,2023-10-24 23:00:00,Creatinine,0.07,mg/L,60,110
BIO-003132,SEJ-000741,2023-10-23 03:00:00,Hemoglobine,124.69,g/L,12,16
BIO-003133,SEJ-000741,2023-10-24 22:00:00,Natremie,134.56,mmol/L,135,145
BIO-003134,SEJ-000741,2023-10-25 08:00:00,Creatinine,96.36,µmol/L,60,110
BIO-003135,SEJ-000741,2023-10-25 19:00:00,CRP,16.16,mg/L,0,5
BIO-003136,SEJ-000742,2022-12-10 15:00:00,CRP,89.7,mg/L,0,5
BIO-003137,SEJ-000742,2022-12-10 16:00:00,GlobulesBlancs,9.06,G/L,4,10
BIO-003138,SEJ-000742,2022-12-10 16:00:00,Creatinine,1136.79,µmol/L,60,110
BIO-003139,SEJ-000742,2022-12-10 14:00:00,Hemoglobine,1153.8,g/L,12,16
BIO-003140,SEJ-000742,2022-12-10 06:00:00,GlobulesBlancs,13.18,G/L,4,10
BIO-003141,SEJ-000743,2022-12-22 00:00:00,GlobulesBlancs,11.32,G/L,4,10
BIO-003142,SEJ-000743,2022-12-21 15:00:00,Natremie,142.33,mmol/L,135,145
BIO-003143,SEJ-000744,2023-03-18 13:00:00,Natremie,,mmol/L,135,145
BIO-003144,SEJ-000744,2023-03-18 21:00:00,CRP,36.77,mg/L,0,5
BIO-003145,SEJ-000744,2023-03-19 22:00:00,GlobulesBlancs,3.22,G/L,4,10
BIO-003146,SEJ-000744,2023-03-19 17:00:00,CRP,-33.99,mg/L,0,5
BIO-003147,SEJ-000744,2023-03-18 20:00:00,GlobulesBlancs,8.16,G/L,4,10
BIO-003148,SEJ-000744,2023-03-19 09:00:00,GlobulesBlancs,11.83,G/L,4,10
BIO-003149,SEJ-000745,2024-01-05 05:00:00,Natremie,138.8,mmol/L,135,145
BIO-003150,SEJ-000745,2024-01-04 20:00:00,Hemoglobine,11.32,g/dL,12,16
BIO-003151,SEJ-000745,2023-12-29 07:00:00,Hemoglobine,151.0,g/L,12,16
BIO-003152,SEJ-000746,2023-04-15 22:00:00,Creatinine,92.68,µmol/L,60,110
BIO-003153,SEJ-000746,2023-04-16 05:00:00,Creatinine,5.67,mg/L,60,110
BIO-003154,SEJ-000746,2023-04-15 04:00:00,GlobulesBlancs,9.45,G/L,4,10
BIO-003155,SEJ-000747,2024-01-01 16:00:00,GlobulesBlancs,3.95,G/L,4,10
BIO-003156,SEJ-000747,2024-01-03 05:00:00,Hemoglobine,11.39,g/dL,12,16
BIO-003157,SEJ-000748,2023-07-03 06:00:00,Hemoglobine,11.64,g/dL,12,16
BIO-003158,SEJ-000748,2023-07-03 12:00:00,Hemoglobine,11.51,g/dL,12,16
BIO-003159,SEJ-000748,2023-07-06 01:00:00,CRP,31.76,mg/L,0,5
BIO-003160,SEJ-000748,2023-07-04 12:00:00,GlobulesBlancs,7.38,G/L,4,10
BIO-003161,SEJ-000748,2023-07-04 04:00:00,Hemoglobine,119.0,g/L,12,16
BIO-003162,SEJ-000748,2023-07-05 02:00:00,CRP,44.42,mg/L,0,5
BIO-003163,SEJ-000749,2023-12-25 11:00:00,Creatinine,138.38,µmol/L,60,110
BIO-003164,SEJ-000749,2024-01-01 03:00:00,Creatinine,8.2,mg/L,60,110
BIO-003165,SEJ-000750,2024-03-11 16:00:00,Hemoglobine,11.84,g/dL,12,16
BIO-003166,SEJ-000750,2024-03-05 16:00:00,Natremie,139.87,mmol/L,135,145
BIO-003167,SEJ-000750,2024-03-07 03:00:00,Hemoglobine,,g/L,12,16
BIO-003168,SEJ-000751,2024-02-14 04:00:00,Natremie,138.98,mmol/L,135,145
BIO-003169,SEJ-000751,2024-02-13 07:00:00,CRP,,mg/L,0,5
BIO-003170,SEJ-000752,2023-12-14 04:00:00,Hemoglobine,,g/dL,12,16
BIO-003171,SEJ-000752,2023-12-13 22:00:00,Hemoglobine,,g/L,12,16
BIO-003172,SEJ-000753,2024-01-14 02:00:00,Creatinine,,µmol/L,60,110
BIO-003173,SEJ-000753,2024-01-15 06:00:00,Hemoglobine,12.79,g/dL,12,16
BIO-003174,SEJ-000753,2024-01-15 23:00:00,GlobulesBlancs,11.27,G/L,4,10
BIO-003175,SEJ-000754,2023-06-30 19:00:00,CRP,11.73,mg/L,0,5
BIO-003176,SEJ-000754,2023-06-30 03:00:00,Hemoglobine,13.7,g/dL,12,16
BIO-003177,SEJ-000754,2023-06-30 00:00:00,Hemoglobine,9.22,g/dL,12,16
BIO-003178,SEJ-000754,2023-07-01 05:00:00,Hemoglobine,96.19,g/L,12,16
BIO-003179,SEJ-000754,2023-06-30 06:00:00,Creatinine,14.93,mg/L,60,110
BIO-003180,SEJ-000754,2023-07-03 07:00:00,Hemoglobine,12.64,g/dL,12,16
BIO-003181,SEJ-000754,2023-07-01 05:00:00,Creatinine,101.09,µmol/L,60,110
BIO-003182,SEJ-000755,2023-09-22 16:00:00,CRP,81.58,mg/L,0,5
BIO-003183,SEJ-000755,2023-09-27 00:00:00,Hemoglobine,999.0,g/dL,12,16
BIO-003184,SEJ-000755,2023-09-22 20:00:00,Creatinine,115.28,µmol/L,60,110
BIO-003185,SEJ-000755,2023-09-26 15:00:00,Natremie,135.3,mmol/L,135,145
BIO-003186,SEJ-000756,2024-04-12 14:00:00,GlobulesBlancs,7.71,G/L,4,10
BIO-003187,SEJ-000756,2024-04-11 16:00:00,CRP,-2.75,mg/L,0,5
BIO-003188,SEJ-000756,2024-04-13 10:00:00,Natremie,143.57,mmol/L,135,145
BIO-003189,SEJ-000756,2024-04-10 03:00:00,GlobulesBlancs,11.58,G/L,4,10
BIO-003190,SEJ-000757,2024-05-19 05:00:00,CRP,-0.19,mg/L,0,5
BIO-003191,SEJ-000757,2024-05-20 23:00:00,CRP,50.33,mg/L,0,5
BIO-003192,SEJ-000757,2024-05-20 02:00:00,Creatinine,15.8,mg/L,60,110
BIO-003193,SEJ-000757,2024-05-18 20:00:00,Creatinine,6.59,mg/L,60,110
BIO-003194,SEJ-000757,2024-05-18 14:00:00,Hemoglobine,10.08,g/dL,12,16
BIO-003195,SEJ-000758,2023-01-17 19:00:00,Creatinine,114.26,µmol/L,60,110
BIO-003196,SEJ-000758,2023-01-16 23:00:00,CRP,45.59,mg/L,0,5
BIO-003197,SEJ-000758,2023-01-17 08:00:00,GlobulesBlancs,14.03,G/L,4,10
BIO-003198,SEJ-000759,2023-03-12 00:00:00,Natremie,136.78,mmol/L,135,145
BIO-003199,SEJ-000759,2023-03-14 07:00:00,Creatinine,71.9,µmol/L,60,110
BIO-003200,SEJ-000759,2023-03-12 09:00:00,Hemoglobine,122.14,g/L,12,16
BIO-003201,SEJ-000759,2023-03-08 16:00:00,GlobulesBlancs,5.12,G/L,4,10
BIO-003202,SEJ-000760,2023-11-23 18:00:00,CRP,7.5,mg/L,0,5
BIO-003203,SEJ-000760,2023-11-24 17:00:00,Natremie,141.58,mmol/L,135,145
BIO-003204,SEJ-000760,2023-11-26 15:00:00,Hemoglobine,116.86,g/L,12,16
BIO-003205,SEJ-000760,2023-11-25 02:00:00,GlobulesBlancs,15.37,G/L,4,10
BIO-003206,SEJ-000760,2023-11-25 01:00:00,GlobulesBlancs,11.19,G/L,4,10
BIO-003207,SEJ-000760,2023-11-23 06:00:00,GlobulesBlancs,6.73,G/L,4,10
BIO-003208,SEJ-000760,2023-11-26 01:00:00,CRP,15.91,mg/L,0,5
BIO-003209,SEJ-000761,2023-11-10 04:00:00,Creatinine,,mg/L,60,110
BIO-003210,SEJ-000761,2023-11-11 00:00:00,Hemoglobine,15.86,g/dL,12,16
BIO-003211,SEJ-000761,2023-11-15 18:00:00,Natremie,136.86,mmol/L,135,145
BIO-003212,SEJ-000761,2023-11-13 23:00:00,Natremie,141.42,mmol/L,135,145
BIO-003213,SEJ-000761,2023-11-08 15:00:00,CRP,66.97,mg/L,0,5
BIO-003214,SEJ-000762,2023-04-18 09:00:00,Creatinine,16.18,mg/L,60,110
BIO-003215,SEJ-000762,2023-04-16 11:00:00,CRP,40.52,mg/L,0,5
BIO-003216,SEJ-000762,2023-04-16 15:00:00,CRP,-1.22,mg/L,0,5
BIO-003217,SEJ-000762,2023-04-17 23:00:00,CRP,3.79,mg/L,0,5
BIO-003218,SEJ-000762,2023-04-15 23:00:00,CRP,999.0,mg/L,0,5
BIO-003219,SEJ-000762,2023-04-12 11:00:00,Creatinine,74.71,µmol/L,60,110
BIO-003220,SEJ-000763,2024-05-20 09:00:00,CRP,49.22,mg/L,0,5
BIO-003221,SEJ-000763,2024-05-20 08:00:00,Hemoglobine,12.28,g/dL,12,16
BIO-003222,SEJ-000763,2024-05-19 12:00:00,Natremie,137.63,mmol/L,135,145
BIO-003223,SEJ-000763,2024-05-19 02:00:00,GlobulesBlancs,11.5,G/L,4,10
BIO-003224,SEJ-000764,2023-11-15 21:00:00,Hemoglobine,12.47,g/dL,12,16
BIO-003225,SEJ-000764,2023-11-15 06:00:00,Natremie,138.83,mmol/L,135,145
BIO-003226,SEJ-000765,2023-04-28 02:00:00,Natremie,135.94,mmol/L,135,145
BIO-003227,SEJ-000765,2023-04-30 12:00:00,CRP,-6.26,mg/L,0,5
BIO-003228,SEJ-000766,2023-02-18 05:00:00,Creatinine,110.89,µmol/L,60,110
BIO-003229,SEJ-000766,2023-02-16 12:00:00,CRP,32.15,mg/L,0,5
BIO-003230,SEJ-000767,2023-04-25 07:00:00,CRP,14.4,mg/L,0,5
BIO-003231,SEJ-000767,2023-04-24 23:00:00,GlobulesBlancs,9.7,G/L,4,10
BIO-003232,SEJ-000767,2023-04-21 22:00:00,CRP,69.74,mg/L,0,5
BIO-003233,SEJ-000768,2023-09-01 04:00:00,Creatinine,,mg/L,60,110
BIO-003234,SEJ-000768,2023-08-29 22:00:00,Natremie,136.13,mmol/L,135,145
BIO-003235,SEJ-000769,2023-04-05 04:00:00,CRP,21.06,mg/L,0,5
BIO-003236,SEJ-000769,2023-04-05 17:00:00,Natremie,141.1,mmol/L,135,145
BIO-003237,SEJ-000769,2023-04-05 11:00:00,GlobulesBlancs,12.11,G/L,4,10
BIO-003238,SEJ-000770,2023-05-28 06:00:00,Creatinine,75.79,µmol/L,60,110
BIO-003239,SEJ-000770,2023-05-28 16:00:00,Hemoglobine,111.43,g/L,12,16
BIO-003240,SEJ-000771,2024-02-18 01:00:00,Creatinine,,µmol/L,60,110
BIO-003241,SEJ-000771,2024-02-19 00:00:00,Creatinine,15.69,mg/L,60,110
BIO-003242,SEJ-000772,2024-02-04 13:00:00,Hemoglobine,12.24,g/dL,12,16
BIO-003243,SEJ-000772,2024-02-04 15:00:00,CRP,32.63,mg/L,0,5
BIO-003244,SEJ-000772,2024-02-04 23:00:00,Natremie,141.87,mmol/L,135,145
BIO-003245,SEJ-000772,2024-02-04 02:00:00,CRP,27.89,mg/L,0,5
BIO-003246,SEJ-000772,2024-02-04 12:00:00,Natremie,144.63,mmol/L,135,145
BIO-003247,SEJ-000773,2022-12-15 17:00:00,Creatinine,10.63,mg/L,60,110
BIO-003248,SEJ-000773,2022-12-12 13:00:00,Hemoglobine,10.13,g/dL,12,16
BIO-003249,SEJ-000773,2022-12-15 12:00:00,Natremie,132.45,mmol/L,135,145
BIO-003250,SEJ-000773,2022-12-15 08:00:00,GlobulesBlancs,10.31,G/L,4,10
BIO-003251,SEJ-000773,2022-12-13 11:00:00,CRP,-9.31,mg/L,0,5
BIO-003252,SEJ-000774,2023-04-26 13:00:00,Hemoglobine,115.45,g/L,12,16
BIO-003253,SEJ-000774,2023-04-26 22:00:00,GlobulesBlancs,-15.37,G/L,4,10
BIO-003254,SEJ-000774,2023-04-23 10:00:00,CRP,52.98,mg/L,0,5
BIO-003255,SEJ-000775,2023-09-11 21:00:00,Creatinine,74.17,µmol/L,60,110
BIO-003256,SEJ-999999,2023-09-12 04:00:00,Hemoglobine,104.8,g/L,12,16
BIO-003257,SEJ-000775,2023-09-11 10:00:00,Natremie,136.77,mmol/L,135,145
BIO-003258,SEJ-000775,2023-09-12 06:00:00,GlobulesBlancs,5.88,G/L,4,10
BIO-003259,SEJ-000775,2023-09-14 13:00:00,Natremie,138.89,mmol/L,135,145
BIO-003260,SEJ-000776,2024-03-23 20:00:00,Creatinine,8.21,mg/L,60,110
BIO-003261,SEJ-000776,2024-03-25 10:00:00,Hemoglobine,140.88,g/L,12,16
BIO-003262,SEJ-000776,2024-03-14 09:00:00,Natremie,137.77,mmol/L,135,145
BIO-003263,SEJ-000776,2024-03-14 06:00:00,Natremie,134.89,mmol/L,135,145
BIO-003264,SEJ-000777,2024-02-04 04:00:00,Hemoglobine,,g/dL,12,16
BIO-003265,SEJ-000777,2024-02-02 13:00:00,Hemoglobine,11.19,g/dL,12,16
BIO-003266,SEJ-000777,2024-02-04 21:00:00,Creatinine,15.33,mg/L,60,110
BIO-003267,SEJ-000778,2023-02-21 15:00:00,Hemoglobine,10.94,g/dL,12,16
BIO-003268,SEJ-000778,2023-02-23 05:00:00,Creatinine,11.01,mg/L,60,110
BIO-003269,SEJ-000778,2023-02-21 10:00:00,Natremie,133.65,mmol/L,135,145
BIO-003270,SEJ-000778,2023-02-23 11:00:00,Creatinine,56.89,µmol/L,60,110
BIO-003271,SEJ-000778,2023-02-21 05:00:00,GlobulesBlancs,7.12,G/L,4,10
BIO-003272,SEJ-000778,2023-02-22 09:00:00,CRP,,mg/L,0,5
BIO-003273,SEJ-000779,2024-01-10 14:00:00,Natremie,,mmol/L,135,145
BIO-003274,SEJ-000779,2024-01-11 09:00:00,Natremie,,mmol/L,135,145
BIO-003275,SEJ-000779,2024-01-11 23:00:00,CRP,95.25,mg/L,0,5
BIO-003276,SEJ-000779,2024-01-10 05:00:00,CRP,8.2,mg/L,0,5
BIO-003277,SEJ-000779,2024-01-10 05:00:00,GlobulesBlancs,10.37,G/L,4,10
BIO-003278,SEJ-000779,2024-01-11 16:00:00,Creatinine,2.39,µmol/L,60,110
BIO-003279,SEJ-000780,2024-04-25 11:00:00,Natremie,139.67,mmol/L,135,145
BIO-003280,SEJ-000780,2024-04-28 09:00:00,Hemoglobine,130.2,g/L,12,16
BIO-003281,SEJ-000781,2023-07-31 13:00:00,Natremie,134.45,mmol/L,135,145
BIO-003282,SEJ-000781,2023-08-04 21:00:00,Creatinine,109.54,µmol/L,60,110
BIO-003283,SEJ-000781,2023-08-03 13:00:00,CRP,-14.3,mg/L,0,5
BIO-003284,SEJ-000781,2023-08-02 09:00:00,Creatinine,97.6,µmol/L,60,110
BIO-003285,SEJ-000781,2023-07-31 20:00:00,GlobulesBlancs,4.3,G/L,4,10
BIO-003286,SEJ-000782,2023-10-30 22:00:00,GlobulesBlancs,15.19,G/L,4,10
BIO-003287,SEJ-000782,2023-10-30 22:00:00,CRP,31.48,mg/L,0,5
BIO-003288,SEJ-000782,2023-10-30 02:00:00,GlobulesBlancs,9.28,G/L,4,10
BIO-003289,SEJ-000782,2023-10-29 02:00:00,Creatinine,4.92,mg/L,60,110
BIO-003290,SEJ-000782,2023-10-29 02:00:00,Creatinine,-12.47,mg/L,60,110
BIO-003291,SEJ-000783,2023-11-22 22:00:00,Natremie,145.68,mmol/L,135,145
BIO-003292,SEJ-000783,2023-11-22 02:00:00,Natremie,137.28,mmol/L,135,145
BIO-003293,SEJ-000783,2023-11-20 20:00:00,Natremie,140.29,mmol/L,135,145
BIO-003294,SEJ-000784,2023-06-21 19:00:00,Natremie,,mmol/L,135,145
BIO-003295,SEJ-000784,2023-06-21 18:00:00,Creatinine,7.99,mg/L,60,110
BIO-003296,SEJ-000784,2023-06-21 09:00:00,Creatinine,107.11,µmol/L,60,110
BIO-003297,SEJ-000785,2023-06-27 11:00:00,GlobulesBlancs,9.59,G/L,4,10
BIO-003298,SEJ-000785,2023-06-28 21:00:00,Natremie,999.0,mmol/L,135,145
BIO-003299,SEJ-000785,2023-06-27 08:00:00,CRP,-67.13,mg/L,0,5
BIO-003300,SEJ-000785,2023-06-27 21:00:00,GlobulesBlancs,6.35,G/L,4,10
BIO-003301,SEJ-000785,2023-06-29 05:00:00,CRP,71.65,mg/L,0,5
BIO-003302,SEJ-000785,2023-06-27 03:00:00,CRP,14.72,mg/L,0,5
BIO-003303,SEJ-000786,2024-04-16 03:00:00,Hemoglobine,13.11,g/dL,12,16
BIO-003304,SEJ-000786,2024-04-14 12:00:00,CRP,34.12,mg/L,0,5
BIO-003305,SEJ-000787,2024-03-27 18:00:00,Hemoglobine,12.25,g/dL,12,16
BIO-003306,SEJ-000787,2024-03-27 05:00:00,GlobulesBlancs,13.16,G/L,4,10
BIO-003307,SEJ-000787,2024-03-29 21:00:00,Natremie,140.58,mmol/L,135,145
BIO-003308,SEJ-000788,2023-07-17 12:00:00,Creatinine,88.69,µmol/L,60,110
BIO-003309,SEJ-000788,2023-07-17 07:00:00,Natremie,1376.26,mmol/L,135,145
BIO-003310,SEJ-000788,2023-07-17 16:00:00,Hemoglobine,11.72,g/dL,12,16
BIO-003311,SEJ-000788,2023-07-17 09:00:00,GlobulesBlancs,7.63,G/L,4,10
BIO-003312,SEJ-000789,2024-04-09 16:00:00,Creatinine,74.72,µmol/L,60,110
BIO-003313,SEJ-000789,2024-04-09 14:00:00,Hemoglobine,108.73,g/L,12,16
BIO-003314,SEJ-000789,2024-04-09 10:00:00,Natremie,143.62,mmol/L,135,145
BIO-003315,SEJ-000790,2024-02-21 17:00:00,GlobulesBlancs,5.15,G/L,4,10
BIO-003316,SEJ-000790,2024-02-13 04:00:00,GlobulesBlancs,6.05,G/L,4,10
BIO-003317,SEJ-000790,2024-02-12 17:00:00,CRP,-19.24,mg/L,0,5
BIO-003318,SEJ-000791,2024-02-10 05:00:00,Creatinine,9.33,mg/L,60,110
BIO-003319,SEJ-000791,2024-02-10 13:00:00,CRP,21.26,mg/L,0,5
BIO-003320,SEJ-000791,2024-02-09 02:00:00,Creatinine,12.76,mg/L,60,110
BIO-003321,SEJ-000791,2024-02-10 13:00:00,Natremie,,mmol/L,135,145
BIO-003322,SEJ-000791,2024-02-10 05:00:00,Hemoglobine,142.51,g/L,12,16
BIO-003323,SEJ-000792,2024-04-01 07:00:00,Hemoglobine,117.05,g/L,12,16
BIO-003324,SEJ-000792,2024-04-01 19:00:00,CRP,28.14,mg/L,0,5
BIO-003325,SEJ-000793,2023-10-05 19:00:00,CRP,26.07,mg/L,0,5
BIO-003326,SEJ-000793,2023-10-06 03:00:00,GlobulesBlancs,12.24,G/L,4,10
BIO-003327,SEJ-000794,2023-12-19 01:00:00,Natremie,138.5,mmol/L,135,145
BIO-003328,SEJ-000794,2023-12-19 20:00:00,Creatinine,6.97,mg/L,60,110
BIO-003329,SEJ-000794,2023-12-19 04:00:00,Creatinine,16.3,mg/L,60,110
BIO-003330,SEJ-000795,2023-04-05 10:00:00,Natremie,141.9,mmol/L,135,145
BIO-003331,SEJ-000795,2023-04-05 22:00:00,Hemoglobine,140.64,g/L,12,16
BIO-003332,SEJ-000796,2023-04-15 16:00:00,Hemoglobine,129.71,g/L,12,16
BIO-003333,SEJ-000796,2023-04-15 21:00:00,Natremie,132.2,mmol/L,135,145
BIO-003334,SEJ-000796,2023-04-15 05:00:00,Natremie,134.62,mmol/L,135,145
BIO-003335,SEJ-000796,2023-04-15 17:00:00,Creatinine,11.76,mg/L,60,110
BIO-003336,SEJ-000797,2023-08-31 19:00:00,CRP,17.68,mg/L,0,5
BIO-003337,SEJ-000797,2023-09-02 14:00:00,Creatinine,13.35,mg/L,60,110
BIO-003338,SEJ-000797,2023-09-02 04:00:00,Creatinine,9.89,mg/L,60,110
BIO-003339,SEJ-000798,2023-06-08 01:00:00,Creatinine,8.97,mg/L,60,110
BIO-003340,SEJ-000798,2023-06-06 18:00:00,Creatinine,65.02,µmol/L,60,110
BIO-003341,SEJ-000798,2023-06-07 10:00:00,CRP,66.09,mg/L,0,5
BIO-003342,SEJ-000799,2023-02-21 07:00:00,Natremie,135.32,mmol/L,135,145
BIO-003343,SEJ-000799,2023-02-10 02:00:00,Creatinine,83.97,µmol/L,60,110
BIO-003344,SEJ-000799,2023-02-10 19:00:00,CRP,47.47,mg/L,0,5
BIO-003345,SEJ-000799,2023-02-15 22:00:00,Creatinine,9.79,mg/L,60,110
BIO-003346,SEJ-000800,2023-04-21 14:00:00,Creatinine,115.74,µmol/L,60,110
BIO-003347,SEJ-000800,2023-04-18 22:00:00,Natremie,140.66,mmol/L,135,145
BIO-003348,SEJ-000800,2023-04-19 21:00:00,GlobulesBlancs,12.07,G/L,4,10
BIO-003349,SEJ-000801,2023-08-17 06:00:00,Creatinine,105.22,µmol/L,60,110
BIO-003350,SEJ-000801,2023-08-17 23:00:00,Natremie,,mmol/L,135,145
BIO-003351,SEJ-000801,2023-08-17 16:00:00,Hemoglobine,15.0,g/dL,12,16
BIO-003352,SEJ-000801,2023-08-17 08:00:00,CRP,43.22,mg/L,0,5
BIO-003353,SEJ-000802,2024-03-04 15:00:00,GlobulesBlancs,-7.5,G/L,4,10
BIO-003354,SEJ-000802,2024-03-03 16:00:00,Hemoglobine,121.81,g/L,12,16
BIO-003355,SEJ-000802,2024-03-03 15:00:00,Hemoglobine,,g/dL,12,16
BIO-003356,SEJ-000802,2024-03-04 15:00:00,Hemoglobine,12.28,g/dL,12,16
BIO-003357,SEJ-000803,2024-03-22 01:00:00,GlobulesBlancs,6.75,G/L,4,10
BIO-003358,SEJ-000803,2024-03-21 05:00:00,CRP,-16.49,mg/L,0,5
BIO-003359,SEJ-000803,2024-03-17 03:00:00,GlobulesBlancs,,G/L,4,10
BIO-003360,SEJ-000803,2024-03-21 19:00:00,Natremie,138.27,mmol/L,135,145
BIO-003361,SEJ-000803,2024-03-16 08:00:00,CRP,,mg/L,0,5
BIO-003362,SEJ-999999,2024-03-24 13:00:00,GlobulesBlancs,-6.64,G/L,4,10
BIO-003363,SEJ-000803,2024-03-22 04:00:00,GlobulesBlancs,6.97,G/L,4,10
BIO-003364,SEJ-000804,2023-12-22 07:00:00,GlobulesBlancs,11.56,G/L,4,10
BIO-003365,SEJ-000804,2023-12-28 06:00:00,Creatinine,11.05,mg/L,60,110
BIO-003366,SEJ-000804,2023-12-26 00:00:00,GlobulesBlancs,10.72,G/L,4,10
BIO-003367,SEJ-000805,2023-02-25 03:00:00,Natremie,135.93,mmol/L,135,145
BIO-003368,SEJ-000805,2023-02-23 14:00:00,Natremie,999.0,mmol/L,135,145
BIO-003369,SEJ-000805,2023-02-24 00:00:00,Hemoglobine,12.0,g/dL,12,16
BIO-003370,SEJ-000805,2023-02-24 02:00:00,CRP,48.68,mg/L,0,5
BIO-003371,SEJ-000805,2023-02-25 00:00:00,Hemoglobine,114.25,g/L,12,16
BIO-003372,SEJ-000805,2023-02-23 16:00:00,Creatinine,8.33,mg/L,60,110
BIO-003373,SEJ-000806,2024-03-10 19:00:00,CRP,72.13,mg/L,0,5
BIO-003374,SEJ-000806,2024-03-13 06:00:00,CRP,40.89,mg/L,0,5
BIO-003375,SEJ-000806,2024-03-11 02:00:00,GlobulesBlancs,10.09,G/L,4,10
BIO-003376,SEJ-000806,2024-03-13 01:00:00,Creatinine,4.02,mg/L,60,110
BIO-003377,SEJ-000807,2023-04-14 21:00:00,Creatinine,68.83,µmol/L,60,110
BIO-003378,SEJ-000807,2023-04-13 05:00:00,Hemoglobine,112.31,g/L,12,16
BIO-003379,SEJ-000807,2023-04-14 09:00:00,GlobulesBlancs,9.87,G/L,4,10
BIO-003380,SEJ-000807,2023-04-13 15:00:00,Hemoglobine,12.22,g/dL,12,16
BIO-003381,SEJ-000808,2023-05-08 10:00:00,GlobulesBlancs,6.45,G/L,4,10
BIO-003382,SEJ-000808,2023-05-07 12:00:00,Hemoglobine,136.54,g/L,12,16
BIO-003383,SEJ-000809,2022-12-26 07:00:00,CRP,17.04,mg/L,0,5
BIO-003384,SEJ-999999,2022-12-23 14:00:00,Creatinine,14.53,mg/L,60,110
BIO-003385,SEJ-000810,2024-02-27 11:00:00,CRP,15.33,mg/L,0,5
BIO-003386,SEJ-000810,2024-02-29 08:00:00,Hemoglobine,110.7,g/L,12,16
BIO-003387,SEJ-000810,2024-02-28 14:00:00,CRP,20.65,mg/L,0,5
BIO-003388,SEJ-000810,2024-02-28 02:00:00,Creatinine,13.31,mg/L,60,110
BIO-003389,SEJ-000810,2024-02-25 13:00:00,Hemoglobine,,g/L,12,16
BIO-003390,SEJ-000810,2024-02-27 07:00:00,Natremie,,mmol/L,135,145
BIO-003391,SEJ-000810,2024-02-25 11:00:00,GlobulesBlancs,12.47,G/L,4,10
BIO-003392,SEJ-000811,2023-12-12 01:00:00,GlobulesBlancs,12.66,G/L,4,10
BIO-003393,SEJ-000811,2023-12-19 11:00:00,Hemoglobine,134.28,g/L,12,16
BIO-003394,SEJ-000811,2023-12-19 19:00:00,Natremie,138.03,mmol/L,135,145
BIO-003395,SEJ-000811,2023-12-14 16:00:00,Natremie,138.52,mmol/L,135,145
BIO-003396,SEJ-000811,2023-12-20 00:00:00,GlobulesBlancs,8.62,G/L,4,10
BIO-003397,SEJ-000811,2023-12-21 06:00:00,CRP,28.87,mg/L,0,5
BIO-003398,SEJ-000811,2023-12-24 00:00:00,CRP,0.66,mg/L,0,5
BIO-003399,SEJ-000811,2023-12-20 05:00:00,Natremie,134.48,mmol/L,135,145
BIO-003400,SEJ-000812,2023-02-15 19:00:00,Creatinine,9.86,mg/L,60,110
BIO-003401,SEJ-000812,2023-02-12 13:00:00,GlobulesBlancs,6.52,G/L,4,10
BIO-003402,SEJ-000812,2023-02-10 12:00:00,CRP,-46.33,mg/L,0,5
BIO-003403,SEJ-000812,2023-02-12 23:00:00,GlobulesBlancs,6.57,G/L,4,10
BIO-003404,SEJ-000812,2023-02-10 13:00:00,GlobulesBlancs,6.48,G/L,4,10
BIO-003405,SEJ-000813,2023-04-12 04:00:00,Natremie,141.63,mmol/L,135,145
BIO-003406,SEJ-000813,2023-04-08 11:00:00,GlobulesBlancs,5.19,G/L,4,10
BIO-003407,SEJ-000813,2023-04-10 10:00:00,Creatinine,124.87,µmol/L,60,110
BIO-003408,SEJ-000813,2023-04-09 13:00:00,Hemoglobine,11.52,g/dL,12,16
BIO-003409,SEJ-000813,2023-04-09 09:00:00,Hemoglobine,12.83,g/dL,12,16
BIO-003410,SEJ-000813,2023-04-09 07:00:00,GlobulesBlancs,12.3,G/L,4,10
BIO-003411,SEJ-000813,2023-04-11 02:00:00,Creatinine,12.53,mg/L,60,110
BIO-003412,SEJ-000813,2023-04-11 16:00:00,Creatinine,,µmol/L,60,110
BIO-003413,SEJ-000814,2023-01-24 19:00:00,GlobulesBlancs,11.93,G/L,4,10
BIO-003414,SEJ-000814,2023-01-19 12:00:00,Hemoglobine,148.91,g/L,12,16
BIO-003415,SEJ-000814,2023-01-23 20:00:00,Hemoglobine,99.23,g/L,12,16
BIO-003416,SEJ-000815,2023-01-25 08:00:00,CRP,66.71,mg/L,0,5
BIO-003417,SEJ-000815,2023-01-25 00:00:00,Natremie,139.27,mmol/L,135,145
BIO-003418,SEJ-000815,2023-01-27 04:00:00,Creatinine,9.04,mg/L,60,110
BIO-003419,SEJ-000815,2023-01-26 02:00:00,CRP,5.23,mg/L,0,5
BIO-003420,SEJ-000815,2023-01-25 22:00:00,Natremie,140.0,mmol/L,135,145
BIO-003421,SEJ-000816,2023-11-27 22:00:00,GlobulesBlancs,,G/L,4,10
BIO-003422,SEJ-000816,2023-11-27 04:00:00,GlobulesBlancs,9.46,G/L,4,10
BIO-003423,SEJ-000816,2023-11-25 07:00:00,Hemoglobine,14.22,g/dL,12,16
BIO-003424,SEJ-000816,2023-11-25 04:00:00,Creatinine,11.55,mg/L,60,110
BIO-003425,SEJ-000817,2023-07-17 16:00:00,CRP,14.39,mg/L,0,5
BIO-003426,SEJ-000817,2023-07-19 04:00:00,Natremie,133.28,mmol/L,135,145
BIO-003427,SEJ-000817,2023-07-19 14:00:00,CRP,13.87,mg/L,0,5
BIO-003428,SEJ-000817,2023-07-18 14:00:00,CRP,,mg/L,0,5
BIO-003429,SEJ-000817,2023-07-17 23:00:00,Natremie,138.28,mmol/L,135,145
BIO-003430,SEJ-000817,2023-07-19 03:00:00,Hemoglobine,94.34,g/L,12,16
BIO-003431,SEJ-000817,2023-07-17 19:00:00,Hemoglobine,141.05,g/L,12,16
BIO-003432,SEJ-000817,2023-07-18 03:00:00,Hemoglobine,154.6,g/L,12,16
BIO-003433,SEJ-000818,2023-05-23 12:00:00,CRP,4.11,mg/L,0,5
BIO-003434,SEJ-000818,2023-05-21 06:00:00,Hemoglobine,11.92,g/dL,12,16
BIO-003435,SEJ-000818,2023-05-16 03:00:00,CRP,-8.16,mg/L,0,5
BIO-003436,SEJ-000818,2023-05-23 22:00:00,Creatinine,11.32,mg/L,60,110
BIO-003437,SEJ-000818,2023-05-23 17:00:00,GlobulesBlancs,,G/L,4,10
BIO-003438,SEJ-000819,2023-07-06 13:00:00,Natremie,138.09,mmol/L,135,145
BIO-003439,SEJ-000819,2023-07-06 04:00:00,CRP,,mg/L,0,5
BIO-003440,SEJ-000819,2023-07-06 21:00:00,GlobulesBlancs,10.61,G/L,4,10
BIO-003441,SEJ-000819,2023-07-07 12:00:00,GlobulesBlancs,8.74,G/L,4,10
BIO-003442,SEJ-000819,2023-07-06 17:00:00,CRP,-2.88,mg/L,0,5
BIO-003443,SEJ-000820,2024-03-20 10:00:00,Hemoglobine,142.4,g/L,12,16
BIO-003444,SEJ-000820,2024-03-13 19:00:00,Hemoglobine,99.98,g/L,12,16
BIO-003445,SEJ-000820,2024-03-15 01:00:00,Creatinine,0.31,mg/L,60,110
BIO-003446,SEJ-000820,2024-03-19 08:00:00,GlobulesBlancs,8.49,G/L,4,10
BIO-003447,SEJ-000821,2023-03-23 07:00:00,Creatinine,9.65,mg/L,60,110
BIO-003448,SEJ-000821,2023-03-18 12:00:00,Natremie,142.71,mmol/L,135,145
BIO-003449,SEJ-000822,2023-01-01 11:00:00,Hemoglobine,122.95,g/L,12,16
BIO-003450,SEJ-000822,2022-12-31 18:00:00,Creatinine,117.04,µmol/L,60,110
BIO-003451,SEJ-000822,2023-01-04 03:00:00,CRP,23.29,mg/L,0,5
BIO-003452,SEJ-000822,2022-12-30 10:00:00,CRP,-9.9,mg/L,0,5
BIO-003453,SEJ-000822,2023-01-05 12:00:00,Hemoglobine,13.47,g/dL,12,16
BIO-003454,SEJ-000822,2023-01-04 03:00:00,GlobulesBlancs,10.5,G/L,4,10
BIO-003455,SEJ-000823,2023-07-04 23:00:00,CRP,-31.82,mg/L,0,5
BIO-003456,SEJ-000823,2023-07-02 04:00:00,Hemoglobine,114.95,g/L,12,16
BIO-003457,SEJ-000823,2023-07-02 20:00:00,Natremie,138.99,mmol/L,135,145
BIO-003458,SEJ-000823,2023-07-04 11:00:00,Creatinine,9.81,mg/L,60,110
BIO-003459,SEJ-000823,2023-07-04 22:00:00,Creatinine,999.0,mg/L,60,110
BIO-003460,SEJ-000823,2023-07-04 14:00:00,Natremie,135.5,mmol/L,135,145
BIO-003461,SEJ-000824,2023-11-23 21:00:00,Creatinine,43.7,µmol/L,60,110
BIO-003462,SEJ-000824,2023-11-23 05:00:00,Natremie,138.69,mmol/L,135,145
BIO-003463,SEJ-000825,2023-02-28 02:00:00,Natremie,136.31,mmol/L,135,145
BIO-003464,SEJ-000825,2023-02-27 19:00:00,Natremie,,mmol/L,135,145
BIO-003465,SEJ-000825,2023-02-27 08:00:00,Hemoglobine,11.95,g/dL,12,16
BIO-003466,SEJ-000825,2023-02-27 02:00:00,Hemoglobine,14.64,g/dL,12,16
BIO-003467,SEJ-000826,2023-10-13 15:00:00,Creatinine,9.52,mg/L,60,110
BIO-003468,SEJ-000826,2023-10-13 21:00:00,Natremie,136.94,mmol/L,135,145
BIO-003469,SEJ-000826,2023-10-13 02:00:00,Hemoglobine,,g/dL,12,16
BIO-003470,SEJ-000827,2023-09-07 22:00:00,Creatinine,7.77,mg/L,60,110
BIO-003471,SEJ-000827,2023-09-06 07:00:00,Natremie,144.26,mmol/L,135,145
BIO-003472,SEJ-000827,2023-09-07 09:00:00,Hemoglobine,12.28,g/dL,12,16
BIO-003473,SEJ-000828,2024-02-23 15:00:00,Creatinine,100.95,µmol/L,60,110
BIO-003474,SEJ-000828,2024-02-24 09:00:00,CRP,24.21,mg/L,0,5
BIO-003475,SEJ-000828,2024-02-22 19:00:00,Hemoglobine,10.09,g/dL,12,16
BIO-003476,SEJ-000829,2022-12-20 10:00:00,Hemoglobine,10.53,g/dL,12,16
BIO-003477,SEJ-000829,2022-12-21 18:00:00,CRP,40.23,mg/L,0,5
BIO-003478,SEJ-999999,2022-12-18 12:00:00,Hemoglobine,,g/L,12,16
BIO-003479,SEJ-000830,2023-07-08 13:00:00,Creatinine,54.33,µmol/L,60,110
BIO-003480,SEJ-000830,2023-07-08 20:00:00,Hemoglobine,,g/L,12,16
BIO-003481,SEJ-000830,2023-07-07 02:00:00,Hemoglobine,119.26,g/L,12,16
BIO-003482,SEJ-000830,2023-07-08 05:00:00,Hemoglobine,,g/dL,12,16
BIO-003483,SEJ-000830,2023-07-08 12:00:00,Creatinine,,µmol/L,60,110
BIO-003484,SEJ-000831,2023-05-02 20:00:00,Hemoglobine,117.47,g/L,12,16
BIO-003485,SEJ-000831,2023-05-05 05:00:00,GlobulesBlancs,9.61,G/L,4,10
BIO-003486,SEJ-000831,2023-05-04 22:00:00,GlobulesBlancs,8.25,G/L,4,10
BIO-003487,SEJ-000831,2023-05-01 04:00:00,Creatinine,118.49,µmol/L,60,110
BIO-003488,SEJ-000832,2024-04-30 20:00:00,CRP,-21.6,mg/L,0,5
BIO-003489,SEJ-000832,2024-04-30 19:00:00,Creatinine,66.24,µmol/L,60,110
BIO-003490,SEJ-000832,2024-04-30 02:00:00,Natremie,136.98,mmol/L,135,145
BIO-003491,SEJ-000833,2023-05-16 16:00:00,CRP,-16.07,mg/L,0,5
BIO-003492,SEJ-000833,2023-05-17 07:00:00,Natremie,140.89,mmol/L,135,145
BIO-003493,SEJ-000833,2023-05-16 03:00:00,CRP,2.4,mg/L,0,5
BIO-003494,SEJ-000833,2023-05-16 15:00:00,GlobulesBlancs,108.09,G/L,4,10
BIO-003495,SEJ-000834,2023-04-10 03:00:00,GlobulesBlancs,8.69,G/L,4,10
BIO-003496,SEJ-000834,2023-04-11 19:00:00,GlobulesBlancs,10.41,G/L,4,10
BIO-003497,SEJ-000834,2023-04-10 07:00:00,Creatinine,27.29,µmol/L,60,110
BIO-003498,SEJ-000835,2022-12-20 18:00:00,Hemoglobine,11.4,g/dL,12,16
BIO-003499,SEJ-000835,2022-12-22 14:00:00,CRP,-41.26,mg/L,0,5
BIO-003500,SEJ-000835,2022-12-20 00:00:00,Creatinine,37.27,µmol/L,60,110
BIO-003501,SEJ-000835,2022-12-21 05:00:00,Hemoglobine,118.88,g/L,12,16
BIO-003502,SEJ-000836,2023-08-09 14:00:00,Creatinine,3.67,mg/L,60,110
BIO-003503,SEJ-000836,2023-08-12 19:00:00,Creatinine,5.37,mg/L,60,110
BIO-003504,SEJ-000837,2023-02-05 23:00:00,Creatinine,66.5,µmol/L,60,110
BIO-003505,SEJ-000837,2023-02-04 08:00:00,CRP,12.72,mg/L,0,5
BIO-003506,SEJ-000838,2022-12-12 20:00:00,Natremie,135.08,mmol/L,135,145
BIO-003507,SEJ-000838,2022-12-11 20:00:00,GlobulesBlancs,10.16,G/L,4,10
BIO-003508,SEJ-000838,2022-12-12 14:00:00,CRP,-18.22,mg/L,0,5
BIO-003509,SEJ-000838,2022-12-14 20:00:00,CRP,21.13,mg/L,0,5
BIO-003510,SEJ-000839,2023-11-13 21:00:00,GlobulesBlancs,,G/L,4,10
BIO-003511,SEJ-000839,2023-11-10 12:00:00,GlobulesBlancs,10.39,G/L,4,10
BIO-003512,SEJ-000839,2023-11-13 22:00:00,GlobulesBlancs,9.38,G/L,4,10
BIO-003513,SEJ-000839,2023-11-14 23:00:00,Natremie,140.93,mmol/L,135,145
BIO-003514,SEJ-000839,2023-11-10 17:00:00,GlobulesBlancs,4.98,G/L,4,10
BIO-003515,SEJ-000839,2023-11-14 16:00:00,Natremie,,mmol/L,135,145
BIO-003516,SEJ-999999,2023-12-29 16:00:00,Creatinine,8.79,mg/L,60,110
BIO-003517,SEJ-000840,2023-12-28 06:00:00,Creatinine,6.22,mg/L,60,110
BIO-003518,SEJ-000840,2024-01-03 06:00:00,Creatinine,4.69,mg/L,60,110
BIO-003519,SEJ-000841,2023-12-28 00:00:00,CRP,-15.41,mg/L,0,5
BIO-003520,SEJ-000841,2023-12-26 11:00:00,Natremie,999.0,mmol/L,135,145
BIO-003521,SEJ-000842,2023-09-24 02:00:00,Creatinine,60.27,µmol/L,60,110
BIO-003522,SEJ-000842,2023-09-20 12:00:00,Natremie,139.4,mmol/L,135,145
BIO-003523,SEJ-000842,2023-09-16 21:00:00,Hemoglobine,11.39,g/dL,12,16
BIO-003524,SEJ-000842,2023-09-23 06:00:00,Natremie,139.64,mmol/L,135,145
BIO-003525,SEJ-000842,2023-09-21 08:00:00,Creatinine,15.22,mg/L,60,110
BIO-003526,SEJ-000843,2024-04-14 22:00:00,CRP,-16.46,mg/L,0,5
BIO-003527,SEJ-000843,2024-04-11 06:00:00,GlobulesBlancs,13.57,G/L,4,10
BIO-003528,SEJ-000843,2024-04-12 23:00:00,Hemoglobine,14.28,g/dL,12,16
BIO-003529,SEJ-000844,2023-04-14 01:00:00,CRP,21.69,mg/L,0,5
BIO-003530,SEJ-000844,2023-04-14 20:00:00,Natremie,137.89,mmol/L,135,145
BIO-003531,SEJ-000845,2023-01-07 16:00:00,GlobulesBlancs,6.14,G/L,4,10
BIO-003532,SEJ-000845,2023-01-07 19:00:00,Natremie,138.55,mmol/L,135,145
BIO-003533,SEJ-000845,2023-01-08 11:00:00,Creatinine,9.19,mg/L,60,110
BIO-003534,SEJ-000845,2023-01-06 21:00:00,Natremie,,mmol/L,135,145
BIO-003535,SEJ-000845,2023-01-06 14:00:00,Natremie,138.01,mmol/L,135,145
BIO-003536,SEJ-000846,2023-11-24 18:00:00,Creatinine,15.28,mg/L,60,110
BIO-003537,SEJ-000846,2023-11-24 06:00:00,Natremie,-138.9,mmol/L,135,145
BIO-003538,SEJ-000846,2023-11-22 02:00:00,CRP,17.49,mg/L,0,5
BIO-003539,SEJ-000846,2023-11-24 15:00:00,Creatinine,8.63,mg/L,60,110
BIO-003540,SEJ-000847,2024-01-28 14:00:00,Natremie,,mmol/L,135,145
BIO-003541,SEJ-000847,2024-01-27 18:00:00,GlobulesBlancs,7.2,G/L,4,10
BIO-003542,SEJ-000848,2022-12-12 08:00:00,Hemoglobine,103.47,g/L,12,16
BIO-003543,SEJ-000848,2022-12-11 06:00:00,Creatinine,11.87,mg/L,60,110
BIO-003544,SEJ-000848,2022-12-11 08:00:00,Natremie,141.68,mmol/L,135,145
BIO-003545,SEJ-000848,2022-12-12 22:00:00,Creatinine,69.11,µmol/L,60,110
BIO-003546,SEJ-000848,2022-12-11 21:00:00,GlobulesBlancs,999.0,G/L,4,10
BIO-003547,SEJ-000848,2022-12-11 20:00:00,Natremie,137.94,mmol/L,135,145
BIO-003548,SEJ-000848,2022-12-11 03:00:00,Natremie,137.29,mmol/L,135,145
BIO-003549,SEJ-000848,2022-12-11 08:00:00,Creatinine,91.15,µmol/L,60,110
BIO-003550,SEJ-000849,2023-02-21 17:00:00,GlobulesBlancs,,G/L,4,10
BIO-003551,SEJ-000849,2023-02-19 19:00:00,Natremie,133.31,mmol/L,135,145
BIO-003552,SEJ-000849,2023-02-22 03:00:00,CRP,-2.14,mg/L,0,5
BIO-003553,SEJ-000849,2023-02-18 12:00:00,Natremie,143.17,mmol/L,135,145
BIO-003554,SEJ-000849,2023-02-21 06:00:00,GlobulesBlancs,8.52,G/L,4,10
BIO-003555,SEJ-000849,2023-02-19 10:00:00,Natremie,,mmol/L,135,145
BIO-003556,SEJ-000850,2023-03-31 19:00:00,GlobulesBlancs,8.93,G/L,4,10
BIO-003557,SEJ-000850,2023-03-31 22:00:00,Creatinine,9.49,mg/L,60,110
BIO-003558,SEJ-000850,2023-03-30 13:00:00,CRP,39.6,mg/L,0,5
BIO-003559,SEJ-999999,2023-04-01 22:00:00,Creatinine,8.37,mg/L,60,110
BIO-003560,SEJ-000850,2023-03-30 09:00:00,Hemoglobine,117.59,g/L,12,16
BIO-003561,SEJ-000850,2023-03-30 19:00:00,Natremie,140.29,mmol/L,135,145
BIO-003562,SEJ-000850,2023-03-31 17:00:00,GlobulesBlancs,10.51,G/L,4,10
BIO-003563,SEJ-000851,2023-01-10 10:00:00,Creatinine,10.44,mg/L,60,110
BIO-003564,SEJ-000851,2023-01-10 12:00:00,Creatinine,3.15,µmol/L,60,110
BIO-003565,SEJ-000851,2023-01-08 19:00:00,Natremie,,mmol/L,135,145
BIO-003566,SEJ-000852,2023-08-24 10:00:00,Hemoglobine,125.64,g/L,12,16
BIO-003567,SEJ-000852,2023-08-24 17:00:00,Natremie,,mmol/L,135,145
BIO-003568,SEJ-000852,2023-08-27 06:00:00,Natremie,140.94,mmol/L,135,145
BIO-003569,SEJ-000853,2023-10-21 05:00:00,GlobulesBlancs,13.28,G/L,4,10
BIO-003570,SEJ-000853,2023-10-19 20:00:00,CRP,-13.47,mg/L,0,5
BIO-003571,SEJ-000853,2023-10-20 01:00:00,Hemoglobine,14.7,g/dL,12,16
BIO-003572,SEJ-000853,2023-10-19 02:00:00,Hemoglobine,11.28,g/dL,12,16
BIO-003573,SEJ-000853,2023-10-21 23:00:00,Hemoglobine,10.51,g/dL,12,16
BIO-003574,SEJ-000854,2022-12-19 20:00:00,Creatinine,101.24,µmol/L,60,110
BIO-003575,SEJ-000854,2022-12-20 01:00:00,GlobulesBlancs,10.06,G/L,4,10
BIO-003576,SEJ-000854,2022-12-21 07:00:00,Natremie,140.54,mmol/L,135,145
BIO-003577,SEJ-000854,2022-12-20 05:00:00,Natremie,143.55,mmol/L,135,145
BIO-003578,SEJ-999999,2022-12-18 08:00:00,GlobulesBlancs,,G/L,4,10
BIO-003579,SEJ-000854,2022-12-19 01:00:00,Creatinine,93.98,µmol/L,60,110
BIO-003580,SEJ-000855,2024-05-05 04:00:00,Natremie,145.2,mmol/L,135,145
BIO-003581,SEJ-000855,2024-04-29 23:00:00,Creatinine,78.46,µmol/L,60,110
BIO-003582,SEJ-000856,2024-02-29 16:00:00,Natremie,139.93,mmol/L,135,145
BIO-003583,SEJ-000856,2024-02-27 16:00:00,Natremie,134.57,mmol/L,135,145
BIO-003584,SEJ-000856,2024-02-29 11:00:00,Hemoglobine,12.02,g/dL,12,16
BIO-003585,SEJ-000856,2024-02-28 02:00:00,Creatinine,84.66,µmol/L,60,110
BIO-003586,SEJ-000856,2024-02-28 23:00:00,Creatinine,,µmol/L,60,110
BIO-003587,SEJ-000857,2023-09-13 09:00:00,GlobulesBlancs,8.4,G/L,4,10
BIO-003588,SEJ-000857,2023-09-13 11:00:00,GlobulesBlancs,15.54,G/L,4,10
BIO-003589,SEJ-000857,2023-09-13 17:00:00,CRP,-4.73,mg/L,0,5
BIO-003590,SEJ-999999,2023-03-17 14:00:00,Creatinine,137.58,µmol/L,60,110
BIO-003591,SEJ-000858,2023-03-20 09:00:00,Hemoglobine,134.05,g/L,12,16
BIO-003592,SEJ-000858,2023-03-20 21:00:00,CRP,,mg/L,0,5
BIO-003593,SEJ-000858,2023-03-19 10:00:00,GlobulesBlancs,,G/L,4,10
BIO-003594,SEJ-000858,2023-03-16 07:00:00,Creatinine,10.41,mg/L,60,110
BIO-003595,SEJ-000859,2023-10-15 07:00:00,Creatinine,0.43,mg/L,60,110
BIO-003596,SEJ-000859,2023-10-28 14:00:00,Creatinine,999.0,µmol/L,60,110
BIO-003597,SEJ-000859,2023-10-16 19:00:00,GlobulesBlancs,11.23,G/L,4,10
BIO-003598,SEJ-000860,2024-03-12 09:00:00,GlobulesBlancs,9.38,G/L,4,10
BIO-003599,SEJ-000860,2024-03-09 18:00:00,Creatinine,12.16,mg/L,60,110
BIO-003600,SEJ-000860,2024-03-08 19:00:00,Natremie,-140.98,mmol/L,135,145
BIO-003601,SEJ-000860,2024-03-08 11:00:00,GlobulesBlancs,,G/L,4,10
BIO-003602,SEJ-000860,2024-03-09 03:00:00,Creatinine,13.74,mg/L,60,110
BIO-003603,SEJ-000860,2024-03-09 01:00:00,GlobulesBlancs,10.12,G/L,4,10
BIO-003604,SEJ-000860,2024-03-08 13:00:00,Creatinine,,µmol/L,60,110
BIO-003605,SEJ-000861,2023-04-27 21:00:00,Hemoglobine,108.81,g/L,12,16
BIO-003606,SEJ-000861,2023-05-12 07:00:00,Natremie,134.45,mmol/L,135,145
BIO-003607,SEJ-000861,2023-05-04 00:00:00,GlobulesBlancs,11.57,G/L,4,10
BIO-003608,SEJ-000861,2023-04-23 17:00:00,CRP,17.81,mg/L,0,5
BIO-003609,SEJ-000861,2023-04-27 14:00:00,Natremie,141.96,mmol/L,135,145
BIO-003610,SEJ-000862,2023-11-21 05:00:00,GlobulesBlancs,10.87,G/L,4,10
BIO-003611,SEJ-000862,2023-11-21 01:00:00,Creatinine,74.84,µmol/L,60,110
BIO-003612,SEJ-000862,2023-11-16 17:00:00,Natremie,135.19,mmol/L,135,145
BIO-003613,SEJ-000862,2023-11-20 16:00:00,CRP,999.0,mg/L,0,5
BIO-003614,SEJ-000862,2023-11-17 10:00:00,CRP,1.62,mg/L,0,5
BIO-003615,SEJ-000862,2023-11-19 20:00:00,Creatinine,5.06,mg/L,60,110
BIO-003616,SEJ-000863,2023-02-18 17:00:00,Natremie,,mmol/L,135,145
BIO-003617,SEJ-000863,2023-02-18 20:00:00,Creatinine,,µmol/L,60,110
BIO-003618,SEJ-000863,2023-02-19 01:00:00,Creatinine,82.06,µmol/L,60,110
BIO-003619,SEJ-000863,2023-02-18 17:00:00,Creatinine,13.96,mg/L,60,110
BIO-003620,SEJ-000863,2023-02-20 19:00:00,Natremie,146.59,mmol/L,135,145
BIO-003621,SEJ-000863,2023-02-18 13:00:00,Natremie,133.11,mmol/L,135,145
BIO-003622,SEJ-000864,2023-04-30 23:00:00,Creatinine,9.02,mg/L,60,110
BIO-003623,SEJ-000864,2023-05-01 10:00:00,Natremie,138.5,mmol/L,135,145
BIO-003624,SEJ-000864,2023-04-29 16:00:00,Natremie,139.09,mmol/L,135,145
BIO-003625,SEJ-000864,2023-05-01 07:00:00,GlobulesBlancs,9.71,G/L,4,10
BIO-003626,SEJ-000865,2024-03-02 15:00:00,Hemoglobine,11.9,g/dL,12,16
BIO-003627,SEJ-000865,2024-03-07 15:00:00,Natremie,142.71,mmol/L,135,145
BIO-003628,SEJ-000865,2024-03-02 21:00:00,CRP,-1.99,mg/L,0,5
BIO-003629,SEJ-000866,2024-03-06 01:00:00,GlobulesBlancs,7.93,G/L,4,10
BIO-003630,SEJ-000866,2024-03-07 02:00:00,CRP,36.81,mg/L,0,5
BIO-003631,SEJ-000866,2024-03-07 13:00:00,Hemoglobine,11.44,g/dL,12,16
BIO-003632,SEJ-000867,2023-03-25 05:00:00,Creatinine,119.1,µmol/L,60,110
BIO-003633,SEJ-000867,2023-03-24 09:00:00,GlobulesBlancs,,G/L,4,10
BIO-003634,SEJ-000867,2023-03-25 10:00:00,GlobulesBlancs,9.63,G/L,4,10
BIO-003635,SEJ-000868,2023-07-13 16:00:00,Creatinine,12.66,mg/L,60,110
BIO-003636,SEJ-000868,2023-07-14 06:00:00,Creatinine,82.15,µmol/L,60,110
BIO-003637,SEJ-000869,2023-05-04 04:00:00,CRP,0.06,mg/L,0,5
BIO-003638,SEJ-000869,2023-05-02 18:00:00,GlobulesBlancs,7.9,G/L,4,10
BIO-003639,SEJ-000869,2023-05-03 12:00:00,Hemoglobine,153.35,g/L,12,16
BIO-003640,SEJ-000870,2023-01-14 11:00:00,Creatinine,6.52,mg/L,60,110
BIO-003641,SEJ-000870,2023-01-10 18:00:00,GlobulesBlancs,8.74,G/L,4,10
BIO-003642,SEJ-000870,2023-01-07 07:00:00,Hemoglobine,130.35,g/L,12,16
BIO-003643,SEJ-000871,2023-04-14 14:00:00,Natremie,,mmol/L,135,145
BIO-003644,SEJ-000871,2023-04-12 03:00:00,CRP,-10.78,mg/L,0,5
BIO-003645,SEJ-000871,2023-04-14 14:00:00,CRP,17.98,mg/L,0,5
BIO-003646,SEJ-000871,2023-04-14 23:00:00,Natremie,,mmol/L,135,145
BIO-003647,SEJ-000871,2023-04-13 19:00:00,Hemoglobine,7.25,g/dL,12,16
BIO-003648,SEJ-000872,2023-12-24 20:00:00,GlobulesBlancs,14.23,G/L,4,10
BIO-003649,SEJ-000872,2023-12-23 07:00:00,Hemoglobine,,g/dL,12,16
BIO-003650,SEJ-000872,2023-12-24 15:00:00,GlobulesBlancs,4.04,G/L,4,10
BIO-003651,SEJ-000872,2023-12-24 02:00:00,Hemoglobine,131.56,g/L,12,16
BIO-003652,SEJ-000872,2023-12-23 04:00:00,GlobulesBlancs,12.99,G/L,4,10
BIO-003653,SEJ-000873,2023-02-10 11:00:00,Hemoglobine,12.39,g/dL,12,16
BIO-003654,SEJ-000873,2023-02-11 01:00:00,Hemoglobine,14.45,g/dL,12,16
BIO-003655,SEJ-000873,2023-02-11 06:00:00,Creatinine,999.0,µmol/L,60,110
BIO-003656,SEJ-000873,2023-02-06 20:00:00,Hemoglobine,125.79,g/L,12,16
BIO-003657,SEJ-000873,2023-02-06 06:00:00,CRP,,mg/L,0,5
BIO-003658,SEJ-000873,2023-02-11 08:00:00,Creatinine,135.13,µmol/L,60,110
BIO-003659,SEJ-000873,2023-02-09 23:00:00,GlobulesBlancs,9.03,G/L,4,10
BIO-003660,SEJ-000874,2024-01-04 17:00:00,GlobulesBlancs,3.99,G/L,4,10
BIO-003661,SEJ-000874,2023-12-31 20:00:00,Hemoglobine,9.5,g/dL,12,16
BIO-003662,SEJ-000875,2024-01-20 18:00:00,Natremie,139.0,mmol/L,135,145
BIO-003663,SEJ-000875,2024-01-22 17:00:00,Natremie,140.17,mmol/L,135,145
BIO-003664,SEJ-000875,2024-01-20 07:00:00,GlobulesBlancs,,G/L,4,10
BIO-003665,SEJ-000875,2024-01-20 08:00:00,CRP,52.1,mg/L,0,5
BIO-003666,SEJ-000875,2024-01-22 06:00:00,GlobulesBlancs,10.35,G/L,4,10
BIO-003667,SEJ-000875,2024-01-23 19:00:00,Creatinine,503.33,µmol/L,60,110
BIO-003668,SEJ-000876,2023-03-28 11:00:00,Natremie,136.6,mmol/L,135,145
BIO-003669,SEJ-000876,2023-03-29 19:00:00,GlobulesBlancs,-7.54,G/L,4,10
BIO-003670,SEJ-000876,2023-03-26 15:00:00,Natremie,138.42,mmol/L,135,145
BIO-003671,SEJ-000877,2022-12-20 22:00:00,Creatinine,12.64,mg/L,60,110
BIO-003672,SEJ-000877,2022-12-20 23:00:00,CRP,24.73,mg/L,0,5
BIO-003673,SEJ-000877,2022-12-21 22:00:00,GlobulesBlancs,10.18,G/L,4,10
BIO-003674,SEJ-000877,2022-12-21 03:00:00,Creatinine,0.44,mg/L,60,110
BIO-003675,SEJ-000877,2022-12-21 18:00:00,Hemoglobine,10.19,g/dL,12,16
BIO-003676,SEJ-000877,2022-12-21 06:00:00,CRP,38.83,mg/L,0,5
BIO-003677,SEJ-000877,2022-12-21 01:00:00,Creatinine,12.48,mg/L,60,110
BIO-003678,SEJ-000877,2022-12-21 01:00:00,Natremie,137.05,mmol/L,135,145
BIO-003679,SEJ-000877,2022-12-20 12:00:00,GlobulesBlancs,0.29,G/L,4,10
BIO-003680,SEJ-000877,2022-12-20 05:00:00,Creatinine,8.9,mg/L,60,110
BIO-003681,SEJ-999999,2023-07-09 09:00:00,GlobulesBlancs,5.73,G/L,4,10
BIO-003682,SEJ-000878,2023-07-10 08:00:00,Hemoglobine,129.44,g/L,12,16
BIO-003683,SEJ-000878,2023-07-14 00:00:00,Creatinine,,µmol/L,60,110
BIO-003684,SEJ-000878,2023-07-08 03:00:00,Natremie,142.9,mmol/L,135,145
BIO-002024,SEJ-000480,2024-01-18 08:00:00,GlobulesBlancs,10.06,G/L,4,10
BIO-002588,SEJ-000610,2024-02-05 02:00:00,Hemoglobine,12.76,g/dL,12,16
BIO-003223,SEJ-000763,2024-05-19 02:00:00,GlobulesBlancs,11.5,G/L,4,10
BIO-001264,SEJ-000296,2023-01-22 07:00:00,CRP,48.54,mg/L,0,5
BIO-000782,SEJ-000183,2023-01-16 12:00:00,Creatinine,11.71,mg/L,60,110
BIO-002273,SEJ-000537,2022-12-31 12:00:00,GlobulesBlancs,5.75,G/L,4,10
BIO-001053,SEJ-000246,2023-05-06 05:00:00,Natremie,137.69,mmol/L,135,145
BIO-003275,SEJ-000779,2024-01-11 23:00:00,CRP,95.25,mg/L,0,5
BIO-000496,SEJ-000114,2023-06-17 03:00:00,CRP,0.34,mg/L,0,5
BIO-001870,SEJ-000438,2023-11-14 22:00:00,Creatinine,16.63,mg/L,60,110
BIO-003678,SEJ-000877,2022-12-21 01:00:00,Natremie,137.05,mmol/L,135,145
BIO-000795,SEJ-000185,2023-04-29 02:00:00,Creatinine,3.52,µmol/L,60,110
BIO-001489,SEJ-000350,2023-04-07 20:00:00,Creatinine,5.66,mg/L,60,110
BIO-003406,SEJ-000813,2023-04-08 11:00:00,GlobulesBlancs,5.19,G/L,4,10
BIO-000926,SEJ-000214,2023-02-27 03:00:00,GlobulesBlancs,9.38,G/L,4,10
BIO-000656,SEJ-000152,2023-05-16 03:00:00,GlobulesBlancs,13.75,G/L,4,10
BIO-000230,SEJ-000056,2023-05-24 19:00:00,Hemoglobine,12.21,g/dL,12,16
BIO-001118,SEJ-000262,2024-01-11 20:00:00,GlobulesBlancs,11.04,G/L,4,10
BIO-001189,SEJ-000280,2023-02-05 18:00:00,Creatinine,1475.76,µmol/L,60,110
BIO-000033,SEJ-000008,2023-08-04 13:00:00,Hemoglobine,10.9,g/dL,12,16
BIO-001585,SEJ-000372,2022-12-26 15:00:00,CRP,7.88,mg/L,0,5
BIO-002064,SEJ-000489,2023-02-05 09:00:00,Hemoglobine,11.1,g/dL,12,16
BIO-001962,SEJ-000464,2022-12-21 18:00:00,CRP,-6.34,mg/L,0,5
BIO-003129,SEJ-000740,2023-03-17 17:00:00,Natremie,145.1,mmol/L,135,145
BIO-001069,SEJ-000250,2024-04-19 13:00:00,Creatinine,9.65,mg/L,60,110
BIO-002631,SEJ-000622,2023-07-07 16:00:00,GlobulesBlancs,14.17,G/L,4,10
BIO-001955,SEJ-000462,2023-05-06 21:00:00,Creatinine,7.95,mg/L,60,110
BIO-003441,SEJ-000819,2023-07-07 12:00:00,GlobulesBlancs,8.74,G/L,4,10
BIO-001989,SEJ-000472,2023-07-25 08:00:00,Hemoglobine,11.26,g/dL,12,16
BIO-000150,SEJ-000038,2023-05-15 12:00:00,Natremie,137.48,mmol/L,135,145
BIO-002383,SEJ-000563,2023-02-02 11:00:00,CRP,-5.72,mg/L,0,5
BIO-002908,SEJ-000689,2023-09-25 18:00:00,GlobulesBlancs,12.69,G/L,4,10
BIO-000403,SEJ-000095,2023-04-08 15:00:00,Natremie,141.57,mmol/L,135,145
BIO-003081,SEJ-000729,2023-03-25 21:00:00,Creatinine,93.86,µmol/L,60,110
BIO-002233,SEJ-000527,2022-12-28 19:00:00,GlobulesBlancs,4.8,G/L,4,10
BIO-002655,SEJ-000629,2024-03-06 22:00:00,Creatinine,999.0,µmol/L,60,110
BIO-003641,SEJ-000870,2023-01-10 18:00:00,GlobulesBlancs,8.74,G/L,4,10
