CompteRenduID,SejourID,TypeCR,DateCR,TexteCR
CR-000001,SEJ-000001,CRH,2023-02-07,Patient admis pour hémorragie digestive. Antécédents : insuffisance rénale chronique. Examen clinique d'entrée retrouvant un score de gravité de 12/30. Évolution favorable sous traitement. Sortie autorisée vers domicile.
CR-000002,SEJ-000002,CRH,2023-07-14,"Séjour de 3j. Motif : chute du sujet âgé. Survenue de complications . Recommandations : surveillance rapprochée, consultation de contrôle à 7j."
CR-000003,SEJ-000002,NoteSoignante,2023-05-03,Hospitalisation de 3j pour chirurgie programmée. Bilan paraclinique réalisé. Comorbidités : 1. Patiente/confiant à la sortie. Suivi par médecin traitant.
CR-000004,SEJ-000003,CRH,2023-10-27,Hospitalisation de 3j pour insuffisance cardiaque décompensée. Bilan paraclinique réalisé. Comorbidités : 1. Patiente/confiant à la sortie. Suivi par médecin traitant.
CR-000005,SEJ-000004,CRH,2023-10-24,"Séjour de 21j. Motif : décompensation diabétique. Survenue de complications . Recommandations : surveillance rapprochée, consultation de contrôle à 7j."
CR-000006,SEJ-000004,NoteSoignante,2023-02-21,"Séjour de 21j. Motif : fracture du col du fémur. Survenue de complications de type infectieux. Recommandations : surveillance rapprochée, consultation de contrôle à 7j."
CR-000007,SEJ-000005,CRH,2023-06-28,"Patient admis pour douleur thoracique. Antécédents : cardiopathie ischémique, dyslipidémie. Examen clinique d'entrée retrouvant un score de gravité de 8/30. Évolution favorable sous traitement. Sortie autorisée vers domicile."
CR-000008,SEJ-000005,NoteSoignante,2023-08-09,Hospitalisation de 2j pour fracture du col du fémur. Bilan paraclinique réalisé. Comorbidités : 1. Patiente/confiant à la sortie. Suivi par médecin traitant.
CR-000009,SEJ-000006,CRH,2023-08-28,Hospitalisation de 4j pour décompensation diabétique. Bilan paraclinique réalisé. Comorbidités : 1. Patiente/confiant à la sortie. Suivi par spécialiste de ville.
CR-000010,SEJ-000007,CRH,2023-06-07,"Patient admis pour chirurgie programmée. Antécédents : HTA, diabète type 2. Examen clinique d'entrée retrouvant un score de gravité de 0/30. Évolution favorable sous traitement. Sortie autorisée vers transfert en soins continus."
CR-000011,SEJ-000008,CRH,2024-03-24,Hospitalisation de 6j pour décompensation diabétique. Bilan paraclinique réalisé. Comorbidités : 1. Patiente/confiant à la sortie. Suivi par médecin traitant.
CR-000012,SEJ-000009,CRH,2024-01-28,"Séjour de 5j. Motif : pneumopathie aiguë. Survenue de complications . Recommandations : surveillance rapprochée, consultation de contrôle à 7j."
CR-000013,SEJ-000010,CRH,2024-01-18,"Séjour de 1j. Motif : sepsis. Survenue de complications de type infectieux. Recommandations : surveillance rapprochée, consultation de contrôle à 7j."
CR-000014,SEJ-000011,CRH,2023-08-07,Hospitalisation de 5j pour pneumopathie aiguë. Bilan paraclinique réalisé. Comorbidités : 2. Patiente/confiant à la sortie. Suivi par médecin traitant.
CR-000015,SEJ-000012,CRH,2023-12-17,"Patient admis pour hémorragie digestive. Antécédents : cardiopathie ischémique, dyslipidémie. Examen clinique d'entrée retrouvant un score de gravité de 4/30. Évolution favorable sous traitement. Sortie autorisée vers domicile."
CR-000016,SEJ-000012,CourrierSortant,2023-08-06,"Patient admis pour décompensation diabétique. Antécédents : BPCO, tabagisme actif. Examen clinique d'entrée retrouvant un score de gravité de 4/30. Évolution favorable sous traitement. Sortie autorisée vers domicile."
CR-000017,SEJ-000013,CRH,2023-11-07,"Patient admis pour sepsis. Antécédents : cardiopathie ischémique, dyslipidémie. Examen clinique d'entrée retrouvant un score de gravité de 12/30. Évolution favorable sous traitement. Sortie autorisée vers transfert en soins continus."
CR-000018,SEJ-000014,CRH,2023-12-20,Hospitalisation de 9j pour sepsis. Bilan paraclinique réalisé. Comorbidités : 1. Patiente/confiant à la sortie. Suivi par médecin traitant.
CR-000019,SEJ-000015,CRH,2024-04-17,Hospitalisation de 4j pour pneumopathie aiguë. Bilan paraclinique réalisé. Comorbidités : 1. Patiente/confiant à la sortie. Suivi par spécialiste de ville.
CR-000020,SEJ-000016,CRH,2023-01-01,Patient admis pour douleur thoracique. Antécédents : aucun antécédent notable. Examen clinique d'entrée retrouvant un score de gravité de 3/30. Évolution favorable sous traitement. Sortie autorisée vers domicile.
CR-000021,SEJ-000017,CRH,2024-05-06,Hospitalisation de 4j pour chirurgie programmée. Bilan paraclinique réalisé. Comorbidités : 2. Patiente/confiant à la sortie. Suivi par médecin traitant.
CR-000022,SEJ-000018,CRH,2023-07-29,"Séjour de 4j. Motif : insuffisance cardiaque décompensée. Survenue de complications de type infectieux. Recommandations : surveillance rapprochée, consultation de contrôle à 7j."
CR-000023,SEJ-000019,CRH,2024-02-07,"Patient admis pour décompensation diabétique. Antécédents : HTA, diabète type 2. Examen clinique d'entrée retrouvant un score de gravité de 11/30. Évolution favorable sous traitement. Sortie autorisée vers EHPAD."
CR-000024,SEJ-000019,CourrierSortant,2023-03-12,"Séjour de 7j. Motif : pneumopathie aiguë. Survenue de complications . Recommandations : surveillance rapprochée, consultation de contrôle à 7j."
CR-000025,SEJ-000020,CRH,2023-12-06,Hospitalisation de 7j pour fracture du col du fémur. Bilan paraclinique réalisé. Comorbidités : 1. Patiente/confiant à la sortie. Suivi par médecin traitant.
CR-000026,SEJ-000020,NoteSoignante,2024-02-27,"Séjour de 7j. Motif : douleur thoracique. Survenue de complications . Recommandations : surveillance rapprochée, consultation de contrôle à 7j."
CR-000027,SEJ-000021,CRH,2023-08-06,"Séjour de 8j. Motif : fracture du col du fémur. Survenue de complications . Recommandations : surveillance rapprochée, consultation de contrôle à 7j."
CR-000028,SEJ-000022,CRH,2023-09-22,Patient admis pour insuffisance cardiaque décompensée. Antécédents : insuffisance rénale chronique. Examen clinique d'entrée retrouvant un score de gravité de 8/30. Évolution favorable sous traitement. Sortie autorisée vers EHPAD.
CR-000029,SEJ-000022,NoteSoignante,2023-04-02,"Séjour de 4j. Motif : douleur thoracique. Survenue de complications . Recommandations : surveillance rapprochée, consultation de contrôle à 7j."
CR-000030,SEJ-000023,CRH,2023-02-19,Patient admis pour sepsis. Antécédents : aucun antécédent notable. Examen clinique d'entrée retrouvant un score de gravité de 8/30. Évolution favorable sous traitement. Sortie autorisée vers EHPAD.
CR-000031,SEJ-000024,CRH,2023-08-25,Hospitalisation de 13j pour sepsis. Bilan paraclinique réalisé. Comorbidités : 3. Patiente/confiant à la sortie. Suivi par médecin traitant.
CR-000032,SEJ-000025,CRH,2023-12-22,"Patient admis pour douleur thoracique. Antécédents : HTA, diabète type 2. Examen clinique d'entrée retrouvant un score de gravité de 10/30. Évolution favorable sous traitement. Sortie autorisée vers domicile."
CR-000033,SEJ-000026,CRH,2023-12-05,Patient admis pour décompensation diabétique. Antécédents : aucun antécédent notable. Examen clinique d'entrée retrouvant un score de gravité de 6/30. Évolution favorable sous traitement. Sortie autorisée vers transfert en soins continus.
CR-000034,SEJ-000027,CRH,2023-05-04,"Séjour de 5j. Motif : chute du sujet âgé. Survenue de complications de type infectieux. Recommandations : surveillance rapprochée, consultation de contrôle à 7j."
CR-000035,SEJ-000027,CourrierSortant,2024-05-07,"Séjour de 5j. Motif : sepsis. Survenue de complications . Recommandations : surveillance rapprochée, consultation de contrôle à 7j."
CR-000036,SEJ-000028,CRH,2023-02-08,"Patient admis pour hémorragie digestive. Antécédents : cardiopathie ischémique, dyslipidémie. Examen clinique d'entrée retrouvant un score de gravité de 4/30. Évolution favorable sous traitement. Sortie autorisée vers transfert en soins continus."
CR-000037,SEJ-000028,CourrierSortant,2023-08-11,"Patient admis pour pneumopathie aiguë. Antécédents : BPCO, tabagisme actif. Examen clinique d'entrée retrouvant un score de gravité de 4/30. Évolution favorable sous traitement. Sortie autorisée vers transfert en soins continus."
CR-000038,SEJ-000029,CRH,2024-05-19,Hospitalisation de 5j pour insuffisance cardiaque décompensée. Bilan paraclinique réalisé. Comorbidités : 1. Patiente/confiant à la sortie. Suivi par spécialiste de ville.
CR-000039,SEJ-000029,NoteSoignante,2023-06-28,Hospitalisation de 5j pour insuffisance cardiaque décompensée. Bilan paraclinique réalisé. Comorbidités : 1. Patiente/confiant à la sortie. Suivi par médecin traitant.
CR-000040,SEJ-000030,CRH,2022-12-27,Patient admis pour douleur thoracique. Antécédents : insuffisance rénale chronique. Examen clinique d'entrée retrouvant un score de gravité de 0/30. Évolution favorable sous traitement. Sortie autorisée vers domicile.
CR-000041,SEJ-000031,CRH,2023-07-21,Patient admis pour douleur thoracique. Antécédents : aucun antécédent notable. Examen clinique d'entrée retrouvant un score de gravité de 5/30. Évolution favorable sous traitement. Sortie autorisée vers domicile.
CR-000042,SEJ-000031,NoteSoignante,2024-03-21,"Patient admis pour pneumopathie aiguë. Antécédents : HTA, diabète type 2. Examen clinique d'entrée retrouvant un score de gravité de 5/30. Évolution favorable sous traitement. Sortie autorisée vers domicile."
CR-000043,SEJ-000032,CRH,2023-04-30,"Séjour de 4j. Motif : chute du sujet âgé. Survenue de complications de type infectieux. Recommandations : surveillance rapprochée, consultation de contrôle à 7j."
CR-000044,SEJ-000032,CourrierSortant,2023-12-28,Patient admis pour crise d'asthme sévère. Antécédents : insuffisance rénale chronique. Examen clinique d'entrée retrouvant un score de gravité de 7/30. Évolution favorable sous traitement. Sortie autorisée vers domicile.
CR-000045,SEJ-000033,CRH,2023-05-06,Hospitalisation de 4j pour douleur thoracique. Bilan paraclinique réalisé. Comorbidités : 1. Patiente/confiant à la sortie. Suivi par spécialiste de ville.
CR-000046,SEJ-000034,CRH,2023-03-23,Hospitalisation de 2j pour crise d'asthme sévère. Bilan paraclinique réalisé. Comorbidités : 1. Patiente/confiant à la sortie. Suivi par médecin traitant.
CR-000047,SEJ-000035,CRH,2024-01-31,Hospitalisation de 4j pour hémorragie digestive. Bilan paraclinique réalisé. Comorbidités : 2. Patiente/confiant à la sortie. Suivi par médecin traitant.
CR-000048,SEJ-000036,CRH,2023-12-22,Patient admis pour chute du sujet âgé. Antécédents : aucun antécédent notable. Examen clinique d'entrée retrouvant un score de gravité de 4/30. Évolution favorable sous traitement. Sortie autorisée vers EHPAD.
CR-000049,SEJ-000037,CRH,2023-11-02,Hospitalisation de 3j pour douleur thoracique. Bilan paraclinique réalisé. Comorbidités : 1. Patiente/confiant à la sortie. Suivi par médecin traitant.
CR-000050,SEJ-000038,CRH,2023-08-02,"Séjour de 11j. Motif : crise d'asthme sévère. Survenue de complications . Recommandations : surveillance rapprochée, consultation de contrôle à 7j."
CR-000051,SEJ-000038,NoteSoignante,2023-06-04,"Séjour de 11j. Motif : hémorragie digestive. Survenue de complications . Recommandations : surveillance rapprochée, consultation de contrôle à 7j."
CR-000052,SEJ-000039,CRH,2024-01-17,"Séjour de 10j. Motif : sepsis. Survenue de complications de type infectieux. Recommandations : surveillance rapprochée, consultation de contrôle à 7j."
CR-000053,SEJ-000039,NoteSoignante,2023-03-19,Hospitalisation de 10j pour crise d'asthme sévère. Bilan paraclinique réalisé. Comorbidités : 1. Patiente/confiant à la sortie. Suivi par médecin traitant.
CR-000054,SEJ-000040,CRH,2022-12-26,"Séjour de 10j. Motif : décompensation diabétique. Survenue de complications . Recommandations : surveillance rapprochée, consultation de contrôle à 7j."
CR-000055,SEJ-000041,CRH,2023-11-13,Hospitalisation de 6j pour crise d'asthme sévère. Bilan paraclinique réalisé. Comorbidités : 3. Patiente/confiant à la sortie. Suivi par médecin traitant.
CR-000056,SEJ-000041,NoteSoignante,2023-03-02,"Séjour de 6j. Motif : douleur thoracique. Survenue de complications . Recommandations : surveillance rapprochée, consultation de contrôle à 7j."
CR-000057,SEJ-000042,CRH,2024-05-01,Hospitalisation de 8j pour chirurgie programmée. Bilan paraclinique réalisé. Comorbidités : 1. Patiente/confiant à la sortie. Suivi par médecin traitant.
CR-000058,SEJ-000042,CourrierSortant,2023-12-25,Patient admis pour chirurgie programmée. Antécédents : aucun antécédent notable. Examen clinique d'entrée retrouvant un score de gravité de 4/30. Évolution favorable sous traitement. Sortie autorisée vers domicile.
CR-000059,SEJ-000043,CRH,2023-07-12,"Patient admis pour douleur thoracique. Antécédents : HTA, diabète type 2. Examen clinique d'entrée retrouvant un score de gravité de 9/30. Évolution favorable sous traitement. Sortie autorisée vers EHPAD."
CR-000060,SEJ-000043,CourrierSortant,2023-04-16,"Patient admis pour insuffisance cardiaque décompensée. Antécédents : cardiopathie ischémique, dyslipidémie. Examen clinique d'entrée retrouvant un score de gravité de 9/30. Évolution favorable sous traitement. Sortie autorisée vers EHPAD."
CR-000061,SEJ-000044,CRH,2024-05-26,"Patient admis pour fracture du col du fémur. Antécédents : cardiopathie ischémique, dyslipidémie. Examen clinique d'entrée retrouvant un score de gravité de 3/30. Évolution favorable sous traitement. Sortie autorisée vers EHPAD."
CR-000062,SEJ-000045,CRH,2023-07-21,"Séjour de 2j. Motif : hémorragie digestive. Survenue de complications . Recommandations : surveillance rapprochée, consultation de contrôle à 7j."
CR-000063,SEJ-000045,CourrierSortant,2022-12-14,Hospitalisation de 2j pour hémorragie digestive. Bilan paraclinique réalisé. Comorbidités : 2. Patiente/confiant à la sortie. Suivi par médecin traitant.
CR-000064,SEJ-000046,CRH,2023-05-27,"Séjour de 4j. Motif : hémorragie digestive. Survenue de complications . Recommandations : surveillance rapprochée, consultation de contrôle à 7j."
CR-000065,SEJ-000047,CRH,2024-02-16,"Séjour de 7j. Motif : chute du sujet âgé. Survenue de complications de type infectieux. Recommandations : surveillance rapprochée, consultation de contrôle à 7j."
CR-000066,SEJ-000048,CRH,2023-01-23,Hospitalisation de 3j pour crise d'asthme sévère. Bilan paraclinique réalisé. Comorbidités : 1. Patiente/confiant à la sortie. Suivi par médecin traitant.
CR-000067,SEJ-000049,CRH,2024-04-10,Hospitalisation de 13j pour crise d'asthme sévère. Bilan paraclinique réalisé. Comorbidités : 1. Patiente/confiant à la sortie. Suivi par médecin traitant.
CR-000068,SEJ-000050,CRH,2023-05-09,"Patient admis pour hémorragie digestive. Antécédents : BPCO, tabagisme actif. Examen clinique d'entrée retrouvant un score de gravité de 3/30. Évolution favorable sous traitement. Sortie autorisée vers EHPAD."
CR-000069,SEJ-000051,CRH,2024-02-07,"Séjour de 3j. Motif : insuffisance cardiaque décompensée. Survenue de complications . Recommandations : surveillance rapprochée, consultation de contrôle à 7j."
CR-000070,SEJ-000052,CRH,2024-05-16,"Séjour de 3j. Motif : hémorragie digestive. Survenue de complications . Recommandations : surveillance rapprochée, consultation de contrôle à 7j."
CR-000071,SEJ-000053,CRH,2023-08-27,"Séjour de 12j. Motif : hémorragie digestive. Survenue de complications . Recommandations : surveillance rapprochée, consultation de contrôle à 7j."
CR-000072,SEJ-000054,CRH,2023-07-15,"Séjour de 5j. Motif : pneumopathie aiguë. Survenue de complications . Recommandations : surveillance rapprochée, consultation de contrôle à 7j."
CR-000073,SEJ-000055,CRH,2024-03-31,Hospitalisation de 6j pour fracture du col du fémur. Bilan paraclinique réalisé. Comorbidités : 3. Patiente/confiant à la sortie. Suivi par médecin traitant.
CR-000074,SEJ-000056,CRH,2023-01-19,Hospitalisation de 5j pour crise d'asthme sévère. Bilan paraclinique réalisé. Comorbidités : 3. Patiente/confiant à la sortie. Suivi par médecin traitant.
CR-000075,SEJ-000057,CRH,2023-01-05,Hospitalisation de 4j pour douleur thoracique. Bilan paraclinique réalisé. Comorbidités : 3. Patiente/confiant à la sortie. Suivi par médecin traitant.
CR-000076,SEJ-000057,CourrierSortant,2023-07-28,"Patient admis pour hémorragie digestive. Antécédents : HTA, diabète type 2. Examen clinique d'entrée retrouvant un score de gravité de 4/30. Évolution favorable sous traitement. Sortie autorisée vers EHPAD."
CR-000077,SEJ-000058,CRH,2023-11-05,Hospitalisation de 4j pour crise d'asthme sévère. Bilan paraclinique réalisé. Comorbidités : 3. Patiente/confiant à la sortie. Suivi par médecin traitant.
CR-000078,SEJ-000058,CourrierSortant,2023-06-04,"Séjour de 4j. Motif : hémorragie digestive. Survenue de complications . Recommandations : surveillance rapprochée, consultation de contrôle à 7j."
CR-000079,SEJ-000059,CRH,2023-01-14,Hospitalisation de 3j pour sepsis. Bilan paraclinique réalisé. Comorbidités : 3. Patiente/confiant à la sortie. Suivi par médecin traitant.
CR-000080,SEJ-000060,CRH,2023-08-23,"Séjour de 8j. Motif : douleur thoracique. Survenue de complications . Recommandations : surveillance rapprochée, consultation de contrôle à 7j."
CR-000081,SEJ-000060,NoteSoignante,2023-08-03,Hospitalisation de 8j pour décompensation diabétique. Bilan paraclinique réalisé. Comorbidités : 1. Patiente/confiant à la sortie. Suivi par médecin traitant.
CR-000082,SEJ-000061,CRH,2023-02-28,Hospitalisation de 4j pour sepsis. Bilan paraclinique réalisé. Comorbidités : 2. Patiente/confiant à la sortie. Suivi par spécialiste de ville.
CR-000083,SEJ-000062,CRH,2024-02-05,"Séjour de 12j. Motif : fracture du col du fémur. Survenue de complications de type infectieux. Recommandations : surveillance rapprochée, consultation de contrôle à 7j."
CR-000084,SEJ-000062,CourrierSortant,2023-08-26,Hospitalisation de 12j pour décompensation diabétique. Bilan paraclinique réalisé. Comorbidités : 3. Patiente/confiant à la sortie. Suivi par médecin traitant.
CR-000085,SEJ-000063,CRH,2024-02-27,"Séjour de 1j. Motif : insuffisance cardiaque décompensée. Survenue de complications de type infectieux. Recommandations : surveillance rapprochée, consultation de contrôle à 7j."
CR-000086,SEJ-000064,CRH,2024-04-11,Patient admis pour sepsis. Antécédents : insuffisance rénale chronique. Examen clinique d'entrée retrouvant un score de gravité de 5/30. Évolution favorable sous traitement. Sortie autorisée vers EHPAD.
CR-000087,SEJ-000065,CRH,2024-05-22,Hospitalisation de 17j pour chute du sujet âgé. Bilan paraclinique réalisé. Comorbidités : 3. Patiente/confiant à la sortie. Suivi par médecin traitant.
CR-000088,SEJ-000065,NoteSoignante,2023-09-04,"Séjour de 17j. Motif : hémorragie digestive. Survenue de complications . Recommandations : surveillance rapprochée, consultation de contrôle à 7j."
CR-000089,SEJ-000066,CRH,2023-11-01,"Patient admis pour chirurgie programmée. Antécédents : cardiopathie ischémique, dyslipidémie. Examen clinique d'entrée retrouvant un score de gravité de 19/30. Évolution favorable sous traitement. Sortie autorisée vers EHPAD."
CR-000090,SEJ-000067,CRH,2024-05-05,Hospitalisation de 1j pour chute du sujet âgé. Bilan paraclinique réalisé. Comorbidités : 1. Patiente/confiant à la sortie. Suivi par médecin traitant.
CR-000091,SEJ-000068,CRH,2023-01-12,Patient admis pour fracture du col du fémur. Antécédents : aucun antécédent notable. Examen clinique d'entrée retrouvant un score de gravité de 14/30. Évolution favorable sous traitement. Sortie autorisée vers domicile.
CR-000092,SEJ-000069,CRH,2023-06-04,"Patient admis pour insuffisance cardiaque décompensée. Antécédents : HTA, diabète type 2. Examen clinique d'entrée retrouvant un score de gravité de 4/30. Évolution favorable sous traitement. Sortie autorisée vers domicile."
CR-000093,SEJ-000070,CRH,2024-05-26,"Séjour de 3j. Motif : crise d'asthme sévère. Survenue de complications de type infectieux. Recommandations : surveillance rapprochée, consultation de contrôle à 7j."
CR-000094,SEJ-000070,CourrierSortant,2023-01-21,"Patient admis pour douleur thoracique. Antécédents : BPCO, tabagisme actif. Examen clinique d'entrée retrouvant un score de gravité de 15/30. Évolution favorable sous traitement. Sortie autorisée vers domicile."
CR-000095,SEJ-000071,CRH,2023-02-20,"Séjour de 6j. Motif : fracture du col du fémur. Survenue de complications de type infectieux. Recommandations : surveillance rapprochée, consultation de contrôle à 7j."
CR-000096,SEJ-000072,CRH,2023-03-26,Patient admis pour hémorragie digestive. Antécédents : insuffisance rénale chronique. Examen clinique d'entrée retrouvant un score de gravité de 3/30. Évolution favorable sous traitement. Sortie autorisée vers EHPAD.
CR-000097,SEJ-000073,CRH,2024-03-18,Hospitalisation de 1j pour crise d'asthme sévère. Bilan paraclinique réalisé. Comorbidités : 1. Patiente/confiant à la sortie. Suivi par médecin traitant.
CR-000098,SEJ-000074,CRH,2023-10-02,"Séjour de 3j. Motif : pneumopathie aiguë. Survenue de complications . Recommandations : surveillance rapprochée, consultation de contrôle à 7j."
CR-000099,SEJ-000075,CRH,2022-12-26,Hospitalisation de 3j pour hémorragie digestive. Bilan paraclinique réalisé. Comorbidités : 1. Patiente/confiant à la sortie. Suivi par spécialiste de ville.
CR-000100,SEJ-000075,CourrierSortant,2023-02-02,"Patient admis pour pneumopathie aiguë. Antécédents : BPCO, tabagisme actif. Examen clinique d'entrée retrouvant un score de gravité de 3/30. Évolution favorable sous traitement. Sortie autorisée vers domicile."
CR-000101,SEJ-000076,CRH,2024-03-17,"Patient admis pour chute du sujet âgé. Antécédents : HTA, diabète type 2. Examen clinique d'entrée retrouvant un score de gravité de 2/30. Évolution favorable sous traitement. Sortie autorisée vers transfert en soins continus."
CR-000102,SEJ-000077,CRH,2023-06-04,Patient admis pour chirurgie programmée. Antécédents : insuffisance rénale chronique. Examen clinique d'entrée retrouvant un score de gravité de 14/30. Évolution favorable sous traitement. Sortie autorisée vers transfert en soins continus.
CR-000103,SEJ-000078,CRH,2022-12-14,Hospitalisation de 7j pour douleur thoracique. Bilan paraclinique réalisé. Comorbidités : 4. Patiente/confiant à la sortie. Suivi par médecin traitant.
CR-000104,SEJ-000079,CRH,2022-12-11,Hospitalisation de 1j pour insuffisance cardiaque décompensée. Bilan paraclinique réalisé. Comorbidités : 2. Patiente/confiant à la sortie. Suivi par spécialiste de ville.
CR-000105,SEJ-000079,NoteSoignante,2023-10-16,"Séjour de 1j. Motif : fracture du col du fémur. Survenue de complications . Recommandations : surveillance rapprochée, consultation de contrôle à 7j."
CR-000106,SEJ-000080,CRH,2024-04-22,Hospitalisation de 4j pour chute du sujet âgé. Bilan paraclinique réalisé. Comorbidités : 2. Patiente/confiant à la sortie. Suivi par médecin traitant.
CR-000107,SEJ-000081,CRH,2024-02-19,"Patient admis pour chute du sujet âgé. Antécédents : cardiopathie ischémique, dyslipidémie. Examen clinique d'entrée retrouvant un score de gravité de 1/30. Évolution favorable sous traitement. Sortie autorisée vers domicile."
CR-000108,SEJ-000082,CRH,2023-02-23,"Patient admis pour hémorragie digestive. Antécédents : cardiopathie ischémique, dyslipidémie. Examen clinique d'entrée retrouvant un score de gravité de 2/30. Évolution favorable sous traitement. Sortie autorisée vers transfert en soins continus."
CR-000109,SEJ-000083,CRH,2024-03-07,"Séjour de 5j. Motif : chute du sujet âgé. Survenue de complications . Recommandations : surveillance rapprochée, consultation de contrôle à 7j."
CR-000110,SEJ-000084,CRH,2023-05-07,"Séjour de 8j. Motif : décompensation diabétique. Survenue de complications de type infectieux. Recommandations : surveillance rapprochée, consultation de contrôle à 7j."
CR-000111,SEJ-000085,CRH,2023-07-28,"Séjour de 6j. Motif : pneumopathie aiguë. Survenue de complications de type infectieux. Recommandations : surveillance rapprochée, consultation de contrôle à 7j."
CR-000112,SEJ-000086,CRH,2023-02-23,Patient admis pour douleur thoracique. Antécédents : aucun antécédent notable. Examen clinique d'entrée retrouvant un score de gravité de 2/30. Évolution favorable sous traitement. Sortie autorisée vers domicile.
CR-000113,SEJ-000087,CRH,2023-07-10,"Séjour de 4j. Motif : douleur thoracique. Survenue de complications de type infectieux. Recommandations : surveillance rapprochée, consultation de contrôle à 7j."
CR-000114,SEJ-000087,CourrierSortant,2022-12-14,Hospitalisation de 4j pour décompensation diabétique. Bilan paraclinique réalisé. Comorbidités : 1. Patiente/confiant à la sortie. Suivi par spécialiste de ville.
CR-000115,SEJ-000088,CRH,2024-03-22,Hospitalisation de 7j pour sepsis. Bilan paraclinique réalisé. Comorbidités : 1. Patiente/confiant à la sortie. Suivi par médecin traitant.
CR-000116,SEJ-000089,CRH,2023-03-03,Hospitalisation de 3j pour décompensation diabétique. Bilan paraclinique réalisé. Comorbidités : 1. Patiente/confiant à la sortie. Suivi par spécialiste de ville.
CR-000117,SEJ-000090,CRH,2024-03-15,Hospitalisation de 3j pour fracture du col du fémur. Bilan paraclinique réalisé. Comorbidités : 1. Patiente/confiant à la sortie. Suivi par médecin traitant.
CR-000118,SEJ-000091,CRH,2023-09-02,"Séjour de 1j. Motif : chute du sujet âgé. Survenue de complications . Recommandations : surveillance rapprochée, consultation de contrôle à 7j."
CR-000119,SEJ-000092,CRH,2024-03-26,Hospitalisation de 2j pour hémorragie digestive. Bilan paraclinique réalisé. Comorbidités : 2. Patiente/confiant à la sortie. Suivi par médecin traitant.
CR-000120,SEJ-000092,NoteSoignante,2024-03-14,"Patient admis pour pneumopathie aiguë. Antécédents : cardiopathie ischémique, dyslipidémie. Examen clinique d'entrée retrouvant un score de gravité de 10/30. Évolution favorable sous traitement. Sortie autorisée vers domicile."
CR-000121,SEJ-000093,CRH,2023-03-12,"Patient admis pour hémorragie digestive. Antécédents : BPCO, tabagisme actif. Examen clinique d'entrée retrouvant un score de gravité de 6/30. Évolution favorable sous traitement. Sortie autorisée vers EHPAD."
CR-000122,SEJ-000093,NoteSoignante,2023-04-27,Hospitalisation de 3j pour chirurgie programmée. Bilan paraclinique réalisé. Comorbidités : 1. Patiente/confiant à la sortie. Suivi par médecin traitant.
CR-000123,SEJ-000094,CRH,2023-04-12,"Séjour de 9j. Motif : pneumopathie aiguë. Survenue de complications . Recommandations : surveillance rapprochée, consultation de contrôle à 7j."
CR-000124,SEJ-000095,CRH,2024-02-25,Hospitalisation de 3j pour fracture du col du fémur. Bilan paraclinique réalisé. Comorbidités : 1. Patiente/confiant à la sortie. Suivi par médecin traitant.
CR-000125,SEJ-000096,CRH,2023-11-16,"Séjour de 4j. Motif : décompensation diabétique. Survenue de complications . Recommandations : surveillance rapprochée, consultation de contrôle à 7j."
CR-000126,SEJ-000096,CourrierSortant,2024-03-15,"Patient admis pour sepsis. Antécédents : HTA, diabète type 2. Examen clinique d'entrée retrouvant un score de gravité de 3/30. Évolution favorable sous traitement. Sortie autorisée vers domicile."
CR-000127,SEJ-000097,CRH,2023-03-06,Patient admis pour pneumopathie aiguë. Antécédents : insuffisance rénale chronique. Examen clinique d'entrée retrouvant un score de gravité de 3/30. Évolution favorable sous traitement. Sortie autorisée vers domicile.
CR-000128,SEJ-000098,CRH,2024-03-25,"Séjour de 1j. Motif : décompensation diabétique. Survenue de complications . Recommandations : surveillance rapprochée, consultation de contrôle à 7j."
CR-000129,SEJ-000099,CRH,2023-05-30,Patient admis pour crise d'asthme sévère. Antécédents : insuffisance rénale chronique. Examen clinique d'entrée retrouvant un score de gravité de 4/30. Évolution favorable sous traitement. Sortie autorisée vers domicile.
CR-000130,SEJ-000100,CRH,2024-04-05,Patient admis pour fracture du col du fémur. Antécédents : aucun antécédent notable. Examen clinique d'entrée retrouvant un score de gravité de 3/30. Évolution favorable sous traitement. Sortie autorisée vers transfert en soins continus.
CR-000131,SEJ-000100,CourrierSortant,2023-09-29,"Séjour de 3j. Motif : insuffisance cardiaque décompensée. Survenue de complications de type infectieux. Recommandations : surveillance rapprochée, consultation de contrôle à 7j."
CR-000132,SEJ-000101,CRH,2023-06-10,"Séjour de 5j. Motif : hémorragie digestive. Survenue de complications . Recommandations : surveillance rapprochée, consultation de contrôle à 7j."
CR-000133,SEJ-000101,CourrierSortant,2023-09-13,Patient admis pour fracture du col du fémur. Antécédents : aucun antécédent notable. Examen clinique d'entrée retrouvant un score de gravité de 1/30. Évolution favorable sous traitement. Sortie autorisée vers transfert en soins continus.
CR-000134,SEJ-000102,CRH,2023-06-29,Patient admis pour insuffisance cardiaque décompensée. Antécédents : insuffisance rénale chronique. Examen clinique d'entrée retrouvant un score de gravité de 1/30. Évolution favorable sous traitement. Sortie autorisée vers transfert en soins continus.
CR-000135,SEJ-000103,CRH,2024-04-07,"Patient admis pour pneumopathie aiguë. Antécédents : BPCO, tabagisme actif. Examen clinique d'entrée retrouvant un score de gravité de 10/30. Évolution favorable sous traitement. Sortie autorisée vers EHPAD."
CR-000136,SEJ-000104,CRH,2023-10-01,Hospitalisation de 5j pour hémorragie digestive. Bilan paraclinique réalisé. Comorbidités : 1. Patiente/confiant à la sortie. Suivi par spécialiste de ville.
CR-000137,SEJ-000105,CRH,2023-04-10,"Séjour de 5j. Motif : sepsis. Survenue de complications . Recommandations : surveillance rapprochée, consultation de contrôle à 7j."
CR-000138,SEJ-000105,NoteSoignante,2024-01-14,Hospitalisation de 5j pour hémorragie digestive. Bilan paraclinique réalisé. Comorbidités : 1. Patiente/confiant à la sortie. Suivi par spécialiste de ville.
CR-000139,SEJ-000106,CRH,2024-05-23,Hospitalisation de 4j pour insuffisance cardiaque décompensée. Bilan paraclinique réalisé. Comorbidités : 2. Patiente/confiant à la sortie. Suivi par médecin traitant.
CR-000140,SEJ-000107,CRH,2024-05-03,"Patient admis pour sepsis. Antécédents : cardiopathie ischémique, dyslipidémie. Examen clinique d'entrée retrouvant un score de gravité de 2/30. Évolution favorable sous traitement. Sortie autorisée vers domicile."
CR-000141,SEJ-000107,NoteSoignante,2023-09-26,Hospitalisation de 1j pour chute du sujet âgé. Bilan paraclinique réalisé. Comorbidités : 2. Patiente/confiant à la sortie. Suivi par médecin traitant.
CR-000142,SEJ-000108,CRH,2023-11-04,"Patient admis pour douleur thoracique. Antécédents : cardiopathie ischémique, dyslipidémie. Examen clinique d'entrée retrouvant un score de gravité de 3/30. Évolution favorable sous traitement. Sortie autorisée vers transfert en soins continus."
CR-000143,SEJ-000108,NoteSoignante,2023-08-13,Hospitalisation de 1j pour sepsis. Bilan paraclinique réalisé. Comorbidités : 2. Patiente/confiant à la sortie. Suivi par médecin traitant.
CR-000144,SEJ-000109,CRH,2023-11-24,Patient admis pour sepsis. Antécédents : insuffisance rénale chronique. Examen clinique d'entrée retrouvant un score de gravité de 2/30. Évolution favorable sous traitement. Sortie autorisée vers transfert en soins continus.
CR-000145,SEJ-000109,CourrierSortant,2024-04-04,Hospitalisation de 3j pour pneumopathie aiguë. Bilan paraclinique réalisé. Comorbidités : 1. Patiente/confiant à la sortie. Suivi par médecin traitant.
CR-000146,SEJ-000110,CRH,2024-01-27,"Patient admis pour décompensation diabétique. Antécédents : HTA, diabète type 2. Examen clinique d'entrée retrouvant un score de gravité de 11/30. Évolution favorable sous traitement. Sortie autorisée vers transfert en soins continus."
CR-000147,SEJ-000111,CRH,2023-02-05,Patient admis pour décompensation diabétique. Antécédents : insuffisance rénale chronique. Examen clinique d'entrée retrouvant un score de gravité de 9/30. Évolution favorable sous traitement. Sortie autorisée vers EHPAD.
CR-000148,SEJ-000112,CRH,2024-02-08,"Séjour de 5j. Motif : pneumopathie aiguë. Survenue de complications de type infectieux. Recommandations : surveillance rapprochée, consultation de contrôle à 7j."
CR-000149,SEJ-000112,CourrierSortant,2024-01-12,"Séjour de 5j. Motif : pneumopathie aiguë. Survenue de complications de type infectieux. Recommandations : surveillance rapprochée, consultation de contrôle à 7j."
CR-000150,SEJ-000113,CRH,2023-09-17,Patient admis pour insuffisance cardiaque décompensée. Antécédents : aucun antécédent notable. Examen clinique d'entrée retrouvant un score de gravité de 2/30. Évolution favorable sous traitement. Sortie autorisée vers domicile.
CR-000151,SEJ-000114,CRH,2024-01-22,"Séjour de 3j. Motif : insuffisance cardiaque décompensée. Survenue de complications . Recommandations : surveillance rapprochée, consultation de contrôle à 7j."
CR-000152,SEJ-000115,CRH,2023-09-05,"Patient admis pour chute du sujet âgé. Antécédents : HTA, diabète type 2. Examen clinique d'entrée retrouvant un score de gravité de 7/30. Évolution favorable sous traitement. Sortie autorisée vers EHPAD."
CR-000153,SEJ-000115,NoteSoignante,2024-01-09,"Séjour de 8j. Motif : sepsis. Survenue de complications de type infectieux. Recommandations : surveillance rapprochée, consultation de contrôle à 7j."
CR-000154,SEJ-000116,CRH,2024-01-04,Patient admis pour sepsis. Antécédents : insuffisance rénale chronique. Examen clinique d'entrée retrouvant un score de gravité de 1/30. Évolution favorable sous traitement. Sortie autorisée vers EHPAD.
CR-000155,SEJ-000116,CourrierSortant,2023-10-29,Hospitalisation de 13j pour chute du sujet âgé. Bilan paraclinique réalisé. Comorbidités : 1. Patiente/confiant à la sortie. Suivi par médecin traitant.
CR-000156,SEJ-000117,CRH,2024-05-13,Hospitalisation de 12j pour chirurgie programmée. Bilan paraclinique réalisé. Comorbidités : 3. Patiente/confiant à la sortie. Suivi par médecin traitant.
CR-000157,SEJ-000117,NoteSoignante,2023-08-31,Patient admis pour chirurgie programmée. Antécédents : aucun antécédent notable. Examen clinique d'entrée retrouvant un score de gravité de 5/30. Évolution favorable sous traitement. Sortie autorisée vers EHPAD.
CR-000158,SEJ-000118,CRH,2023-06-06,"Séjour de 3j. Motif : insuffisance cardiaque décompensée. Survenue de complications de type infectieux. Recommandations : surveillance rapprochée, consultation de contrôle à 7j."
CR-000159,SEJ-000119,CRH,2023-06-20,"Séjour de 16j. Motif : hémorragie digestive. Survenue de complications . Recommandations : surveillance rapprochée, consultation de contrôle à 7j."
CR-000160,SEJ-000120,CRH,2023-12-31,"Séjour de 14j. Motif : hémorragie digestive. Survenue de complications . Recommandations : surveillance rapprochée, consultation de contrôle à 7j."
CR-000161,SEJ-000121,CRH,2023-08-24,"Séjour de 3j. Motif : insuffisance cardiaque décompensée. Survenue de complications . Recommandations : surveillance rapprochée, consultation de contrôle à 7j."
CR-000162,SEJ-000122,CRH,2023-09-23,Hospitalisation de 6j pour chirurgie programmée. Bilan paraclinique réalisé. Comorbidités : 1. Patiente/confiant à la sortie. Suivi par médecin traitant.
CR-000163,SEJ-000123,CRH,2024-02-11,"Patient admis pour insuffisance cardiaque décompensée. Antécédents : BPCO, tabagisme actif. Examen clinique d'entrée retrouvant un score de gravité de 8/30. Évolution favorable sous traitement. Sortie autorisée vers domicile."
CR-000164,SEJ-000124,CRH,2024-02-05,"Séjour de 4j. Motif : chute du sujet âgé. Survenue de complications de type infectieux. Recommandations : surveillance rapprochée, consultation de contrôle à 7j."
CR-000165,SEJ-000124,CourrierSortant,2023-01-27,Patient admis pour douleur thoracique. Antécédents : insuffisance rénale chronique. Examen clinique d'entrée retrouvant un score de gravité de 19/30. Évolution favorable sous traitement. Sortie autorisée vers domicile.
CR-000166,SEJ-000125,CRH,2024-05-07,Hospitalisation de 4j pour insuffisance cardiaque décompensée. Bilan paraclinique réalisé. Comorbidités : 2. Patiente/confiant à la sortie. Suivi par spécialiste de ville.
CR-000167,SEJ-000126,CRH,2023-08-31,Hospitalisation de 15j pour décompensation diabétique. Bilan paraclinique réalisé. Comorbidités : 1. Patiente/confiant à la sortie. Suivi par spécialiste de ville.
CR-000168,SEJ-000127,CRH,2024-04-21,"Patient admis pour hémorragie digestive. Antécédents : cardiopathie ischémique, dyslipidémie. Examen clinique d'entrée retrouvant un score de gravité de 13/30. Évolution favorable sous traitement. Sortie autorisée vers domicile."
CR-000169,SEJ-000128,CRH,2023-10-25,Patient admis pour insuffisance cardiaque décompensée. Antécédents : insuffisance rénale chronique. Examen clinique d'entrée retrouvant un score de gravité de 1/30. Évolution favorable sous traitement. Sortie autorisée vers transfert en soins continus.
CR-000170,SEJ-000128,CourrierSortant,2023-08-19,Patient admis pour insuffisance cardiaque décompensée. Antécédents : aucun antécédent notable. Examen clinique d'entrée retrouvant un score de gravité de 1/30. Évolution favorable sous traitement. Sortie autorisée vers domicile.
CR-000171,SEJ-000129,CRH,2023-06-09,"Séjour de 3j. Motif : insuffisance cardiaque décompensée. Survenue de complications . Recommandations : surveillance rapprochée, consultation de contrôle à 7j."
CR-000172,SEJ-000130,CRH,2023-02-04,Patient admis pour chirurgie programmée. Antécédents : aucun antécédent notable. Examen clinique d'entrée retrouvant un score de gravité de 4/30. Évolution favorable sous traitement. Sortie autorisée vers transfert en soins continus.
CR-000173,SEJ-000130,CourrierSortant,2023-03-19,Hospitalisation de 3j pour sepsis. Bilan paraclinique réalisé. Comorbidités : 1. Patiente/confiant à la sortie. Suivi par médecin traitant.
CR-000174,SEJ-000131,CRH,2023-06-29,"Patient admis pour chirurgie programmée. Antécédents : BPCO, tabagisme actif. Examen clinique d'entrée retrouvant un score de gravité de 17/30. Évolution favorable sous traitement. Sortie autorisée vers transfert en soins continus."
CR-000175,SEJ-000131,NoteSoignante,2024-03-28,Patient admis pour fracture du col du fémur. Antécédents : aucun antécédent notable. Examen clinique d'entrée retrouvant un score de gravité de 17/30. Évolution favorable sous traitement. Sortie autorisée vers domicile.
CR-000176,SEJ-000132,CRH,2022-12-18,Patient admis pour sepsis. Antécédents : insuffisance rénale chronique. Examen clinique d'entrée retrouvant un score de gravité de 14/30. Évolution favorable sous traitement. Sortie autorisée vers EHPAD.
CR-000177,SEJ-000133,CRH,2024-03-06,"Séjour de 7j. Motif : insuffisance cardiaque décompensée. Survenue de complications . Recommandations : surveillance rapprochée, consultation de contrôle à 7j."
CR-000178,SEJ-000134,CRH,2023-09-29,Hospitalisation de 7j pour crise d'asthme sévère. Bilan paraclinique réalisé. Comorbidités : 1. Patiente/confiant à la sortie. Suivi par spécialiste de ville.
CR-000179,SEJ-000135,CRH,2023-08-06,"Patient admis pour chirurgie programmée. Antécédents : BPCO, tabagisme actif. Examen clinique d'entrée retrouvant un score de gravité de 11/30. Évolution favorable sous traitement. Sortie autorisée vers domicile."
CR-000180,SEJ-000136,CRH,2024-03-26,Hospitalisation de 3j pour crise d'asthme sévère. Bilan paraclinique réalisé. Comorbidités : 1. Patiente/confiant à la sortie. Suivi par médecin traitant.
CR-000181,SEJ-000137,CRH,2023-11-07,Hospitalisation de 11j pour crise d'asthme sévère. Bilan paraclinique réalisé. Comorbidités : 2. Patiente/confiant à la sortie. Suivi par médecin traitant.
CR-000182,SEJ-000138,CRH,2023-10-17,Hospitalisation de 3j pour chirurgie programmée. Bilan paraclinique réalisé. Comorbidités : 2. Patiente/confiant à la sortie. Suivi par médecin traitant.
CR-000183,SEJ-000139,CRH,2023-10-30,Hospitalisation de 6j pour douleur thoracique. Bilan paraclinique réalisé. Comorbidités : 1. Patiente/confiant à la sortie. Suivi par spécialiste de ville.
CR-000184,SEJ-000139,CourrierSortant,2023-08-12,Hospitalisation de 6j pour chute du sujet âgé. Bilan paraclinique réalisé. Comorbidités : 1. Patiente/confiant à la sortie. Suivi par médecin traitant.
CR-000185,SEJ-000140,CRH,2023-01-15,Hospitalisation de 3j pour douleur thoracique. Bilan paraclinique réalisé. Comorbidités : 1. Patiente/confiant à la sortie. Suivi par médecin traitant.
CR-000186,SEJ-000141,CRH,2023-02-19,Patient admis pour douleur thoracique. Antécédents : insuffisance rénale chronique. Examen clinique d'entrée retrouvant un score de gravité de 1/30. Évolution favorable sous traitement. Sortie autorisée vers domicile.
CR-000187,SEJ-000141,NoteSoignante,2024-04-22,Patient admis pour chute du sujet âgé. Antécédents : insuffisance rénale chronique. Examen clinique d'entrée retrouvant un score de gravité de 1/30. Évolution favorable sous traitement. Sortie autorisée vers transfert en soins continus.
CR-000188,SEJ-000142,CRH,2023-07-05,"Séjour de 4j. Motif : hémorragie digestive. Survenue de complications . Recommandations : surveillance rapprochée, consultation de contrôle à 7j."
CR-000189,SEJ-000143,CRH,2023-02-20,"Patient admis pour sepsis. Antécédents : HTA, diabète type 2. Examen clinique d'entrée retrouvant un score de gravité de 8/30. Évolution favorable sous traitement. Sortie autorisée vers domicile."
CR-000190,SEJ-000144,CRH,2024-02-08,Hospitalisation de 4j pour fracture du col du fémur. Bilan paraclinique réalisé. Comorbidités : 1. Patiente/confiant à la sortie. Suivi par spécialiste de ville.
CR-000191,SEJ-000145,CRH,2023-09-22,Hospitalisation de 4j pour douleur thoracique. Bilan paraclinique réalisé. Comorbidités : 1. Patiente/confiant à la sortie. Suivi par spécialiste de ville.
CR-000192,SEJ-000146,CRH,2023-07-09,Hospitalisation de 7j pour chute du sujet âgé. Bilan paraclinique réalisé. Comorbidités : 1. Patiente/confiant à la sortie. Suivi par médecin traitant.
CR-000193,SEJ-000147,CRH,2023-11-25,Hospitalisation de 3j pour hémorragie digestive. Bilan paraclinique réalisé. Comorbidités : 1. Patiente/confiant à la sortie. Suivi par spécialiste de ville.
CR-000194,SEJ-000148,CRH,2024-03-31,Hospitalisation de 2j pour chirurgie programmée. Bilan paraclinique réalisé. Comorbidités : 1. Patiente/confiant à la sortie. Suivi par médecin traitant.
CR-000195,SEJ-000149,CRH,2023-05-30,"Séjour de 5j. Motif : douleur thoracique. Survenue de complications . Recommandations : surveillance rapprochée, consultation de contrôle à 7j."
CR-000196,SEJ-000150,CRH,2023-06-10,"Patient admis pour décompensation diabétique. Antécédents : cardiopathie ischémique, dyslipidémie. Examen clinique d'entrée retrouvant un score de gravité de 3/30. Évolution favorable sous traitement. Sortie autorisée vers domicile."
CR-000197,SEJ-000151,CRH,2023-10-26,"Patient admis pour hémorragie digestive. Antécédents : cardiopathie ischémique, dyslipidémie. Examen clinique d'entrée retrouvant un score de gravité de 0/30. Évolution favorable sous traitement. Sortie autorisée vers domicile."
CR-000198,SEJ-000152,CRH,2024-05-19,"Séjour de 6j. Motif : décompensation diabétique. Survenue de complications de type infectieux. Recommandations : surveillance rapprochée, consultation de contrôle à 7j."
CR-000199,SEJ-000153,CRH,2023-06-12,Hospitalisation de 5j pour décompensation diabétique. Bilan paraclinique réalisé. Comorbidités : 1. Patiente/confiant à la sortie. Suivi par médecin traitant.
CR-000200,SEJ-000154,CRH,2023-09-19,"Patient admis pour chirurgie programmée. Antécédents : BPCO, tabagisme actif. Examen clinique d'entrée retrouvant un score de gravité de 11/30. Évolution favorable sous traitement. Sortie autorisée vers domicile."
CR-000201,SEJ-000155,CRH,2022-12-10,Hospitalisation de 1j pour pneumopathie aiguë. Bilan paraclinique réalisé. Comorbidités : 2. Patiente/confiant à la sortie. Suivi par spécialiste de ville.
CR-000202,SEJ-000156,CRH,2024-01-13,"Patient admis pour douleur thoracique. Antécédents : BPCO, tabagisme actif. Examen clinique d'entrée retrouvant un score de gravité de 7/30. Évolution favorable sous traitement. Sortie autorisée vers EHPAD."
CR-000203,SEJ-000157,CRH,2023-12-11,Hospitalisation de 6j pour hémorragie digestive. Bilan paraclinique réalisé. Comorbidités : 2. Patiente/confiant à la sortie. Suivi par médecin traitant.
CR-000204,SEJ-000158,CRH,2023-02-19,"Séjour de 5j. Motif : douleur thoracique. Survenue de complications de type infectieux. Recommandations : surveillance rapprochée, consultation de contrôle à 7j."
CR-000205,SEJ-000159,CRH,2023-01-07,Hospitalisation de 3j pour insuffisance cardiaque décompensée. Bilan paraclinique réalisé. Comorbidités : 2. Patiente/confiant à la sortie. Suivi par médecin traitant.
CR-000206,SEJ-000160,CRH,2023-02-15,"Séjour de 6j. Motif : fracture du col du fémur. Survenue de complications de type infectieux. Recommandations : surveillance rapprochée, consultation de contrôle à 7j."
CR-000207,SEJ-000161,CRH,2023-09-15,"Patient admis pour pneumopathie aiguë. Antécédents : BPCO, tabagisme actif. Examen clinique d'entrée retrouvant un score de gravité de 3/30. Évolution favorable sous traitement. Sortie autorisée vers domicile."
CR-000208,SEJ-000162,CRH,2024-04-22,"Séjour de 8j. Motif : crise d'asthme sévère. Survenue de complications . Recommandations : surveillance rapprochée, consultation de contrôle à 7j."
CR-000209,SEJ-000163,CRH,2023-03-21,Hospitalisation de 3j pour sepsis. Bilan paraclinique réalisé. Comorbidités : 1. Patiente/confiant à la sortie. Suivi par médecin traitant.
CR-000210,SEJ-000163,NoteSoignante,2024-02-11,"Séjour de 3j. Motif : décompensation diabétique. Survenue de complications . Recommandations : surveillance rapprochée, consultation de contrôle à 7j."
CR-000211,SEJ-000164,CRH,2024-04-24,"Patient admis pour insuffisance cardiaque décompensée. Antécédents : cardiopathie ischémique, dyslipidémie. Examen clinique d'entrée retrouvant un score de gravité de 7/30. Évolution favorable sous traitement. Sortie autorisée vers transfert en soins continus."
CR-000212,SEJ-000165,CRH,2023-04-30,"Séjour de 6j. Motif : chute du sujet âgé. Survenue de complications . Recommandations : surveillance rapprochée, consultation de contrôle à 7j."
CR-000213,SEJ-000165,CourrierSortant,2023-09-16,"Séjour de 6j. Motif : fracture du col du fémur. Survenue de complications . Recommandations : surveillance rapprochée, consultation de contrôle à 7j."
CR-000214,SEJ-000166,CRH,2023-03-05,Hospitalisation de 10j pour sepsis. Bilan paraclinique réalisé. Comorbidités : 4. Patiente/confiant à la sortie. Suivi par spécialiste de ville.
CR-000215,SEJ-000167,CRH,2023-04-20,Hospitalisation de 4j pour fracture du col du fémur. Bilan paraclinique réalisé. Comorbidités : 4. Patiente/confiant à la sortie. Suivi par médecin traitant.
CR-000216,SEJ-000168,CRH,2023-03-06,"Séjour de 3j. Motif : décompensation diabétique. Survenue de complications . Recommandations : surveillance rapprochée, consultation de contrôle à 7j."
CR-000217,SEJ-000168,NoteSoignante,2023-08-01,"Séjour de 3j. Motif : chute du sujet âgé. Survenue de complications de type infectieux. Recommandations : surveillance rapprochée, consultation de contrôle à 7j."
CR-000218,SEJ-000169,CRH,2024-04-19,"Patient admis pour pneumopathie aiguë. Antécédents : cardiopathie ischémique, dyslipidémie. Examen clinique d'entrée retrouvant un score de gravité de 15/30. Évolution favorable sous traitement. Sortie autorisée vers transfert en soins continus."
CR-000219,SEJ-000169,CourrierSortant,2024-05-08,"Séjour de 4j. Motif : crise d'asthme sévère. Survenue de complications . Recommandations : surveillance rapprochée, consultation de contrôle à 7j."
CR-000220,SEJ-000170,CRH,2023-04-02,"Séjour de 2j. Motif : insuffisance cardiaque décompensée. Survenue de complications . Recommandations : surveillance rapprochée, consultation de contrôle à 7j."
CR-000221,SEJ-000171,CRH,2023-07-31,"Séjour de 1j. Motif : fracture du col du fémur. Survenue de complications de type infectieux. Recommandations : surveillance rapprochée, consultation de contrôle à 7j."
CR-000222,SEJ-000172,CRH,2024-02-22,Hospitalisation de 5j pour chirurgie programmée. Bilan paraclinique réalisé. Comorbidités : 1. Patiente/confiant à la sortie. Suivi par médecin traitant.
CR-000223,SEJ-000172,NoteSoignante,2023-12-10,Hospitalisation de 5j pour sepsis. Bilan paraclinique réalisé. Comorbidités : 1. Patiente/confiant à la sortie. Suivi par médecin traitant.
CR-000224,SEJ-000173,CRH,2023-01-07,"Séjour de 2j. Motif : chute du sujet âgé. Survenue de complications . Recommandations : surveillance rapprochée, consultation de contrôle à 7j."
CR-000225,SEJ-000173,CourrierSortant,2022-12-25,Patient admis pour fracture du col du fémur. Antécédents : aucun antécédent notable. Examen clinique d'entrée retrouvant un score de gravité de 5/30. Évolution favorable sous traitement. Sortie autorisée vers EHPAD.
CR-000226,SEJ-000174,CRH,2024-05-08,Patient admis pour sepsis. Antécédents : insuffisance rénale chronique. Examen clinique d'entrée retrouvant un score de gravité de 2/30. Évolution favorable sous traitement. Sortie autorisée vers EHPAD.
CR-000227,SEJ-000174,CourrierSortant,2023-02-18,Hospitalisation de 5j pour pneumopathie aiguë. Bilan paraclinique réalisé. Comorbidités : 1. Patiente/confiant à la sortie. Suivi par médecin traitant.
CR-000228,SEJ-000175,CRH,2023-03-01,"Séjour de 3j. Motif : pneumopathie aiguë. Survenue de complications de type infectieux. Recommandations : surveillance rapprochée, consultation de contrôle à 7j."
CR-000229,SEJ-000176,CRH,2023-10-12,Hospitalisation de 11j pour fracture du col du fémur. Bilan paraclinique réalisé. Comorbidités : 1. Patiente/confiant à la sortie. Suivi par médecin traitant.
CR-000230,SEJ-000176,CourrierSortant,2023-04-06,"Séjour de 11j. Motif : insuffisance cardiaque décompensée. Survenue de complications de type infectieux. Recommandations : surveillance rapprochée, consultation de contrôle à 7j."
CR-000231,SEJ-000177,CRH,2024-02-14,"Séjour de 4j. Motif : chirurgie programmée. Survenue de complications de type infectieux. Recommandations : surveillance rapprochée, consultation de contrôle à 7j."
CR-000232,SEJ-000178,CRH,2023-05-09,"Patient admis pour douleur thoracique. Antécédents : cardiopathie ischémique, dyslipidémie. Examen clinique d'entrée retrouvant un score de gravité de 4/30. Évolution favorable sous traitement. Sortie autorisée vers transfert en soins continus."
CR-000233,SEJ-000178,CourrierSortant,2024-02-19,Hospitalisation de 15j pour chirurgie programmée. Bilan paraclinique réalisé. Comorbidités : 1. Patiente/confiant à la sortie. Suivi par médecin traitant.
CR-000234,SEJ-000179,CRH,2024-04-11,Hospitalisation de 8j pour douleur thoracique. Bilan paraclinique réalisé. Comorbidités : 1. Patiente/confiant à la sortie. Suivi par médecin traitant.
CR-000235,SEJ-000179,NoteSoignante,2024-04-10,"Séjour de 8j. Motif : hémorragie digestive. Survenue de complications de type infectieux. Recommandations : surveillance rapprochée, consultation de contrôle à 7j."
CR-000236,SEJ-000180,CRH,2023-08-02,"Patient admis pour douleur thoracique. Antécédents : BPCO, tabagisme actif. Examen clinique d'entrée retrouvant un score de gravité de 4/30. Évolution favorable sous traitement. Sortie autorisée vers EHPAD."
CR-000237,SEJ-000181,CRH,2023-07-22,"Séjour de 5j. Motif : chute du sujet âgé. Survenue de complications de type infectieux. Recommandations : surveillance rapprochée, consultation de contrôle à 7j."
CR-000238,SEJ-000182,CRH,2023-07-08,"Séjour de 6j. Motif : chirurgie programmée. Survenue de complications de type infectieux. Recommandations : surveillance rapprochée, consultation de contrôle à 7j."
CR-000239,SEJ-000183,CRH,2023-12-07,"Séjour de 4j. Motif : fracture du col du fémur. Survenue de complications de type infectieux. Recommandations : surveillance rapprochée, consultation de contrôle à 7j."
CR-000240,SEJ-000184,CRH,2023-09-16,Hospitalisation de 6j pour fracture du col du fémur. Bilan paraclinique réalisé. Comorbidités : 2. Patiente/confiant à la sortie. Suivi par médecin traitant.
CR-000241,SEJ-000184,NoteSoignante,2023-10-12,Patient admis pour douleur thoracique. Antécédents : aucun antécédent notable. Examen clinique d'entrée retrouvant un score de gravité de 4/30. Évolution favorable sous traitement. Sortie autorisée vers transfert en soins continus.
CR-000242,SEJ-000185,CRH,2024-05-08,Hospitalisation de 8j pour douleur thoracique. Bilan paraclinique réalisé. Comorbidités : 2. Patiente/confiant à la sortie. Suivi par médecin traitant.
CR-000243,SEJ-000186,CRH,2023-11-01,Patient admis pour décompensation diabétique. Antécédents : insuffisance rénale chronique. Examen clinique d'entrée retrouvant un score de gravité de 4/30. Évolution favorable sous traitement. Sortie autorisée vers domicile.
CR-000244,SEJ-000187,CRH,2023-06-14,"Séjour de 5j. Motif : chute du sujet âgé. Survenue de complications de type infectieux. Recommandations : surveillance rapprochée, consultation de contrôle à 7j."
CR-000245,SEJ-000188,CRH,2023-11-04,"Séjour de 14j. Motif : hémorragie digestive. Survenue de complications . Recommandations : surveillance rapprochée, consultation de contrôle à 7j."
CR-000246,SEJ-000189,CRH,2023-01-04,"Séjour de 3j. Motif : insuffisance cardiaque décompensée. Survenue de complications . Recommandations : surveillance rapprochée, consultation de contrôle à 7j."
CR-000247,SEJ-000190,CRH,2023-03-03,"Patient admis pour chute du sujet âgé. Antécédents : BPCO, tabagisme actif. Examen clinique d'entrée retrouvant un score de gravité de 1/30. Évolution favorable sous traitement. Sortie autorisée vers transfert en soins continus."
CR-000248,SEJ-000191,CRH,2023-12-18,Hospitalisation de 10j pour sepsis. Bilan paraclinique réalisé. Comorbidités : 1. Patiente/confiant à la sortie. Suivi par médecin traitant.
CR-000249,SEJ-000192,CRH,2024-01-22,Hospitalisation de 1j pour pneumopathie aiguë. Bilan paraclinique réalisé. Comorbidités : 2. Patiente/confiant à la sortie. Suivi par médecin traitant.
CR-000250,SEJ-000193,CRH,2024-04-02,Patient admis pour douleur thoracique. Antécédents : aucun antécédent notable. Examen clinique d'entrée retrouvant un score de gravité de 6/30. Évolution favorable sous traitement. Sortie autorisée vers transfert en soins continus.
CR-000251,SEJ-000194,CRH,2023-06-27,"Séjour de 4j. Motif : chirurgie programmée. Survenue de complications . Recommandations : surveillance rapprochée, consultation de contrôle à 7j."
CR-000252,SEJ-000194,NoteSoignante,2023-12-20,"Patient admis pour insuffisance cardiaque décompensée. Antécédents : HTA, diabète type 2. Examen clinique d'entrée retrouvant un score de gravité de 2/30. Évolution favorable sous traitement. Sortie autorisée vers domicile."
CR-000253,SEJ-000195,CRH,2023-12-02,Hospitalisation de 2j pour douleur thoracique. Bilan paraclinique réalisé. Comorbidités : 1. Patiente/confiant à la sortie. Suivi par médecin traitant.
CR-000254,SEJ-000196,CRH,2023-06-14,"Patient admis pour fracture du col du fémur. Antécédents : cardiopathie ischémique, dyslipidémie. Examen clinique d'entrée retrouvant un score de gravité de 2/30. Évolution favorable sous traitement. Sortie autorisée vers domicile."
CR-000255,SEJ-000197,CRH,2024-02-19,"Patient admis pour fracture du col du fémur. Antécédents : cardiopathie ischémique, dyslipidémie. Examen clinique d'entrée retrouvant un score de gravité de 22/30. Évolution favorable sous traitement. Sortie autorisée vers transfert en soins continus."
CR-000256,SEJ-000198,CRH,2023-12-16,Hospitalisation de 1j pour sepsis. Bilan paraclinique réalisé. Comorbidités : 1. Patiente/confiant à la sortie. Suivi par spécialiste de ville.
CR-000257,SEJ-000199,CRH,2023-04-20,"Patient admis pour insuffisance cardiaque décompensée. Antécédents : HTA, diabète type 2. Examen clinique d'entrée retrouvant un score de gravité de 9/30. Évolution favorable sous traitement. Sortie autorisée vers EHPAD."
CR-000258,SEJ-000199,CourrierSortant,2023-11-09,Patient admis pour chirurgie programmée. Antécédents : aucun antécédent notable. Examen clinique d'entrée retrouvant un score de gravité de 9/30. Évolution favorable sous traitement. Sortie autorisée vers transfert en soins continus.
CR-000259,SEJ-000200,CRH,2023-02-14,Hospitalisation de 3j pour fracture du col du fémur. Bilan paraclinique réalisé. Comorbidités : 2. Patiente/confiant à la sortie. Suivi par médecin traitant.
CR-000260,SEJ-000201,CRH,2024-03-18,"Patient admis pour pneumopathie aiguë. Antécédents : BPCO, tabagisme actif. Examen clinique d'entrée retrouvant un score de gravité de 5/30. Évolution favorable sous traitement. Sortie autorisée vers EHPAD."
CR-000261,SEJ-000201,CourrierSortant,2024-04-03,Hospitalisation de 3j pour insuffisance cardiaque décompensée. Bilan paraclinique réalisé. Comorbidités : 2. Patiente/confiant à la sortie. Suivi par spécialiste de ville.
CR-000262,SEJ-000202,CRH,2024-01-14,Hospitalisation de 4j pour fracture du col du fémur. Bilan paraclinique réalisé. Comorbidités : 2. Patiente/confiant à la sortie. Suivi par médecin traitant.
CR-000263,SEJ-000203,CRH,2023-12-19,Patient admis pour fracture du col du fémur. Antécédents : aucun antécédent notable. Examen clinique d'entrée retrouvant un score de gravité de 10/30. Évolution favorable sous traitement. Sortie autorisée vers domicile.
CR-000264,SEJ-000204,CRH,2023-12-01,Hospitalisation de 3j pour décompensation diabétique. Bilan paraclinique réalisé. Comorbidités : 1. Patiente/confiant à la sortie. Suivi par médecin traitant.
CR-000265,SEJ-000204,CourrierSortant,2023-02-12,"Séjour de 3j. Motif : chute du sujet âgé. Survenue de complications . Recommandations : surveillance rapprochée, consultation de contrôle à 7j."
CR-000266,SEJ-000205,CRH,2024-02-24,"Séjour de 3j. Motif : décompensation diabétique. Survenue de complications de type infectieux. Recommandations : surveillance rapprochée, consultation de contrôle à 7j."
CR-000267,SEJ-000206,CRH,2023-02-06,"Séjour de 10j. Motif : hémorragie digestive. Survenue de complications . Recommandations : surveillance rapprochée, consultation de contrôle à 7j."
CR-000268,SEJ-000207,CRH,2024-03-03,"Patient admis pour pneumopathie aiguë. Antécédents : HTA, diabète type 2. Examen clinique d'entrée retrouvant un score de gravité de 2/30. Évolution favorable sous traitement. Sortie autorisée vers EHPAD."
CR-000269,SEJ-000208,CRH,2023-11-09,"Patient admis pour chute du sujet âgé. Antécédents : BPCO, tabagisme actif. Examen clinique d'entrée retrouvant un score de gravité de 17/30. Évolution favorable sous traitement. Sortie autorisée vers domicile."
CR-000270,SEJ-000208,NoteSoignante,2023-10-03,Hospitalisation de 3j pour chute du sujet âgé. Bilan paraclinique réalisé. Comorbidités : 1. Patiente/confiant à la sortie. Suivi par médecin traitant.
CR-000271,SEJ-000209,CRH,2022-12-27,"Patient admis pour décompensation diabétique. Antécédents : BPCO, tabagisme actif. Examen clinique d'entrée retrouvant un score de gravité de 7/30. Évolution favorable sous traitement. Sortie autorisée vers EHPAD."
CR-000272,SEJ-000209,CourrierSortant,2023-08-10,Hospitalisation de 4j pour douleur thoracique. Bilan paraclinique réalisé. Comorbidités : 1. Patiente/confiant à la sortie. Suivi par spécialiste de ville.
CR-000273,SEJ-000210,CRH,2023-06-19,Hospitalisation de 11j pour insuffisance cardiaque décompensée. Bilan paraclinique réalisé. Comorbidités : 2. Patiente/confiant à la sortie. Suivi par spécialiste de ville.
CR-000274,SEJ-000211,CRH,2023-10-29,Patient admis pour décompensation diabétique. Antécédents : aucun antécédent notable. Examen clinique d'entrée retrouvant un score de gravité de 18/30. Évolution favorable sous traitement. Sortie autorisée vers EHPAD.
CR-000275,SEJ-000212,CRH,2024-01-22,"Séjour de 5j. Motif : pneumopathie aiguë. Survenue de complications de type infectieux. Recommandations : surveillance rapprochée, consultation de contrôle à 7j."
CR-000276,SEJ-000212,NoteSoignante,2024-01-13,"Patient admis pour hémorragie digestive. Antécédents : cardiopathie ischémique, dyslipidémie. Examen clinique d'entrée retrouvant un score de gravité de 15/30. Évolution favorable sous traitement. Sortie autorisée vers domicile."
CR-000277,SEJ-000213,CRH,2024-05-24,"Patient admis pour crise d'asthme sévère. Antécédents : cardiopathie ischémique, dyslipidémie. Examen clinique d'entrée retrouvant un score de gravité de 30/30. Évolution favorable sous traitement. Sortie autorisée vers transfert en soins continus."
CR-000278,SEJ-000214,CRH,2023-02-05,"Patient admis pour crise d'asthme sévère. Antécédents : BPCO, tabagisme actif. Examen clinique d'entrée retrouvant un score de gravité de 5/30. Évolution favorable sous traitement. Sortie autorisée vers EHPAD."
CR-000279,SEJ-000215,CRH,2024-02-22,Patient admis pour crise d'asthme sévère. Antécédents : insuffisance rénale chronique. Examen clinique d'entrée retrouvant un score de gravité de 4/30. Évolution favorable sous traitement. Sortie autorisée vers domicile.
CR-000280,SEJ-000216,CRH,2023-03-15,"Séjour de 2j. Motif : hémorragie digestive. Survenue de complications . Recommandations : surveillance rapprochée, consultation de contrôle à 7j."
CR-000281,SEJ-000217,CRH,2024-02-26,"Patient admis pour hémorragie digestive. Antécédents : HTA, diabète type 2. Examen clinique d'entrée retrouvant un score de gravité de 4/30. Évolution favorable sous traitement. Sortie autorisée vers transfert en soins continus."
CR-000282,SEJ-000218,CRH,2024-03-17,Hospitalisation de 1j pour chute du sujet âgé. Bilan paraclinique réalisé. Comorbidités : 1. Patiente/confiant à la sortie. Suivi par médecin traitant.
CR-000283,SEJ-000219,CRH,2023-10-01,"Patient admis pour crise d'asthme sévère. Antécédents : HTA, diabète type 2. Examen clinique d'entrée retrouvant un score de gravité de 4/30. Évolution favorable sous traitement. Sortie autorisée vers EHPAD."
CR-000284,SEJ-000220,CRH,2024-01-12,Patient admis pour chirurgie programmée. Antécédents : insuffisance rénale chronique. Examen clinique d'entrée retrouvant un score de gravité de 2/30. Évolution favorable sous traitement. Sortie autorisée vers EHPAD.
CR-000285,SEJ-000220,NoteSoignante,2023-08-10,"Séjour de 4j. Motif : douleur thoracique. Survenue de complications de type infectieux. Recommandations : surveillance rapprochée, consultation de contrôle à 7j."
CR-000286,SEJ-000221,CRH,2023-04-15,"Séjour de 7j. Motif : sepsis. Survenue de complications de type infectieux. Recommandations : surveillance rapprochée, consultation de contrôle à 7j."
CR-000287,SEJ-000221,NoteSoignante,2024-04-22,Hospitalisation de 7j pour chute du sujet âgé. Bilan paraclinique réalisé. Comorbidités : 4. Patiente/confiant à la sortie. Suivi par médecin traitant.
CR-000288,SEJ-000222,CRH,2023-10-14,Hospitalisation de 4j pour hémorragie digestive. Bilan paraclinique réalisé. Comorbidités : 1. Patiente/confiant à la sortie. Suivi par médecin traitant.
CR-000289,SEJ-000222,CourrierSortant,2024-02-05,"Séjour de 4j. Motif : pneumopathie aiguë. Survenue de complications de type infectieux. Recommandations : surveillance rapprochée, consultation de contrôle à 7j."
CR-000290,SEJ-000223,CRH,2023-07-04,"Séjour de 4j. Motif : hémorragie digestive. Survenue de complications . Recommandations : surveillance rapprochée, consultation de contrôle à 7j."
CR-000291,SEJ-000224,CRH,2023-02-04,Hospitalisation de 13j pour chute du sujet âgé. Bilan paraclinique réalisé. Comorbidités : 1. Patiente/confiant à la sortie. Suivi par spécialiste de ville.
CR-000292,SEJ-000225,CRH,2023-05-25,Patient admis pour douleur thoracique. Antécédents : aucun antécédent notable. Examen clinique d'entrée retrouvant un score de gravité de 1/30. Évolution favorable sous traitement. Sortie autorisée vers transfert en soins continus.
CR-000293,SEJ-000226,CRH,2023-06-09,"Séjour de 4j. Motif : décompensation diabétique. Survenue de complications . Recommandations : surveillance rapprochée, consultation de contrôle à 7j."
CR-000294,SEJ-000227,CRH,2024-03-19,Hospitalisation de 11j pour crise d'asthme sévère. Bilan paraclinique réalisé. Comorbidités : 1. Patiente/confiant à la sortie. Suivi par médecin traitant.
CR-000295,SEJ-000227,NoteSoignante,2023-05-06,Hospitalisation de 11j pour insuffisance cardiaque décompensée. Bilan paraclinique réalisé. Comorbidités : 1. Patiente/confiant à la sortie. Suivi par médecin traitant.
CR-000296,SEJ-000228,CRH,2023-09-03,"Patient admis pour pneumopathie aiguë. Antécédents : BPCO, tabagisme actif. Examen clinique d'entrée retrouvant un score de gravité de 5/30. Évolution favorable sous traitement. Sortie autorisée vers EHPAD."
CR-000297,SEJ-000229,CRH,2023-08-23,"Patient admis pour décompensation diabétique. Antécédents : BPCO, tabagisme actif. Examen clinique d'entrée retrouvant un score de gravité de 3/30. Évolution favorable sous traitement. Sortie autorisée vers domicile."
CR-000298,SEJ-000230,CRH,2023-12-11,"Patient admis pour crise d'asthme sévère. Antécédents : BPCO, tabagisme actif. Examen clinique d'entrée retrouvant un score de gravité de 0/30. Évolution favorable sous traitement. Sortie autorisée vers transfert en soins continus."
CR-000299,SEJ-000231,CRH,2023-03-22,"Séjour de 6j. Motif : fracture du col du fémur. Survenue de complications de type infectieux. Recommandations : surveillance rapprochée, consultation de contrôle à 7j."
CR-000300,SEJ-000231,CourrierSortant,2023-09-03,Patient admis pour décompensation diabétique. Antécédents : insuffisance rénale chronique. Examen clinique d'entrée retrouvant un score de gravité de 6/30. Évolution favorable sous traitement. Sortie autorisée vers EHPAD.
CR-000301,SEJ-000232,CRH,2022-12-11,"Patient admis pour chirurgie programmée. Antécédents : BPCO, tabagisme actif. Examen clinique d'entrée retrouvant un score de gravité de 13/30. Évolution favorable sous traitement. Sortie autorisée vers EHPAD."
CR-000302,SEJ-000233,CRH,2024-01-15,"Séjour de 3j. Motif : sepsis. Survenue de complications . Recommandations : surveillance rapprochée, consultation de contrôle à 7j."
CR-000303,SEJ-000233,CourrierSortant,2023-07-07,"Séjour de 3j. Motif : fracture du col du fémur. Survenue de complications . Recommandations : surveillance rapprochée, consultation de contrôle à 7j."
CR-000304,SEJ-000234,CRH,2024-03-01,"Patient admis pour insuffisance cardiaque décompensée. Antécédents : cardiopathie ischémique, dyslipidémie. Examen clinique d'entrée retrouvant un score de gravité de 4/30. Évolution favorable sous traitement. Sortie autorisée vers EHPAD."
CR-000305,SEJ-000235,CRH,2023-02-01,Hospitalisation de 7j pour crise d'asthme sévère. Bilan paraclinique réalisé. Comorbidités : 1. Patiente/confiant à la sortie. Suivi par médecin traitant.
CR-000306,SEJ-000236,CRH,2023-01-05,"Séjour de 6j. Motif : insuffisance cardiaque décompensée. Survenue de complications . Recommandations : surveillance rapprochée, consultation de contrôle à 7j."
CR-000307,SEJ-000237,CRH,2023-01-14,Hospitalisation de 11j pour hémorragie digestive. Bilan paraclinique réalisé. Comorbidités : 3. Patiente/confiant à la sortie. Suivi par spécialiste de ville.
CR-000308,SEJ-000238,CRH,2023-10-25,Patient admis pour fracture du col du fémur. Antécédents : insuffisance rénale chronique. Examen clinique d'entrée retrouvant un score de gravité de 12/30. Évolution favorable sous traitement. Sortie autorisée vers domicile.
CR-000309,SEJ-000239,CRH,2023-02-12,"Séjour de 4j. Motif : crise d'asthme sévère. Survenue de complications . Recommandations : surveillance rapprochée, consultation de contrôle à 7j."
CR-000310,SEJ-000240,CRH,2023-04-07,"Patient admis pour décompensation diabétique. Antécédents : BPCO, tabagisme actif. Examen clinique d'entrée retrouvant un score de gravité de 13/30. Évolution favorable sous traitement. Sortie autorisée vers domicile."
CR-000311,SEJ-000241,CRH,2022-12-25,"Séjour de 2j. Motif : hémorragie digestive. Survenue de complications de type infectieux. Recommandations : surveillance rapprochée, consultation de contrôle à 7j."
CR-000312,SEJ-000241,NoteSoignante,2023-02-04,"Séjour de 2j. Motif : crise d'asthme sévère. Survenue de complications . Recommandations : surveillance rapprochée, consultation de contrôle à 7j."
CR-000313,SEJ-000242,CRH,2023-01-29,Hospitalisation de 5j pour décompensation diabétique. Bilan paraclinique réalisé. Comorbidités : 1. Patiente/confiant à la sortie. Suivi par médecin traitant.
CR-000314,SEJ-000243,CRH,2024-02-22,"Patient admis pour hémorragie digestive. Antécédents : cardiopathie ischémique, dyslipidémie. Examen clinique d'entrée retrouvant un score de gravité de 7/30. Évolution favorable sous traitement. Sortie autorisée vers domicile."
CR-000315,SEJ-000243,NoteSoignante,2023-09-09,Patient admis pour hémorragie digestive. Antécédents : insuffisance rénale chronique. Examen clinique d'entrée retrouvant un score de gravité de 7/30. Évolution favorable sous traitement. Sortie autorisée vers domicile.
CR-000316,SEJ-000244,CRH,2023-06-03,"Séjour de 4j. Motif : chirurgie programmée. Survenue de complications de type infectieux. Recommandations : surveillance rapprochée, consultation de contrôle à 7j."
CR-000317,SEJ-000245,CRH,2024-02-09,Patient admis pour décompensation diabétique. Antécédents : insuffisance rénale chronique. Examen clinique d'entrée retrouvant un score de gravité de 5/30. Évolution favorable sous traitement. Sortie autorisée vers EHPAD.
CR-000318,SEJ-000245,NoteSoignante,2023-04-21,Patient admis pour hémorragie digestive. Antécédents : aucun antécédent notable. Examen clinique d'entrée retrouvant un score de gravité de 5/30. Évolution favorable sous traitement. Sortie autorisée vers transfert en soins continus.
CR-000319,SEJ-000246,CRH,2023-08-31,Hospitalisation de 3j pour fracture du col du fémur. Bilan paraclinique réalisé. Comorbidités : 3. Patiente/confiant à la sortie. Suivi par médecin traitant.
CR-000320,SEJ-000247,CRH,2022-12-12,Patient admis pour chute du sujet âgé. Antécédents : insuffisance rénale chronique. Examen clinique d'entrée retrouvant un score de gravité de 2/30. Évolution favorable sous traitement. Sortie autorisée vers domicile.
CR-000321,SEJ-000248,CRH,2023-03-14,"Patient admis pour sepsis. Antécédents : BPCO, tabagisme actif. Examen clinique d'entrée retrouvant un score de gravité de 3/30. Évolution favorable sous traitement. Sortie autorisée vers domicile."
CR-000322,SEJ-000249,CRH,2023-09-27,"Séjour de 6j. Motif : décompensation diabétique. Survenue de complications . Recommandations : surveillance rapprochée, consultation de contrôle à 7j."
CR-000323,SEJ-000250,CRH,2024-02-15,Hospitalisation de 17j pour insuffisance cardiaque décompensée. Bilan paraclinique réalisé. Comorbidités : 1. Patiente/confiant à la sortie. Suivi par médecin traitant.
CR-000324,SEJ-000251,CRH,2024-03-24,"Séjour de 11j. Motif : douleur thoracique. Survenue de complications . Recommandations : surveillance rapprochée, consultation de contrôle à 7j."
CR-000325,SEJ-000252,CRH,2023-08-10,Hospitalisation de 17j pour insuffisance cardiaque décompensée. Bilan paraclinique réalisé. Comorbidités : 1. Patiente/confiant à la sortie. Suivi par médecin traitant.
CR-000326,SEJ-000252,NoteSoignante,2023-03-04,Patient admis pour chute du sujet âgé. Antécédents : aucun antécédent notable. Examen clinique d'entrée retrouvant un score de gravité de 4/30. Évolution favorable sous traitement. Sortie autorisée vers EHPAD.
CR-000327,SEJ-000253,CRH,2023-02-02,Hospitalisation de 3j pour douleur thoracique. Bilan paraclinique réalisé. Comorbidités : 1. Patiente/confiant à la sortie. Suivi par spécialiste de ville.
CR-000328,SEJ-000254,CRH,2023-11-28,"Séjour de 7j. Motif : crise d'asthme sévère. Survenue de complications . Recommandations : surveillance rapprochée, consultation de contrôle à 7j."
CR-000329,SEJ-000255,CRH,2023-05-23,"Séjour de 2j. Motif : chute du sujet âgé. Survenue de complications . Recommandations : surveillance rapprochée, consultation de contrôle à 7j."
CR-000330,SEJ-000255,NoteSoignante,2022-12-11,Hospitalisation de 2j pour pneumopathie aiguë. Bilan paraclinique réalisé. Comorbidités : 1. Patiente/confiant à la sortie. Suivi par médecin traitant.
CR-000331,SEJ-000256,CRH,2024-05-07,"Séjour de 5j. Motif : douleur thoracique. Survenue de complications de type infectieux. Recommandations : surveillance rapprochée, consultation de contrôle à 7j."
CR-000332,SEJ-000257,CRH,2023-01-07,"Séjour de 1j. Motif : chirurgie programmée. Survenue de complications de type infectieux. Recommandations : surveillance rapprochée, consultation de contrôle à 7j."
CR-000333,SEJ-000258,CRH,2022-12-15,"Patient admis pour crise d'asthme sévère. Antécédents : HTA, diabète type 2. Examen clinique d'entrée retrouvant un score de gravité de 13/30. Évolution favorable sous traitement. Sortie autorisée vers transfert en soins continus."
CR-000334,SEJ-000259,CRH,2024-05-08,Hospitalisation de 10j pour hémorragie digestive. Bilan paraclinique réalisé. Comorbidités : 1. Patiente/confiant à la sortie. Suivi par médecin traitant.
CR-000335,SEJ-000259,CourrierSortant,2024-03-17,"Patient admis pour décompensation diabétique. Antécédents : BPCO, tabagisme actif. Examen clinique d'entrée retrouvant un score de gravité de 9/30. Évolution favorable sous traitement. Sortie autorisée vers domicile."
CR-000336,SEJ-000260,CRH,2024-02-15,"Séjour de 2j. Motif : chute du sujet âgé. Survenue de complications de type infectieux. Recommandations : surveillance rapprochée, consultation de contrôle à 7j."
CR-000337,SEJ-000261,CRH,2024-03-12,"Séjour de 2j. Motif : chute du sujet âgé. Survenue de complications . Recommandations : surveillance rapprochée, consultation de contrôle à 7j."
CR-000338,SEJ-000261,NoteSoignante,2023-04-21,Hospitalisation de 2j pour hémorragie digestive. Bilan paraclinique réalisé. Comorbidités : 3. Patiente/confiant à la sortie. Suivi par médecin traitant.
CR-000339,SEJ-000262,CRH,2023-02-11,Patient admis pour douleur thoracique. Antécédents : insuffisance rénale chronique. Examen clinique d'entrée retrouvant un score de gravité de 1/30. Évolution favorable sous traitement. Sortie autorisée vers domicile.
CR-000340,SEJ-000263,CRH,2023-04-07,"Séjour de 3j. Motif : insuffisance cardiaque décompensée. Survenue de complications de type infectieux. Recommandations : surveillance rapprochée, consultation de contrôle à 7j."
CR-000341,SEJ-000263,NoteSoignante,2023-12-25,"Séjour de 3j. Motif : chirurgie programmée. Survenue de complications de type infectieux. Recommandations : surveillance rapprochée, consultation de contrôle à 7j."
CR-000342,SEJ-000264,CRH,2023-05-14,"Patient admis pour sepsis. Antécédents : HTA, diabète type 2. Examen clinique d'entrée retrouvant un score de gravité de 1/30. Évolution favorable sous traitement. Sortie autorisée vers EHPAD."
CR-000343,SEJ-000265,CRH,2024-05-12,Hospitalisation de 7j pour douleur thoracique. Bilan paraclinique réalisé. Comorbidités : 1. Patiente/confiant à la sortie. Suivi par médecin traitant.
CR-000344,SEJ-000265,NoteSoignante,2023-07-27,"Séjour de 7j. Motif : douleur thoracique. Survenue de complications de type infectieux. Recommandations : surveillance rapprochée, consultation de contrôle à 7j."
CR-000345,SEJ-000266,CRH,2024-03-31,Hospitalisation de 5j pour insuffisance cardiaque décompensée. Bilan paraclinique réalisé. Comorbidités : 1. Patiente/confiant à la sortie. Suivi par médecin traitant.
CR-000346,SEJ-000267,CRH,2023-02-24,"Séjour de 2j. Motif : douleur thoracique. Survenue de complications . Recommandations : surveillance rapprochée, consultation de contrôle à 7j."
CR-000347,SEJ-000268,CRH,2024-01-06,"Séjour de 5j. Motif : insuffisance cardiaque décompensée. Survenue de complications . Recommandations : surveillance rapprochée, consultation de contrôle à 7j."
CR-000348,SEJ-000268,NoteSoignante,2022-12-18,Hospitalisation de 5j pour décompensation diabétique. Bilan paraclinique réalisé. Comorbidités : 3. Patiente/confiant à la sortie. Suivi par médecin traitant.
CR-000349,SEJ-000269,CRH,2023-09-23,"Séjour de 4j. Motif : chute du sujet âgé. Survenue de complications de type infectieux. Recommandations : surveillance rapprochée, consultation de contrôle à 7j."
CR-000350,SEJ-000270,CRH,2023-09-06,"Patient admis pour crise d'asthme sévère. Antécédents : cardiopathie ischémique, dyslipidémie. Examen clinique d'entrée retrouvant un score de gravité de 5/30. Évolution favorable sous traitement. Sortie autorisée vers transfert en soins continus."
CR-000351,SEJ-000271,CRH,2024-04-30,"Séjour de 9j. Motif : décompensation diabétique. Survenue de complications . Recommandations : surveillance rapprochée, consultation de contrôle à 7j."
CR-000352,SEJ-000272,CRH,2024-03-24,"Séjour de 1j. Motif : sepsis. Survenue de complications de type infectieux. Recommandations : surveillance rapprochée, consultation de contrôle à 7j."
CR-000353,SEJ-000273,CRH,2023-03-24,"Séjour de 3j. Motif : décompensation diabétique. Survenue de complications . Recommandations : surveillance rapprochée, consultation de contrôle à 7j."
CR-000354,SEJ-000274,CRH,2023-09-27,"Séjour de 1j. Motif : chirurgie programmée. Survenue de complications de type infectieux. Recommandations : surveillance rapprochée, consultation de contrôle à 7j."
CR-000355,SEJ-000275,CRH,2023-04-06,Patient admis pour chirurgie programmée. Antécédents : insuffisance rénale chronique. Examen clinique d'entrée retrouvant un score de gravité de 5/30. Évolution favorable sous traitement. Sortie autorisée vers domicile.
CR-000356,SEJ-000276,CRH,2023-03-04,"Séjour de 13j. Motif : pneumopathie aiguë. Survenue de complications . Recommandations : surveillance rapprochée, consultation de contrôle à 7j."
CR-000357,SEJ-000277,CRH,2023-05-02,"Séjour de 3j. Motif : insuffisance cardiaque décompensée. Survenue de complications de type infectieux. Recommandations : surveillance rapprochée, consultation de contrôle à 7j."
CR-000358,SEJ-000277,CourrierSortant,2023-10-24,Hospitalisation de 3j pour douleur thoracique. Bilan paraclinique réalisé. Comorbidités : 1. Patiente/confiant à la sortie. Suivi par spécialiste de ville.
CR-000359,SEJ-000278,CRH,2023-07-01,Hospitalisation de 4j pour sepsis. Bilan paraclinique réalisé. Comorbidités : 1. Patiente/confiant à la sortie. Suivi par médecin traitant.
CR-000360,SEJ-000279,CRH,2024-04-01,"Séjour de 9j. Motif : chute du sujet âgé. Survenue de complications de type infectieux. Recommandations : surveillance rapprochée, consultation de contrôle à 7j."
CR-000361,SEJ-000280,CRH,2023-12-20,Hospitalisation de 10j pour insuffisance cardiaque décompensée. Bilan paraclinique réalisé. Comorbidités : 1. Patiente/confiant à la sortie. Suivi par médecin traitant.
CR-000362,SEJ-000281,CRH,2023-03-20,"Séjour de 9j. Motif : pneumopathie aiguë. Survenue de complications . Recommandations : surveillance rapprochée, consultation de contrôle à 7j."
CR-000363,SEJ-000282,CRH,2023-12-31,Hospitalisation de 3j pour chirurgie programmée. Bilan paraclinique réalisé. Comorbidités : 3. Patiente/confiant à la sortie. Suivi par médecin traitant.
CR-000364,SEJ-000282,CourrierSortant,2023-07-22,"Séjour de 3j. Motif : sepsis. Survenue de complications de type infectieux. Recommandations : surveillance rapprochée, consultation de contrôle à 7j."
CR-000365,SEJ-000283,CRH,2024-03-23,Hospitalisation de 6j pour fracture du col du fémur. Bilan paraclinique réalisé. Comorbidités : 3. Patiente/confiant à la sortie. Suivi par médecin traitant.
CR-000366,SEJ-000284,CRH,2024-01-31,Hospitalisation de 1j pour sepsis. Bilan paraclinique réalisé. Comorbidités : 1. Patiente/confiant à la sortie. Suivi par médecin traitant.
CR-000367,SEJ-000285,CRH,2024-01-22,"Séjour de 3j. Motif : hémorragie digestive. Survenue de complications de type infectieux. Recommandations : surveillance rapprochée, consultation de contrôle à 7j."
CR-000368,SEJ-000285,CourrierSortant,2023-01-12,Hospitalisation de 3j pour fracture du col du fémur. Bilan paraclinique réalisé. Comorbidités : 1. Patiente/confiant à la sortie. Suivi par médecin traitant.
CR-000369,SEJ-000286,CRH,2023-07-21,"Séjour de 4j. Motif : chute du sujet âgé. Survenue de complications . Recommandations : surveillance rapprochée, consultation de contrôle à 7j."
CR-000370,SEJ-000286,CourrierSortant,2022-12-25,Patient admis pour chirurgie programmée. Antécédents : aucun antécédent notable. Examen clinique d'entrée retrouvant un score de gravité de 9/30. Évolution favorable sous traitement. Sortie autorisée vers domicile.
CR-000371,SEJ-000287,CRH,2023-09-20,Hospitalisation de 10j pour décompensation diabétique. Bilan paraclinique réalisé. Comorbidités : 1. Patiente/confiant à la sortie. Suivi par médecin traitant.
CR-000372,SEJ-000287,NoteSoignante,2024-01-13,Patient admis pour décompensation diabétique. Antécédents : insuffisance rénale chronique. Examen clinique d'entrée retrouvant un score de gravité de 5/30. Évolution favorable sous traitement. Sortie autorisée vers domicile.
CR-000373,SEJ-000288,CRH,2024-03-24,Patient admis pour insuffisance cardiaque décompensée. Antécédents : insuffisance rénale chronique. Examen clinique d'entrée retrouvant un score de gravité de 14/30. Évolution favorable sous traitement. Sortie autorisée vers transfert en soins continus.
CR-000374,SEJ-000288,NoteSoignante,2024-03-11,"Séjour de 12j. Motif : hémorragie digestive. Survenue de complications de type infectieux. Recommandations : surveillance rapprochée, consultation de contrôle à 7j."
CR-000375,SEJ-000289,CRH,2024-04-12,"Séjour de 25j. Motif : décompensation diabétique. Survenue de complications . Recommandations : surveillance rapprochée, consultation de contrôle à 7j."
CR-000376,SEJ-000289,CourrierSortant,2023-10-09,"Séjour de 25j. Motif : fracture du col du fémur. Survenue de complications de type infectieux. Recommandations : surveillance rapprochée, consultation de contrôle à 7j."
CR-000377,SEJ-000290,CRH,2023-08-06,"Patient admis pour pneumopathie aiguë. Antécédents : cardiopathie ischémique, dyslipidémie. Examen clinique d'entrée retrouvant un score de gravité de 7/30. Évolution favorable sous traitement. Sortie autorisée vers domicile."
CR-000378,SEJ-000290,CourrierSortant,2023-05-19,"Patient admis pour chirurgie programmée. Antécédents : cardiopathie ischémique, dyslipidémie. Examen clinique d'entrée retrouvant un score de gravité de 7/30. Évolution favorable sous traitement. Sortie autorisée vers EHPAD."
CR-000379,SEJ-000291,CRH,2023-06-29,Hospitalisation de 2j pour fracture du col du fémur. Bilan paraclinique réalisé. Comorbidités : 1. Patiente/confiant à la sortie. Suivi par spécialiste de ville.
CR-000380,SEJ-000292,CRH,2023-06-04,Patient admis pour pneumopathie aiguë. Antécédents : insuffisance rénale chronique. Examen clinique d'entrée retrouvant un score de gravité de 4/30. Évolution favorable sous traitement. Sortie autorisée vers transfert en soins continus.
CR-000381,SEJ-000292,NoteSoignante,2023-10-27,"Séjour de 5j. Motif : chirurgie programmée. Survenue de complications . Recommandations : surveillance rapprochée, consultation de contrôle à 7j."
CR-000382,SEJ-000293,CRH,2023-03-07,"Séjour de 1j. Motif : fracture du col du fémur. Survenue de complications de type infectieux. Recommandations : surveillance rapprochée, consultation de contrôle à 7j."
CR-000383,SEJ-000294,CRH,2023-11-23,Hospitalisation de 2j pour douleur thoracique. Bilan paraclinique réalisé. Comorbidités : 1. Patiente/confiant à la sortie. Suivi par médecin traitant.
CR-000384,SEJ-000295,CRH,2024-02-18,Patient admis pour sepsis. Antécédents : insuffisance rénale chronique. Examen clinique d'entrée retrouvant un score de gravité de 6/30. Évolution favorable sous traitement. Sortie autorisée vers domicile.
CR-000385,SEJ-000296,CRH,2024-05-01,"Patient admis pour hémorragie digestive. Antécédents : cardiopathie ischémique, dyslipidémie. Examen clinique d'entrée retrouvant un score de gravité de 16/30. Évolution favorable sous traitement. Sortie autorisée vers EHPAD."
CR-000386,SEJ-000296,NoteSoignante,2023-05-14,Hospitalisation de 5j pour chute du sujet âgé. Bilan paraclinique réalisé. Comorbidités : 1. Patiente/confiant à la sortie. Suivi par spécialiste de ville.
CR-000387,SEJ-000297,CRH,2023-10-30,"Séjour de 3j. Motif : hémorragie digestive. Survenue de complications de type infectieux. Recommandations : surveillance rapprochée, consultation de contrôle à 7j."
CR-000388,SEJ-000298,CRH,2023-10-20,"Séjour de 4j. Motif : douleur thoracique. Survenue de complications de type infectieux. Recommandations : surveillance rapprochée, consultation de contrôle à 7j."
CR-000389,SEJ-000299,CRH,2024-01-29,"Patient admis pour hémorragie digestive. Antécédents : cardiopathie ischémique, dyslipidémie. Examen clinique d'entrée retrouvant un score de gravité de 0/30. Évolution favorable sous traitement. Sortie autorisée vers domicile."
CR-000390,SEJ-000300,CRH,2024-05-24,Hospitalisation de 2j pour pneumopathie aiguë. Bilan paraclinique réalisé. Comorbidités : 1. Patiente/confiant à la sortie. Suivi par médecin traitant.
CR-000391,SEJ-000300,CourrierSortant,2023-07-08,"Patient admis pour crise d'asthme sévère. Antécédents : HTA, diabète type 2. Examen clinique d'entrée retrouvant un score de gravité de 17/30. Évolution favorable sous traitement. Sortie autorisée vers EHPAD."
CR-000392,SEJ-000301,CRH,2024-01-27,Patient admis pour chute du sujet âgé. Antécédents : aucun antécédent notable. Examen clinique d'entrée retrouvant un score de gravité de 7/30. Évolution favorable sous traitement. Sortie autorisée vers transfert en soins continus.
CR-000393,SEJ-000302,CRH,2023-09-01,Hospitalisation de 3j pour chirurgie programmée. Bilan paraclinique réalisé. Comorbidités : 2. Patiente/confiant à la sortie. Suivi par médecin traitant.
CR-000394,SEJ-000303,CRH,2023-10-02,"Séjour de 3j. Motif : décompensation diabétique. Survenue de complications . Recommandations : surveillance rapprochée, consultation de contrôle à 7j."
CR-000395,SEJ-000304,CRH,2024-03-06,"Séjour de 8j. Motif : pneumopathie aiguë. Survenue de complications de type infectieux. Recommandations : surveillance rapprochée, consultation de contrôle à 7j."
CR-000396,SEJ-000305,CRH,2023-04-24,Patient admis pour crise d'asthme sévère. Antécédents : insuffisance rénale chronique. Examen clinique d'entrée retrouvant un score de gravité de 3/30. Évolution favorable sous traitement. Sortie autorisée vers domicile.
CR-000397,SEJ-000306,CRH,2024-03-15,"Patient admis pour insuffisance cardiaque décompensée. Antécédents : cardiopathie ischémique, dyslipidémie. Examen clinique d'entrée retrouvant un score de gravité de 12/30. Évolution favorable sous traitement. Sortie autorisée vers transfert en soins continus."
CR-000398,SEJ-000307,CRH,2024-01-29,"Séjour de 5j. Motif : hémorragie digestive. Survenue de complications . Recommandations : surveillance rapprochée, consultation de contrôle à 7j."
CR-000399,SEJ-000308,CRH,2024-02-03,Patient admis pour décompensation diabétique. Antécédents : aucun antécédent notable. Examen clinique d'entrée retrouvant un score de gravité de 4/30. Évolution favorable sous traitement. Sortie autorisée vers EHPAD.
CR-000400,SEJ-000309,CRH,2024-04-27,Patient admis pour décompensation diabétique. Antécédents : aucun antécédent notable. Examen clinique d'entrée retrouvant un score de gravité de 8/30. Évolution favorable sous traitement. Sortie autorisée vers transfert en soins continus.
CR-000401,SEJ-000310,CRH,2023-01-29,Hospitalisation de 4j pour chirurgie programmée. Bilan paraclinique réalisé. Comorbidités : 4. Patiente/confiant à la sortie. Suivi par médecin traitant.
CR-000402,SEJ-000311,CRH,2024-01-29,Hospitalisation de 7j pour pneumopathie aiguë. Bilan paraclinique réalisé. Comorbidités : 2. Patiente/confiant à la sortie. Suivi par spécialiste de ville.
CR-000403,SEJ-000312,CRH,2023-09-06,Hospitalisation de 5j pour douleur thoracique. Bilan paraclinique réalisé. Comorbidités : 2. Patiente/confiant à la sortie. Suivi par spécialiste de ville.
CR-000404,SEJ-000313,CRH,2024-05-20,"Patient admis pour crise d'asthme sévère. Antécédents : HTA, diabète type 2. Examen clinique d'entrée retrouvant un score de gravité de 5/30. Évolution favorable sous traitement. Sortie autorisée vers domicile."
CR-000405,SEJ-000314,CRH,2023-06-27,"Séjour de 4j. Motif : pneumopathie aiguë. Survenue de complications de type infectieux. Recommandations : surveillance rapprochée, consultation de contrôle à 7j."
CR-000406,SEJ-000315,CRH,2023-12-19,Hospitalisation de 4j pour fracture du col du fémur. Bilan paraclinique réalisé. Comorbidités : 2. Patiente/confiant à la sortie. Suivi par médecin traitant.
CR-000407,SEJ-000316,CRH,2022-12-19,Hospitalisation de 2j pour fracture du col du fémur. Bilan paraclinique réalisé. Comorbidités : 1. Patiente/confiant à la sortie. Suivi par spécialiste de ville.
CR-000408,SEJ-000317,CRH,2024-01-23,"Séjour de 2j. Motif : insuffisance cardiaque décompensée. Survenue de complications de type infectieux. Recommandations : surveillance rapprochée, consultation de contrôle à 7j."
CR-000409,SEJ-000317,CourrierSortant,2023-04-15,Patient admis pour chirurgie programmée. Antécédents : aucun antécédent notable. Examen clinique d'entrée retrouvant un score de gravité de 18/30. Évolution favorable sous traitement. Sortie autorisée vers domicile.
CR-000410,SEJ-000318,CRH,2023-06-20,Hospitalisation de 3j pour insuffisance cardiaque décompensée. Bilan paraclinique réalisé. Comorbidités : 1. Patiente/confiant à la sortie. Suivi par médecin traitant.
CR-000411,SEJ-000319,CRH,2023-07-06,"Séjour de 9j. Motif : hémorragie digestive. Survenue de complications de type infectieux. Recommandations : surveillance rapprochée, consultation de contrôle à 7j."
CR-000412,SEJ-000319,CourrierSortant,2023-03-13,"Séjour de 9j. Motif : hémorragie digestive. Survenue de complications . Recommandations : surveillance rapprochée, consultation de contrôle à 7j."
CR-000413,SEJ-000320,CRH,2023-08-02,Hospitalisation de 7j pour douleur thoracique. Bilan paraclinique réalisé. Comorbidités : 1. Patiente/confiant à la sortie. Suivi par médecin traitant.
CR-000414,SEJ-000321,CRH,2023-08-17,Hospitalisation de 6j pour insuffisance cardiaque décompensée. Bilan paraclinique réalisé. Comorbidités : 1. Patiente/confiant à la sortie. Suivi par médecin traitant.
CR-000415,SEJ-000322,CRH,2023-02-08,"Patient admis pour hémorragie digestive. Antécédents : BPCO, tabagisme actif. Examen clinique d'entrée retrouvant un score de gravité de 5/30. Évolution favorable sous traitement. Sortie autorisée vers transfert en soins continus."
CR-000416,SEJ-000322,CourrierSortant,2023-10-05,"Patient admis pour hémorragie digestive. Antécédents : cardiopathie ischémique, dyslipidémie. Examen clinique d'entrée retrouvant un score de gravité de 5/30. Évolution favorable sous traitement. Sortie autorisée vers EHPAD."
CR-000417,SEJ-000323,CRH,2024-05-25,"Séjour de 7j. Motif : crise d'asthme sévère. Survenue de complications de type infectieux. Recommandations : surveillance rapprochée, consultation de contrôle à 7j."
CR-000418,SEJ-000324,CRH,2023-06-20,"Patient admis pour chute du sujet âgé. Antécédents : HTA, diabète type 2. Examen clinique d'entrée retrouvant un score de gravité de 7/30. Évolution favorable sous traitement. Sortie autorisée vers domicile."
CR-000419,SEJ-000325,CRH,2023-06-05,"Séjour de 7j. Motif : douleur thoracique. Survenue de complications de type infectieux. Recommandations : surveillance rapprochée, consultation de contrôle à 7j."
CR-000420,SEJ-000326,CRH,2023-12-13,"Patient admis pour sepsis. Antécédents : cardiopathie ischémique, dyslipidémie. Examen clinique d'entrée retrouvant un score de gravité de 5/30. Évolution favorable sous traitement. Sortie autorisée vers domicile."
CR-000421,SEJ-000327,CRH,2023-06-14,"Patient admis pour douleur thoracique. Antécédents : cardiopathie ischémique, dyslipidémie. Examen clinique d'entrée retrouvant un score de gravité de 7/30. Évolution favorable sous traitement. Sortie autorisée vers transfert en soins continus."
CR-000422,SEJ-000328,CRH,2023-10-22,"Séjour de 2j. Motif : sepsis. Survenue de complications . Recommandations : surveillance rapprochée, consultation de contrôle à 7j."
CR-000423,SEJ-000328,CourrierSortant,2023-10-15,"Patient admis pour pneumopathie aiguë. Antécédents : HTA, diabète type 2. Examen clinique d'entrée retrouvant un score de gravité de 1/30. Évolution favorable sous traitement. Sortie autorisée vers transfert en soins continus."
CR-000424,SEJ-000329,CRH,2023-04-22,"Séjour de 3j. Motif : hémorragie digestive. Survenue de complications de type infectieux. Recommandations : surveillance rapprochée, consultation de contrôle à 7j."
CR-000425,SEJ-000330,CRH,2024-04-10,Patient admis pour insuffisance cardiaque décompensée. Antécédents : insuffisance rénale chronique. Examen clinique d'entrée retrouvant un score de gravité de 8/30. Évolution favorable sous traitement. Sortie autorisée vers transfert en soins continus.
CR-000426,SEJ-000331,CRH,2024-04-19,Hospitalisation de 4j pour chirurgie programmée. Bilan paraclinique réalisé. Comorbidités : 1. Patiente/confiant à la sortie. Suivi par médecin traitant.
CR-000427,SEJ-000332,CRH,2023-06-05,"Séjour de 8j. Motif : fracture du col du fémur. Survenue de complications de type infectieux. Recommandations : surveillance rapprochée, consultation de contrôle à 7j."
CR-000428,SEJ-000333,CRH,2023-05-17,Hospitalisation de 4j pour chirurgie programmée. Bilan paraclinique réalisé. Comorbidités : 3. Patiente/confiant à la sortie. Suivi par médecin traitant.
CR-000429,SEJ-000333,CourrierSortant,2024-04-11,"Séjour de 4j. Motif : pneumopathie aiguë. Survenue de complications de type infectieux. Recommandations : surveillance rapprochée, consultation de contrôle à 7j."
CR-000430,SEJ-000334,CRH,2023-05-26,Hospitalisation de 6j pour crise d'asthme sévère. Bilan paraclinique réalisé. Comorbidités : 3. Patiente/confiant à la sortie. Suivi par médecin traitant.
CR-000431,SEJ-000334,NoteSoignante,2023-09-03,Hospitalisation de 6j pour chute du sujet âgé. Bilan paraclinique réalisé. Comorbidités : 3. Patiente/confiant à la sortie. Suivi par médecin traitant.
CR-000432,SEJ-000335,CRH,2023-08-24,"Patient admis pour crise d'asthme sévère. Antécédents : BPCO, tabagisme actif. Examen clinique d'entrée retrouvant un score de gravité de 19/30. Évolution favorable sous traitement. Sortie autorisée vers domicile."
CR-000433,SEJ-000335,CourrierSortant,2023-02-15,Hospitalisation de 2j pour hémorragie digestive. Bilan paraclinique réalisé. Comorbidités : 1. Patiente/confiant à la sortie. Suivi par médecin traitant.
CR-000434,SEJ-000336,CRH,2023-06-21,Patient admis pour sepsis. Antécédents : insuffisance rénale chronique. Examen clinique d'entrée retrouvant un score de gravité de 18/30. Évolution favorable sous traitement. Sortie autorisée vers domicile.
CR-000435,SEJ-000337,CRH,2024-03-23,"Séjour de 13j. Motif : pneumopathie aiguë. Survenue de complications de type infectieux. Recommandations : surveillance rapprochée, consultation de contrôle à 7j."
CR-000436,SEJ-000338,CRH,2023-12-01,Patient admis pour pneumopathie aiguë. Antécédents : insuffisance rénale chronique. Examen clinique d'entrée retrouvant un score de gravité de 10/30. Évolution favorable sous traitement. Sortie autorisée vers EHPAD.
CR-000437,SEJ-000338,CourrierSortant,2023-02-24,"Patient admis pour fracture du col du fémur. Antécédents : cardiopathie ischémique, dyslipidémie. Examen clinique d'entrée retrouvant un score de gravité de 10/30. Évolution favorable sous traitement. Sortie autorisée vers transfert en soins continus."
CR-000438,SEJ-000339,CRH,2023-02-14,"Séjour de 2j. Motif : douleur thoracique. Survenue de complications de type infectieux. Recommandations : surveillance rapprochée, consultation de contrôle à 7j."
CR-000439,SEJ-000340,CRH,2023-11-22,"Séjour de 2j. Motif : crise d'asthme sévère. Survenue de complications de type infectieux. Recommandations : surveillance rapprochée, consultation de contrôle à 7j."
CR-000440,SEJ-000341,CRH,2023-09-11,"Patient admis pour sepsis. Antécédents : HTA, diabète type 2. Examen clinique d'entrée retrouvant un score de gravité de 7/30. Évolution favorable sous traitement. Sortie autorisée vers EHPAD."
CR-000441,SEJ-000341,CourrierSortant,2022-12-14,Patient admis pour hémorragie digestive. Antécédents : aucun antécédent notable. Examen clinique d'entrée retrouvant un score de gravité de 7/30. Évolution favorable sous traitement. Sortie autorisée vers EHPAD.
CR-000442,SEJ-000342,CRH,2023-12-28,"Séjour de 6j. Motif : crise d'asthme sévère. Survenue de complications . Recommandations : surveillance rapprochée, consultation de contrôle à 7j."
CR-000443,SEJ-000343,CRH,2024-04-22,Hospitalisation de 2j pour crise d'asthme sévère. Bilan paraclinique réalisé. Comorbidités : 1. Patiente/confiant à la sortie. Suivi par médecin traitant.
CR-000444,SEJ-000343,NoteSoignante,2023-12-12,"Séjour de 2j. Motif : crise d'asthme sévère. Survenue de complications . Recommandations : surveillance rapprochée, consultation de contrôle à 7j."
CR-000445,SEJ-000344,CRH,2024-03-17,Hospitalisation de 4j pour crise d'asthme sévère. Bilan paraclinique réalisé. Comorbidités : 1. Patiente/confiant à la sortie. Suivi par médecin traitant.
CR-000446,SEJ-000344,CourrierSortant,2023-01-20,"Séjour de 4j. Motif : pneumopathie aiguë. Survenue de complications . Recommandations : surveillance rapprochée, consultation de contrôle à 7j."
CR-000447,SEJ-000345,CRH,2023-04-10,Hospitalisation de 12j pour chirurgie programmée. Bilan paraclinique réalisé. Comorbidités : 1. Patiente/confiant à la sortie. Suivi par médecin traitant.
CR-000448,SEJ-000346,CRH,2023-07-24,Hospitalisation de 4j pour pneumopathie aiguë. Bilan paraclinique réalisé. Comorbidités : 1. Patiente/confiant à la sortie. Suivi par spécialiste de ville.
CR-000449,SEJ-000347,CRH,2023-10-17,Hospitalisation de 3j pour chirurgie programmée. Bilan paraclinique réalisé. Comorbidités : 1. Patiente/confiant à la sortie. Suivi par médecin traitant.
CR-000450,SEJ-000347,CourrierSortant,2023-11-16,"Séjour de 3j. Motif : décompensation diabétique. Survenue de complications . Recommandations : surveillance rapprochée, consultation de contrôle à 7j."
CR-000451,SEJ-000348,CRH,2023-01-18,Hospitalisation de 18j pour sepsis. Bilan paraclinique réalisé. Comorbidités : 1. Patiente/confiant à la sortie. Suivi par spécialiste de ville.
CR-000452,SEJ-000349,CRH,2024-05-21,Hospitalisation de 1j pour crise d'asthme sévère. Bilan paraclinique réalisé. Comorbidités : 1. Patiente/confiant à la sortie. Suivi par médecin traitant.
CR-000453,SEJ-000349,NoteSoignante,2024-05-21,Hospitalisation de 1j pour insuffisance cardiaque décompensée. Bilan paraclinique réalisé. Comorbidités : 1. Patiente/confiant à la sortie. Suivi par médecin traitant.
CR-000454,SEJ-000350,CRH,2023-06-01,Hospitalisation de 4j pour décompensation diabétique. Bilan paraclinique réalisé. Comorbidités : 1. Patiente/confiant à la sortie. Suivi par médecin traitant.
CR-000455,SEJ-000351,CRH,2023-08-03,"Patient admis pour sepsis. Antécédents : HTA, diabète type 2. Examen clinique d'entrée retrouvant un score de gravité de 4/30. Évolution favorable sous traitement. Sortie autorisée vers transfert en soins continus."
CR-000456,SEJ-000351,NoteSoignante,2023-09-24,Hospitalisation de 15j pour pneumopathie aiguë. Bilan paraclinique réalisé. Comorbidités : 2. Patiente/confiant à la sortie. Suivi par médecin traitant.
CR-000457,SEJ-000352,CRH,2024-01-14,Hospitalisation de 4j pour sepsis. Bilan paraclinique réalisé. Comorbidités : 2. Patiente/confiant à la sortie. Suivi par médecin traitant.
CR-000458,SEJ-000353,CRH,2023-09-21,"Patient admis pour douleur thoracique. Antécédents : BPCO, tabagisme actif. Examen clinique d'entrée retrouvant un score de gravité de 12/30. Évolution favorable sous traitement. Sortie autorisée vers transfert en soins continus."
CR-000459,SEJ-000354,CRH,2023-03-10,"Patient admis pour décompensation diabétique. Antécédents : HTA, diabète type 2. Examen clinique d'entrée retrouvant un score de gravité de 4/30. Évolution favorable sous traitement. Sortie autorisée vers EHPAD."
CR-000460,SEJ-000355,CRH,2023-11-23,"Séjour de 6j. Motif : chirurgie programmée. Survenue de complications de type infectieux. Recommandations : surveillance rapprochée, consultation de contrôle à 7j."
CR-000461,SEJ-000356,CRH,2023-08-17,Hospitalisation de 13j pour hémorragie digestive. Bilan paraclinique réalisé. Comorbidités : 2. Patiente/confiant à la sortie. Suivi par médecin traitant.
CR-000462,SEJ-000356,CourrierSortant,2023-10-12,Patient admis pour chirurgie programmée. Antécédents : aucun antécédent notable. Examen clinique d'entrée retrouvant un score de gravité de 2/30. Évolution favorable sous traitement. Sortie autorisée vers domicile.
CR-000463,SEJ-000357,CRH,2022-12-30,Hospitalisation de 2j pour fracture du col du fémur. Bilan paraclinique réalisé. Comorbidités : 2. Patiente/confiant à la sortie. Suivi par médecin traitant.
CR-000464,SEJ-000358,CRH,2023-02-14,Hospitalisation de 6j pour chirurgie programmée. Bilan paraclinique réalisé. Comorbidités : 2. Patiente/confiant à la sortie. Suivi par spécialiste de ville.
CR-000465,SEJ-000359,CRH,2024-05-27,"Patient admis pour pneumopathie aiguë. Antécédents : cardiopathie ischémique, dyslipidémie. Examen clinique d'entrée retrouvant un score de gravité de 1/30. Évolution favorable sous traitement. Sortie autorisée vers transfert en soins continus."
CR-000466,SEJ-000360,CRH,2023-05-15,"Séjour de 3j. Motif : chute du sujet âgé. Survenue de complications de type infectieux. Recommandations : surveillance rapprochée, consultation de contrôle à 7j."
CR-000467,SEJ-000361,CRH,2023-06-13,"Séjour de 4j. Motif : douleur thoracique. Survenue de complications de type infectieux. Recommandations : surveillance rapprochée, consultation de contrôle à 7j."
CR-000468,SEJ-000361,CourrierSortant,2023-05-20,"Séjour de 4j. Motif : sepsis. Survenue de complications de type infectieux. Recommandations : surveillance rapprochée, consultation de contrôle à 7j."
CR-000469,SEJ-000362,CRH,2023-04-25,"Séjour de 2j. Motif : hémorragie digestive. Survenue de complications . Recommandations : surveillance rapprochée, consultation de contrôle à 7j."
CR-000470,SEJ-000363,CRH,2023-10-02,"Séjour de 6j. Motif : sepsis. Survenue de complications . Recommandations : surveillance rapprochée, consultation de contrôle à 7j."
CR-000471,SEJ-000363,CourrierSortant,2023-03-03,Patient admis pour sepsis. Antécédents : aucun antécédent notable. Examen clinique d'entrée retrouvant un score de gravité de 5/30. Évolution favorable sous traitement. Sortie autorisée vers EHPAD.
CR-000472,SEJ-000364,CRH,2024-03-16,Hospitalisation de 15j pour fracture du col du fémur. Bilan paraclinique réalisé. Comorbidités : 3. Patiente/confiant à la sortie. Suivi par médecin traitant.
CR-000473,SEJ-000364,NoteSoignante,2023-02-08,"Séjour de 15j. Motif : sepsis. Survenue de complications . Recommandations : surveillance rapprochée, consultation de contrôle à 7j."
CR-000474,SEJ-000365,CRH,2023-05-21,Patient admis pour insuffisance cardiaque décompensée. Antécédents : insuffisance rénale chronique. Examen clinique d'entrée retrouvant un score de gravité de 1/30. Évolution favorable sous traitement. Sortie autorisée vers domicile.
CR-000475,SEJ-000366,CRH,2023-05-04,"Patient admis pour décompensation diabétique. Antécédents : BPCO, tabagisme actif. Examen clinique d'entrée retrouvant un score de gravité de 4/30. Évolution favorable sous traitement. Sortie autorisée vers EHPAD."
CR-000476,SEJ-000367,CRH,2024-01-02,Hospitalisation de 4j pour douleur thoracique. Bilan paraclinique réalisé. Comorbidités : 3. Patiente/confiant à la sortie. Suivi par médecin traitant.
CR-000477,SEJ-000367,NoteSoignante,2023-01-19,Patient admis pour décompensation diabétique. Antécédents : aucun antécédent notable. Examen clinique d'entrée retrouvant un score de gravité de 2/30. Évolution favorable sous traitement. Sortie autorisée vers EHPAD.
CR-000478,SEJ-000368,CRH,2023-01-14,"Patient admis pour insuffisance cardiaque décompensée. Antécédents : cardiopathie ischémique, dyslipidémie. Examen clinique d'entrée retrouvant un score de gravité de 9/30. Évolution favorable sous traitement. Sortie autorisée vers domicile."
CR-000479,SEJ-000368,CourrierSortant,2023-12-28,"Séjour de 13j. Motif : insuffisance cardiaque décompensée. Survenue de complications de type infectieux. Recommandations : surveillance rapprochée, consultation de contrôle à 7j."
CR-000480,SEJ-000369,CRH,2024-01-02,"Séjour de 6j. Motif : chute du sujet âgé. Survenue de complications . Recommandations : surveillance rapprochée, consultation de contrôle à 7j."
CR-000481,SEJ-000370,CRH,2023-10-12,"Patient admis pour chirurgie programmée. Antécédents : cardiopathie ischémique, dyslipidémie. Examen clinique d'entrée retrouvant un score de gravité de 17/30. Évolution favorable sous traitement. Sortie autorisée vers domicile."
CR-000482,SEJ-000371,CRH,2023-10-16,Patient admis pour chute du sujet âgé. Antécédents : insuffisance rénale chronique. Examen clinique d'entrée retrouvant un score de gravité de 6/30. Évolution favorable sous traitement. Sortie autorisée vers domicile.
CR-000483,SEJ-000372,CRH,2023-04-23,Hospitalisation de 20j pour douleur thoracique. Bilan paraclinique réalisé. Comorbidités : 1. Patiente/confiant à la sortie. Suivi par médecin traitant.
CR-000484,SEJ-000373,CRH,2023-11-28,"Patient admis pour chute du sujet âgé. Antécédents : BPCO, tabagisme actif. Examen clinique d'entrée retrouvant un score de gravité de 8/30. Évolution favorable sous traitement. Sortie autorisée vers EHPAD."
CR-000485,SEJ-000373,CourrierSortant,2023-08-28,"Patient admis pour décompensation diabétique. Antécédents : HTA, diabète type 2. Examen clinique d'entrée retrouvant un score de gravité de 8/30. Évolution favorable sous traitement. Sortie autorisée vers transfert en soins continus."
CR-000486,SEJ-000374,CRH,2023-03-13,Hospitalisation de 3j pour hémorragie digestive. Bilan paraclinique réalisé. Comorbidités : 2. Patiente/confiant à la sortie. Suivi par spécialiste de ville.
CR-000487,SEJ-000374,CourrierSortant,2023-12-21,Hospitalisation de 3j pour hémorragie digestive. Bilan paraclinique réalisé. Comorbidités : 2. Patiente/confiant à la sortie. Suivi par médecin traitant.
CR-000488,SEJ-000375,CRH,2024-02-12,"Séjour de 7j. Motif : sepsis. Survenue de complications de type infectieux. Recommandations : surveillance rapprochée, consultation de contrôle à 7j."
CR-000489,SEJ-000376,CRH,2023-12-24,"Patient admis pour chirurgie programmée. Antécédents : BPCO, tabagisme actif. Examen clinique d'entrée retrouvant un score de gravité de 4/30. Évolution favorable sous traitement. Sortie autorisée vers domicile."
CR-000490,SEJ-000377,CRH,2023-07-16,"Séjour de 13j. Motif : décompensation diabétique. Survenue de complications de type infectieux. Recommandations : surveillance rapprochée, consultation de contrôle à 7j."
CR-000491,SEJ-000378,CRH,2023-06-16,"Patient admis pour douleur thoracique. Antécédents : cardiopathie ischémique, dyslipidémie. Examen clinique d'entrée retrouvant un score de gravité de 8/30. Évolution favorable sous traitement. Sortie autorisée vers EHPAD."
CR-000492,SEJ-000379,CRH,2023-05-05,"Séjour de 3j. Motif : chute du sujet âgé. Survenue de complications de type infectieux. Recommandations : surveillance rapprochée, consultation de contrôle à 7j."
CR-000493,SEJ-000380,CRH,2023-10-26,Hospitalisation de 11j pour pneumopathie aiguë. Bilan paraclinique réalisé. Comorbidités : 2. Patiente/confiant à la sortie. Suivi par médecin traitant.
CR-000494,SEJ-000380,NoteSoignante,2023-03-16,Patient admis pour chute du sujet âgé. Antécédents : insuffisance rénale chronique. Examen clinique d'entrée retrouvant un score de gravité de 6/30. Évolution favorable sous traitement. Sortie autorisée vers transfert en soins continus.
CR-000495,SEJ-000381,CRH,2023-05-29,Hospitalisation de 5j pour chirurgie programmée. Bilan paraclinique réalisé. Comorbidités : 2. Patiente/confiant à la sortie. Suivi par médecin traitant.
CR-000496,SEJ-000381,NoteSoignante,2023-12-14,"Patient admis pour chute du sujet âgé. Antécédents : BPCO, tabagisme actif. Examen clinique d'entrée retrouvant un score de gravité de 9/30. Évolution favorable sous traitement. Sortie autorisée vers EHPAD."
CR-000497,SEJ-000382,CRH,2023-10-23,Hospitalisation de 2j pour décompensation diabétique. Bilan paraclinique réalisé. Comorbidités : 1. Patiente/confiant à la sortie. Suivi par spécialiste de ville.
CR-000498,SEJ-000382,CourrierSortant,2024-04-15,"Patient admis pour pneumopathie aiguë. Antécédents : HTA, diabète type 2. Examen clinique d'entrée retrouvant un score de gravité de 1/30. Évolution favorable sous traitement. Sortie autorisée vers EHPAD."
CR-000499,SEJ-000383,CRH,2024-05-11,"Séjour de 3j. Motif : hémorragie digestive. Survenue de complications . Recommandations : surveillance rapprochée, consultation de contrôle à 7j."
CR-000500,SEJ-000384,CRH,2023-07-04,Hospitalisation de 4j pour fracture du col du fémur. Bilan paraclinique réalisé. Comorbidités : 1. Patiente/confiant à la sortie. Suivi par médecin traitant.
CR-000501,SEJ-000384,CourrierSortant,2024-04-08,Patient admis pour hémorragie digestive. Antécédents : insuffisance rénale chronique. Examen clinique d'entrée retrouvant un score de gravité de 7/30. Évolution favorable sous traitement. Sortie autorisée vers EHPAD.
CR-000502,SEJ-000385,CRH,2024-02-13,Hospitalisation de 2j pour douleur thoracique. Bilan paraclinique réalisé. Comorbidités : 1. Patiente/confiant à la sortie. Suivi par médecin traitant.
CR-000503,SEJ-000386,CRH,2023-04-11,"Patient admis pour douleur thoracique. Antécédents : cardiopathie ischémique, dyslipidémie. Examen clinique d'entrée retrouvant un score de gravité de 11/30. Évolution favorable sous traitement. Sortie autorisée vers domicile."
CR-000504,SEJ-000386,NoteSoignante,2023-09-15,"Séjour de 1j. Motif : décompensation diabétique. Survenue de complications . Recommandations : surveillance rapprochée, consultation de contrôle à 7j."
CR-000505,SEJ-000387,CRH,2023-09-17,"Patient admis pour insuffisance cardiaque décompensée. Antécédents : cardiopathie ischémique, dyslipidémie. Examen clinique d'entrée retrouvant un score de gravité de 7/30. Évolution favorable sous traitement. Sortie autorisée vers domicile."
CR-000506,SEJ-000388,CRH,2023-06-12,"Patient admis pour insuffisance cardiaque décompensée. Antécédents : BPCO, tabagisme actif. Examen clinique d'entrée retrouvant un score de gravité de 3/30. Évolution favorable sous traitement. Sortie autorisée vers EHPAD."
CR-000507,SEJ-000389,CRH,2024-03-07,Hospitalisation de 3j pour douleur thoracique. Bilan paraclinique réalisé. Comorbidités : 1. Patiente/confiant à la sortie. Suivi par médecin traitant.
CR-000508,SEJ-000390,CRH,2024-04-03,Patient admis pour hémorragie digestive. Antécédents : insuffisance rénale chronique. Examen clinique d'entrée retrouvant un score de gravité de 4/30. Évolution favorable sous traitement. Sortie autorisée vers transfert en soins continus.
CR-000509,SEJ-000391,CRH,2023-09-27,"Patient admis pour crise d'asthme sévère. Antécédents : cardiopathie ischémique, dyslipidémie. Examen clinique d'entrée retrouvant un score de gravité de 14/30. Évolution favorable sous traitement. Sortie autorisée vers EHPAD."
CR-000510,SEJ-000392,CRH,2024-01-12,Patient admis pour douleur thoracique. Antécédents : insuffisance rénale chronique. Examen clinique d'entrée retrouvant un score de gravité de 4/30. Évolution favorable sous traitement. Sortie autorisée vers transfert en soins continus.
CR-000511,SEJ-000393,CRH,2024-02-19,"Séjour de 2j. Motif : hémorragie digestive. Survenue de complications . Recommandations : surveillance rapprochée, consultation de contrôle à 7j."
CR-000512,SEJ-000393,NoteSoignante,2023-03-04,"Séjour de 2j. Motif : fracture du col du fémur. Survenue de complications . Recommandations : surveillance rapprochée, consultation de contrôle à 7j."
CR-000513,SEJ-000394,CRH,2023-06-01,"Séjour de 4j. Motif : fracture du col du fémur. Survenue de complications de type infectieux. Recommandations : surveillance rapprochée, consultation de contrôle à 7j."
CR-000514,SEJ-000394,CourrierSortant,2023-10-19,"Séjour de 4j. Motif : insuffisance cardiaque décompensée. Survenue de complications . Recommandations : surveillance rapprochée, consultation de contrôle à 7j."
CR-000515,SEJ-000395,CRH,2023-11-24,"Patient admis pour sepsis. Antécédents : BPCO, tabagisme actif. Examen clinique d'entrée retrouvant un score de gravité de 9/30. Évolution favorable sous traitement. Sortie autorisée vers EHPAD."
CR-000516,SEJ-000396,CRH,2023-08-24,"Séjour de 7j. Motif : pneumopathie aiguë. Survenue de complications de type infectieux. Recommandations : surveillance rapprochée, consultation de contrôle à 7j."
CR-000517,SEJ-000397,CRH,2022-12-27,"Séjour de 2j. Motif : crise d'asthme sévère. Survenue de complications . Recommandations : surveillance rapprochée, consultation de contrôle à 7j."
CR-000518,SEJ-000397,NoteSoignante,2023-06-08,"Séjour de 2j. Motif : chute du sujet âgé. Survenue de complications de type infectieux. Recommandations : surveillance rapprochée, consultation de contrôle à 7j."
CR-000519,SEJ-000398,CRH,2024-05-27,Hospitalisation de 8j pour douleur thoracique. Bilan paraclinique réalisé. Comorbidités : 1. Patiente/confiant à la sortie. Suivi par médecin traitant.
CR-000520,SEJ-000398,CourrierSortant,2023-10-08,Patient admis pour pneumopathie aiguë. Antécédents : aucun antécédent notable. Examen clinique d'entrée retrouvant un score de gravité de 17/30. Évolution favorable sous traitement. Sortie autorisée vers EHPAD.
CR-000521,SEJ-000399,CRH,2023-08-26,Patient admis pour chirurgie programmée. Antécédents : aucun antécédent notable. Examen clinique d'entrée retrouvant un score de gravité de 7/30. Évolution favorable sous traitement. Sortie autorisée vers EHPAD.
CR-000522,SEJ-000400,CRH,2023-08-13,Hospitalisation de 3j pour décompensation diabétique. Bilan paraclinique réalisé. Comorbidités : 1. Patiente/confiant à la sortie. Suivi par médecin traitant.
CR-000523,SEJ-000400,NoteSoignante,2024-03-28,"Patient admis pour chute du sujet âgé. Antécédents : HTA, diabète type 2. Examen clinique d'entrée retrouvant un score de gravité de 12/30. Évolution favorable sous traitement. Sortie autorisée vers domicile."
CR-000524,SEJ-000401,CRH,2023-07-22,"Séjour de 3j. Motif : crise d'asthme sévère. Survenue de complications . Recommandations : surveillance rapprochée, consultation de contrôle à 7j."
CR-000525,SEJ-000402,CRH,2023-09-25,"Séjour de 2j. Motif : insuffisance cardiaque décompensée. Survenue de complications . Recommandations : surveillance rapprochée, consultation de contrôle à 7j."
CR-000526,SEJ-000403,CRH,2023-05-21,"Séjour de 1j. Motif : insuffisance cardiaque décompensée. Survenue de complications de type infectieux. Recommandations : surveillance rapprochée, consultation de contrôle à 7j."
CR-000527,SEJ-000403,NoteSoignante,2023-08-17,Hospitalisation de 1j pour insuffisance cardiaque décompensée. Bilan paraclinique réalisé. Comorbidités : 1. Patiente/confiant à la sortie. Suivi par spécialiste de ville.
CR-000528,SEJ-000404,CRH,2023-02-22,Hospitalisation de 4j pour chute du sujet âgé. Bilan paraclinique réalisé. Comorbidités : 1. Patiente/confiant à la sortie. Suivi par médecin traitant.
CR-000529,SEJ-000405,CRH,2024-01-21,Hospitalisation de 6j pour pneumopathie aiguë. Bilan paraclinique réalisé. Comorbidités : 1. Patiente/confiant à la sortie. Suivi par médecin traitant.
CR-000530,SEJ-000406,CRH,2023-10-27,Hospitalisation de 7j pour chirurgie programmée. Bilan paraclinique réalisé. Comorbidités : 1. Patiente/confiant à la sortie. Suivi par médecin traitant.
CR-000531,SEJ-000406,CourrierSortant,2023-03-29,Patient admis pour décompensation diabétique. Antécédents : aucun antécédent notable. Examen clinique d'entrée retrouvant un score de gravité de 10/30. Évolution favorable sous traitement. Sortie autorisée vers domicile.
CR-000532,SEJ-000407,CRH,2023-06-01,"Séjour de 7j. Motif : pneumopathie aiguë. Survenue de complications . Recommandations : surveillance rapprochée, consultation de contrôle à 7j."
CR-000533,SEJ-000408,CRH,2023-11-17,"Patient admis pour chute du sujet âgé. Antécédents : BPCO, tabagisme actif. Examen clinique d'entrée retrouvant un score de gravité de 14/30. Évolution favorable sous traitement. Sortie autorisée vers EHPAD."
CR-000534,SEJ-000408,CourrierSortant,2023-09-10,"Séjour de 2j. Motif : insuffisance cardiaque décompensée. Survenue de complications . Recommandations : surveillance rapprochée, consultation de contrôle à 7j."
CR-000535,SEJ-000409,CRH,2023-06-04,Patient admis pour douleur thoracique. Antécédents : insuffisance rénale chronique. Examen clinique d'entrée retrouvant un score de gravité de 9/30. Évolution favorable sous traitement. Sortie autorisée vers EHPAD.
CR-000536,SEJ-000410,CRH,2024-05-09,"Séjour de 2j. Motif : chute du sujet âgé. Survenue de complications de type infectieux. Recommandations : surveillance rapprochée, consultation de contrôle à 7j."
CR-000537,SEJ-000410,CourrierSortant,2023-10-17,"Séjour de 2j. Motif : crise d'asthme sévère. Survenue de complications de type infectieux. Recommandations : surveillance rapprochée, consultation de contrôle à 7j."
CR-000538,SEJ-000411,CRH,2023-07-14,"Séjour de 3j. Motif : insuffisance cardiaque décompensée. Survenue de complications . Recommandations : surveillance rapprochée, consultation de contrôle à 7j."
CR-000539,SEJ-000412,CRH,2023-05-14,Hospitalisation de 5j pour hémorragie digestive. Bilan paraclinique réalisé. Comorbidités : 1. Patiente/confiant à la sortie. Suivi par médecin traitant.
CR-000540,SEJ-000413,CRH,2023-08-21,"Patient admis pour hémorragie digestive. Antécédents : BPCO, tabagisme actif. Examen clinique d'entrée retrouvant un score de gravité de 3/30. Évolution favorable sous traitement. Sortie autorisée vers transfert en soins continus."
CR-000541,SEJ-000413,NoteSoignante,2023-02-25,"Séjour de 2j. Motif : insuffisance cardiaque décompensée. Survenue de complications . Recommandations : surveillance rapprochée, consultation de contrôle à 7j."
CR-000542,SEJ-000414,CRH,2024-02-18,Patient admis pour décompensation diabétique. Antécédents : insuffisance rénale chronique. Examen clinique d'entrée retrouvant un score de gravité de 5/30. Évolution favorable sous traitement. Sortie autorisée vers EHPAD.
CR-000543,SEJ-000414,CourrierSortant,2023-01-09,"Séjour de 5j. Motif : sepsis. Survenue de complications . Recommandations : surveillance rapprochée, consultation de contrôle à 7j."
CR-000544,SEJ-000415,CRH,2024-05-18,Hospitalisation de 3j pour pneumopathie aiguë. Bilan paraclinique réalisé. Comorbidités : 1. Patiente/confiant à la sortie. Suivi par spécialiste de ville.
CR-000545,SEJ-000416,CRH,2024-03-18,"Séjour de 3j. Motif : pneumopathie aiguë. Survenue de complications de type infectieux. Recommandations : surveillance rapprochée, consultation de contrôle à 7j."
CR-000546,SEJ-000417,CRH,2023-07-04,Hospitalisation de 3j pour pneumopathie aiguë. Bilan paraclinique réalisé. Comorbidités : 1. Patiente/confiant à la sortie. Suivi par médecin traitant.
CR-000547,SEJ-000418,CRH,2024-03-03,"Séjour de 9j. Motif : insuffisance cardiaque décompensée. Survenue de complications de type infectieux. Recommandations : surveillance rapprochée, consultation de contrôle à 7j."
CR-000548,SEJ-000418,NoteSoignante,2024-05-11,Hospitalisation de 9j pour fracture du col du fémur. Bilan paraclinique réalisé. Comorbidités : 1. Patiente/confiant à la sortie. Suivi par médecin traitant.
CR-000549,SEJ-000419,CRH,2023-11-11,"Séjour de 6j. Motif : hémorragie digestive. Survenue de complications de type infectieux. Recommandations : surveillance rapprochée, consultation de contrôle à 7j."
CR-000550,SEJ-000419,NoteSoignante,2023-09-30,"Séjour de 6j. Motif : décompensation diabétique. Survenue de complications de type infectieux. Recommandations : surveillance rapprochée, consultation de contrôle à 7j."
CR-000551,SEJ-000420,CRH,2023-12-15,"Patient admis pour sepsis. Antécédents : HTA, diabète type 2. Examen clinique d'entrée retrouvant un score de gravité de 6/30. Évolution favorable sous traitement. Sortie autorisée vers EHPAD."
CR-000552,SEJ-000421,CRH,2023-08-25,"Séjour de 4j. Motif : décompensation diabétique. Survenue de complications . Recommandations : surveillance rapprochée, consultation de contrôle à 7j."
CR-000553,SEJ-000422,CRH,2024-03-08,Hospitalisation de 3j pour crise d'asthme sévère. Bilan paraclinique réalisé. Comorbidités : 1. Patiente/confiant à la sortie. Suivi par médecin traitant.
CR-000554,SEJ-000422,NoteSoignante,2023-10-03,"Séjour de 3j. Motif : décompensation diabétique. Survenue de complications . Recommandations : surveillance rapprochée, consultation de contrôle à 7j."
CR-000555,SEJ-000423,CRH,2024-01-30,Hospitalisation de 1j pour sepsis. Bilan paraclinique réalisé. Comorbidités : 1. Patiente/confiant à la sortie. Suivi par médecin traitant.
CR-000556,SEJ-000423,CourrierSortant,2023-09-04,"Patient admis pour chute du sujet âgé. Antécédents : cardiopathie ischémique, dyslipidémie. Examen clinique d'entrée retrouvant un score de gravité de 8/30. Évolution favorable sous traitement. Sortie autorisée vers transfert en soins continus."
CR-000557,SEJ-000424,CRH,2024-03-30,Hospitalisation de 10j pour hémorragie digestive. Bilan paraclinique réalisé. Comorbidités : 1. Patiente/confiant à la sortie. Suivi par médecin traitant.
CR-000558,SEJ-000425,CRH,2023-11-12,Patient admis pour sepsis. Antécédents : insuffisance rénale chronique. Examen clinique d'entrée retrouvant un score de gravité de 6/30. Évolution favorable sous traitement. Sortie autorisée vers domicile.
CR-000559,SEJ-000425,CourrierSortant,2023-08-17,Patient admis pour douleur thoracique. Antécédents : aucun antécédent notable. Examen clinique d'entrée retrouvant un score de gravité de 6/30. Évolution favorable sous traitement. Sortie autorisée vers domicile.
CR-000560,SEJ-000426,CRH,2023-04-03,"Patient admis pour hémorragie digestive. Antécédents : cardiopathie ischémique, dyslipidémie. Examen clinique d'entrée retrouvant un score de gravité de 4/30. Évolution favorable sous traitement. Sortie autorisée vers transfert en soins continus."
CR-000561,SEJ-000427,CRH,2023-08-08,"Séjour de 7j. Motif : crise d'asthme sévère. Survenue de complications . Recommandations : surveillance rapprochée, consultation de contrôle à 7j."
CR-000562,SEJ-000427,NoteSoignante,2023-09-23,"Patient admis pour insuffisance cardiaque décompensée. Antécédents : cardiopathie ischémique, dyslipidémie. Examen clinique d'entrée retrouvant un score de gravité de 1/30. Évolution favorable sous traitement. Sortie autorisée vers transfert en soins continus."
CR-000563,SEJ-000428,CRH,2023-11-05,"Séjour de 8j. Motif : décompensation diabétique. Survenue de complications de type infectieux. Recommandations : surveillance rapprochée, consultation de contrôle à 7j."
CR-000564,SEJ-000429,CRH,2024-05-04,Hospitalisation de 17j pour hémorragie digestive. Bilan paraclinique réalisé. Comorbidités : 2. Patiente/confiant à la sortie. Suivi par spécialiste de ville.
CR-000565,SEJ-000430,CRH,2023-08-31,Hospitalisation de 6j pour chute du sujet âgé. Bilan paraclinique réalisé. Comorbidités : 1. Patiente/confiant à la sortie. Suivi par médecin traitant.
CR-000566,SEJ-000431,CRH,2023-02-28,Hospitalisation de 2j pour chute du sujet âgé. Bilan paraclinique réalisé. Comorbidités : 1. Patiente/confiant à la sortie. Suivi par médecin traitant.
CR-000567,SEJ-000432,CRH,2023-12-13,Patient admis pour douleur thoracique. Antécédents : insuffisance rénale chronique. Examen clinique d'entrée retrouvant un score de gravité de 9/30. Évolution favorable sous traitement. Sortie autorisée vers domicile.
CR-000568,SEJ-000433,CRH,2024-05-16,"Séjour de 3j. Motif : chirurgie programmée. Survenue de complications . Recommandations : surveillance rapprochée, consultation de contrôle à 7j."
CR-000569,SEJ-000434,CRH,2023-04-02,"Patient admis pour crise d'asthme sévère. Antécédents : BPCO, tabagisme actif. Examen clinique d'entrée retrouvant un score de gravité de 3/30. Évolution favorable sous traitement. Sortie autorisée vers transfert en soins continus."
CR-000570,SEJ-000435,CRH,2023-01-23,Patient admis pour crise d'asthme sévère. Antécédents : insuffisance rénale chronique. Examen clinique d'entrée retrouvant un score de gravité de 2/30. Évolution favorable sous traitement. Sortie autorisée vers domicile.
CR-000571,SEJ-000436,CRH,2024-05-09,"Séjour de 1j. Motif : hémorragie digestive. Survenue de complications . Recommandations : surveillance rapprochée, consultation de contrôle à 7j."
CR-000572,SEJ-000437,CRH,2023-12-23,Patient admis pour douleur thoracique. Antécédents : aucun antécédent notable. Examen clinique d'entrée retrouvant un score de gravité de 8/30. Évolution favorable sous traitement. Sortie autorisée vers transfert en soins continus.
CR-000573,SEJ-000437,CourrierSortant,2023-06-25,"Séjour de 5j. Motif : chute du sujet âgé. Survenue de complications . Recommandations : surveillance rapprochée, consultation de contrôle à 7j."
CR-000574,SEJ-000438,CRH,2024-03-22,Hospitalisation de 3j pour décompensation diabétique. Bilan paraclinique réalisé. Comorbidités : 1. Patiente/confiant à la sortie. Suivi par médecin traitant.
CR-000575,SEJ-000439,CRH,2023-03-02,Hospitalisation de 3j pour sepsis. Bilan paraclinique réalisé. Comorbidités : 1. Patiente/confiant à la sortie. Suivi par médecin traitant.
CR-000576,SEJ-000440,CRH,2023-03-07,"Séjour de 5j. Motif : pneumopathie aiguë. Survenue de complications . Recommandations : surveillance rapprochée, consultation de contrôle à 7j."
CR-000577,SEJ-000440,CourrierSortant,2023-08-18,Hospitalisation de 5j pour douleur thoracique. Bilan paraclinique réalisé. Comorbidités : 1. Patiente/confiant à la sortie. Suivi par médecin traitant.
CR-000578,SEJ-000441,CRH,2024-02-26,Hospitalisation de 4j pour chirurgie programmée. Bilan paraclinique réalisé. Comorbidités : 1. Patiente/confiant à la sortie. Suivi par médecin traitant.
CR-000579,SEJ-000441,CourrierSortant,2023-05-14,Patient admis pour pneumopathie aiguë. Antécédents : insuffisance rénale chronique. Examen clinique d'entrée retrouvant un score de gravité de 14/30. Évolution favorable sous traitement. Sortie autorisée vers transfert en soins continus.
CR-000580,SEJ-000442,CRH,2024-05-12,Hospitalisation de 8j pour insuffisance cardiaque décompensée. Bilan paraclinique réalisé. Comorbidités : 3. Patiente/confiant à la sortie. Suivi par médecin traitant.
CR-000581,SEJ-000442,CourrierSortant,2023-01-31,Hospitalisation de 8j pour pneumopathie aiguë. Bilan paraclinique réalisé. Comorbidités : 3. Patiente/confiant à la sortie. Suivi par spécialiste de ville.
CR-000582,SEJ-000443,CRH,2023-03-18,Patient admis pour décompensation diabétique. Antécédents : aucun antécédent notable. Examen clinique d'entrée retrouvant un score de gravité de 21/30. Évolution favorable sous traitement. Sortie autorisée vers EHPAD.
CR-000583,SEJ-000444,CRH,2023-03-22,"Patient admis pour sepsis. Antécédents : HTA, diabète type 2. Examen clinique d'entrée retrouvant un score de gravité de 6/30. Évolution favorable sous traitement. Sortie autorisée vers domicile."
CR-000584,SEJ-000445,CRH,2023-05-12,Hospitalisation de 5j pour pneumopathie aiguë. Bilan paraclinique réalisé. Comorbidités : 1. Patiente/confiant à la sortie. Suivi par spécialiste de ville.
CR-000585,SEJ-000445,NoteSoignante,2023-11-16,Patient admis pour fracture du col du fémur. Antécédents : insuffisance rénale chronique. Examen clinique d'entrée retrouvant un score de gravité de 6/30. Évolution favorable sous traitement. Sortie autorisée vers EHPAD.
CR-000586,SEJ-000446,CRH,2024-03-31,"Séjour de 7j. Motif : douleur thoracique. Survenue de complications . Recommandations : surveillance rapprochée, consultation de contrôle à 7j."
CR-000587,SEJ-000447,CRH,2024-04-18,"Patient admis pour fracture du col du fémur. Antécédents : BPCO, tabagisme actif. Examen clinique d'entrée retrouvant un score de gravité de 1/30. Évolution favorable sous traitement. Sortie autorisée vers domicile."
CR-000588,SEJ-000448,CRH,2023-06-11,Hospitalisation de 9j pour crise d'asthme sévère. Bilan paraclinique réalisé. Comorbidités : 1. Patiente/confiant à la sortie. Suivi par médecin traitant.
CR-000589,SEJ-000449,CRH,2023-06-20,Patient admis pour hémorragie digestive. Antécédents : aucun antécédent notable. Examen clinique d'entrée retrouvant un score de gravité de 1/30. Évolution favorable sous traitement. Sortie autorisée vers EHPAD.
CR-000590,SEJ-000450,CRH,2023-07-10,Hospitalisation de 8j pour décompensation diabétique. Bilan paraclinique réalisé. Comorbidités : 1. Patiente/confiant à la sortie. Suivi par spécialiste de ville.
CR-000591,SEJ-000450,NoteSoignante,2024-02-06,Patient admis pour hémorragie digestive. Antécédents : insuffisance rénale chronique. Examen clinique d'entrée retrouvant un score de gravité de 2/30. Évolution favorable sous traitement. Sortie autorisée vers EHPAD.
CR-000592,SEJ-000451,CRH,2024-04-19,Hospitalisation de 14j pour douleur thoracique. Bilan paraclinique réalisé. Comorbidités : 1. Patiente/confiant à la sortie. Suivi par spécialiste de ville.
CR-000593,SEJ-000452,CRH,2022-12-23,Patient admis pour chute du sujet âgé. Antécédents : insuffisance rénale chronique. Examen clinique d'entrée retrouvant un score de gravité de 7/30. Évolution favorable sous traitement. Sortie autorisée vers domicile.
CR-000594,SEJ-000453,CRH,2023-10-24,Hospitalisation de 3j pour crise d'asthme sévère. Bilan paraclinique réalisé. Comorbidités : 1. Patiente/confiant à la sortie. Suivi par médecin traitant.
CR-000595,SEJ-000453,NoteSoignante,2023-03-16,Hospitalisation de 3j pour crise d'asthme sévère. Bilan paraclinique réalisé. Comorbidités : 1. Patiente/confiant à la sortie. Suivi par spécialiste de ville.
CR-000596,SEJ-000454,CRH,2023-12-16,"Patient admis pour sepsis. Antécédents : cardiopathie ischémique, dyslipidémie. Examen clinique d'entrée retrouvant un score de gravité de 5/30. Évolution favorable sous traitement. Sortie autorisée vers EHPAD."
CR-000597,SEJ-000455,CRH,2023-06-10,"Séjour de 4j. Motif : fracture du col du fémur. Survenue de complications de type infectieux. Recommandations : surveillance rapprochée, consultation de contrôle à 7j."
CR-000598,SEJ-000455,CourrierSortant,2023-06-10,Hospitalisation de 4j pour douleur thoracique. Bilan paraclinique réalisé. Comorbidités : 1. Patiente/confiant à la sortie. Suivi par spécialiste de ville.
CR-000599,SEJ-000456,CRH,2023-08-13,"Séjour de 12j. Motif : chute du sujet âgé. Survenue de complications . Recommandations : surveillance rapprochée, consultation de contrôle à 7j."
CR-000600,SEJ-000457,CRH,2024-04-21,Hospitalisation de 4j pour hémorragie digestive. Bilan paraclinique réalisé. Comorbidités : 1. Patiente/confiant à la sortie. Suivi par médecin traitant.
CR-000601,SEJ-000458,CRH,2024-03-26,"Séjour de 4j. Motif : pneumopathie aiguë. Survenue de complications de type infectieux. Recommandations : surveillance rapprochée, consultation de contrôle à 7j."
CR-000602,SEJ-000458,CourrierSortant,2024-05-09,Patient admis pour sepsis. Antécédents : aucun antécédent notable. Examen clinique d'entrée retrouvant un score de gravité de 10/30. Évolution favorable sous traitement. Sortie autorisée vers EHPAD.
CR-000603,SEJ-000459,CRH,2024-01-19,Patient admis pour décompensation diabétique. Antécédents : aucun antécédent notable. Examen clinique d'entrée retrouvant un score de gravité de 13/30. Évolution favorable sous traitement. Sortie autorisée vers EHPAD.
CR-000604,SEJ-000460,CRH,2023-11-20,Patient admis pour sepsis. Antécédents : aucun antécédent notable. Examen clinique d'entrée retrouvant un score de gravité de 13/30. Évolution favorable sous traitement. Sortie autorisée vers domicile.
CR-000605,SEJ-000461,CRH,2023-11-06,Patient admis pour pneumopathie aiguë. Antécédents : insuffisance rénale chronique. Examen clinique d'entrée retrouvant un score de gravité de 9/30. Évolution favorable sous traitement. Sortie autorisée vers transfert en soins continus.
CR-000606,SEJ-000462,CRH,2023-10-02,"Séjour de 11j. Motif : douleur thoracique. Survenue de complications de type infectieux. Recommandations : surveillance rapprochée, consultation de contrôle à 7j."
CR-000607,SEJ-000462,NoteSoignante,2024-01-14,Hospitalisation de 11j pour chirurgie programmée. Bilan paraclinique réalisé. Comorbidités : 1. Patiente/confiant à la sortie. Suivi par médecin traitant.
CR-000608,SEJ-000463,CRH,2024-04-12,"Séjour de 10j. Motif : décompensation diabétique. Survenue de complications . Recommandations : surveillance rapprochée, consultation de contrôle à 7j."
CR-000609,SEJ-000463,NoteSoignante,2023-12-02,"Séjour de 10j. Motif : insuffisance cardiaque décompensée. Survenue de complications . Recommandations : surveillance rapprochée, consultation de contrôle à 7j."
CR-000610,SEJ-000464,CRH,2023-05-05,Hospitalisation de 4j pour pneumopathie aiguë. Bilan paraclinique réalisé. Comorbidités : 4. Patiente/confiant à la sortie. Suivi par médecin traitant.
CR-000611,SEJ-000465,CRH,2023-04-04,"Patient admis pour douleur thoracique. Antécédents : BPCO, tabagisme actif. Examen clinique d'entrée retrouvant un score de gravité de 16/30. Évolution favorable sous traitement. Sortie autorisée vers EHPAD."
CR-000612,SEJ-000466,CRH,2023-01-07,"Séjour de 28j. Motif : hémorragie digestive. Survenue de complications . Recommandations : surveillance rapprochée, consultation de contrôle à 7j."
CR-000613,SEJ-000467,CRH,2023-06-25,Hospitalisation de 8j pour douleur thoracique. Bilan paraclinique réalisé. Comorbidités : 1. Patiente/confiant à la sortie. Suivi par médecin traitant.
CR-000614,SEJ-000467,NoteSoignante,2023-12-10,Hospitalisation de 8j pour sepsis. Bilan paraclinique réalisé. Comorbidités : 1. Patiente/confiant à la sortie. Suivi par médecin traitant.
CR-000615,SEJ-000468,CRH,2024-04-18,"Patient admis pour hémorragie digestive. Antécédents : BPCO, tabagisme actif. Examen clinique d'entrée retrouvant un score de gravité de 7/30. Évolution favorable sous traitement. Sortie autorisée vers domicile."
CR-000616,SEJ-000469,CRH,2022-12-27,"Séjour de 1j. Motif : hémorragie digestive. Survenue de complications de type infectieux. Recommandations : surveillance rapprochée, consultation de contrôle à 7j."
CR-000617,SEJ-000470,CRH,2023-01-02,Hospitalisation de 10j pour chirurgie programmée. Bilan paraclinique réalisé. Comorbidités : 2. Patiente/confiant à la sortie. Suivi par médecin traitant.
CR-000618,SEJ-000471,CRH,2024-04-18,Hospitalisation de 4j pour chute du sujet âgé. Bilan paraclinique réalisé. Comorbidités : 1. Patiente/confiant à la sortie. Suivi par médecin traitant.
CR-000619,SEJ-000472,CRH,2024-04-18,"Séjour de 4j. Motif : chute du sujet âgé. Survenue de complications de type infectieux. Recommandations : surveillance rapprochée, consultation de contrôle à 7j."
CR-000620,SEJ-000473,CRH,2024-03-13,Hospitalisation de 3j pour chirurgie programmée. Bilan paraclinique réalisé. Comorbidités : 2. Patiente/confiant à la sortie. Suivi par médecin traitant.
CR-000621,SEJ-000474,CRH,2023-10-09,"Patient admis pour crise d'asthme sévère. Antécédents : HTA, diabète type 2. Examen clinique d'entrée retrouvant un score de gravité de 6/30. Évolution favorable sous traitement. Sortie autorisée vers transfert en soins continus."
CR-000622,SEJ-000474,NoteSoignante,2023-11-06,Patient admis pour crise d'asthme sévère. Antécédents : insuffisance rénale chronique. Examen clinique d'entrée retrouvant un score de gravité de 6/30. Évolution favorable sous traitement. Sortie autorisée vers domicile.
CR-000623,SEJ-000475,CRH,2024-03-07,Hospitalisation de 18j pour insuffisance cardiaque décompensée. Bilan paraclinique réalisé. Comorbidités : 4. Patiente/confiant à la sortie. Suivi par médecin traitant.
CR-000624,SEJ-000476,CRH,2023-12-09,Hospitalisation de 3j pour crise d'asthme sévère. Bilan paraclinique réalisé. Comorbidités : 3. Patiente/confiant à la sortie. Suivi par spécialiste de ville.
CR-000625,SEJ-000477,CRH,2023-12-12,"Patient admis pour douleur thoracique. Antécédents : cardiopathie ischémique, dyslipidémie. Examen clinique d'entrée retrouvant un score de gravité de 9/30. Évolution favorable sous traitement. Sortie autorisée vers transfert en soins continus."
CR-000626,SEJ-000478,CRH,2023-01-11,"Patient admis pour pneumopathie aiguë. Antécédents : BPCO, tabagisme actif. Examen clinique d'entrée retrouvant un score de gravité de 3/30. Évolution favorable sous traitement. Sortie autorisée vers transfert en soins continus."
CR-000627,SEJ-000479,CRH,2024-01-21,"Séjour de 5j. Motif : pneumopathie aiguë. Survenue de complications . Recommandations : surveillance rapprochée, consultation de contrôle à 7j."
CR-000628,SEJ-000480,CRH,2023-06-26,"Séjour de 5j. Motif : fracture du col du fémur. Survenue de complications de type infectieux. Recommandations : surveillance rapprochée, consultation de contrôle à 7j."
CR-000629,SEJ-000481,CRH,2023-09-23,"Séjour de 1j. Motif : crise d'asthme sévère. Survenue de complications . Recommandations : surveillance rapprochée, consultation de contrôle à 7j."
CR-000630,SEJ-000481,CourrierSortant,2024-04-21,Hospitalisation de 1j pour chute du sujet âgé. Bilan paraclinique réalisé. Comorbidités : 2. Patiente/confiant à la sortie. Suivi par médecin traitant.
CR-000631,SEJ-000482,CRH,2024-01-28,"Séjour de 4j. Motif : sepsis. Survenue de complications . Recommandations : surveillance rapprochée, consultation de contrôle à 7j."
CR-000632,SEJ-000482,NoteSoignante,2023-08-03,Patient admis pour chirurgie programmée. Antécédents : aucun antécédent notable. Examen clinique d'entrée retrouvant un score de gravité de 5/30. Évolution favorable sous traitement. Sortie autorisée vers EHPAD.
CR-000633,SEJ-000483,CRH,2024-02-26,Hospitalisation de 7j pour sepsis. Bilan paraclinique réalisé. Comorbidités : 1. Patiente/confiant à la sortie. Suivi par médecin traitant.
CR-000634,SEJ-000484,CRH,2024-02-29,"Séjour de 4j. Motif : chirurgie programmée. Survenue de complications . Recommandations : surveillance rapprochée, consultation de contrôle à 7j."
CR-000635,SEJ-000484,NoteSoignante,2024-01-17,Hospitalisation de 4j pour chirurgie programmée. Bilan paraclinique réalisé. Comorbidités : 1. Patiente/confiant à la sortie. Suivi par médecin traitant.
CR-000636,SEJ-000485,CRH,2024-04-14,Hospitalisation de 6j pour chute du sujet âgé. Bilan paraclinique réalisé. Comorbidités : 1. Patiente/confiant à la sortie. Suivi par médecin traitant.
CR-000637,SEJ-000486,CRH,2023-03-12,"Patient admis pour douleur thoracique. Antécédents : cardiopathie ischémique, dyslipidémie. Examen clinique d'entrée retrouvant un score de gravité de 12/30. Évolution favorable sous traitement. Sortie autorisée vers transfert en soins continus."
CR-000638,SEJ-000487,CRH,2023-04-17,Hospitalisation de 4j pour décompensation diabétique. Bilan paraclinique réalisé. Comorbidités : 1. Patiente/confiant à la sortie. Suivi par médecin traitant.
CR-000639,SEJ-000488,CRH,2023-05-19,Hospitalisation de 5j pour chute du sujet âgé. Bilan paraclinique réalisé. Comorbidités : 1. Patiente/confiant à la sortie. Suivi par médecin traitant.
CR-000640,SEJ-000489,CRH,2023-05-15,Hospitalisation de 2j pour décompensation diabétique. Bilan paraclinique réalisé. Comorbidités : 4. Patiente/confiant à la sortie. Suivi par médecin traitant.
CR-000641,SEJ-000490,CRH,2023-03-26,Hospitalisation de 4j pour pneumopathie aiguë. Bilan paraclinique réalisé. Comorbidités : 4. Patiente/confiant à la sortie. Suivi par spécialiste de ville.
CR-000642,SEJ-000491,CRH,2023-10-20,Hospitalisation de 8j pour sepsis. Bilan paraclinique réalisé. Comorbidités : 4. Patiente/confiant à la sortie. Suivi par médecin traitant.
CR-000643,SEJ-000491,NoteSoignante,2023-09-19,"Patient admis pour sepsis. Antécédents : BPCO, tabagisme actif. Examen clinique d'entrée retrouvant un score de gravité de 6/30. Évolution favorable sous traitement. Sortie autorisée vers domicile."
CR-000644,SEJ-000492,CRH,2023-08-09,Hospitalisation de 5j pour chirurgie programmée. Bilan paraclinique réalisé. Comorbidités : 2. Patiente/confiant à la sortie. Suivi par médecin traitant.
CR-000645,SEJ-000493,CRH,2023-05-05,Hospitalisation de 10j pour insuffisance cardiaque décompensée. Bilan paraclinique réalisé. Comorbidités : 2. Patiente/confiant à la sortie. Suivi par médecin traitant.
CR-000646,SEJ-000494,CRH,2023-12-05,Hospitalisation de 2j pour fracture du col du fémur. Bilan paraclinique réalisé. Comorbidités : 2. Patiente/confiant à la sortie. Suivi par médecin traitant.
CR-000647,SEJ-000495,CRH,2023-12-20,"Séjour de 8j. Motif : chirurgie programmée. Survenue de complications . Recommandations : surveillance rapprochée, consultation de contrôle à 7j."
CR-000648,SEJ-000496,CRH,2024-04-08,Patient admis pour chirurgie programmée. Antécédents : aucun antécédent notable. Examen clinique d'entrée retrouvant un score de gravité de 6/30. Évolution favorable sous traitement. Sortie autorisée vers EHPAD.
CR-000649,SEJ-000496,CourrierSortant,2024-02-18,Hospitalisation de 2j pour insuffisance cardiaque décompensée. Bilan paraclinique réalisé. Comorbidités : 1. Patiente/confiant à la sortie. Suivi par spécialiste de ville.
CR-000650,SEJ-000497,CRH,2023-08-24,Patient admis pour sepsis. Antécédents : aucun antécédent notable. Examen clinique d'entrée retrouvant un score de gravité de 7/30. Évolution favorable sous traitement. Sortie autorisée vers EHPAD.
CR-000651,SEJ-000498,CRH,2023-09-15,Patient admis pour crise d'asthme sévère. Antécédents : aucun antécédent notable. Examen clinique d'entrée retrouvant un score de gravité de 6/30. Évolution favorable sous traitement. Sortie autorisée vers transfert en soins continus.
CR-000652,SEJ-000499,CRH,2024-05-26,Hospitalisation de 2j pour crise d'asthme sévère. Bilan paraclinique réalisé. Comorbidités : 1. Patiente/confiant à la sortie. Suivi par médecin traitant.
CR-000653,SEJ-000500,CRH,2023-09-02,"Patient admis pour crise d'asthme sévère. Antécédents : BPCO, tabagisme actif. Examen clinique d'entrée retrouvant un score de gravité de 0/30. Évolution favorable sous traitement. Sortie autorisée vers transfert en soins continus."
CR-000654,SEJ-000500,CourrierSortant,2024-02-09,"Séjour de 4j. Motif : douleur thoracique. Survenue de complications . Recommandations : surveillance rapprochée, consultation de contrôle à 7j."
CR-000655,SEJ-000501,CRH,2023-09-29,Hospitalisation de 5j pour fracture du col du fémur. Bilan paraclinique réalisé. Comorbidités : 1. Patiente/confiant à la sortie. Suivi par médecin traitant.
CR-000656,SEJ-000502,CRH,2023-05-04,"Séjour de 5j. Motif : douleur thoracique. Survenue de complications de type infectieux. Recommandations : surveillance rapprochée, consultation de contrôle à 7j."
CR-000657,SEJ-000503,CRH,2023-05-01,Hospitalisation de 4j pour pneumopathie aiguë. Bilan paraclinique réalisé. Comorbidités : 1. Patiente/confiant à la sortie. Suivi par médecin traitant.
CR-000658,SEJ-000504,CRH,2023-08-22,"Séjour de 4j. Motif : sepsis. Survenue de complications . Recommandations : surveillance rapprochée, consultation de contrôle à 7j."
CR-000659,SEJ-000505,CRH,2023-01-29,Patient admis pour fracture du col du fémur. Antécédents : aucun antécédent notable. Examen clinique d'entrée retrouvant un score de gravité de 5/30. Évolution favorable sous traitement. Sortie autorisée vers domicile.
CR-000660,SEJ-000505,NoteSoignante,2023-09-19,"Séjour de 2j. Motif : insuffisance cardiaque décompensée. Survenue de complications . Recommandations : surveillance rapprochée, consultation de contrôle à 7j."
CR-000661,SEJ-000506,CRH,2023-03-15,Patient admis pour hémorragie digestive. Antécédents : aucun antécédent notable. Examen clinique d'entrée retrouvant un score de gravité de 6/30. Évolution favorable sous traitement. Sortie autorisée vers domicile.
CR-000662,SEJ-000507,CRH,2022-12-13,Hospitalisation de 4j pour chute du sujet âgé. Bilan paraclinique réalisé. Comorbidités : 3. Patiente/confiant à la sortie. Suivi par médecin traitant.
CR-000663,SEJ-000508,CRH,2023-07-24,"Séjour de 4j. Motif : chirurgie programmée. Survenue de complications de type infectieux. Recommandations : surveillance rapprochée, consultation de contrôle à 7j."
CR-000664,SEJ-000509,CRH,2023-06-19,"Séjour de 5j. Motif : fracture du col du fémur. Survenue de complications . Recommandations : surveillance rapprochée, consultation de contrôle à 7j."
CR-000665,SEJ-000510,CRH,2023-10-11,"Patient admis pour douleur thoracique. Antécédents : BPCO, tabagisme actif. Examen clinique d'entrée retrouvant un score de gravité de 7/30. Évolution favorable sous traitement. Sortie autorisée vers EHPAD."
CR-000666,SEJ-000511,CRH,2023-05-20,"Patient admis pour crise d'asthme sévère. Antécédents : HTA, diabète type 2. Examen clinique d'entrée retrouvant un score de gravité de 1/30. Évolution favorable sous traitement. Sortie autorisée vers EHPAD."
CR-000667,SEJ-000512,CRH,2024-03-30,Patient admis pour chute du sujet âgé. Antécédents : aucun antécédent notable. Examen clinique d'entrée retrouvant un score de gravité de 3/30. Évolution favorable sous traitement. Sortie autorisée vers EHPAD.
CR-000668,SEJ-000513,CRH,2023-11-21,"Patient admis pour fracture du col du fémur. Antécédents : HTA, diabète type 2. Examen clinique d'entrée retrouvant un score de gravité de 11/30. Évolution favorable sous traitement. Sortie autorisée vers domicile."
CR-000669,SEJ-000514,CRH,2023-07-17,Hospitalisation de 3j pour fracture du col du fémur. Bilan paraclinique réalisé. Comorbidités : 1. Patiente/confiant à la sortie. Suivi par médecin traitant.
CR-000670,SEJ-000514,CourrierSortant,2024-03-13,"Séjour de 3j. Motif : chute du sujet âgé. Survenue de complications . Recommandations : surveillance rapprochée, consultation de contrôle à 7j."
CR-000671,SEJ-000515,CRH,2022-12-26,Hospitalisation de 18j pour chirurgie programmée. Bilan paraclinique réalisé. Comorbidités : 1. Patiente/confiant à la sortie. Suivi par médecin traitant.
CR-000672,SEJ-000516,CRH,2024-02-28,"Patient admis pour décompensation diabétique. Antécédents : cardiopathie ischémique, dyslipidémie. Examen clinique d'entrée retrouvant un score de gravité de 3/30. Évolution favorable sous traitement. Sortie autorisée vers transfert en soins continus."
CR-000673,SEJ-000517,CRH,2023-05-03,Hospitalisation de 7j pour insuffisance cardiaque décompensée. Bilan paraclinique réalisé. Comorbidités : 1. Patiente/confiant à la sortie. Suivi par médecin traitant.
CR-000674,SEJ-000517,NoteSoignante,2024-05-20,Hospitalisation de 7j pour fracture du col du fémur. Bilan paraclinique réalisé. Comorbidités : 1. Patiente/confiant à la sortie. Suivi par médecin traitant.
CR-000675,SEJ-000518,CRH,2023-02-28,"Séjour de 4j. Motif : crise d'asthme sévère. Survenue de complications . Recommandations : surveillance rapprochée, consultation de contrôle à 7j."
CR-000676,SEJ-000519,CRH,2023-09-24,"Patient admis pour hémorragie digestive. Antécédents : HTA, diabète type 2. Examen clinique d'entrée retrouvant un score de gravité de 9/30. Évolution favorable sous traitement. Sortie autorisée vers EHPAD."
CR-000677,SEJ-000519,NoteSoignante,2024-05-13,Hospitalisation de 7j pour hémorragie digestive. Bilan paraclinique réalisé. Comorbidités : 1. Patiente/confiant à la sortie. Suivi par spécialiste de ville.
CR-000678,SEJ-000520,CRH,2023-03-20,Hospitalisation de 6j pour crise d'asthme sévère. Bilan paraclinique réalisé. Comorbidités : 1. Patiente/confiant à la sortie. Suivi par médecin traitant.
CR-000679,SEJ-000520,NoteSoignante,2024-01-09,"Séjour de 6j. Motif : chute du sujet âgé. Survenue de complications de type infectieux. Recommandations : surveillance rapprochée, consultation de contrôle à 7j."
CR-000680,SEJ-000521,CRH,2023-12-28,Hospitalisation de 11j pour décompensation diabétique. Bilan paraclinique réalisé. Comorbidités : 1. Patiente/confiant à la sortie. Suivi par médecin traitant.
CR-000681,SEJ-000521,NoteSoignante,2024-01-14,Hospitalisation de 11j pour pneumopathie aiguë. Bilan paraclinique réalisé. Comorbidités : 1. Patiente/confiant à la sortie. Suivi par médecin traitant.
CR-000682,SEJ-000522,CRH,2024-04-18,"Séjour de 6j. Motif : crise d'asthme sévère. Survenue de complications . Recommandations : surveillance rapprochée, consultation de contrôle à 7j."
CR-000683,SEJ-000522,NoteSoignante,2023-03-26,Hospitalisation de 6j pour hémorragie digestive. Bilan paraclinique réalisé. Comorbidités : 1. Patiente/confiant à la sortie. Suivi par médecin traitant.
CR-000684,SEJ-000523,CRH,2023-04-16,"Patient admis pour insuffisance cardiaque décompensée. Antécédents : BPCO, tabagisme actif. Examen clinique d'entrée retrouvant un score de gravité de 11/30. Évolution favorable sous traitement. Sortie autorisée vers domicile."
CR-000685,SEJ-000523,CourrierSortant,2023-09-19,Hospitalisation de 3j pour douleur thoracique. Bilan paraclinique réalisé. Comorbidités : 1. Patiente/confiant à la sortie. Suivi par médecin traitant.
CR-000686,SEJ-000524,CRH,2024-01-10,Hospitalisation de 6j pour douleur thoracique. Bilan paraclinique réalisé. Comorbidités : 1. Patiente/confiant à la sortie. Suivi par spécialiste de ville.
CR-000687,SEJ-000525,CRH,2024-04-09,Hospitalisation de 11j pour hémorragie digestive. Bilan paraclinique réalisé. Comorbidités : 1. Patiente/confiant à la sortie. Suivi par médecin traitant.
CR-000688,SEJ-000525,CourrierSortant,2023-07-01,"Patient admis pour chirurgie programmée. Antécédents : BPCO, tabagisme actif. Examen clinique d'entrée retrouvant un score de gravité de 6/30. Évolution favorable sous traitement. Sortie autorisée vers transfert en soins continus."
CR-000689,SEJ-000526,CRH,2024-04-08,"Séjour de 11j. Motif : sepsis. Survenue de complications de type infectieux. Recommandations : surveillance rapprochée, consultation de contrôle à 7j."
CR-000690,SEJ-000527,CRH,2023-12-10,Hospitalisation de 6j pour sepsis. Bilan paraclinique réalisé. Comorbidités : 1. Patiente/confiant à la sortie. Suivi par médecin traitant.
CR-000691,SEJ-000528,CRH,2023-08-01,"Patient admis pour douleur thoracique. Antécédents : HTA, diabète type 2. Examen clinique d'entrée retrouvant un score de gravité de 1/30. Évolution favorable sous traitement. Sortie autorisée vers EHPAD."
CR-000692,SEJ-000528,NoteSoignante,2023-06-27,Hospitalisation de 6j pour insuffisance cardiaque décompensée. Bilan paraclinique réalisé. Comorbidités : 1. Patiente/confiant à la sortie. Suivi par médecin traitant.
CR-000693,SEJ-000529,CRH,2023-03-09,Patient admis pour insuffisance cardiaque décompensée. Antécédents : insuffisance rénale chronique. Examen clinique d'entrée retrouvant un score de gravité de 10/30. Évolution favorable sous traitement. Sortie autorisée vers transfert en soins continus.
CR-000694,SEJ-000529,CourrierSortant,2023-03-06,"Séjour de 2j. Motif : crise d'asthme sévère. Survenue de complications . Recommandations : surveillance rapprochée, consultation de contrôle à 7j."
CR-000695,SEJ-000530,CRH,2024-04-23,"Séjour de 2j. Motif : insuffisance cardiaque décompensée. Survenue de complications . Recommandations : surveillance rapprochée, consultation de contrôle à 7j."
CR-000696,SEJ-000531,CRH,2023-08-16,Hospitalisation de 2j pour insuffisance cardiaque décompensée. Bilan paraclinique réalisé. Comorbidités : 2. Patiente/confiant à la sortie. Suivi par médecin traitant.
CR-000697,SEJ-000532,CRH,2023-08-13,"Patient admis pour hémorragie digestive. Antécédents : BPCO, tabagisme actif. Examen clinique d'entrée retrouvant un score de gravité de 8/30. Évolution favorable sous traitement. Sortie autorisée vers transfert en soins continus."
CR-000698,SEJ-000532,CourrierSortant,2023-09-03,Hospitalisation de 6j pour douleur thoracique. Bilan paraclinique réalisé. Comorbidités : 1. Patiente/confiant à la sortie. Suivi par spécialiste de ville.
CR-000699,SEJ-000533,CRH,2023-10-08,Hospitalisation de 1j pour chirurgie programmée. Bilan paraclinique réalisé. Comorbidités : 1. Patiente/confiant à la sortie. Suivi par spécialiste de ville.
CR-000700,SEJ-000534,CRH,2023-04-29,Patient admis pour décompensation diabétique. Antécédents : insuffisance rénale chronique. Examen clinique d'entrée retrouvant un score de gravité de 4/30. Évolution favorable sous traitement. Sortie autorisée vers transfert en soins continus.
CR-000701,SEJ-000534,CourrierSortant,2024-01-23,Hospitalisation de 4j pour crise d'asthme sévère. Bilan paraclinique réalisé. Comorbidités : 1. Patiente/confiant à la sortie. Suivi par médecin traitant.
CR-000702,SEJ-000535,CRH,2024-02-18,Hospitalisation de 2j pour décompensation diabétique. Bilan paraclinique réalisé. Comorbidités : 1. Patiente/confiant à la sortie. Suivi par médecin traitant.
CR-000703,SEJ-000536,CRH,2024-03-13,"Patient admis pour pneumopathie aiguë. Antécédents : HTA, diabète type 2. Examen clinique d'entrée retrouvant un score de gravité de 9/30. Évolution favorable sous traitement. Sortie autorisée vers domicile."
CR-000704,SEJ-000537,CRH,2023-07-07,Hospitalisation de 3j pour hémorragie digestive. Bilan paraclinique réalisé. Comorbidités : 2. Patiente/confiant à la sortie. Suivi par médecin traitant.
CR-000705,SEJ-000537,NoteSoignante,2023-01-06,"Séjour de 3j. Motif : chute du sujet âgé. Survenue de complications de type infectieux. Recommandations : surveillance rapprochée, consultation de contrôle à 7j."
CR-000706,SEJ-000538,CRH,2023-12-20,Hospitalisation de 2j pour hémorragie digestive. Bilan paraclinique réalisé. Comorbidités : 2. Patiente/confiant à la sortie. Suivi par médecin traitant.
CR-000707,SEJ-000539,CRH,2024-05-01,"Séjour de 7j. Motif : insuffisance cardiaque décompensée. Survenue de complications de type infectieux. Recommandations : surveillance rapprochée, consultation de contrôle à 7j."
CR-000708,SEJ-000540,CRH,2024-05-02,Hospitalisation de 3j pour crise d'asthme sévère. Bilan paraclinique réalisé. Comorbidités : 3. Patiente/confiant à la sortie. Suivi par médecin traitant.
CR-000709,SEJ-000541,CRH,2023-08-25,"Séjour de 22j. Motif : chute du sujet âgé. Survenue de complications . Recommandations : surveillance rapprochée, consultation de contrôle à 7j."
CR-000710,SEJ-000542,CRH,2023-02-02,Hospitalisation de 12j pour crise d'asthme sévère. Bilan paraclinique réalisé. Comorbidités : 1. Patiente/confiant à la sortie. Suivi par médecin traitant.
CR-000711,SEJ-000543,CRH,2024-02-03,Patient admis pour insuffisance cardiaque décompensée. Antécédents : insuffisance rénale chronique. Examen clinique d'entrée retrouvant un score de gravité de 5/30. Évolution favorable sous traitement. Sortie autorisée vers transfert en soins continus.
CR-000712,SEJ-000544,CRH,2024-04-15,Hospitalisation de 6j pour chute du sujet âgé. Bilan paraclinique réalisé. Comorbidités : 1. Patiente/confiant à la sortie. Suivi par spécialiste de ville.
CR-000713,SEJ-000544,NoteSoignante,2023-12-02,"Séjour de 6j. Motif : chute du sujet âgé. Survenue de complications . Recommandations : surveillance rapprochée, consultation de contrôle à 7j."
CR-000714,SEJ-000545,CRH,2022-12-24,"Séjour de 1j. Motif : pneumopathie aiguë. Survenue de complications de type infectieux. Recommandations : surveillance rapprochée, consultation de contrôle à 7j."
CR-000715,SEJ-000546,CRH,2023-10-20,Hospitalisation de 11j pour chirurgie programmée. Bilan paraclinique réalisé. Comorbidités : 1. Patiente/confiant à la sortie. Suivi par spécialiste de ville.
CR-000716,SEJ-000546,NoteSoignante,2023-09-03,"Séjour de 11j. Motif : chirurgie programmée. Survenue de complications . Recommandations : surveillance rapprochée, consultation de contrôle à 7j."
CR-000717,SEJ-000547,CRH,2023-03-19,Hospitalisation de 7j pour crise d'asthme sévère. Bilan paraclinique réalisé. Comorbidités : 1. Patiente/confiant à la sortie. Suivi par médecin traitant.
CR-000718,SEJ-000548,CRH,2024-03-02,"Séjour de 2j. Motif : insuffisance cardiaque décompensée. Survenue de complications . Recommandations : surveillance rapprochée, consultation de contrôle à 7j."
CR-000719,SEJ-000549,CRH,2024-03-28,"Patient admis pour chirurgie programmée. Antécédents : BPCO, tabagisme actif. Examen clinique d'entrée retrouvant un score de gravité de 1/30. Évolution favorable sous traitement. Sortie autorisée vers transfert en soins continus."
CR-000720,SEJ-000550,CRH,2023-04-22,Hospitalisation de 7j pour hémorragie digestive. Bilan paraclinique réalisé. Comorbidités : 1. Patiente/confiant à la sortie. Suivi par médecin traitant.
CR-000721,SEJ-000551,CRH,2023-05-16,Hospitalisation de 3j pour insuffisance cardiaque décompensée. Bilan paraclinique réalisé. Comorbidités : 2. Patiente/confiant à la sortie. Suivi par spécialiste de ville.
CR-000722,SEJ-000552,CRH,2023-02-12,Patient admis pour insuffisance cardiaque décompensée. Antécédents : aucun antécédent notable. Examen clinique d'entrée retrouvant un score de gravité de 15/30. Évolution favorable sous traitement. Sortie autorisée vers EHPAD.
CR-000723,SEJ-000552,CourrierSortant,2023-09-30,"Séjour de 4j. Motif : insuffisance cardiaque décompensée. Survenue de complications . Recommandations : surveillance rapprochée, consultation de contrôle à 7j."
CR-000724,SEJ-000553,CRH,2023-03-31,"Patient admis pour hémorragie digestive. Antécédents : BPCO, tabagisme actif. Examen clinique d'entrée retrouvant un score de gravité de 12/30. Évolution favorable sous traitement. Sortie autorisée vers EHPAD."
CR-000725,SEJ-000554,CRH,2024-04-25,"Patient admis pour chirurgie programmée. Antécédents : HTA, diabète type 2. Examen clinique d'entrée retrouvant un score de gravité de 13/30. Évolution favorable sous traitement. Sortie autorisée vers EHPAD."
CR-000726,SEJ-000555,CRH,2024-03-25,"Patient admis pour insuffisance cardiaque décompensée. Antécédents : cardiopathie ischémique, dyslipidémie. Examen clinique d'entrée retrouvant un score de gravité de 15/30. Évolution favorable sous traitement. Sortie autorisée vers domicile."
CR-000727,SEJ-000556,CRH,2023-09-06,"Séjour de 2j. Motif : crise d'asthme sévère. Survenue de complications . Recommandations : surveillance rapprochée, consultation de contrôle à 7j."
CR-000728,SEJ-000556,CourrierSortant,2023-11-27,"Séjour de 2j. Motif : hémorragie digestive. Survenue de complications de type infectieux. Recommandations : surveillance rapprochée, consultation de contrôle à 7j."
CR-000729,SEJ-000557,CRH,2023-10-03,Hospitalisation de 4j pour crise d'asthme sévère. Bilan paraclinique réalisé. Comorbidités : 1. Patiente/confiant à la sortie. Suivi par médecin traitant.
CR-000730,SEJ-000558,CRH,2024-04-04,"Patient admis pour crise d'asthme sévère. Antécédents : BPCO, tabagisme actif. Examen clinique d'entrée retrouvant un score de gravité de 1/30. Évolution favorable sous traitement. Sortie autorisée vers domicile."
CR-000731,SEJ-000558,NoteSoignante,2024-02-28,Patient admis pour pneumopathie aiguë. Antécédents : aucun antécédent notable. Examen clinique d'entrée retrouvant un score de gravité de 1/30. Évolution favorable sous traitement. Sortie autorisée vers domicile.
CR-000732,SEJ-000559,CRH,2023-09-10,"Séjour de 1j. Motif : crise d'asthme sévère. Survenue de complications . Recommandations : surveillance rapprochée, consultation de contrôle à 7j."
CR-000733,SEJ-000559,CourrierSortant,2023-03-17,"Séjour de 1j. Motif : crise d'asthme sévère. Survenue de complications de type infectieux. Recommandations : surveillance rapprochée, consultation de contrôle à 7j."
CR-000734,SEJ-000560,CRH,2023-11-01,Hospitalisation de 3j pour chute du sujet âgé. Bilan paraclinique réalisé. Comorbidités : 1. Patiente/confiant à la sortie. Suivi par spécialiste de ville.
CR-000735,SEJ-000561,CRH,2023-06-23,"Séjour de 12j. Motif : sepsis. Survenue de complications de type infectieux. Recommandations : surveillance rapprochée, consultation de contrôle à 7j."
CR-000736,SEJ-000562,CRH,2023-03-02,"Patient admis pour sepsis. Antécédents : cardiopathie ischémique, dyslipidémie. Examen clinique d'entrée retrouvant un score de gravité de 6/30. Évolution favorable sous traitement. Sortie autorisée vers transfert en soins continus."
CR-000737,SEJ-000563,CRH,2023-08-09,"Séjour de 5j. Motif : douleur thoracique. Survenue de complications de type infectieux. Recommandations : surveillance rapprochée, consultation de contrôle à 7j."
CR-000738,SEJ-000564,CRH,2023-02-20,"Séjour de 5j. Motif : chute du sujet âgé. Survenue de complications . Recommandations : surveillance rapprochée, consultation de contrôle à 7j."
CR-000739,SEJ-000565,CRH,2023-07-03,"Séjour de 2j. Motif : décompensation diabétique. Survenue de complications . Recommandations : surveillance rapprochée, consultation de contrôle à 7j."
CR-000740,SEJ-000566,CRH,2024-05-26,"Séjour de 4j. Motif : chirurgie programmée. Survenue de complications de type infectieux. Recommandations : surveillance rapprochée, consultation de contrôle à 7j."
CR-000741,SEJ-000567,CRH,2023-06-06,"Séjour de 10j. Motif : insuffisance cardiaque décompensée. Survenue de complications . Recommandations : surveillance rapprochée, consultation de contrôle à 7j."
CR-000742,SEJ-000568,CRH,2024-03-02,Patient admis pour fracture du col du fémur. Antécédents : aucun antécédent notable. Examen clinique d'entrée retrouvant un score de gravité de 3/30. Évolution favorable sous traitement. Sortie autorisée vers transfert en soins continus.
CR-000743,SEJ-000568,NoteSoignante,2023-09-02,"Séjour de 3j. Motif : insuffisance cardiaque décompensée. Survenue de complications de type infectieux. Recommandations : surveillance rapprochée, consultation de contrôle à 7j."
CR-000744,SEJ-000569,CRH,2023-06-27,Hospitalisation de 4j pour insuffisance cardiaque décompensée. Bilan paraclinique réalisé. Comorbidités : 1. Patiente/confiant à la sortie. Suivi par médecin traitant.
CR-000745,SEJ-000569,CourrierSortant,2024-03-10,"Séjour de 4j. Motif : chute du sujet âgé. Survenue de complications . Recommandations : surveillance rapprochée, consultation de contrôle à 7j."
CR-000746,SEJ-000570,CRH,2023-12-20,"Patient admis pour pneumopathie aiguë. Antécédents : BPCO, tabagisme actif. Examen clinique d'entrée retrouvant un score de gravité de 12/30. Évolution favorable sous traitement. Sortie autorisée vers EHPAD."
CR-000747,SEJ-000570,NoteSoignante,2024-05-25,"Patient admis pour douleur thoracique. Antécédents : BPCO, tabagisme actif. Examen clinique d'entrée retrouvant un score de gravité de 12/30. Évolution favorable sous traitement. Sortie autorisée vers transfert en soins continus."
CR-000748,SEJ-000571,CRH,2024-03-30,"Séjour de 5j. Motif : douleur thoracique. Survenue de complications de type infectieux. Recommandations : surveillance rapprochée, consultation de contrôle à 7j."
CR-000749,SEJ-000571,NoteSoignante,2023-04-13,"Séjour de 5j. Motif : chute du sujet âgé. Survenue de complications . Recommandations : surveillance rapprochée, consultation de contrôle à 7j."
CR-000750,SEJ-000572,CRH,2023-05-19,Hospitalisation de 8j pour fracture du col du fémur. Bilan paraclinique réalisé. Comorbidités : 1. Patiente/confiant à la sortie. Suivi par médecin traitant.
CR-000751,SEJ-000572,NoteSoignante,2024-05-23,"Patient admis pour insuffisance cardiaque décompensée. Antécédents : cardiopathie ischémique, dyslipidémie. Examen clinique d'entrée retrouvant un score de gravité de 5/30. Évolution favorable sous traitement. Sortie autorisée vers transfert en soins continus."
CR-000752,SEJ-000573,CRH,2024-05-08,"Séjour de 4j. Motif : chirurgie programmée. Survenue de complications . Recommandations : surveillance rapprochée, consultation de contrôle à 7j."
CR-000753,SEJ-000574,CRH,2024-02-05,"Séjour de 1j. Motif : sepsis. Survenue de complications de type infectieux. Recommandations : surveillance rapprochée, consultation de contrôle à 7j."
CR-000754,SEJ-000574,NoteSoignante,2024-03-07,Patient admis pour décompensation diabétique. Antécédents : insuffisance rénale chronique. Examen clinique d'entrée retrouvant un score de gravité de 3/30. Évolution favorable sous traitement. Sortie autorisée vers transfert en soins continus.
CR-000755,SEJ-000575,CRH,2023-10-08,"Séjour de 5j. Motif : chute du sujet âgé. Survenue de complications de type infectieux. Recommandations : surveillance rapprochée, consultation de contrôle à 7j."
CR-000756,SEJ-000576,CRH,2023-04-29,Patient admis pour sepsis. Antécédents : aucun antécédent notable. Examen clinique d'entrée retrouvant un score de gravité de 7/30. Évolution favorable sous traitement. Sortie autorisée vers EHPAD.
CR-000757,SEJ-000577,CRH,2023-08-20,"Patient admis pour crise d'asthme sévère. Antécédents : cardiopathie ischémique, dyslipidémie. Examen clinique d'entrée retrouvant un score de gravité de 7/30. Évolution favorable sous traitement. Sortie autorisée vers EHPAD."
CR-000758,SEJ-000578,CRH,2023-11-17,"Patient admis pour douleur thoracique. Antécédents : BPCO, tabagisme actif. Examen clinique d'entrée retrouvant un score de gravité de 2/30. Évolution favorable sous traitement. Sortie autorisée vers transfert en soins continus."
CR-000759,SEJ-000579,CRH,2023-09-08,Hospitalisation de 3j pour décompensation diabétique. Bilan paraclinique réalisé. Comorbidités : 1. Patiente/confiant à la sortie. Suivi par médecin traitant.
CR-000760,SEJ-000580,CRH,2022-12-20,Patient admis pour insuffisance cardiaque décompensée. Antécédents : insuffisance rénale chronique. Examen clinique d'entrée retrouvant un score de gravité de 2/30. Évolution favorable sous traitement. Sortie autorisée vers EHPAD.
CR-000761,SEJ-000580,CourrierSortant,2023-11-05,Hospitalisation de 8j pour sepsis. Bilan paraclinique réalisé. Comorbidités : 1. Patiente/confiant à la sortie. Suivi par médecin traitant.
CR-000762,SEJ-000581,CRH,2023-08-15,Patient admis pour sepsis. Antécédents : aucun antécédent notable. Examen clinique d'entrée retrouvant un score de gravité de 15/30. Évolution favorable sous traitement. Sortie autorisée vers domicile.
CR-000763,SEJ-000582,CRH,2023-03-21,Hospitalisation de 5j pour insuffisance cardiaque décompensée. Bilan paraclinique réalisé. Comorbidités : 1. Patiente/confiant à la sortie. Suivi par spécialiste de ville.
CR-000764,SEJ-000583,CRH,2024-05-01,"Séjour de 3j. Motif : fracture du col du fémur. Survenue de complications . Recommandations : surveillance rapprochée, consultation de contrôle à 7j."
CR-000765,SEJ-000584,CRH,2023-01-14,Hospitalisation de 2j pour insuffisance cardiaque décompensée. Bilan paraclinique réalisé. Comorbidités : 1. Patiente/confiant à la sortie. Suivi par médecin traitant.
CR-000766,SEJ-000584,NoteSoignante,2022-12-26,"Séjour de 2j. Motif : décompensation diabétique. Survenue de complications . Recommandations : surveillance rapprochée, consultation de contrôle à 7j."
CR-000767,SEJ-000585,CRH,2023-04-27,"Patient admis pour douleur thoracique. Antécédents : cardiopathie ischémique, dyslipidémie. Examen clinique d'entrée retrouvant un score de gravité de 3/30. Évolution favorable sous traitement. Sortie autorisée vers domicile."
CR-000768,SEJ-000586,CRH,2023-01-17,"Séjour de 6j. Motif : chute du sujet âgé. Survenue de complications . Recommandations : surveillance rapprochée, consultation de contrôle à 7j."
CR-000769,SEJ-000587,CRH,2023-10-28,"Séjour de 3j. Motif : insuffisance cardiaque décompensée. Survenue de complications . Recommandations : surveillance rapprochée, consultation de contrôle à 7j."
CR-000770,SEJ-000588,CRH,2023-02-17,Hospitalisation de 2j pour crise d'asthme sévère. Bilan paraclinique réalisé. Comorbidités : 3. Patiente/confiant à la sortie. Suivi par médecin traitant.
CR-000771,SEJ-000589,CRH,2023-01-25,Hospitalisation de 10j pour fracture du col du fémur. Bilan paraclinique réalisé. Comorbidités : 1. Patiente/confiant à la sortie. Suivi par médecin traitant.
CR-000772,SEJ-000590,CRH,2024-02-26,Hospitalisation de 3j pour décompensation diabétique. Bilan paraclinique réalisé. Comorbidités : 1. Patiente/confiant à la sortie. Suivi par médecin traitant.
CR-000773,SEJ-000591,CRH,2023-06-07,Patient admis pour douleur thoracique. Antécédents : aucun antécédent notable. Examen clinique d'entrée retrouvant un score de gravité de 6/30. Évolution favorable sous traitement. Sortie autorisée vers EHPAD.
CR-000774,SEJ-000592,CRH,2024-05-03,Hospitalisation de 11j pour crise d'asthme sévère. Bilan paraclinique réalisé. Comorbidités : 2. Patiente/confiant à la sortie. Suivi par médecin traitant.
CR-000775,SEJ-000593,CRH,2023-11-12,Hospitalisation de 3j pour chirurgie programmée. Bilan paraclinique réalisé. Comorbidités : 2. Patiente/confiant à la sortie. Suivi par médecin traitant.
CR-000776,SEJ-000594,CRH,2023-09-16,Patient admis pour chute du sujet âgé. Antécédents : insuffisance rénale chronique. Examen clinique d'entrée retrouvant un score de gravité de 5/30. Évolution favorable sous traitement. Sortie autorisée vers transfert en soins continus.
CR-000777,SEJ-000595,CRH,2023-02-03,Patient admis pour fracture du col du fémur. Antécédents : aucun antécédent notable. Examen clinique d'entrée retrouvant un score de gravité de 0/30. Évolution favorable sous traitement. Sortie autorisée vers domicile.
CR-000778,SEJ-000596,CRH,2023-09-27,"Séjour de 6j. Motif : insuffisance cardiaque décompensée. Survenue de complications . Recommandations : surveillance rapprochée, consultation de contrôle à 7j."
CR-000779,SEJ-000596,NoteSoignante,2023-04-27,"Patient admis pour chute du sujet âgé. Antécédents : cardiopathie ischémique, dyslipidémie. Examen clinique d'entrée retrouvant un score de gravité de 17/30. Évolution favorable sous traitement. Sortie autorisée vers domicile."
CR-000780,SEJ-000597,CRH,2023-10-27,"Séjour de 12j. Motif : décompensation diabétique. Survenue de complications de type infectieux. Recommandations : surveillance rapprochée, consultation de contrôle à 7j."
CR-000781,SEJ-000597,CourrierSortant,2023-08-30,"Séjour de 12j. Motif : chirurgie programmée. Survenue de complications . Recommandations : surveillance rapprochée, consultation de contrôle à 7j."
CR-000782,SEJ-000598,CRH,2023-10-29,"Séjour de 4j. Motif : douleur thoracique. Survenue de complications de type infectieux. Recommandations : surveillance rapprochée, consultation de contrôle à 7j."
CR-000783,SEJ-000599,CRH,2023-09-23,"Séjour de 3j. Motif : hémorragie digestive. Survenue de complications . Recommandations : surveillance rapprochée, consultation de contrôle à 7j."
CR-000784,SEJ-000599,CourrierSortant,2024-03-07,Hospitalisation de 3j pour décompensation diabétique. Bilan paraclinique réalisé. Comorbidités : 1. Patiente/confiant à la sortie. Suivi par médecin traitant.
CR-000785,SEJ-000600,CRH,2023-02-15,Patient admis pour douleur thoracique. Antécédents : insuffisance rénale chronique. Examen clinique d'entrée retrouvant un score de gravité de 1/30. Évolution favorable sous traitement. Sortie autorisée vers transfert en soins continus.
CR-000786,SEJ-000601,CRH,2024-02-23,"Séjour de 1j. Motif : crise d'asthme sévère. Survenue de complications de type infectieux. Recommandations : surveillance rapprochée, consultation de contrôle à 7j."
CR-000787,SEJ-000601,CourrierSortant,2023-05-27,"Séjour de 1j. Motif : insuffisance cardiaque décompensée. Survenue de complications . Recommandations : surveillance rapprochée, consultation de contrôle à 7j."
CR-000788,SEJ-000602,CRH,2022-12-31,Patient admis pour chirurgie programmée. Antécédents : aucun antécédent notable. Examen clinique d'entrée retrouvant un score de gravité de 0/30. Évolution favorable sous traitement. Sortie autorisée vers transfert en soins continus.
CR-000789,SEJ-000602,NoteSoignante,2023-01-11,"Séjour de 1j. Motif : pneumopathie aiguë. Survenue de complications de type infectieux. Recommandations : surveillance rapprochée, consultation de contrôle à 7j."
CR-000790,SEJ-000603,CRH,2023-04-24,"Patient admis pour insuffisance cardiaque décompensée. Antécédents : BPCO, tabagisme actif. Examen clinique d'entrée retrouvant un score de gravité de 7/30. Évolution favorable sous traitement. Sortie autorisée vers transfert en soins continus."
CR-000791,SEJ-000604,CRH,2024-02-13,"Séjour de 1j. Motif : décompensation diabétique. Survenue de complications . Recommandations : surveillance rapprochée, consultation de contrôle à 7j."
CR-000792,SEJ-000604,NoteSoignante,2023-05-28,Hospitalisation de 1j pour chirurgie programmée. Bilan paraclinique réalisé. Comorbidités : 1. Patiente/confiant à la sortie. Suivi par médecin traitant.
CR-000793,SEJ-000605,CRH,2023-11-09,Patient admis pour crise d'asthme sévère. Antécédents : aucun antécédent notable. Examen clinique d'entrée retrouvant un score de gravité de 2/30. Évolution favorable sous traitement. Sortie autorisée vers domicile.
CR-000794,SEJ-000606,CRH,2023-01-23,"Séjour de 7j. Motif : décompensation diabétique. Survenue de complications . Recommandations : surveillance rapprochée, consultation de contrôle à 7j."
CR-000795,SEJ-000607,CRH,2023-08-22,Hospitalisation de 3j pour fracture du col du fémur. Bilan paraclinique réalisé. Comorbidités : 1. Patiente/confiant à la sortie. Suivi par médecin traitant.
CR-000796,SEJ-000607,NoteSoignante,2023-08-13,"Séjour de 3j. Motif : décompensation diabétique. Survenue de complications de type infectieux. Recommandations : surveillance rapprochée, consultation de contrôle à 7j."
CR-000797,SEJ-000608,CRH,2023-12-16,"Séjour de 12j. Motif : douleur thoracique. Survenue de complications . Recommandations : surveillance rapprochée, consultation de contrôle à 7j."
CR-000798,SEJ-000609,CRH,2023-01-13,"Patient admis pour hémorragie digestive. Antécédents : HTA, diabète type 2. Examen clinique d'entrée retrouvant un score de gravité de 3/30. Évolution favorable sous traitement. Sortie autorisée vers domicile."
CR-000799,SEJ-000610,CRH,2023-03-30,Hospitalisation de 4j pour pneumopathie aiguë. Bilan paraclinique réalisé. Comorbidités : 2. Patiente/confiant à la sortie. Suivi par spécialiste de ville.
CR-000800,SEJ-000611,CRH,2024-03-29,"Séjour de 2j. Motif : chirurgie programmée. Survenue de complications . Recommandations : surveillance rapprochée, consultation de contrôle à 7j."
CR-000801,SEJ-000612,CRH,2023-07-20,Hospitalisation de 4j pour douleur thoracique. Bilan paraclinique réalisé. Comorbidités : 3. Patiente/confiant à la sortie. Suivi par spécialiste de ville.
CR-000802,SEJ-000613,CRH,2024-01-12,Patient admis pour fracture du col du fémur. Antécédents : aucun antécédent notable. Examen clinique d'entrée retrouvant un score de gravité de 9/30. Évolution favorable sous traitement. Sortie autorisée vers transfert en soins continus.
CR-000803,SEJ-000614,CRH,2023-04-23,"Séjour de 4j. Motif : chirurgie programmée. Survenue de complications . Recommandations : surveillance rapprochée, consultation de contrôle à 7j."
CR-000804,SEJ-000615,CRH,2024-04-25,"Séjour de 2j. Motif : décompensation diabétique. Survenue de complications . Recommandations : surveillance rapprochée, consultation de contrôle à 7j."
CR-000805,SEJ-000616,CRH,2024-02-11,Hospitalisation de 10j pour douleur thoracique. Bilan paraclinique réalisé. Comorbidités : 1. Patiente/confiant à la sortie. Suivi par médecin traitant.
CR-000806,SEJ-000616,NoteSoignante,2024-01-14,"Séjour de 10j. Motif : chirurgie programmée. Survenue de complications . Recommandations : surveillance rapprochée, consultation de contrôle à 7j."
CR-000807,SEJ-000617,CRH,2023-03-18,"Patient admis pour décompensation diabétique. Antécédents : BPCO, tabagisme actif. Examen clinique d'entrée retrouvant un score de gravité de 6/30. Évolution favorable sous traitement. Sortie autorisée vers domicile."
CR-000808,SEJ-000618,CRH,2024-05-11,Hospitalisation de 4j pour hémorragie digestive. Bilan paraclinique réalisé. Comorbidités : 3. Patiente/confiant à la sortie. Suivi par médecin traitant.
CR-000809,SEJ-000619,CRH,2023-07-13,Hospitalisation de 6j pour fracture du col du fémur. Bilan paraclinique réalisé. Comorbidités : 2. Patiente/confiant à la sortie. Suivi par médecin traitant.
CR-000810,SEJ-000619,CourrierSortant,2023-06-07,Hospitalisation de 6j pour hémorragie digestive. Bilan paraclinique réalisé. Comorbidités : 2. Patiente/confiant à la sortie. Suivi par médecin traitant.
CR-000811,SEJ-000620,CRH,2023-07-24,Hospitalisation de 1j pour fracture du col du fémur. Bilan paraclinique réalisé. Comorbidités : 2. Patiente/confiant à la sortie. Suivi par médecin traitant.
CR-000812,SEJ-000621,CRH,2023-04-21,"Séjour de 3j. Motif : insuffisance cardiaque décompensée. Survenue de complications . Recommandations : surveillance rapprochée, consultation de contrôle à 7j."
CR-000813,SEJ-000622,CRH,2023-09-04,"Séjour de 2j. Motif : décompensation diabétique. Survenue de complications de type infectieux. Recommandations : surveillance rapprochée, consultation de contrôle à 7j."
CR-000814,SEJ-000622,NoteSoignante,2023-10-30,"Séjour de 2j. Motif : chute du sujet âgé. Survenue de complications . Recommandations : surveillance rapprochée, consultation de contrôle à 7j."
CR-000815,SEJ-000623,CRH,2023-07-01,Hospitalisation de 2j pour hémorragie digestive. Bilan paraclinique réalisé. Comorbidités : 2. Patiente/confiant à la sortie. Suivi par médecin traitant.
CR-000816,SEJ-000624,CRH,2023-06-07,Hospitalisation de 3j pour insuffisance cardiaque décompensée. Bilan paraclinique réalisé. Comorbidités : 2. Patiente/confiant à la sortie. Suivi par médecin traitant.
CR-000817,SEJ-000624,CourrierSortant,2023-12-16,Hospitalisation de 3j pour chute du sujet âgé. Bilan paraclinique réalisé. Comorbidités : 2. Patiente/confiant à la sortie. Suivi par médecin traitant.
CR-000818,SEJ-000625,CRH,2024-02-22,Patient admis pour crise d'asthme sévère. Antécédents : insuffisance rénale chronique. Examen clinique d'entrée retrouvant un score de gravité de 8/30. Évolution favorable sous traitement. Sortie autorisée vers domicile.
CR-000819,SEJ-000625,NoteSoignante,2023-10-08,"Séjour de 3j. Motif : chirurgie programmée. Survenue de complications . Recommandations : surveillance rapprochée, consultation de contrôle à 7j."
CR-000820,SEJ-000626,CRH,2024-05-10,Patient admis pour chirurgie programmée. Antécédents : aucun antécédent notable. Examen clinique d'entrée retrouvant un score de gravité de 6/30. Évolution favorable sous traitement. Sortie autorisée vers transfert en soins continus.
CR-000821,SEJ-000627,CRH,2023-08-01,"Séjour de 2j. Motif : chirurgie programmée. Survenue de complications . Recommandations : surveillance rapprochée, consultation de contrôle à 7j."
CR-000822,SEJ-000628,CRH,2023-02-04,Hospitalisation de 12j pour chute du sujet âgé. Bilan paraclinique réalisé. Comorbidités : 1. Patiente/confiant à la sortie. Suivi par médecin traitant.
CR-000823,SEJ-000629,CRH,2023-04-10,Hospitalisation de 4j pour fracture du col du fémur. Bilan paraclinique réalisé. Comorbidités : 1. Patiente/confiant à la sortie. Suivi par médecin traitant.
CR-000824,SEJ-000630,CRH,2024-01-01,"Séjour de 7j. Motif : chute du sujet âgé. Survenue de complications de type infectieux. Recommandations : surveillance rapprochée, consultation de contrôle à 7j."
CR-000825,SEJ-000631,CRH,2023-08-06,"Séjour de 3j. Motif : fracture du col du fémur. Survenue de complications . Recommandations : surveillance rapprochée, consultation de contrôle à 7j."
CR-000826,SEJ-000631,CourrierSortant,2023-06-22,Hospitalisation de 3j pour hémorragie digestive. Bilan paraclinique réalisé. Comorbidités : 1. Patiente/confiant à la sortie. Suivi par médecin traitant.
CR-000827,SEJ-000632,CRH,2023-11-09,"Séjour de 7j. Motif : décompensation diabétique. Survenue de complications . Recommandations : surveillance rapprochée, consultation de contrôle à 7j."
CR-000828,SEJ-000632,CourrierSortant,2023-02-09,Hospitalisation de 7j pour chirurgie programmée. Bilan paraclinique réalisé. Comorbidités : 1. Patiente/confiant à la sortie. Suivi par médecin traitant.
CR-000829,SEJ-000633,CRH,2023-07-25,Patient admis pour insuffisance cardiaque décompensée. Antécédents : insuffisance rénale chronique. Examen clinique d'entrée retrouvant un score de gravité de 5/30. Évolution favorable sous traitement. Sortie autorisée vers EHPAD.
CR-000830,SEJ-000634,CRH,2024-01-20,Hospitalisation de 5j pour insuffisance cardiaque décompensée. Bilan paraclinique réalisé. Comorbidités : 4. Patiente/confiant à la sortie. Suivi par médecin traitant.
CR-000831,SEJ-000635,CRH,2024-05-15,"Patient admis pour pneumopathie aiguë. Antécédents : HTA, diabète type 2. Examen clinique d'entrée retrouvant un score de gravité de 7/30. Évolution favorable sous traitement. Sortie autorisée vers domicile."
CR-000832,SEJ-000636,CRH,2023-09-08,"Patient admis pour décompensation diabétique. Antécédents : HTA, diabète type 2. Examen clinique d'entrée retrouvant un score de gravité de 2/30. Évolution favorable sous traitement. Sortie autorisée vers transfert en soins continus."
CR-000833,SEJ-000637,CRH,2023-09-16,"Séjour de 7j. Motif : chirurgie programmée. Survenue de complications de type infectieux. Recommandations : surveillance rapprochée, consultation de contrôle à 7j."
CR-000834,SEJ-000637,CourrierSortant,2023-07-24,Hospitalisation de 7j pour pneumopathie aiguë. Bilan paraclinique réalisé. Comorbidités : 1. Patiente/confiant à la sortie. Suivi par spécialiste de ville.
CR-000835,SEJ-000638,CRH,2024-05-09,"Séjour de 14j. Motif : pneumopathie aiguë. Survenue de complications . Recommandations : surveillance rapprochée, consultation de contrôle à 7j."
CR-000836,SEJ-000638,CourrierSortant,2024-03-04,Hospitalisation de 14j pour hémorragie digestive. Bilan paraclinique réalisé. Comorbidités : 1. Patiente/confiant à la sortie. Suivi par médecin traitant.
CR-000837,SEJ-000639,CRH,2023-01-11,Hospitalisation de 2j pour hémorragie digestive. Bilan paraclinique réalisé. Comorbidités : 1. Patiente/confiant à la sortie. Suivi par médecin traitant.
CR-000838,SEJ-000639,NoteSoignante,2023-06-23,Hospitalisation de 2j pour sepsis. Bilan paraclinique réalisé. Comorbidités : 1. Patiente/confiant à la sortie. Suivi par spécialiste de ville.
CR-000839,SEJ-000640,CRH,2023-05-17,Hospitalisation de 4j pour douleur thoracique. Bilan paraclinique réalisé. Comorbidités : 1. Patiente/confiant à la sortie. Suivi par médecin traitant.
CR-000840,SEJ-000640,CourrierSortant,2023-06-25,"Patient admis pour chirurgie programmée. Antécédents : cardiopathie ischémique, dyslipidémie. Examen clinique d'entrée retrouvant un score de gravité de 4/30. Évolution favorable sous traitement. Sortie autorisée vers transfert en soins continus."
CR-000841,SEJ-000641,CRH,2023-02-01,Hospitalisation de 8j pour crise d'asthme sévère. Bilan paraclinique réalisé. Comorbidités : 1. Patiente/confiant à la sortie. Suivi par spécialiste de ville.
CR-000842,SEJ-000641,CourrierSortant,2023-11-01,"Séjour de 8j. Motif : chute du sujet âgé. Survenue de complications . Recommandations : surveillance rapprochée, consultation de contrôle à 7j."
CR-000843,SEJ-000642,CRH,2023-10-19,Hospitalisation de 4j pour chirurgie programmée. Bilan paraclinique réalisé. Comorbidités : 1. Patiente/confiant à la sortie. Suivi par médecin traitant.
CR-000844,SEJ-000643,CRH,2022-12-20,"Séjour de 4j. Motif : chirurgie programmée. Survenue de complications . Recommandations : surveillance rapprochée, consultation de contrôle à 7j."
CR-000845,SEJ-000643,NoteSoignante,2024-04-21,"Séjour de 4j. Motif : douleur thoracique. Survenue de complications de type infectieux. Recommandations : surveillance rapprochée, consultation de contrôle à 7j."
CR-000846,SEJ-000644,CRH,2023-07-16,"Séjour de 1j. Motif : fracture du col du fémur. Survenue de complications . Recommandations : surveillance rapprochée, consultation de contrôle à 7j."
CR-000847,SEJ-000645,CRH,2023-10-07,"Patient admis pour chirurgie programmée. Antécédents : HTA, diabète type 2. Examen clinique d'entrée retrouvant un score de gravité de 1/30. Évolution favorable sous traitement. Sortie autorisée vers transfert en soins continus."
CR-000848,SEJ-000646,CRH,2023-04-13,"Patient admis pour crise d'asthme sévère. Antécédents : cardiopathie ischémique, dyslipidémie. Examen clinique d'entrée retrouvant un score de gravité de 3/30. Évolution favorable sous traitement. Sortie autorisée vers transfert en soins continus."
CR-000849,SEJ-000647,CRH,2023-09-30,"Patient admis pour fracture du col du fémur. Antécédents : cardiopathie ischémique, dyslipidémie. Examen clinique d'entrée retrouvant un score de gravité de 3/30. Évolution favorable sous traitement. Sortie autorisée vers transfert en soins continus."
CR-000850,SEJ-000648,CRH,2024-05-24,"Séjour de 2j. Motif : sepsis. Survenue de complications . Recommandations : surveillance rapprochée, consultation de contrôle à 7j."
CR-000851,SEJ-000649,CRH,2023-10-18,Hospitalisation de 3j pour chirurgie programmée. Bilan paraclinique réalisé. Comorbidités : 1. Patiente/confiant à la sortie. Suivi par médecin traitant.
CR-000852,SEJ-000650,CRH,2024-03-06,"Patient admis pour pneumopathie aiguë. Antécédents : BPCO, tabagisme actif. Examen clinique d'entrée retrouvant un score de gravité de 7/30. Évolution favorable sous traitement. Sortie autorisée vers domicile."
CR-000853,SEJ-000650,NoteSoignante,2023-09-15,Patient admis pour fracture du col du fémur. Antécédents : aucun antécédent notable. Examen clinique d'entrée retrouvant un score de gravité de 7/30. Évolution favorable sous traitement. Sortie autorisée vers domicile.
CR-000854,SEJ-000651,CRH,2024-05-18,Patient admis pour chirurgie programmée. Antécédents : aucun antécédent notable. Examen clinique d'entrée retrouvant un score de gravité de 5/30. Évolution favorable sous traitement. Sortie autorisée vers domicile.
CR-000855,SEJ-000651,NoteSoignante,2024-05-08,"Séjour de 4j. Motif : hémorragie digestive. Survenue de complications de type infectieux. Recommandations : surveillance rapprochée, consultation de contrôle à 7j."
CR-000856,SEJ-000652,CRH,2024-04-15,"Patient admis pour insuffisance cardiaque décompensée. Antécédents : BPCO, tabagisme actif. Examen clinique d'entrée retrouvant un score de gravité de 9/30. Évolution favorable sous traitement. Sortie autorisée vers domicile."
CR-000857,SEJ-000652,CourrierSortant,2023-11-18,Hospitalisation de 4j pour hémorragie digestive. Bilan paraclinique réalisé. Comorbidités : 1. Patiente/confiant à la sortie. Suivi par médecin traitant.
CR-000858,SEJ-000653,CRH,2023-04-15,Patient admis pour décompensation diabétique. Antécédents : aucun antécédent notable. Examen clinique d'entrée retrouvant un score de gravité de 5/30. Évolution favorable sous traitement. Sortie autorisée vers domicile.
CR-000859,SEJ-000654,CRH,2024-02-18,"Séjour de 4j. Motif : pneumopathie aiguë. Survenue de complications de type infectieux. Recommandations : surveillance rapprochée, consultation de contrôle à 7j."
CR-000860,SEJ-000655,CRH,2024-04-20,Hospitalisation de 6j pour fracture du col du fémur. Bilan paraclinique réalisé. Comorbidités : 1. Patiente/confiant à la sortie. Suivi par médecin traitant.
CR-000861,SEJ-000655,NoteSoignante,2024-01-27,"Patient admis pour pneumopathie aiguë. Antécédents : HTA, diabète type 2. Examen clinique d'entrée retrouvant un score de gravité de 10/30. Évolution favorable sous traitement. Sortie autorisée vers EHPAD."
CR-000862,SEJ-000656,CRH,2023-04-08,"Patient admis pour douleur thoracique. Antécédents : cardiopathie ischémique, dyslipidémie. Examen clinique d'entrée retrouvant un score de gravité de 4/30. Évolution favorable sous traitement. Sortie autorisée vers EHPAD."
CR-000863,SEJ-000657,CRH,2022-12-13,"Patient admis pour chute du sujet âgé. Antécédents : BPCO, tabagisme actif. Examen clinique d'entrée retrouvant un score de gravité de 6/30. Évolution favorable sous traitement. Sortie autorisée vers transfert en soins continus."
CR-000864,SEJ-000658,CRH,2023-10-28,Hospitalisation de 9j pour insuffisance cardiaque décompensée. Bilan paraclinique réalisé. Comorbidités : 1. Patiente/confiant à la sortie. Suivi par médecin traitant.
CR-000865,SEJ-000659,CRH,2023-01-07,"Patient admis pour douleur thoracique. Antécédents : HTA, diabète type 2. Examen clinique d'entrée retrouvant un score de gravité de 4/30. Évolution favorable sous traitement. Sortie autorisée vers transfert en soins continus."
CR-000866,SEJ-000660,CRH,2024-01-21,Patient admis pour chirurgie programmée. Antécédents : aucun antécédent notable. Examen clinique d'entrée retrouvant un score de gravité de 7/30. Évolution favorable sous traitement. Sortie autorisée vers EHPAD.
CR-000867,SEJ-000661,CRH,2023-09-24,Hospitalisation de 2j pour hémorragie digestive. Bilan paraclinique réalisé. Comorbidités : 1. Patiente/confiant à la sortie. Suivi par médecin traitant.
CR-000868,SEJ-000662,CRH,2023-03-07,Hospitalisation de 5j pour décompensation diabétique. Bilan paraclinique réalisé. Comorbidités : 1. Patiente/confiant à la sortie. Suivi par médecin traitant.
CR-000869,SEJ-000663,CRH,2023-10-18,"Séjour de 2j. Motif : insuffisance cardiaque décompensée. Survenue de complications de type infectieux. Recommandations : surveillance rapprochée, consultation de contrôle à 7j."
CR-000870,SEJ-000664,CRH,2023-12-31,"Séjour de 6j. Motif : fracture du col du fémur. Survenue de complications . Recommandations : surveillance rapprochée, consultation de contrôle à 7j."
CR-000871,SEJ-000665,CRH,2023-09-04,Hospitalisation de 5j pour fracture du col du fémur. Bilan paraclinique réalisé. Comorbidités : 1. Patiente/confiant à la sortie. Suivi par médecin traitant.
CR-000872,SEJ-000665,NoteSoignante,2023-05-22,Patient admis pour fracture du col du fémur. Antécédents : insuffisance rénale chronique. Examen clinique d'entrée retrouvant un score de gravité de 9/30. Évolution favorable sous traitement. Sortie autorisée vers transfert en soins continus.
CR-000873,SEJ-000666,CRH,2024-02-17,"Patient admis pour sepsis. Antécédents : BPCO, tabagisme actif. Examen clinique d'entrée retrouvant un score de gravité de 3/30. Évolution favorable sous traitement. Sortie autorisée vers transfert en soins continus."
CR-000874,SEJ-000667,CRH,2023-12-12,Patient admis pour crise d'asthme sévère. Antécédents : insuffisance rénale chronique. Examen clinique d'entrée retrouvant un score de gravité de 3/30. Évolution favorable sous traitement. Sortie autorisée vers transfert en soins continus.
CR-000875,SEJ-000668,CRH,2023-08-11,"Séjour de 4j. Motif : sepsis. Survenue de complications de type infectieux. Recommandations : surveillance rapprochée, consultation de contrôle à 7j."
CR-000876,SEJ-000669,CRH,2023-10-22,Hospitalisation de 5j pour hémorragie digestive. Bilan paraclinique réalisé. Comorbidités : 2. Patiente/confiant à la sortie. Suivi par médecin traitant.
CR-000877,SEJ-000670,CRH,2023-09-14,Hospitalisation de 3j pour sepsis. Bilan paraclinique réalisé. Comorbidités : 2. Patiente/confiant à la sortie. Suivi par médecin traitant.
CR-000878,SEJ-000670,CourrierSortant,2023-04-06,"Patient admis pour pneumopathie aiguë. Antécédents : BPCO, tabagisme actif. Examen clinique d'entrée retrouvant un score de gravité de 9/30. Évolution favorable sous traitement. Sortie autorisée vers EHPAD."
CR-000879,SEJ-000671,CRH,2023-10-13,Hospitalisation de 4j pour chirurgie programmée. Bilan paraclinique réalisé. Comorbidités : 2. Patiente/confiant à la sortie. Suivi par médecin traitant.
CR-000880,SEJ-000671,CourrierSortant,2023-01-29,Hospitalisation de 4j pour chirurgie programmée. Bilan paraclinique réalisé. Comorbidités : 2. Patiente/confiant à la sortie. Suivi par médecin traitant.
CR-000881,SEJ-000672,CRH,2023-05-14,Hospitalisation de 1j pour sepsis. Bilan paraclinique réalisé. Comorbidités : 1. Patiente/confiant à la sortie. Suivi par médecin traitant.
CR-000882,SEJ-000673,CRH,2024-05-19,Hospitalisation de 12j pour fracture du col du fémur. Bilan paraclinique réalisé. Comorbidités : 2. Patiente/confiant à la sortie. Suivi par médecin traitant.
CR-000883,SEJ-000674,CRH,2024-03-16,Patient admis pour décompensation diabétique. Antécédents : insuffisance rénale chronique. Examen clinique d'entrée retrouvant un score de gravité de 4/30. Évolution favorable sous traitement. Sortie autorisée vers transfert en soins continus.
CR-000884,SEJ-000674,NoteSoignante,2023-02-14,"Séjour de 4j. Motif : insuffisance cardiaque décompensée. Survenue de complications . Recommandations : surveillance rapprochée, consultation de contrôle à 7j."
CR-000885,SEJ-000675,CRH,2024-05-06,Hospitalisation de 7j pour crise d'asthme sévère. Bilan paraclinique réalisé. Comorbidités : 1. Patiente/confiant à la sortie. Suivi par médecin traitant.
CR-000886,SEJ-000676,CRH,2023-02-02,"Séjour de 4j. Motif : chirurgie programmée. Survenue de complications . Recommandations : surveillance rapprochée, consultation de contrôle à 7j."
CR-000887,SEJ-000677,CRH,2023-09-04,Patient admis pour pneumopathie aiguë. Antécédents : aucun antécédent notable. Examen clinique d'entrée retrouvant un score de gravité de 11/30. Évolution favorable sous traitement. Sortie autorisée vers EHPAD.
CR-000888,SEJ-000677,NoteSoignante,2023-05-18,Patient admis pour insuffisance cardiaque décompensée. Antécédents : insuffisance rénale chronique. Examen clinique d'entrée retrouvant un score de gravité de 11/30. Évolution favorable sous traitement. Sortie autorisée vers domicile.
CR-000889,SEJ-000678,CRH,2023-09-02,"Séjour de 3j. Motif : sepsis. Survenue de complications de type infectieux. Recommandations : surveillance rapprochée, consultation de contrôle à 7j."
CR-000890,SEJ-000678,CourrierSortant,2022-12-31,"Séjour de 3j. Motif : chute du sujet âgé. Survenue de complications . Recommandations : surveillance rapprochée, consultation de contrôle à 7j."
CR-000891,SEJ-000679,CRH,2023-12-01,"Séjour de 2j. Motif : douleur thoracique. Survenue de complications . Recommandations : surveillance rapprochée, consultation de contrôle à 7j."
CR-000892,SEJ-000680,CRH,2024-03-01,"Séjour de 8j. Motif : chute du sujet âgé. Survenue de complications . Recommandations : surveillance rapprochée, consultation de contrôle à 7j."
CR-000893,SEJ-000681,CRH,2023-05-21,"Séjour de 3j. Motif : insuffisance cardiaque décompensée. Survenue de complications de type infectieux. Recommandations : surveillance rapprochée, consultation de contrôle à 7j."
CR-000894,SEJ-000682,CRH,2023-03-09,Hospitalisation de 6j pour chirurgie programmée. Bilan paraclinique réalisé. Comorbidités : 1. Patiente/confiant à la sortie. Suivi par médecin traitant.
CR-000895,SEJ-000683,CRH,2023-06-16,"Patient admis pour sepsis. Antécédents : HTA, diabète type 2. Examen clinique d'entrée retrouvant un score de gravité de 2/30. Évolution favorable sous traitement. Sortie autorisée vers transfert en soins continus."
CR-000896,SEJ-000684,CRH,2023-05-12,Patient admis pour sepsis. Antécédents : aucun antécédent notable. Examen clinique d'entrée retrouvant un score de gravité de 5/30. Évolution favorable sous traitement. Sortie autorisée vers EHPAD.
CR-000897,SEJ-000685,CRH,2023-10-29,"Séjour de 8j. Motif : douleur thoracique. Survenue de complications . Recommandations : surveillance rapprochée, consultation de contrôle à 7j."
CR-000898,SEJ-000686,CRH,2023-07-09,Hospitalisation de 5j pour fracture du col du fémur. Bilan paraclinique réalisé. Comorbidités : 1. Patiente/confiant à la sortie. Suivi par spécialiste de ville.
CR-000899,SEJ-000686,NoteSoignante,2023-03-03,Hospitalisation de 5j pour insuffisance cardiaque décompensée. Bilan paraclinique réalisé. Comorbidités : 1. Patiente/confiant à la sortie. Suivi par spécialiste de ville.
CR-000900,SEJ-000687,CRH,2023-01-09,"Séjour de 4j. Motif : pneumopathie aiguë. Survenue de complications de type infectieux. Recommandations : surveillance rapprochée, consultation de contrôle à 7j."
CR-000901,SEJ-000688,CRH,2023-07-29,Patient admis pour hémorragie digestive. Antécédents : aucun antécédent notable. Examen clinique d'entrée retrouvant un score de gravité de 3/30. Évolution favorable sous traitement. Sortie autorisée vers domicile.
CR-000902,SEJ-000689,CRH,2023-10-26,"Séjour de 6j. Motif : pneumopathie aiguë. Survenue de complications . Recommandations : surveillance rapprochée, consultation de contrôle à 7j."
CR-000903,SEJ-000689,NoteSoignante,2024-03-05,"Patient admis pour douleur thoracique. Antécédents : cardiopathie ischémique, dyslipidémie. Examen clinique d'entrée retrouvant un score de gravité de 10/30. Évolution favorable sous traitement. Sortie autorisée vers domicile."
CR-000904,SEJ-000690,CRH,2023-02-01,"Séjour de 4j. Motif : insuffisance cardiaque décompensée. Survenue de complications . Recommandations : surveillance rapprochée, consultation de contrôle à 7j."
CR-000905,SEJ-000691,CRH,2024-02-02,"Séjour de 6j. Motif : décompensation diabétique. Survenue de complications . Recommandations : surveillance rapprochée, consultation de contrôle à 7j."
CR-000906,SEJ-000692,CRH,2023-04-17,Hospitalisation de 10j pour chute du sujet âgé. Bilan paraclinique réalisé. Comorbidités : 2. Patiente/confiant à la sortie. Suivi par médecin traitant.
CR-000907,SEJ-000693,CRH,2023-04-17,"Séjour de 5j. Motif : hémorragie digestive. Survenue de complications . Recommandations : surveillance rapprochée, consultation de contrôle à 7j."
CR-000908,SEJ-000693,NoteSoignante,2023-03-22,Patient admis pour chute du sujet âgé. Antécédents : insuffisance rénale chronique. Examen clinique d'entrée retrouvant un score de gravité de 9/30. Évolution favorable sous traitement. Sortie autorisée vers EHPAD.
CR-000909,SEJ-000694,CRH,2023-05-20,Hospitalisation de 4j pour décompensation diabétique. Bilan paraclinique réalisé. Comorbidités : 2. Patiente/confiant à la sortie. Suivi par médecin traitant.
CR-000910,SEJ-000694,NoteSoignante,2023-11-05,"Patient admis pour douleur thoracique. Antécédents : HTA, diabète type 2. Examen clinique d'entrée retrouvant un score de gravité de 6/30. Évolution favorable sous traitement. Sortie autorisée vers transfert en soins continus."
CR-000911,SEJ-000695,CRH,2023-12-02,Hospitalisation de 5j pour chirurgie programmée. Bilan paraclinique réalisé. Comorbidités : 1. Patiente/confiant à la sortie. Suivi par médecin traitant.
CR-000912,SEJ-000695,CourrierSortant,2023-09-11,Hospitalisation de 5j pour chute du sujet âgé. Bilan paraclinique réalisé. Comorbidités : 1. Patiente/confiant à la sortie. Suivi par spécialiste de ville.
CR-000913,SEJ-000696,CRH,2023-10-03,"Séjour de 3j. Motif : pneumopathie aiguë. Survenue de complications de type infectieux. Recommandations : surveillance rapprochée, consultation de contrôle à 7j."
CR-000914,SEJ-000697,CRH,2023-02-25,Hospitalisation de 2j pour pneumopathie aiguë. Bilan paraclinique réalisé. Comorbidités : 4. Patiente/confiant à la sortie. Suivi par médecin traitant.
CR-000915,SEJ-000697,CourrierSortant,2024-01-04,Patient admis pour chirurgie programmée. Antécédents : insuffisance rénale chronique. Examen clinique d'entrée retrouvant un score de gravité de 8/30. Évolution favorable sous traitement. Sortie autorisée vers EHPAD.
CR-000916,SEJ-000698,CRH,2023-07-06,Hospitalisation de 5j pour hémorragie digestive. Bilan paraclinique réalisé. Comorbidités : 1. Patiente/confiant à la sortie. Suivi par spécialiste de ville.
CR-000917,SEJ-000699,CRH,2024-02-15,"Patient admis pour chute du sujet âgé. Antécédents : BPCO, tabagisme actif. Examen clinique d'entrée retrouvant un score de gravité de 0/30. Évolution favorable sous traitement. Sortie autorisée vers EHPAD."
CR-000918,SEJ-000700,CRH,2024-03-09,Hospitalisation de 2j pour douleur thoracique. Bilan paraclinique réalisé. Comorbidités : 2. Patiente/confiant à la sortie. Suivi par médecin traitant.
CR-000919,SEJ-000700,NoteSoignante,2023-09-21,Hospitalisation de 2j pour douleur thoracique. Bilan paraclinique réalisé. Comorbidités : 2. Patiente/confiant à la sortie. Suivi par médecin traitant.
CR-000920,SEJ-000701,CRH,2023-09-09,"Séjour de 5j. Motif : décompensation diabétique. Survenue de complications de type infectieux. Recommandations : surveillance rapprochée, consultation de contrôle à 7j."
CR-000921,SEJ-000701,NoteSoignante,2024-05-23,"Séjour de 5j. Motif : hémorragie digestive. Survenue de complications de type infectieux. Recommandations : surveillance rapprochée, consultation de contrôle à 7j."
CR-000922,SEJ-000702,CRH,2022-12-25,"Patient admis pour crise d'asthme sévère. Antécédents : cardiopathie ischémique, dyslipidémie. Examen clinique d'entrée retrouvant un score de gravité de 1/30. Évolution favorable sous traitement. Sortie autorisée vers EHPAD."
CR-000923,SEJ-000702,CourrierSortant,2024-03-11,"Séjour de 4j. Motif : hémorragie digestive. Survenue de complications . Recommandations : surveillance rapprochée, consultation de contrôle à 7j."
CR-000924,SEJ-000703,CRH,2024-02-28,"Patient admis pour fracture du col du fémur. Antécédents : HTA, diabète type 2. Examen clinique d'entrée retrouvant un score de gravité de 4/30. Évolution favorable sous traitement. Sortie autorisée vers transfert en soins continus."
CR-000925,SEJ-000703,CourrierSortant,2023-11-10,"Séjour de 8j. Motif : insuffisance cardiaque décompensée. Survenue de complications de type infectieux. Recommandations : surveillance rapprochée, consultation de contrôle à 7j."
CR-000926,SEJ-000704,CRH,2023-05-05,"Séjour de 1j. Motif : fracture du col du fémur. Survenue de complications de type infectieux. Recommandations : surveillance rapprochée, consultation de contrôle à 7j."
CR-000927,SEJ-000705,CRH,2023-01-26,Patient admis pour pneumopathie aiguë. Antécédents : aucun antécédent notable. Examen clinique d'entrée retrouvant un score de gravité de 7/30. Évolution favorable sous traitement. Sortie autorisée vers domicile.
CR-000928,SEJ-000706,CRH,2023-10-26,Patient admis pour sepsis. Antécédents : aucun antécédent notable. Examen clinique d'entrée retrouvant un score de gravité de 8/30. Évolution favorable sous traitement. Sortie autorisée vers transfert en soins continus.
CR-000929,SEJ-000707,CRH,2023-01-16,"Patient admis pour décompensation diabétique. Antécédents : HTA, diabète type 2. Examen clinique d'entrée retrouvant un score de gravité de 9/30. Évolution favorable sous traitement. Sortie autorisée vers transfert en soins continus."
CR-000930,SEJ-000708,CRH,2024-03-26,Hospitalisation de 5j pour hémorragie digestive. Bilan paraclinique réalisé. Comorbidités : 1. Patiente/confiant à la sortie. Suivi par médecin traitant.
CR-000931,SEJ-000709,CRH,2023-12-04,"Séjour de 2j. Motif : crise d'asthme sévère. Survenue de complications . Recommandations : surveillance rapprochée, consultation de contrôle à 7j."
CR-000932,SEJ-000710,CRH,2023-08-12,Hospitalisation de 6j pour hémorragie digestive. Bilan paraclinique réalisé. Comorbidités : 3. Patiente/confiant à la sortie. Suivi par médecin traitant.
CR-000933,SEJ-000711,CRH,2024-05-08,Hospitalisation de 13j pour hémorragie digestive. Bilan paraclinique réalisé. Comorbidités : 3. Patiente/confiant à la sortie. Suivi par médecin traitant.
CR-000934,SEJ-000712,CRH,2024-02-27,"Patient admis pour chute du sujet âgé. Antécédents : cardiopathie ischémique, dyslipidémie. Examen clinique d'entrée retrouvant un score de gravité de 4/30. Évolution favorable sous traitement. Sortie autorisée vers EHPAD."
CR-000935,SEJ-000713,CRH,2023-03-30,Hospitalisation de 20j pour fracture du col du fémur. Bilan paraclinique réalisé. Comorbidités : 1. Patiente/confiant à la sortie. Suivi par spécialiste de ville.
CR-000936,SEJ-000714,CRH,2024-04-09,"Séjour de 11j. Motif : crise d'asthme sévère. Survenue de complications de type infectieux. Recommandations : surveillance rapprochée, consultation de contrôle à 7j."
CR-000937,SEJ-000715,CRH,2024-02-28,Hospitalisation de 3j pour décompensation diabétique. Bilan paraclinique réalisé. Comorbidités : 1. Patiente/confiant à la sortie. Suivi par médecin traitant.
CR-000938,SEJ-000716,CRH,2024-03-28,"Séjour de 5j. Motif : douleur thoracique. Survenue de complications . Recommandations : surveillance rapprochée, consultation de contrôle à 7j."
CR-000939,SEJ-000716,NoteSoignante,2024-03-08,"Patient admis pour douleur thoracique. Antécédents : HTA, diabète type 2. Examen clinique d'entrée retrouvant un score de gravité de 7/30. Évolution favorable sous traitement. Sortie autorisée vers EHPAD."
CR-000940,SEJ-000717,CRH,2024-01-04,"Séjour de 11j. Motif : chirurgie programmée. Survenue de complications de type infectieux. Recommandations : surveillance rapprochée, consultation de contrôle à 7j."
CR-000941,SEJ-000718,CRH,2023-07-07,Hospitalisation de 6j pour pneumopathie aiguë. Bilan paraclinique réalisé. Comorbidités : 2. Patiente/confiant à la sortie. Suivi par médecin traitant.
CR-000942,SEJ-000719,CRH,2023-01-19,Hospitalisation de 2j pour chirurgie programmée. Bilan paraclinique réalisé. Comorbidités : 1. Patiente/confiant à la sortie. Suivi par médecin traitant.
CR-000943,SEJ-000720,CRH,2023-02-22,Hospitalisation de 8j pour insuffisance cardiaque décompensée. Bilan paraclinique réalisé. Comorbidités : 1. Patiente/confiant à la sortie. Suivi par médecin traitant.
CR-000944,SEJ-000721,CRH,2024-02-04,Patient admis pour chute du sujet âgé. Antécédents : insuffisance rénale chronique. Examen clinique d'entrée retrouvant un score de gravité de 2/30. Évolution favorable sous traitement. Sortie autorisée vers transfert en soins continus.
CR-000945,SEJ-000722,CRH,2024-05-26,"Patient admis pour hémorragie digestive. Antécédents : cardiopathie ischémique, dyslipidémie. Examen clinique d'entrée retrouvant un score de gravité de 11/30. Évolution favorable sous traitement. Sortie autorisée vers domicile."
CR-000946,SEJ-000723,CRH,2023-09-20,Hospitalisation de 10j pour sepsis. Bilan paraclinique réalisé. Comorbidités : 1. Patiente/confiant à la sortie. Suivi par médecin traitant.
CR-000947,SEJ-000724,CRH,2024-03-27,"Séjour de 4j. Motif : douleur thoracique. Survenue de complications de type infectieux. Recommandations : surveillance rapprochée, consultation de contrôle à 7j."
CR-000948,SEJ-000725,CRH,2023-09-11,Patient admis pour hémorragie digestive. Antécédents : insuffisance rénale chronique. Examen clinique d'entrée retrouvant un score de gravité de 5/30. Évolution favorable sous traitement. Sortie autorisée vers EHPAD.
CR-000949,SEJ-000726,CRH,2023-07-30,"Patient admis pour chute du sujet âgé. Antécédents : HTA, diabète type 2. Examen clinique d'entrée retrouvant un score de gravité de 3/30. Évolution favorable sous traitement. Sortie autorisée vers domicile."
CR-000950,SEJ-000726,CourrierSortant,2024-02-26,"Séjour de 5j. Motif : décompensation diabétique. Survenue de complications . Recommandations : surveillance rapprochée, consultation de contrôle à 7j."
CR-000951,SEJ-000727,CRH,2023-11-04,"Patient admis pour chute du sujet âgé. Antécédents : cardiopathie ischémique, dyslipidémie. Examen clinique d'entrée retrouvant un score de gravité de 1/30. Évolution favorable sous traitement. Sortie autorisée vers EHPAD."
CR-000952,SEJ-000728,CRH,2023-03-16,Hospitalisation de 4j pour pneumopathie aiguë. Bilan paraclinique réalisé. Comorbidités : 1. Patiente/confiant à la sortie. Suivi par spécialiste de ville.
CR-000953,SEJ-000729,CRH,2023-02-18,"Séjour de 3j. Motif : crise d'asthme sévère. Survenue de complications de type infectieux. Recommandations : surveillance rapprochée, consultation de contrôle à 7j."
CR-000954,SEJ-000729,CourrierSortant,2023-03-15,"Patient admis pour crise d'asthme sévère. Antécédents : HTA, diabète type 2. Examen clinique d'entrée retrouvant un score de gravité de 3/30. Évolution favorable sous traitement. Sortie autorisée vers domicile."
CR-000955,SEJ-000730,CRH,2024-01-06,Patient admis pour pneumopathie aiguë. Antécédents : aucun antécédent notable. Examen clinique d'entrée retrouvant un score de gravité de 4/30. Évolution favorable sous traitement. Sortie autorisée vers EHPAD.
CR-000956,SEJ-000731,CRH,2023-04-04,Patient admis pour insuffisance cardiaque décompensée. Antécédents : insuffisance rénale chronique. Examen clinique d'entrée retrouvant un score de gravité de 7/30. Évolution favorable sous traitement. Sortie autorisée vers domicile.
CR-000957,SEJ-000732,CRH,2024-05-03,"Patient admis pour pneumopathie aiguë. Antécédents : BPCO, tabagisme actif. Examen clinique d'entrée retrouvant un score de gravité de 3/30. Évolution favorable sous traitement. Sortie autorisée vers transfert en soins continus."
CR-000958,SEJ-000733,CRH,2024-02-13,Hospitalisation de 6j pour crise d'asthme sévère. Bilan paraclinique réalisé. Comorbidités : 1. Patiente/confiant à la sortie. Suivi par médecin traitant.
CR-000959,SEJ-000734,CRH,2023-08-04,"Séjour de 4j. Motif : crise d'asthme sévère. Survenue de complications de type infectieux. Recommandations : surveillance rapprochée, consultation de contrôle à 7j."
CR-000960,SEJ-000734,CourrierSortant,2023-02-20,"Patient admis pour décompensation diabétique. Antécédents : cardiopathie ischémique, dyslipidémie. Examen clinique d'entrée retrouvant un score de gravité de 2/30. Évolution favorable sous traitement. Sortie autorisée vers EHPAD."
CR-000961,SEJ-000735,CRH,2023-08-08,Hospitalisation de 4j pour crise d'asthme sévère. Bilan paraclinique réalisé. Comorbidités : 1. Patiente/confiant à la sortie. Suivi par spécialiste de ville.
CR-000962,SEJ-000736,CRH,2024-03-17,"Séjour de 8j. Motif : décompensation diabétique. Survenue de complications de type infectieux. Recommandations : surveillance rapprochée, consultation de contrôle à 7j."
CR-000963,SEJ-000736,CourrierSortant,2023-08-04,"Patient admis pour crise d'asthme sévère. Antécédents : cardiopathie ischémique, dyslipidémie. Examen clinique d'entrée retrouvant un score de gravité de 1/30. Évolution favorable sous traitement. Sortie autorisée vers domicile."
CR-000964,SEJ-000737,CRH,2023-03-26,Hospitalisation de 7j pour douleur thoracique. Bilan paraclinique réalisé. Comorbidités : 1. Patiente/confiant à la sortie. Suivi par médecin traitant.
CR-000965,SEJ-000738,CRH,2023-05-14,"Patient admis pour fracture du col du fémur. Antécédents : BPCO, tabagisme actif. Examen clinique d'entrée retrouvant un score de gravité de 7/30. Évolution favorable sous traitement. Sortie autorisée vers EHPAD."
CR-000966,SEJ-000739,CRH,2023-12-31,"Patient admis pour chute du sujet âgé. Antécédents : HTA, diabète type 2. Examen clinique d'entrée retrouvant un score de gravité de 8/30. Évolution favorable sous traitement. Sortie autorisée vers domicile."
CR-000967,SEJ-000740,CRH,2024-04-04,Patient admis pour hémorragie digestive. Antécédents : insuffisance rénale chronique. Examen clinique d'entrée retrouvant un score de gravité de 3/30. Évolution favorable sous traitement. Sortie autorisée vers EHPAD.
CR-000968,SEJ-000741,CRH,2023-05-24,Hospitalisation de 3j pour décompensation diabétique. Bilan paraclinique réalisé. Comorbidités : 1. Patiente/confiant à la sortie. Suivi par médecin traitant.
CR-000969,SEJ-000742,CRH,2023-01-20,Hospitalisation de 1j pour douleur thoracique. Bilan paraclinique réalisé. Comorbidités : 2. Patiente/confiant à la sortie. Suivi par médecin traitant.
CR-000970,SEJ-000743,CRH,2023-01-07,"Séjour de 2j. Motif : sepsis. Survenue de complications . Recommandations : surveillance rapprochée, consultation de contrôle à 7j."
CR-000971,SEJ-000743,NoteSoignante,2024-05-09,Patient admis pour chute du sujet âgé. Antécédents : insuffisance rénale chronique. Examen clinique d'entrée retrouvant un score de gravité de 0/30. Évolution favorable sous traitement. Sortie autorisée vers EHPAD.
CR-000972,SEJ-000744,CRH,2024-01-26,Hospitalisation de 2j pour fracture du col du fémur. Bilan paraclinique réalisé. Comorbidités : 1. Patiente/confiant à la sortie. Suivi par médecin traitant.
CR-000973,SEJ-000745,CRH,2023-04-29,"Séjour de 9j. Motif : fracture du col du fémur. Survenue de complications . Recommandations : surveillance rapprochée, consultation de contrôle à 7j."
CR-000974,SEJ-000746,CRH,2023-03-22,Patient admis pour fracture du col du fémur. Antécédents : insuffisance rénale chronique. Examen clinique d'entrée retrouvant un score de gravité de 13/30. Évolution favorable sous traitement. Sortie autorisée vers transfert en soins continus.
CR-000975,SEJ-000746,CourrierSortant,2023-04-11,Hospitalisation de 2j pour hémorragie digestive. Bilan paraclinique réalisé. Comorbidités : 3. Patiente/confiant à la sortie. Suivi par médecin traitant.
CR-000976,SEJ-000747,CRH,2023-08-27,Hospitalisation de 3j pour sepsis. Bilan paraclinique réalisé. Comorbidités : 3. Patiente/confiant à la sortie. Suivi par spécialiste de ville.
CR-000977,SEJ-000747,NoteSoignante,2024-05-18,Patient admis pour crise d'asthme sévère. Antécédents : insuffisance rénale chronique. Examen clinique d'entrée retrouvant un score de gravité de 5/30. Évolution favorable sous traitement. Sortie autorisée vers domicile.
CR-000978,SEJ-000748,CRH,2024-04-14,Patient admis pour douleur thoracique. Antécédents : insuffisance rénale chronique. Examen clinique d'entrée retrouvant un score de gravité de 1/30. Évolution favorable sous traitement. Sortie autorisée vers domicile.
CR-000979,SEJ-000749,CRH,2023-07-01,Hospitalisation de 21j pour crise d'asthme sévère. Bilan paraclinique réalisé. Comorbidités : 2. Patiente/confiant à la sortie. Suivi par médecin traitant.
CR-000980,SEJ-000749,CourrierSortant,2024-04-07,Hospitalisation de 21j pour sepsis. Bilan paraclinique réalisé. Comorbidités : 2. Patiente/confiant à la sortie. Suivi par médecin traitant.
CR-000981,SEJ-000750,CRH,2023-03-01,"Séjour de 16j. Motif : insuffisance cardiaque décompensée. Survenue de complications . Recommandations : surveillance rapprochée, consultation de contrôle à 7j."
CR-000982,SEJ-000750,CourrierSortant,2023-03-10,Patient admis pour décompensation diabétique. Antécédents : aucun antécédent notable. Examen clinique d'entrée retrouvant un score de gravité de 8/30. Évolution favorable sous traitement. Sortie autorisée vers transfert en soins continus.
CR-000983,SEJ-000751,CRH,2023-03-18,Patient admis pour insuffisance cardiaque décompensée. Antécédents : aucun antécédent notable. Examen clinique d'entrée retrouvant un score de gravité de 11/30. Évolution favorable sous traitement. Sortie autorisée vers domicile.
CR-000984,SEJ-000752,CRH,2024-02-10,"Séjour de 2j. Motif : décompensation diabétique. Survenue de complications . Recommandations : surveillance rapprochée, consultation de contrôle à 7j."
CR-000985,SEJ-000753,CRH,2023-07-27,"Séjour de 3j. Motif : crise d'asthme sévère. Survenue de complications de type infectieux. Recommandations : surveillance rapprochée, consultation de contrôle à 7j."
CR-000986,SEJ-000754,CRH,2023-01-05,Hospitalisation de 5j pour fracture du col du fémur. Bilan paraclinique réalisé. Comorbidités : 1. Patiente/confiant à la sortie. Suivi par spécialiste de ville.
CR-000987,SEJ-000755,CRH,2024-02-01,"Patient admis pour chute du sujet âgé. Antécédents : HTA, diabète type 2. Examen clinique d'entrée retrouvant un score de gravité de 3/30. Évolution favorable sous traitement. Sortie autorisée vers domicile."
CR-000988,SEJ-000755,CourrierSortant,2024-04-03,Patient admis pour insuffisance cardiaque décompensée. Antécédents : insuffisance rénale chronique. Examen clinique d'entrée retrouvant un score de gravité de 3/30. Évolution favorable sous traitement. Sortie autorisée vers transfert en soins continus.
CR-000989,SEJ-000756,CRH,2023-04-14,"Patient admis pour douleur thoracique. Antécédents : cardiopathie ischémique, dyslipidémie. Examen clinique d'entrée retrouvant un score de gravité de 1/30. Évolution favorable sous traitement. Sortie autorisée vers domicile."
CR-000990,SEJ-000756,CourrierSortant,2023-04-25,"Patient admis pour hémorragie digestive. Antécédents : cardiopathie ischémique, dyslipidémie. Examen clinique d'entrée retrouvant un score de gravité de 1/30. Évolution favorable sous traitement. Sortie autorisée vers domicile."
CR-000991,SEJ-000757,CRH,2023-10-11,Hospitalisation de 3j pour crise d'asthme sévère. Bilan paraclinique réalisé. Comorbidités : 2. Patiente/confiant à la sortie. Suivi par médecin traitant.
CR-000992,SEJ-000757,CourrierSortant,2024-05-07,"Séjour de 3j. Motif : chirurgie programmée. Survenue de complications . Recommandations : surveillance rapprochée, consultation de contrôle à 7j."
CR-000993,SEJ-000758,CRH,2023-06-25,"Séjour de 3j. Motif : fracture du col du fémur. Survenue de complications . Recommandations : surveillance rapprochée, consultation de contrôle à 7j."
CR-000994,SEJ-000759,CRH,2023-06-01,"Patient admis pour chute du sujet âgé. Antécédents : BPCO, tabagisme actif. Examen clinique d'entrée retrouvant un score de gravité de 21/30. Évolution favorable sous traitement. Sortie autorisée vers EHPAD."
CR-000995,SEJ-000759,CourrierSortant,2023-02-15,Hospitalisation de 8j pour crise d'asthme sévère. Bilan paraclinique réalisé. Comorbidités : 1. Patiente/confiant à la sortie. Suivi par spécialiste de ville.
CR-000996,SEJ-000760,CRH,2023-07-01,"Patient admis pour fracture du col du fémur. Antécédents : cardiopathie ischémique, dyslipidémie. Examen clinique d'entrée retrouvant un score de gravité de 0/30. Évolution favorable sous traitement. Sortie autorisée vers transfert en soins continus."
CR-000997,SEJ-000761,CRH,2024-03-07,"Patient admis pour hémorragie digestive. Antécédents : BPCO, tabagisme actif. Examen clinique d'entrée retrouvant un score de gravité de 5/30. Évolution favorable sous traitement. Sortie autorisée vers EHPAD."
CR-000998,SEJ-000761,NoteSoignante,2023-11-13,"Séjour de 17j. Motif : chirurgie programmée. Survenue de complications . Recommandations : surveillance rapprochée, consultation de contrôle à 7j."
CR-000999,SEJ-000762,CRH,2023-07-25,Patient admis pour chirurgie programmée. Antécédents : aucun antécédent notable. Examen clinique d'entrée retrouvant un score de gravité de 2/30. Évolution favorable sous traitement. Sortie autorisée vers transfert en soins continus.
CR-001000,SEJ-000763,CRH,2023-01-26,Patient admis pour décompensation diabétique. Antécédents : insuffisance rénale chronique. Examen clinique d'entrée retrouvant un score de gravité de 9/30. Évolution favorable sous traitement. Sortie autorisée vers transfert en soins continus.
CR-001001,SEJ-000764,CRH,2023-02-08,"Séjour de 11j. Motif : fracture du col du fémur. Survenue de complications de type infectieux. Recommandations : surveillance rapprochée, consultation de contrôle à 7j."
CR-001002,SEJ-000765,CRH,2024-03-13,Patient admis pour chirurgie programmée. Antécédents : insuffisance rénale chronique. Examen clinique d'entrée retrouvant un score de gravité de 23/30. Évolution favorable sous traitement. Sortie autorisée vers EHPAD.
CR-001003,SEJ-000766,CRH,2023-01-20,Hospitalisation de 10j pour chirurgie programmée. Bilan paraclinique réalisé. Comorbidités : 4. Patiente/confiant à la sortie. Suivi par médecin traitant.
CR-001004,SEJ-000767,CRH,2024-03-14,Hospitalisation de 7j pour chute du sujet âgé. Bilan paraclinique réalisé. Comorbidités : 1. Patiente/confiant à la sortie. Suivi par médecin traitant.
CR-001005,SEJ-000768,CRH,2023-01-16,"Séjour de 5j. Motif : douleur thoracique. Survenue de complications . Recommandations : surveillance rapprochée, consultation de contrôle à 7j."
CR-001006,SEJ-000769,CRH,2023-03-06,"Patient admis pour sepsis. Antécédents : cardiopathie ischémique, dyslipidémie. Examen clinique d'entrée retrouvant un score de gravité de 7/30. Évolution favorable sous traitement. Sortie autorisée vers domicile."
CR-001007,SEJ-000770,CRH,2023-08-08,Hospitalisation de 6j pour décompensation diabétique. Bilan paraclinique réalisé. Comorbidités : 3. Patiente/confiant à la sortie. Suivi par médecin traitant.
CR-001008,SEJ-000771,CRH,2023-08-15,"Patient admis pour chirurgie programmée. Antécédents : HTA, diabète type 2. Examen clinique d'entrée retrouvant un score de gravité de 4/30. Évolution favorable sous traitement. Sortie autorisée vers domicile."
CR-001009,SEJ-000771,CourrierSortant,2024-05-01,Hospitalisation de 4j pour crise d'asthme sévère. Bilan paraclinique réalisé. Comorbidités : 1. Patiente/confiant à la sortie. Suivi par médecin traitant.
CR-001010,SEJ-000772,CRH,2024-03-01,Hospitalisation de 1j pour crise d'asthme sévère. Bilan paraclinique réalisé. Comorbidités : 1. Patiente/confiant à la sortie. Suivi par médecin traitant.
CR-001011,SEJ-000773,CRH,2023-07-31,"Séjour de 4j. Motif : insuffisance cardiaque décompensée. Survenue de complications . Recommandations : surveillance rapprochée, consultation de contrôle à 7j."
CR-001012,SEJ-000773,CourrierSortant,2023-07-20,Patient admis pour fracture du col du fémur. Antécédents : insuffisance rénale chronique. Examen clinique d'entrée retrouvant un score de gravité de 8/30. Évolution favorable sous traitement. Sortie autorisée vers domicile.
CR-001013,SEJ-000774,CRH,2023-11-20,"Patient admis pour crise d'asthme sévère. Antécédents : BPCO, tabagisme actif. Examen clinique d'entrée retrouvant un score de gravité de 1/30. Évolution favorable sous traitement. Sortie autorisée vers EHPAD."
CR-001014,SEJ-000774,CourrierSortant,2024-01-02,Hospitalisation de 9j pour décompensation diabétique. Bilan paraclinique réalisé. Comorbidités : 1. Patiente/confiant à la sortie. Suivi par médecin traitant.
CR-001015,SEJ-000775,CRH,2023-04-01,"Séjour de 4j. Motif : sepsis. Survenue de complications . Recommandations : surveillance rapprochée, consultation de contrôle à 7j."
CR-001016,SEJ-000776,CRH,2023-01-17,"Patient admis pour douleur thoracique. Antécédents : HTA, diabète type 2. Examen clinique d'entrée retrouvant un score de gravité de 14/30. Évolution favorable sous traitement. Sortie autorisée vers EHPAD."
CR-001017,SEJ-000776,NoteSoignante,2023-03-31,Patient admis pour décompensation diabétique. Antécédents : insuffisance rénale chronique. Examen clinique d'entrée retrouvant un score de gravité de 14/30. Évolution favorable sous traitement. Sortie autorisée vers EHPAD.
CR-001018,SEJ-000777,CRH,2023-03-10,Hospitalisation de 3j pour hémorragie digestive. Bilan paraclinique réalisé. Comorbidités : 1. Patiente/confiant à la sortie. Suivi par médecin traitant.
CR-001019,SEJ-000777,NoteSoignante,2024-03-12,"Patient admis pour chirurgie programmée. Antécédents : BPCO, tabagisme actif. Examen clinique d'entrée retrouvant un score de gravité de 1/30. Évolution favorable sous traitement. Sortie autorisée vers domicile."
CR-001020,SEJ-000778,CRH,2023-11-16,"Séjour de 3j. Motif : chirurgie programmée. Survenue de complications de type infectieux. Recommandations : surveillance rapprochée, consultation de contrôle à 7j."
CR-001021,SEJ-000779,CRH,2023-12-06,Hospitalisation de 2j pour sepsis. Bilan paraclinique réalisé. Comorbidités : 4. Patiente/confiant à la sortie. Suivi par médecin traitant.
CR-001022,SEJ-000780,CRH,2023-08-01,Hospitalisation de 4j pour hémorragie digestive. Bilan paraclinique réalisé. Comorbidités : 2. Patiente/confiant à la sortie. Suivi par médecin traitant.
CR-001023,SEJ-000781,CRH,2023-03-21,"Patient admis pour insuffisance cardiaque décompensée. Antécédents : BPCO, tabagisme actif. Examen clinique d'entrée retrouvant un score de gravité de 5/30. Évolution favorable sous traitement. Sortie autorisée vers transfert en soins continus."
CR-001024,SEJ-000782,CRH,2023-11-30,Hospitalisation de 5j pour hémorragie digestive. Bilan paraclinique réalisé. Comorbidités : 2. Patiente/confiant à la sortie. Suivi par médecin traitant.
CR-001025,SEJ-000783,CRH,2023-11-07,"Patient admis pour crise d'asthme sévère. Antécédents : BPCO, tabagisme actif. Examen clinique d'entrée retrouvant un score de gravité de 4/30. Évolution favorable sous traitement. Sortie autorisée vers EHPAD."
CR-001026,SEJ-000784,CRH,2023-10-21,Hospitalisation de 1j pour insuffisance cardiaque décompensée. Bilan paraclinique réalisé. Comorbidités : 3. Patiente/confiant à la sortie. Suivi par médecin traitant.
CR-001027,SEJ-000785,CRH,2023-10-14,"Séjour de 4j. Motif : pneumopathie aiguë. Survenue de complications de type infectieux. Recommandations : surveillance rapprochée, consultation de contrôle à 7j."
CR-001028,SEJ-000786,CRH,2024-01-06,Hospitalisation de 4j pour pneumopathie aiguë. Bilan paraclinique réalisé. Comorbidités : 1. Patiente/confiant à la sortie. Suivi par médecin traitant.
CR-001029,SEJ-000787,CRH,2024-01-08,"Séjour de 3j. Motif : insuffisance cardiaque décompensée. Survenue de complications de type infectieux. Recommandations : surveillance rapprochée, consultation de contrôle à 7j."
CR-001030,SEJ-000788,CRH,2024-01-13,"Patient admis pour chirurgie programmée. Antécédents : cardiopathie ischémique, dyslipidémie. Examen clinique d'entrée retrouvant un score de gravité de 2/30. Évolution favorable sous traitement. Sortie autorisée vers domicile."
CR-001031,SEJ-000789,CRH,2023-05-11,Hospitalisation de 1j pour crise d'asthme sévère. Bilan paraclinique réalisé. Comorbidités : 2. Patiente/confiant à la sortie. Suivi par médecin traitant.
CR-001032,SEJ-000790,CRH,2024-04-18,Hospitalisation de 16j pour fracture du col du fémur. Bilan paraclinique réalisé. Comorbidités : 1. Patiente/confiant à la sortie. Suivi par médecin traitant.
CR-001033,SEJ-000791,CRH,2023-12-20,"Patient admis pour décompensation diabétique. Antécédents : BPCO, tabagisme actif. Examen clinique d'entrée retrouvant un score de gravité de 29/30. Évolution favorable sous traitement. Sortie autorisée vers transfert en soins continus."
CR-001034,SEJ-000792,CRH,2023-11-13,"Séjour de 3j. Motif : pneumopathie aiguë. Survenue de complications de type infectieux. Recommandations : surveillance rapprochée, consultation de contrôle à 7j."
CR-001035,SEJ-000793,CRH,2023-11-01,Hospitalisation de 3j pour insuffisance cardiaque décompensée. Bilan paraclinique réalisé. Comorbidités : 4. Patiente/confiant à la sortie. Suivi par médecin traitant.
CR-001036,SEJ-000794,CRH,2023-11-16,Hospitalisation de 3j pour décompensation diabétique. Bilan paraclinique réalisé. Comorbidités : 3. Patiente/confiant à la sortie. Suivi par médecin traitant.
CR-001037,SEJ-000794,CourrierSortant,2023-04-21,"Séjour de 3j. Motif : douleur thoracique. Survenue de complications de type infectieux. Recommandations : surveillance rapprochée, consultation de contrôle à 7j."
CR-001038,SEJ-000795,CRH,2024-05-27,"Patient admis pour insuffisance cardiaque décompensée. Antécédents : cardiopathie ischémique, dyslipidémie. Examen clinique d'entrée retrouvant un score de gravité de 11/30. Évolution favorable sous traitement. Sortie autorisée vers domicile."
CR-001039,SEJ-000796,CRH,2023-09-22,"Séjour de 3j. Motif : chute du sujet âgé. Survenue de complications . Recommandations : surveillance rapprochée, consultation de contrôle à 7j."
CR-001040,SEJ-000797,CRH,2023-10-31,Hospitalisation de 3j pour sepsis. Bilan paraclinique réalisé. Comorbidités : 1. Patiente/confiant à la sortie. Suivi par médecin traitant.
CR-001041,SEJ-000797,CourrierSortant,2024-01-16,Hospitalisation de 3j pour fracture du col du fémur. Bilan paraclinique réalisé. Comorbidités : 1. Patiente/confiant à la sortie. Suivi par médecin traitant.
CR-001042,SEJ-000798,CRH,2023-05-01,"Patient admis pour décompensation diabétique. Antécédents : BPCO, tabagisme actif. Examen clinique d'entrée retrouvant un score de gravité de 8/30. Évolution favorable sous traitement. Sortie autorisée vers transfert en soins continus."
CR-001043,SEJ-000799,CRH,2022-12-24,Hospitalisation de 13j pour insuffisance cardiaque décompensée. Bilan paraclinique réalisé. Comorbidités : 1. Patiente/confiant à la sortie. Suivi par médecin traitant.
CR-001044,SEJ-000800,CRH,2023-07-26,"Patient admis pour hémorragie digestive. Antécédents : cardiopathie ischémique, dyslipidémie. Examen clinique d'entrée retrouvant un score de gravité de 10/30. Évolution favorable sous traitement. Sortie autorisée vers transfert en soins continus."
CR-001045,SEJ-000801,CRH,2023-10-07,Patient admis pour chirurgie programmée. Antécédents : insuffisance rénale chronique. Examen clinique d'entrée retrouvant un score de gravité de 4/30. Évolution favorable sous traitement. Sortie autorisée vers EHPAD.
CR-001046,SEJ-000802,CRH,2024-03-18,Patient admis pour pneumopathie aiguë. Antécédents : insuffisance rénale chronique. Examen clinique d'entrée retrouvant un score de gravité de 2/30. Évolution favorable sous traitement. Sortie autorisée vers EHPAD.
CR-001047,SEJ-000803,CRH,2024-04-12,Hospitalisation de 12j pour chute du sujet âgé. Bilan paraclinique réalisé. Comorbidités : 1. Patiente/confiant à la sortie. Suivi par médecin traitant.
CR-001048,SEJ-000804,CRH,2024-03-03,"Séjour de 9j. Motif : chute du sujet âgé. Survenue de complications . Recommandations : surveillance rapprochée, consultation de contrôle à 7j."
CR-001049,SEJ-000804,CourrierSortant,2023-08-21,"Séjour de 9j. Motif : chirurgie programmée. Survenue de complications de type infectieux. Recommandations : surveillance rapprochée, consultation de contrôle à 7j."
CR-001050,SEJ-000805,CRH,2024-02-05,"Séjour de 4j. Motif : décompensation diabétique. Survenue de complications de type infectieux. Recommandations : surveillance rapprochée, consultation de contrôle à 7j."
CR-001051,SEJ-000805,NoteSoignante,2023-09-28,"Patient admis pour hémorragie digestive. Antécédents : BPCO, tabagisme actif. Examen clinique d'entrée retrouvant un score de gravité de 2/30. Évolution favorable sous traitement. Sortie autorisée vers domicile."
CR-001052,SEJ-000806,CRH,2023-09-10,Hospitalisation de 6j pour pneumopathie aiguë. Bilan paraclinique réalisé. Comorbidités : 1. Patiente/confiant à la sortie. Suivi par spécialiste de ville.
CR-001053,SEJ-000807,CRH,2023-10-16,Hospitalisation de 2j pour pneumopathie aiguë. Bilan paraclinique réalisé. Comorbidités : 1. Patiente/confiant à la sortie. Suivi par spécialiste de ville.
CR-001054,SEJ-000808,CRH,2023-04-27,Patient admis pour hémorragie digestive. Antécédents : aucun antécédent notable. Examen clinique d'entrée retrouvant un score de gravité de 5/30. Évolution favorable sous traitement. Sortie autorisée vers domicile.
CR-001055,SEJ-000809,CRH,2024-03-31,"Séjour de 4j. Motif : pneumopathie aiguë. Survenue de complications . Recommandations : surveillance rapprochée, consultation de contrôle à 7j."
CR-001056,SEJ-000810,CRH,2024-01-13,"Patient admis pour insuffisance cardiaque décompensée. Antécédents : cardiopathie ischémique, dyslipidémie. Examen clinique d'entrée retrouvant un score de gravité de 6/30. Évolution favorable sous traitement. Sortie autorisée vers EHPAD."
CR-001057,SEJ-000810,NoteSoignante,2023-10-10,"Patient admis pour pneumopathie aiguë. Antécédents : BPCO, tabagisme actif. Examen clinique d'entrée retrouvant un score de gravité de 6/30. Évolution favorable sous traitement. Sortie autorisée vers EHPAD."
CR-001058,SEJ-000811,CRH,2023-12-19,Hospitalisation de 16j pour insuffisance cardiaque décompensée. Bilan paraclinique réalisé. Comorbidités : 3. Patiente/confiant à la sortie. Suivi par médecin traitant.
CR-001059,SEJ-000812,CRH,2023-12-03,"Patient admis pour chute du sujet âgé. Antécédents : cardiopathie ischémique, dyslipidémie. Examen clinique d'entrée retrouvant un score de gravité de 2/30. Évolution favorable sous traitement. Sortie autorisée vers EHPAD."
CR-001060,SEJ-000813,CRH,2024-01-22,"Séjour de 6j. Motif : pneumopathie aiguë. Survenue de complications . Recommandations : surveillance rapprochée, consultation de contrôle à 7j."
CR-001061,SEJ-000813,NoteSoignante,2024-03-05,"Séjour de 6j. Motif : crise d'asthme sévère. Survenue de complications de type infectieux. Recommandations : surveillance rapprochée, consultation de contrôle à 7j."
CR-001062,SEJ-000814,CRH,2024-01-21,Patient admis pour pneumopathie aiguë. Antécédents : aucun antécédent notable. Examen clinique d'entrée retrouvant un score de gravité de 2/30. Évolution favorable sous traitement. Sortie autorisée vers domicile.
CR-001063,SEJ-000815,CRH,2024-02-07,Patient admis pour sepsis. Antécédents : insuffisance rénale chronique. Examen clinique d'entrée retrouvant un score de gravité de 17/30. Évolution favorable sous traitement. Sortie autorisée vers EHPAD.
CR-001064,SEJ-000816,CRH,2023-05-18,Patient admis pour décompensation diabétique. Antécédents : insuffisance rénale chronique. Examen clinique d'entrée retrouvant un score de gravité de 8/30. Évolution favorable sous traitement. Sortie autorisée vers transfert en soins continus.
CR-001065,SEJ-000816,CourrierSortant,2023-04-01,Patient admis pour chute du sujet âgé. Antécédents : aucun antécédent notable. Examen clinique d'entrée retrouvant un score de gravité de 8/30. Évolution favorable sous traitement. Sortie autorisée vers transfert en soins continus.
CR-001066,SEJ-000817,CRH,2024-04-07,Hospitalisation de 3j pour insuffisance cardiaque décompensée. Bilan paraclinique réalisé. Comorbidités : 4. Patiente/confiant à la sortie. Suivi par médecin traitant.
CR-001067,SEJ-000817,NoteSoignante,2024-02-22,Hospitalisation de 3j pour hémorragie digestive. Bilan paraclinique réalisé. Comorbidités : 4. Patiente/confiant à la sortie. Suivi par spécialiste de ville.
CR-001068,SEJ-000818,CRH,2023-05-26,Patient admis pour pneumopathie aiguë. Antécédents : insuffisance rénale chronique. Examen clinique d'entrée retrouvant un score de gravité de 14/30. Évolution favorable sous traitement. Sortie autorisée vers transfert en soins continus.
CR-001069,SEJ-000819,CRH,2023-08-16,"Patient admis pour décompensation diabétique. Antécédents : cardiopathie ischémique, dyslipidémie. Examen clinique d'entrée retrouvant un score de gravité de 6/30. Évolution favorable sous traitement. Sortie autorisée vers EHPAD."
CR-001070,SEJ-000820,CRH,2023-09-01,"Séjour de 11j. Motif : crise d'asthme sévère. Survenue de complications . Recommandations : surveillance rapprochée, consultation de contrôle à 7j."
CR-001071,SEJ-000821,CRH,2023-09-03,"Séjour de 8j. Motif : crise d'asthme sévère. Survenue de complications de type infectieux. Recommandations : surveillance rapprochée, consultation de contrôle à 7j."
CR-001072,SEJ-000822,CRH,2024-05-15,Hospitalisation de 7j pour insuffisance cardiaque décompensée. Bilan paraclinique réalisé. Comorbidités : 2. Patiente/confiant à la sortie. Suivi par médecin traitant.
CR-001073,SEJ-000823,CRH,2022-12-17,"Séjour de 3j. Motif : insuffisance cardiaque décompensée. Survenue de complications . Recommandations : surveillance rapprochée, consultation de contrôle à 7j."
CR-001074,SEJ-000823,NoteSoignante,2024-01-19,"Séjour de 3j. Motif : chirurgie programmée. Survenue de complications . Recommandations : surveillance rapprochée, consultation de contrôle à 7j."
CR-001075,SEJ-000824,CRH,2023-11-12,Hospitalisation de 2j pour fracture du col du fémur. Bilan paraclinique réalisé. Comorbidités : 1. Patiente/confiant à la sortie. Suivi par médecin traitant.
CR-001076,SEJ-000825,CRH,2023-12-30,Hospitalisation de 2j pour décompensation diabétique. Bilan paraclinique réalisé. Comorbidités : 1. Patiente/confiant à la sortie. Suivi par médecin traitant.
CR-001077,SEJ-000826,CRH,2023-07-12,"Séjour de 1j. Motif : chute du sujet âgé. Survenue de complications . Recommandations : surveillance rapprochée, consultation de contrôle à 7j."
CR-001078,SEJ-000827,CRH,2024-05-09,"Patient admis pour insuffisance cardiaque décompensée. Antécédents : BPCO, tabagisme actif. Examen clinique d'entrée retrouvant un score de gravité de 9/30. Évolution favorable sous traitement. Sortie autorisée vers domicile."
CR-001079,SEJ-000828,CRH,2023-05-01,Patient admis pour chirurgie programmée. Antécédents : aucun antécédent notable. Examen clinique d'entrée retrouvant un score de gravité de 8/30. Évolution favorable sous traitement. Sortie autorisée vers domicile.
CR-001080,SEJ-000829,CRH,2023-05-28,"Patient admis pour insuffisance cardiaque décompensée. Antécédents : BPCO, tabagisme actif. Examen clinique d'entrée retrouvant un score de gravité de 9/30. Évolution favorable sous traitement. Sortie autorisée vers domicile."
CR-001081,SEJ-000830,CRH,2023-04-15,Hospitalisation de 2j pour fracture du col du fémur. Bilan paraclinique réalisé. Comorbidités : 1. Patiente/confiant à la sortie. Suivi par médecin traitant.
CR-001082,SEJ-000831,CRH,2024-05-09,"Patient admis pour sepsis. Antécédents : BPCO, tabagisme actif. Examen clinique d'entrée retrouvant un score de gravité de 8/30. Évolution favorable sous traitement. Sortie autorisée vers domicile."
CR-001083,SEJ-000832,CRH,2023-05-31,"Patient admis pour hémorragie digestive. Antécédents : BPCO, tabagisme actif. Examen clinique d'entrée retrouvant un score de gravité de 0/30. Évolution favorable sous traitement. Sortie autorisée vers domicile."
CR-001084,SEJ-000832,CourrierSortant,2024-02-11,Hospitalisation de 3j pour crise d'asthme sévère. Bilan paraclinique réalisé. Comorbidités : 1. Patiente/confiant à la sortie. Suivi par médecin traitant.
CR-001085,SEJ-000833,CRH,2023-01-29,"Séjour de 2j. Motif : hémorragie digestive. Survenue de complications . Recommandations : surveillance rapprochée, consultation de contrôle à 7j."
CR-001086,SEJ-000834,CRH,2024-01-21,Patient admis pour insuffisance cardiaque décompensée. Antécédents : aucun antécédent notable. Examen clinique d'entrée retrouvant un score de gravité de 3/30. Évolution favorable sous traitement. Sortie autorisée vers transfert en soins continus.
CR-001087,SEJ-000835,CRH,2023-07-29,Hospitalisation de 13j pour décompensation diabétique. Bilan paraclinique réalisé. Comorbidités : 4. Patiente/confiant à la sortie. Suivi par médecin traitant.
CR-001088,SEJ-000835,CourrierSortant,2023-04-11,Hospitalisation de 13j pour insuffisance cardiaque décompensée. Bilan paraclinique réalisé. Comorbidités : 4. Patiente/confiant à la sortie. Suivi par médecin traitant.
CR-001089,SEJ-000836,CRH,2024-05-25,Hospitalisation de 8j pour insuffisance cardiaque décompensée. Bilan paraclinique réalisé. Comorbidités : 1. Patiente/confiant à la sortie. Suivi par médecin traitant.
CR-001090,SEJ-000837,CRH,2023-05-28,Hospitalisation de 4j pour chute du sujet âgé. Bilan paraclinique réalisé. Comorbidités : 1. Patiente/confiant à la sortie. Suivi par médecin traitant.
CR-001091,SEJ-000838,CRH,2024-04-19,"Séjour de 4j. Motif : fracture du col du fémur. Survenue de complications . Recommandations : surveillance rapprochée, consultation de contrôle à 7j."
CR-001092,SEJ-000839,CRH,2024-03-27,"Séjour de 5j. Motif : crise d'asthme sévère. Survenue de complications . Recommandations : surveillance rapprochée, consultation de contrôle à 7j."
CR-001093,SEJ-000840,CRH,2023-08-15,Patient admis pour fracture du col du fémur. Antécédents : aucun antécédent notable. Examen clinique d'entrée retrouvant un score de gravité de 4/30. Évolution favorable sous traitement. Sortie autorisée vers EHPAD.
CR-001094,SEJ-000841,CRH,2023-08-19,"Séjour de 3j. Motif : décompensation diabétique. Survenue de complications . Recommandations : surveillance rapprochée, consultation de contrôle à 7j."
CR-001095,SEJ-000842,CRH,2024-02-05,"Séjour de 11j. Motif : décompensation diabétique. Survenue de complications de type infectieux. Recommandations : surveillance rapprochée, consultation de contrôle à 7j."
CR-001096,SEJ-000843,CRH,2023-03-16,"Séjour de 7j. Motif : sepsis. Survenue de complications de type infectieux. Recommandations : surveillance rapprochée, consultation de contrôle à 7j."
CR-001097,SEJ-000844,CRH,2023-12-04,Hospitalisation de 3j pour chirurgie programmée. Bilan paraclinique réalisé. Comorbidités : 1. Patiente/confiant à la sortie. Suivi par spécialiste de ville.
CR-001098,SEJ-000844,NoteSoignante,2023-11-03,"Séjour de 3j. Motif : chute du sujet âgé. Survenue de complications de type infectieux. Recommandations : surveillance rapprochée, consultation de contrôle à 7j."
CR-001099,SEJ-000845,CRH,2023-10-04,Hospitalisation de 4j pour hémorragie digestive. Bilan paraclinique réalisé. Comorbidités : 1. Patiente/confiant à la sortie. Suivi par médecin traitant.
CR-001100,SEJ-000846,CRH,2023-12-14,"Patient admis pour pneumopathie aiguë. Antécédents : BPCO, tabagisme actif. Examen clinique d'entrée retrouvant un score de gravité de 7/30. Évolution favorable sous traitement. Sortie autorisée vers EHPAD."
CR-001101,SEJ-000847,CRH,2024-01-13,"Patient admis pour chute du sujet âgé. Antécédents : cardiopathie ischémique, dyslipidémie. Examen clinique d'entrée retrouvant un score de gravité de 5/30. Évolution favorable sous traitement. Sortie autorisée vers domicile."
CR-001102,SEJ-000848,CRH,2023-09-18,Hospitalisation de 2j pour pneumopathie aiguë. Bilan paraclinique réalisé. Comorbidités : 1. Patiente/confiant à la sortie. Suivi par médecin traitant.
CR-001103,SEJ-000849,CRH,2023-12-30,"Séjour de 6j. Motif : pneumopathie aiguë. Survenue de complications de type infectieux. Recommandations : surveillance rapprochée, consultation de contrôle à 7j."
CR-001104,SEJ-000850,CRH,2023-01-27,"Séjour de 3j. Motif : pneumopathie aiguë. Survenue de complications de type infectieux. Recommandations : surveillance rapprochée, consultation de contrôle à 7j."
CR-001105,SEJ-000851,CRH,2023-06-19,Hospitalisation de 4j pour douleur thoracique. Bilan paraclinique réalisé. Comorbidités : 1. Patiente/confiant à la sortie. Suivi par médecin traitant.
CR-001106,SEJ-000851,NoteSoignante,2023-12-11,"Séjour de 4j. Motif : crise d'asthme sévère. Survenue de complications . Recommandations : surveillance rapprochée, consultation de contrôle à 7j."
CR-001107,SEJ-000852,CRH,2023-10-16,Hospitalisation de 5j pour chute du sujet âgé. Bilan paraclinique réalisé. Comorbidités : 3. Patiente/confiant à la sortie. Suivi par médecin traitant.
CR-001108,SEJ-000852,CourrierSortant,2023-02-25,"Séjour de 5j. Motif : fracture du col du fémur. Survenue de complications de type infectieux. Recommandations : surveillance rapprochée, consultation de contrôle à 7j."
CR-001109,SEJ-000853,CRH,2023-07-13,"Séjour de 4j. Motif : sepsis. Survenue de complications de type infectieux. Recommandations : surveillance rapprochée, consultation de contrôle à 7j."
CR-001110,SEJ-000854,CRH,2024-04-14,"Patient admis pour sepsis. Antécédents : BPCO, tabagisme actif. Examen clinique d'entrée retrouvant un score de gravité de 2/30. Évolution favorable sous traitement. Sortie autorisée vers transfert en soins continus."
CR-001111,SEJ-000855,CRH,2022-12-22,"Patient admis pour hémorragie digestive. Antécédents : HTA, diabète type 2. Examen clinique d'entrée retrouvant un score de gravité de 1/30. Évolution favorable sous traitement. Sortie autorisée vers EHPAD."
CR-001112,SEJ-000856,CRH,2024-04-20,Hospitalisation de 3j pour pneumopathie aiguë. Bilan paraclinique réalisé. Comorbidités : 2. Patiente/confiant à la sortie. Suivi par médecin traitant.
CR-001113,SEJ-000857,CRH,2023-01-15,Hospitalisation de 1j pour insuffisance cardiaque décompensée. Bilan paraclinique réalisé. Comorbidités : 2. Patiente/confiant à la sortie. Suivi par médecin traitant.
CR-001114,SEJ-000858,CRH,2023-11-28,Hospitalisation de 7j pour insuffisance cardiaque décompensée. Bilan paraclinique réalisé. Comorbidités : 2. Patiente/confiant à la sortie. Suivi par médecin traitant.
CR-001115,SEJ-000859,CRH,2023-11-13,Hospitalisation de 15j pour chute du sujet âgé. Bilan paraclinique réalisé. Comorbidités : 2. Patiente/confiant à la sortie. Suivi par médecin traitant.
CR-001116,SEJ-000859,NoteSoignante,2023-03-04,"Séjour de 15j. Motif : décompensation diabétique. Survenue de complications de type infectieux. Recommandations : surveillance rapprochée, consultation de contrôle à 7j."
CR-001117,SEJ-000860,CRH,2023-12-25,"Patient admis pour insuffisance cardiaque décompensée. Antécédents : HTA, diabète type 2. Examen clinique d'entrée retrouvant un score de gravité de 5/30. Évolution favorable sous traitement. Sortie autorisée vers EHPAD."
CR-001118,SEJ-000860,NoteSoignante,2024-04-07,Hospitalisation de 5j pour fracture du col du fémur. Bilan paraclinique réalisé. Comorbidités : 1. Patiente/confiant à la sortie. Suivi par médecin traitant.
CR-001119,SEJ-000861,CRH,2023-06-06,"Séjour de 28j. Motif : pneumopathie aiguë. Survenue de complications . Recommandations : surveillance rapprochée, consultation de contrôle à 7j."
CR-001120,SEJ-000861,CourrierSortant,2023-09-03,"Séjour de 28j. Motif : chute du sujet âgé. Survenue de complications de type infectieux. Recommandations : surveillance rapprochée, consultation de contrôle à 7j."
CR-001121,SEJ-000862,CRH,2023-10-08,"Séjour de 7j. Motif : crise d'asthme sévère. Survenue de complications . Recommandations : surveillance rapprochée, consultation de contrôle à 7j."
CR-001122,SEJ-000862,NoteSoignante,2024-01-20,Hospitalisation de 7j pour crise d'asthme sévère. Bilan paraclinique réalisé. Comorbidités : 1. Patiente/confiant à la sortie. Suivi par médecin traitant.
CR-001123,SEJ-000863,CRH,2024-03-05,Hospitalisation de 3j pour crise d'asthme sévère. Bilan paraclinique réalisé. Comorbidités : 1. Patiente/confiant à la sortie. Suivi par médecin traitant.
CR-001124,SEJ-000863,NoteSoignante,2023-02-08,Hospitalisation de 3j pour chute du sujet âgé. Bilan paraclinique réalisé. Comorbidités : 1. Patiente/confiant à la sortie. Suivi par médecin traitant.
CR-001125,SEJ-000864,CRH,2023-01-15,"Séjour de 8j. Motif : chirurgie programmée. Survenue de complications . Recommandations : surveillance rapprochée, consultation de contrôle à 7j."
CR-001126,SEJ-000865,CRH,2024-02-09,"Patient admis pour chute du sujet âgé. Antécédents : cardiopathie ischémique, dyslipidémie. Examen clinique d'entrée retrouvant un score de gravité de 0/30. Évolution favorable sous traitement. Sortie autorisée vers transfert en soins continus."
CR-001127,SEJ-000865,NoteSoignante,2023-10-05,Hospitalisation de 6j pour sepsis. Bilan paraclinique réalisé. Comorbidités : 1. Patiente/confiant à la sortie. Suivi par médecin traitant.
CR-001128,SEJ-000866,CRH,2023-03-25,"Séjour de 3j. Motif : chute du sujet âgé. Survenue de complications . Recommandations : surveillance rapprochée, consultation de contrôle à 7j."
CR-001129,SEJ-000867,CRH,2024-04-17,Hospitalisation de 2j pour fracture du col du fémur. Bilan paraclinique réalisé. Comorbidités : 1. Patiente/confiant à la sortie. Suivi par médecin traitant.
CR-001130,SEJ-000868,CRH,2023-10-13,"Patient admis pour crise d'asthme sévère. Antécédents : cardiopathie ischémique, dyslipidémie. Examen clinique d'entrée retrouvant un score de gravité de 7/30. Évolution favorable sous traitement. Sortie autorisée vers transfert en soins continus."
CR-001131,SEJ-000869,CRH,2024-04-05,"Séjour de 3j. Motif : insuffisance cardiaque décompensée. Survenue de complications de type infectieux. Recommandations : surveillance rapprochée, consultation de contrôle à 7j."
CR-001132,SEJ-000869,NoteSoignante,2023-06-19,"Séjour de 3j. Motif : sepsis. Survenue de complications . Recommandations : surveillance rapprochée, consultation de contrôle à 7j."
CR-001133,SEJ-000870,CRH,2024-05-24,Hospitalisation de 15j pour décompensation diabétique. Bilan paraclinique réalisé. Comorbidités : 4. Patiente/confiant à la sortie. Suivi par médecin traitant.
CR-001134,SEJ-000871,CRH,2023-10-03,Patient admis pour pneumopathie aiguë. Antécédents : insuffisance rénale chronique. Examen clinique d'entrée retrouvant un score de gravité de 9/30. Évolution favorable sous traitement. Sortie autorisée vers transfert en soins continus.
CR-001135,SEJ-000871,NoteSoignante,2023-04-12,Hospitalisation de 3j pour chute du sujet âgé. Bilan paraclinique réalisé. Comorbidités : 1. Patiente/confiant à la sortie. Suivi par spécialiste de ville.
CR-001136,SEJ-000872,CRH,2023-01-25,Hospitalisation de 2j pour décompensation diabétique. Bilan paraclinique réalisé. Comorbidités : 1. Patiente/confiant à la sortie. Suivi par médecin traitant.
CR-001137,SEJ-000873,CRH,2024-05-23,Hospitalisation de 6j pour sepsis. Bilan paraclinique réalisé. Comorbidités : 1. Patiente/confiant à la sortie. Suivi par médecin traitant.
CR-001138,SEJ-000874,CRH,2024-03-24,"Séjour de 8j. Motif : pneumopathie aiguë. Survenue de complications . Recommandations : surveillance rapprochée, consultation de contrôle à 7j."
CR-001139,SEJ-000874,CourrierSortant,2023-08-29,"Séjour de 8j. Motif : décompensation diabétique. Survenue de complications . Recommandations : surveillance rapprochée, consultation de contrôle à 7j."
CR-001140,SEJ-000875,CRH,2023-07-04,Hospitalisation de 5j pour insuffisance cardiaque décompensée. Bilan paraclinique réalisé. Comorbidités : 1. Patiente/confiant à la sortie. Suivi par médecin traitant.
CR-001141,SEJ-000875,CourrierSortant,2023-05-03,"Séjour de 5j. Motif : décompensation diabétique. Survenue de complications . Recommandations : surveillance rapprochée, consultation de contrôle à 7j."
CR-001142,SEJ-000876,CRH,2023-05-30,"Patient admis pour chirurgie programmée. Antécédents : cardiopathie ischémique, dyslipidémie. Examen clinique d'entrée retrouvant un score de gravité de 3/30. Évolution favorable sous traitement. Sortie autorisée vers transfert en soins continus."
CR-001143,SEJ-000877,CRH,2023-02-21,"Séjour de 2j. Motif : douleur thoracique. Survenue de complications . Recommandations : surveillance rapprochée, consultation de contrôle à 7j."
CR-001144,SEJ-000878,CRH,2022-12-31,"Séjour de 11j. Motif : fracture du col du fémur. Survenue de complications . Recommandations : surveillance rapprochée, consultation de contrôle à 7j."
