PrescriptionID,PatientID,SejourID,CodeATC,LibelleMedicament,Posologie,DateDebut,DateFin,Voie
RX-000001,PAT-00001,SEJ-000001,N05,Psychotropes,1 SC/j,2023-09-01,,IV
RX-000002,PAT-00001,SEJ-000001,A02,Antiacides / IPP,1 IV x3/j,2023-09-01,2023-09-11,Orale
RX-000003,PAT-00001,SEJ-000001,A10,Antidiabétiques,1 patch/72h,2023-08-29,,IV
RX-000004,PAT-00001,SEJ-000001,H02,Corticoïdes,À la demande,2023-08-29,2023-09-04,Orale
RX-000005,PAT-00001,SEJ-000001,C01,Inotropes cardiaques,2 cp/j,2023-09-02,2023-09-10,Orale
RX-000006,PAT-00001,SEJ-000001,A02,Antiacides / IPP,2 cp/j,2023-08-31,2023-09-05,IV
RX-000007,PAT-00002,SEJ-000002,C07,Bêtabloquants,1 IV x3/j,2023-02-02,2023-02-06,Orale
RX-000008,PAT-00002,SEJ-000002,M01,Anti-inflammatoires,1 IV x3/j,2023-02-03,2023-02-16,Orale
RX-000009,PAT-00003,SEJ-000003,J01,Antibiotiques,500 mg x2/j,2023-07-14,2023-07-15,Sous-cutanee
RX-000010,PAT-00003,SEJ-000003,C01,Inotropes cardiaques,2 cp/j,2023-07-14,2023-07-19,Sous-cutanee
RX-000011,PAT-00003,SEJ-000003,N02,Analgésiques,1 cp/j,2023-07-13,2023-07-21,Orale
RX-000012,PAT-00004,SEJ-000004,J01,Antibiotiques,À la demande,2024-02-20,2024-03-02,Orale
RX-000013,PAT-00004,SEJ-000004,C09,Inhibiteurs de l'ECV,À la demande,2024-02-11,2024-02-15,Orale
RX-000014,PAT-00004,SEJ-000004,N05,Psychotropes,2 cp/j,2024-02-09,2024-02-10,IV
RX-000015,PAT-00004,SEJ-000004,A10,Antidiabétiques,1 patch/72h,2024-02-10,2024-02-21,Orale
RX-000016,PAT-00004,SEJ-000004,M01,Anti-inflammatoires,1 SC/j,2024-02-21,2024-02-24,Orale
RX-000017,PAT-00005,SEJ-000005,C07,Bêtabloquants,2 cp/j,2024-03-11,2024-03-14,Orale
RX-000018,PAT-00005,SEJ-000005,B01,Antithrombotiques,À la demande,2024-03-12,2024-03-20,Orale
RX-000019,PAT-00005,SEJ-000005,J01,Antibiotiques,1 cp/j,2024-03-12,2024-03-21,IV
RX-000020,PAT-00005,SEJ-000006,J01,Antibiotiques,À la demande,2023-05-30,2023-06-01,IV
RX-000021,PAT-00005,SEJ-000006,N02,Analgésiques,500 mg x2/j,2023-05-31,2023-06-03,Orale
RX-000022,PAT-00005,SEJ-000006,A10,Antidiabétiques,1 patch/72h,2023-06-01,2023-06-12,Orale
RX-000023,PAT-00005,SEJ-000006,C03,Diurétiques,500 mg x2/j,2023-05-30,2023-06-07,Orale
RX-000024,PAT-00005,SEJ-000006,A02,Antiacides / IPP,1 cp/j,2023-05-30,2023-06-04,Sous-cutanee
RX-000025,PAT-00006,SEJ-000007,M01,Anti-inflammatoires,2 cp/j,2023-10-24,2023-10-30,Orale
RX-000026,PAT-00006,SEJ-000007,J01,Antibiotiques,2 cp/j,2023-10-25,,Orale
RX-000027,PAT-00006,SEJ-000007,C01,Inotropes cardiaques,1 patch/72h,2023-10-24,2023-10-28,Orale
RX-000028,PAT-00006,SEJ-000007,N05,Psychotropes,1 SC/j,2023-10-24,2023-10-30,Orale
RX-000029,PAT-00007,SEJ-000008,C03,Diurétiques,À la demande,2023-04-24,2023-05-02,Sous-cutanee
RX-000030,PAT-00007,SEJ-000008,A10,Antidiabétiques,2 cp/j,2023-04-25,2023-05-03,Orale
RX-000031,PAT-00007,SEJ-000008,C03,Diurétiques,1 IV x3/j,2023-04-20,,IV
RX-000032,PAT-00008,SEJ-000009,H02,Corticoïdes,À la demande,2023-10-23,2023-11-02,IV
RX-000033,PAT-00008,SEJ-000009,N02,Analgésiques,1 IV x3/j,2023-10-27,2023-11-04,Orale
RX-000034,PAT-00008,SEJ-000009,C01,Inotropes cardiaques,1 cp/j,2023-10-27,,Orale
RX-000035,PAT-00008,SEJ-000009,A02,Antiacides / IPP,500 mg x2/j,2023-10-23,2023-11-04,IV
RX-000036,PAT-00008,SEJ-000009,H02,Corticoïdes,À la demande,2023-10-25,2023-11-05,Orale
RX-000037,PAT-00009,SEJ-000010,C03,Diurétiques,1 SC/j,2023-01-31,2023-02-03,IV
RX-000038,PAT-00009,SEJ-000010,B01,Antithrombotiques,1 SC/j,2023-01-31,2023-02-09,IV
RX-000039,PAT-00009,SEJ-000010,M01,Anti-inflammatoires,À la demande,2023-01-31,2023-02-05,IV
RX-000040,PAT-00009,SEJ-000010,B01,Antithrombotiques,1 IV x3/j,2023-01-31,,Orale
RX-000041,PAT-00009,SEJ-000010,J01,Antibiotiques,1 SC/j,2023-01-31,2023-02-11,Orale
RX-000042,PAT-00009,SEJ-000010,H02,Corticoïdes,À la demande,2023-01-31,2023-02-10,Orale
RX-000043,PAT-00010,SEJ-000011,C09,Inhibiteurs de l'ECV,1 cp/j,2024-05-07,2024-05-19,IV
RX-000044,PAT-00010,SEJ-000011,A02,Antiacides / IPP,1 IV x3/j,2024-05-07,2024-05-08,Orale
RX-000045,PAT-00010,SEJ-000011,B01,Antithrombotiques,1 patch/72h,2024-05-07,2024-05-20,IV
RX-000046,PAT-00010,SEJ-000011,B01,Antithrombotiques,1 IV x3/j,2024-05-06,,IV
RX-000047,PAT-00010,SEJ-000011,M01,Anti-inflammatoires,2 cp/j,2024-05-07,2024-05-17,Orale
RX-000048,PAT-00010,SEJ-000011,C03,Diurétiques,1 patch/72h,2024-05-09,2024-05-11,IV
RX-000049,PAT-00011,SEJ-000012,C09,Inhibiteurs de l'ECV,2 cp/j,2023-12-27,2024-01-01,Orale
RX-000050,PAT-00011,SEJ-000012,A02,Antiacides / IPP,500 mg x2/j,2023-12-29,2024-01-09,Orale
RX-000051,PAT-00011,SEJ-000012,C07,Bêtabloquants,1 SC/j,2023-12-25,2024-01-02,Orale
RX-000052,PAT-00012,SEJ-000013,A02,Antiacides / IPP,2 cp/j,2024-04-19,2024-05-02,Orale
RX-000053,PAT-00012,SEJ-000013,H02,Corticoïdes,À la demande,2024-04-15,2024-04-22,Orale
RX-000054,PAT-00012,SEJ-000013,N02,Analgésiques,2 cp/j,2024-04-19,2024-04-23,Orale
RX-000055,PAT-00012,SEJ-000013,H02,Corticoïdes,500 mg x2/j,2024-04-15,2024-04-25,Orale
RX-000056,PAT-00012,SEJ-000013,J01,Antibiotiques,1 patch/72h,2024-04-22,2024-04-26,Orale
RX-000057,PAT-00013,SEJ-000014,M01,Anti-inflammatoires,1 SC/j,2023-08-29,,Orale
RX-000058,PAT-00014,SEJ-000015,A10,Antidiabétiques,2 cp/j,2024-03-26,2024-03-30,Orale
RX-000059,PAT-00014,SEJ-000015,M01,Anti-inflammatoires,1 SC/j,2024-03-27,2024-04-02,Orale
RX-000060,PAT-00014,SEJ-000015,C07,Bêtabloquants,500 mg x2/j,2024-03-26,2024-04-04,Orale
RX-000061,PAT-00014,SEJ-000015,C07,Bêtabloquants,1 cp/j,2024-03-27,2024-04-05,Orale
RX-000062,PAT-00014,SEJ-000015,A10,Antidiabétiques,À la demande,2024-03-26,,Orale
RX-000063,PAT-00014,SEJ-000015,N05,Psychotropes,1 SC/j,2024-03-27,2024-04-04,Orale
RX-000064,PAT-00015,SEJ-000016,A10,Antidiabétiques,2 cp/j,2023-04-11,,IV
RX-000065,PAT-00015,SEJ-000016,B01,Antithrombotiques,2 cp/j,2023-04-12,2023-04-19,Orale
RX-000066,PAT-00015,SEJ-000016,N02,Analgésiques,1 IV x3/j,2023-04-12,2023-04-15,Orale
RX-000067,PAT-00015,SEJ-000016,J01,Antibiotiques,1 SC/j,2023-04-11,2023-04-21,Sous-cutanee
RX-000068,PAT-00015,SEJ-000016,C07,Bêtabloquants,1 cp/j,2023-04-12,2023-04-20,Orale
RX-000069,PAT-00016,SEJ-000017,N02,Analgésiques,1 IV x3/j,2024-03-15,2024-03-19,Sous-cutanee
RX-000070,PAT-00016,SEJ-000017,A10,Antidiabétiques,1 patch/72h,2024-03-14,2024-03-17,Sous-cutanee
RX-000071,PAT-00016,SEJ-000017,N02,Analgésiques,1 cp/j,2024-03-13,2024-03-23,Orale
RX-000072,PAT-00016,SEJ-000017,M01,Anti-inflammatoires,1 IV x3/j,2024-03-16,2024-03-27,Orale
RX-000073,PAT-00016,SEJ-000017,C07,Bêtabloquants,1 patch/72h,2024-03-15,2024-03-25,IV
RX-000074,PAT-00016,SEJ-000017,A10,Antidiabétiques,1 patch/72h,2024-03-13,2024-03-24,Orale
RX-000075,PAT-00017,SEJ-000018,H02,Corticoïdes,1 cp/j,2023-12-05,2023-12-16,Orale
RX-000076,PAT-00017,SEJ-000018,H02,Corticoïdes,500 mg x2/j,2023-12-04,,IV
RX-000077,PAT-00017,SEJ-000019,A10,Antidiabétiques,À la demande,2023-07-30,2023-08-11,Orale
RX-000078,PAT-00017,SEJ-000019,C09,Inhibiteurs de l'ECV,1 SC/j,2023-07-27,2023-08-04,Orale
RX-000079,PAT-00017,SEJ-000019,N02,Analgésiques,1 SC/j,2023-07-29,,Orale
RX-000080,PAT-00018,SEJ-000020,H02,Corticoïdes,1 SC/j,2023-11-16,2023-11-26,Orale
RX-000081,PAT-00018,SEJ-000020,B01,Antithrombotiques,À la demande,2023-11-21,,Orale
RX-000082,PAT-00018,SEJ-000020,J01,Antibiotiques,2 cp/j,2023-11-18,,IV
RX-000083,PAT-00019,SEJ-000021,A02,Antiacides / IPP,1 IV x3/j,2023-08-02,2023-08-14,Orale
RX-000084,PAT-00019,SEJ-000021,C03,Diurétiques,2 cp/j,2023-07-30,2023-08-11,Orale
RX-000085,PAT-00019,SEJ-000021,B01,Antithrombotiques,À la demande,2023-08-02,2023-08-05,Sous-cutanee
RX-000086,PAT-00019,SEJ-000022,C03,Diurétiques,500 mg x2/j,2023-03-05,,Orale
RX-000087,PAT-00019,SEJ-000022,A02,Antiacides / IPP,1 SC/j,2023-03-03,2023-03-05,IV
RX-000088,PAT-00019,SEJ-000022,C03,Diurétiques,1 cp/j,2023-03-06,,Orale
RX-000089,PAT-00019,SEJ-000022,M01,Anti-inflammatoires,À la demande,2023-03-06,2023-03-13,IV
RX-000090,PAT-00019,SEJ-000022,C07,Bêtabloquants,500 mg x2/j,2023-03-04,2023-03-06,Orale
RX-000091,PAT-00019,SEJ-000022,J01,Antibiotiques,1 patch/72h,2023-03-06,2023-03-14,Orale
RX-000092,PAT-00019,SEJ-000022,B01,Antithrombotiques,1 patch/72h,2023-03-04,2023-03-05,Orale
RX-000093,PAT-00019,SEJ-000023,C03,Diurétiques,500 mg x2/j,2024-01-02,2024-01-09,Orale
RX-000094,PAT-00019,SEJ-000023,A02,Antiacides / IPP,1 SC/j,2024-01-02,2024-01-07,Orale
RX-000095,PAT-00019,SEJ-000023,M01,Anti-inflammatoires,2 cp/j,2024-01-02,2024-01-15,Orale
RX-000096,PAT-00020,SEJ-000024,C09,Inhibiteurs de l'ECV,1 IV x3/j,2023-10-23,,Orale
RX-000097,PAT-00020,SEJ-000024,N02,Analgésiques,1 IV x3/j,2023-10-24,2023-10-30,IV
RX-000098,PAT-00020,SEJ-000024,J01,Antibiotiques,1 SC/j,2023-10-20,2023-10-24,Orale
RX-000099,PAT-00020,SEJ-000024,A02,Antiacides / IPP,1 cp/j,2023-10-15,2023-10-25,Orale
RX-000100,PAT-00020,SEJ-000024,N05,Psychotropes,1 patch/72h,2023-10-24,2023-11-03,Orale
RX-000101,PAT-00020,SEJ-000024,C01,Inotropes cardiaques,À la demande,2023-10-23,2023-10-26,Orale
RX-000102,PAT-00021,SEJ-000025,A10,Antidiabétiques,500 mg x2/j,2023-12-09,2023-12-19,Sous-cutanee
RX-000103,PAT-00021,SEJ-000025,A02,Antiacides / IPP,500 mg x2/j,2023-12-09,,Orale
RX-000104,PAT-00021,SEJ-000025,C09,Inhibiteurs de l'ECV,1 patch/72h,2023-12-09,2023-12-21,Sous-cutanee
RX-000105,PAT-00021,SEJ-000025,H02,Corticoïdes,À la demande,2023-12-09,2023-12-21,Orale
RX-000106,PAT-00022,SEJ-000026,M01,Anti-inflammatoires,1 IV x3/j,2023-02-28,2023-03-10,IV
RX-000107,PAT-00022,SEJ-000026,A02,Antiacides / IPP,1 IV x3/j,2023-02-28,2023-03-04,Orale
RX-000108,PAT-00022,SEJ-000026,B01,Antithrombotiques,2 cp/j,2023-02-27,,Orale
RX-000109,PAT-00022,SEJ-000026,C03,Diurétiques,2 cp/j,2023-03-01,,IV
RX-000110,PAT-00023,SEJ-000027,A02,Antiacides / IPP,1 patch/72h,2024-01-05,2024-01-14,Orale
RX-000111,PAT-00023,SEJ-000027,A10,Antidiabétiques,1 cp/j,2024-01-04,2024-01-12,Sous-cutanee
RX-000112,PAT-00023,SEJ-000027,B01,Antithrombotiques,500 mg x2/j,2024-01-04,2024-01-13,Orale
RX-000113,PAT-00023,SEJ-000027,C03,Diurétiques,500 mg x2/j,2024-01-02,,Orale
RX-000114,PAT-00023,SEJ-000027,C01,Inotropes cardiaques,2 cp/j,2024-01-03,,Orale
RX-000115,PAT-00023,SEJ-000027,H02,Corticoïdes,À la demande,2024-01-05,2024-01-07,Orale
RX-000116,PAT-00023,SEJ-000027,N02,Analgésiques,1 patch/72h,2024-01-05,2024-01-12,Orale
RX-000117,PAT-00023,SEJ-000027,A02,Antiacides / IPP,1 SC/j,2024-01-01,,Orale
RX-000118,PAT-00023,SEJ-000028,C09,Inhibiteurs de l'ECV,1 SC/j,2023-04-26,2023-05-05,Sous-cutanee
RX-000119,PAT-00023,SEJ-000028,C01,Inotropes cardiaques,1 patch/72h,2023-04-24,2023-05-01,IV
RX-000120,PAT-00024,SEJ-000029,N05,Psychotropes,1 cp/j,2023-11-12,,Orale
RX-000121,PAT-00024,SEJ-000029,N02,Analgésiques,1 IV x3/j,2023-11-14,2023-11-17,Sous-cutanee
RX-000122,PAT-00024,SEJ-000029,C01,Inotropes cardiaques,1 SC/j,2023-11-14,2023-11-18,Orale
RX-000123,PAT-00024,SEJ-000029,A02,Antiacides / IPP,À la demande,2023-11-15,2023-11-23,Orale
RX-000124,PAT-00025,SEJ-000030,H02,Corticoïdes,2 cp/j,2023-11-06,2023-11-09,Orale
RX-000125,PAT-00025,SEJ-000030,A02,Antiacides / IPP,À la demande,2023-11-06,2023-11-08,Orale
RX-000126,PAT-00025,SEJ-000030,M01,Anti-inflammatoires,1 SC/j,2023-11-04,,Orale
RX-000127,PAT-00025,SEJ-000030,B01,Antithrombotiques,1 cp/j,2023-11-04,2023-11-06,Sous-cutanee
RX-000128,PAT-00025,SEJ-000030,C09,Inhibiteurs de l'ECV,1 cp/j,2023-11-04,2023-11-11,Orale
RX-000129,PAT-00025,SEJ-000030,M01,Anti-inflammatoires,500 mg x2/j,2023-11-04,2023-11-16,Sous-cutanee
RX-000130,PAT-00025,SEJ-000030,N02,Analgésiques,1 cp/j,2023-11-06,,Orale
RX-000131,PAT-00025,SEJ-000031,N02,Analgésiques,1 SC/j,2023-08-23,2023-08-31,Orale
RX-000132,PAT-00025,SEJ-000031,C07,Bêtabloquants,500 mg x2/j,2023-08-24,2023-08-29,Orale
RX-000133,PAT-00026,SEJ-000032,C03,Diurétiques,1 IV x3/j,2023-04-21,2023-04-29,Orale
RX-000134,PAT-00026,SEJ-000032,C01,Inotropes cardiaques,1 patch/72h,2023-04-19,,Orale
RX-000135,PAT-00026,SEJ-000032,C09,Inhibiteurs de l'ECV,1 patch/72h,2023-04-19,2023-04-20,Orale
RX-000136,PAT-00026,SEJ-000032,J01,Antibiotiques,À la demande,2023-04-22,2023-04-28,Orale
RX-000137,PAT-00027,SEJ-000033,C09,Inhibiteurs de l'ECV,500 mg x2/j,2023-07-28,2023-08-02,Sous-cutanee
RX-000138,PAT-00027,SEJ-000033,N05,Psychotropes,1 cp/j,2023-07-28,2023-08-04,Orale
RX-000139,PAT-00027,SEJ-000034,A10,Antidiabétiques,1 IV x3/j,2024-01-30,2024-02-03,IV
RX-000140,PAT-00028,SEJ-000035,B01,Antithrombotiques,500 mg x2/j,2024-01-24,2024-02-05,Orale
RX-000141,PAT-00028,SEJ-000035,N02,Analgésiques,1 IV x3/j,2024-01-23,,Orale
RX-000142,PAT-00028,SEJ-000035,N05,Psychotropes,1 patch/72h,2024-01-22,2024-02-02,Orale
RX-000143,PAT-00028,SEJ-000035,H02,Corticoïdes,2 cp/j,2024-01-23,2024-02-05,Orale
RX-000144,PAT-00028,SEJ-000035,C03,Diurétiques,À la demande,2024-01-25,2024-02-07,Orale
RX-000145,PAT-00029,SEJ-000036,C09,Inhibiteurs de l'ECV,1 cp/j,2023-08-21,2023-09-03,Sous-cutanee
RX-000146,PAT-00029,SEJ-000036,A02,Antiacides / IPP,1 SC/j,2023-08-25,2023-08-29,Orale
RX-000147,PAT-00029,SEJ-000036,A02,Antiacides / IPP,1 IV x3/j,2023-08-22,2023-08-24,Orale
RX-000148,PAT-00030,SEJ-000037,C03,Diurétiques,1 cp/j,2023-03-26,2023-03-27,Orale
RX-000149,PAT-00030,SEJ-000037,A10,Antidiabétiques,À la demande,2023-03-26,2023-04-02,Orale
RX-000150,PAT-00030,SEJ-000037,C09,Inhibiteurs de l'ECV,1 patch/72h,2023-03-25,2023-04-06,IV
RX-000151,PAT-00031,SEJ-000038,N02,Analgésiques,1 cp/j,2023-04-19,2023-04-22,Orale
RX-000152,PAT-00031,SEJ-000038,C07,Bêtabloquants,500 mg x2/j,2023-04-16,,Orale
RX-000153,PAT-00031,SEJ-000038,C09,Inhibiteurs de l'ECV,1 IV x3/j,2023-04-10,,Sous-cutanee
RX-000154,PAT-00031,SEJ-000038,N02,Analgésiques,1 cp/j,2023-04-19,2023-04-22,IV
RX-000155,PAT-00031,SEJ-000038,C07,Bêtabloquants,1 SC/j,2023-04-15,2023-04-17,Sous-cutanee
RX-000156,PAT-00031,SEJ-000038,N05,Psychotropes,500 mg x2/j,2023-04-17,,IV
RX-000157,PAT-00031,SEJ-000038,J01,Antibiotiques,1 SC/j,2023-04-17,2023-04-18,Orale
RX-000158,PAT-00031,SEJ-000038,A10,Antidiabétiques,1 SC/j,2023-04-18,2023-05-01,IV
RX-000159,PAT-00032,SEJ-000039,C03,Diurétiques,1 cp/j,2023-02-14,,Sous-cutanee
RX-000160,PAT-00032,SEJ-000039,C01,Inotropes cardiaques,1 IV x3/j,2023-02-15,,Sous-cutanee
RX-000161,PAT-00032,SEJ-000039,C01,Inotropes cardiaques,1 SC/j,2023-02-16,2023-02-17,Orale
RX-000162,PAT-00032,SEJ-000039,C09,Inhibiteurs de l'ECV,2 cp/j,2023-02-21,,Orale
RX-000163,PAT-00032,SEJ-000039,J01,Antibiotiques,À la demande,2023-02-15,,Orale
RX-000164,PAT-00032,SEJ-000039,A10,Antidiabétiques,500 mg x2/j,2023-02-20,2023-03-03,Orale
RX-000165,PAT-00032,SEJ-000039,C07,Bêtabloquants,2 cp/j,2023-02-15,2023-02-21,IV
RX-000166,PAT-00032,SEJ-000039,A02,Antiacides / IPP,À la demande,2023-02-20,2023-02-28,Orale
RX-000167,PAT-00032,SEJ-000039,N02,Analgésiques,À la demande,2023-02-19,,Orale
RX-000168,PAT-00033,SEJ-000040,C01,Inotropes cardiaques,À la demande,2023-03-08,2023-03-18,Orale
RX-000169,PAT-00033,SEJ-000040,M01,Anti-inflammatoires,1 SC/j,2023-03-13,2023-03-16,IV
RX-000170,PAT-00034,SEJ-000041,C03,Diurétiques,2 cp/j,2022-12-19,2022-12-29,Orale
RX-000171,PAT-00034,SEJ-000041,N02,Analgésiques,1 cp/j,2022-12-22,2022-12-31,Orale
RX-000172,PAT-00034,SEJ-000041,M01,Anti-inflammatoires,1 IV x3/j,2022-12-17,2022-12-26,Orale
RX-000173,PAT-00034,SEJ-000041,C07,Bêtabloquants,À la demande,2022-12-21,2022-12-30,Orale
RX-000174,PAT-00034,SEJ-000041,C07,Bêtabloquants,1 IV x3/j,2022-12-18,,Orale
RX-000175,PAT-00034,SEJ-000041,H02,Corticoïdes,1 cp/j,2022-12-20,,Sous-cutanee
RX-000176,PAT-00034,SEJ-000041,J01,Antibiotiques,1 cp/j,2022-12-18,2022-12-20,IV
RX-000177,PAT-00035,SEJ-000042,M01,Anti-inflammatoires,500 mg x2/j,2024-03-14,,Orale
RX-000178,PAT-00035,SEJ-000042,C07,Bêtabloquants,1 SC/j,2024-03-15,,Orale
RX-000179,PAT-00035,SEJ-000042,C07,Bêtabloquants,À la demande,2024-03-17,2024-03-18,Orale
RX-000180,PAT-00036,SEJ-000043,C07,Bêtabloquants,500 mg x2/j,2024-05-06,2024-05-08,Orale
RX-000181,PAT-00036,SEJ-000043,N02,Analgésiques,1 IV x3/j,2024-05-10,2024-05-20,Orale
RX-000182,PAT-00036,SEJ-000043,C03,Diurétiques,1 patch/72h,2024-05-07,2024-05-14,Orale
RX-000183,PAT-00036,SEJ-000043,A02,Antiacides / IPP,1 cp/j,2024-05-08,2024-05-20,Orale
RX-000184,PAT-00036,SEJ-000043,H02,Corticoïdes,1 cp/j,2024-05-07,2024-05-14,IV
RX-000185,PAT-00036,SEJ-000043,J01,Antibiotiques,1 SC/j,2024-05-10,2024-05-12,IV
RX-000186,PAT-00036,SEJ-000043,C03,Diurétiques,1 SC/j,2024-05-09,,IV
RX-000187,PAT-00036,SEJ-000043,N02,Analgésiques,1 cp/j,2024-05-08,,Orale
RX-000188,PAT-00037,SEJ-000044,A10,Antidiabétiques,À la demande,2023-02-27,,Orale
RX-000189,PAT-00037,SEJ-000044,A02,Antiacides / IPP,1 cp/j,2023-02-26,,Orale
RX-000190,PAT-00037,SEJ-000044,B01,Antithrombotiques,1 patch/72h,2023-02-26,2023-03-06,Orale
RX-000191,PAT-00037,SEJ-000044,A02,Antiacides / IPP,1 cp/j,2023-03-01,2023-03-13,Orale
RX-000192,PAT-00038,SEJ-000045,C03,Diurétiques,1 IV x3/j,2024-04-30,2024-05-07,Orale
RX-000193,PAT-00038,SEJ-000045,C03,Diurétiques,1 SC/j,2024-05-01,,Orale
RX-000194,PAT-00038,SEJ-000045,H02,Corticoïdes,2 cp/j,2024-04-30,,Orale
RX-000195,PAT-00038,SEJ-000045,B01,Antithrombotiques,1 SC/j,2024-05-01,2024-05-04,Orale
RX-000196,PAT-00038,SEJ-000045,H02,Corticoïdes,1 patch/72h,2024-05-01,2024-05-14,Orale
RX-000197,PAT-00038,SEJ-000045,H02,Corticoïdes,2 cp/j,2024-05-01,2024-05-08,Orale
RX-000198,PAT-00038,SEJ-000045,B01,Antithrombotiques,1 patch/72h,2024-04-30,2024-05-07,Orale
RX-000199,PAT-00038,SEJ-000045,A02,Antiacides / IPP,500 mg x2/j,2024-04-30,,Orale
RX-000200,PAT-00038,SEJ-000045,J01,Antibiotiques,500 mg x2/j,2024-04-30,,IV
RX-000201,PAT-00038,SEJ-000045,N02,Analgésiques,2 cp/j,2024-05-01,,IV
RX-000202,PAT-00039,SEJ-000046,C01,Inotropes cardiaques,1 patch/72h,2023-08-10,,Orale
RX-000203,PAT-00039,SEJ-000046,J01,Antibiotiques,2 cp/j,2023-08-13,,Orale
RX-000204,PAT-00039,SEJ-000046,C07,Bêtabloquants,2 cp/j,2023-08-11,,IV
RX-000205,PAT-00039,SEJ-000046,C01,Inotropes cardiaques,À la demande,2023-08-13,2023-08-25,Orale
RX-000206,PAT-00040,SEJ-000047,A02,Antiacides / IPP,À la demande,2023-07-18,2023-07-29,Orale
RX-000207,PAT-00040,SEJ-000047,B01,Antithrombotiques,2 cp/j,2023-07-14,2023-07-17,Orale
RX-000208,PAT-00040,SEJ-000047,M01,Anti-inflammatoires,À la demande,2023-07-14,2023-07-25,Orale
RX-000209,PAT-00040,SEJ-000047,M01,Anti-inflammatoires,À la demande,2023-07-16,,Sous-cutanee
RX-000210,PAT-00040,SEJ-000047,B01,Antithrombotiques,500 mg x2/j,2023-07-13,2023-07-17,Orale
RX-000211,PAT-00040,SEJ-000047,C01,Inotropes cardiaques,1 IV x3/j,2023-07-13,2023-07-14,Orale
RX-000212,PAT-00040,SEJ-000048,C01,Inotropes cardiaques,1 SC/j,2024-04-18,2024-04-20,Orale
RX-000213,PAT-00040,SEJ-000048,C07,Bêtabloquants,2 cp/j,2024-04-17,2024-04-18,Orale
RX-000214,PAT-00040,SEJ-000049,N02,Analgésiques,1 IV x3/j,2023-07-08,2023-07-13,Orale
RX-000215,PAT-00040,SEJ-000049,N05,Psychotropes,1 IV x3/j,2023-07-16,2023-07-26,IV
RX-000216,PAT-00041,SEJ-000050,H02,Corticoïdes,2 cp/j,2023-05-09,2023-05-17,Orale
RX-000217,PAT-00041,SEJ-000050,A10,Antidiabétiques,1 SC/j,2023-05-09,2023-05-13,Orale
RX-000218,PAT-00041,SEJ-000050,C03,Diurétiques,1 IV x3/j,2023-05-09,,IV
RX-000219,PAT-00041,SEJ-000050,C07,Bêtabloquants,1 cp/j,2023-05-08,2023-05-20,Orale
RX-000220,PAT-00041,SEJ-000051,C09,Inhibiteurs de l'ECV,500 mg x2/j,2023-10-06,,IV
RX-000221,PAT-00041,SEJ-000051,B01,Antithrombotiques,1 patch/72h,2023-10-06,2023-10-10,Sous-cutanee
RX-000222,PAT-00041,SEJ-000051,B01,Antithrombotiques,2 cp/j,2023-10-06,,Orale
RX-000223,PAT-00042,SEJ-000052,H02,Corticoïdes,À la demande,2024-04-14,,IV
RX-000224,PAT-00042,SEJ-000052,A02,Antiacides / IPP,À la demande,2024-04-13,2024-04-23,IV
RX-000225,PAT-00042,SEJ-000052,B01,Antithrombotiques,1 SC/j,2024-04-14,2024-04-18,Orale
RX-000226,PAT-00043,SEJ-000053,C09,Inhibiteurs de l'ECV,500 mg x2/j,2023-02-06,,Orale
RX-000227,PAT-00043,SEJ-000053,B01,Antithrombotiques,2 cp/j,2023-02-03,2023-02-13,Orale
RX-000228,PAT-00043,SEJ-000053,A02,Antiacides / IPP,2 cp/j,2023-02-05,2023-02-08,IV
RX-000229,PAT-00043,SEJ-000053,C09,Inhibiteurs de l'ECV,1 cp/j,2023-02-09,2023-02-17,Orale
RX-000230,PAT-00043,SEJ-000053,M01,Anti-inflammatoires,1 patch/72h,2023-02-12,,Orale
RX-000231,PAT-00043,SEJ-000053,C07,Bêtabloquants,1 SC/j,2023-02-06,,IV
RX-000232,PAT-00044,SEJ-000054,A10,Antidiabétiques,1 IV x3/j,2023-09-14,,Orale
RX-000233,PAT-00044,SEJ-000054,C09,Inhibiteurs de l'ECV,2 cp/j,2023-09-14,2023-09-20,Orale
RX-000234,PAT-00044,SEJ-000054,N05,Psychotropes,2 cp/j,2023-09-13,2023-09-14,IV
RX-000235,PAT-00045,SEJ-000055,C07,Bêtabloquants,1 cp/j,2024-02-07,2024-02-17,Sous-cutanee
RX-000236,PAT-00046,SEJ-000056,C03,Diurétiques,2 cp/j,2022-12-29,2023-01-06,Orale
RX-000237,PAT-00046,SEJ-000056,C01,Inotropes cardiaques,1 cp/j,2022-12-31,2023-01-07,Sous-cutanee
RX-000238,PAT-00046,SEJ-000057,C07,Bêtabloquants,1 cp/j,2023-06-07,2023-06-12,Orale
RX-000239,PAT-00046,SEJ-000057,C07,Bêtabloquants,500 mg x2/j,2023-06-04,2023-06-12,Sous-cutanee
RX-000240,PAT-00046,SEJ-000057,A10,Antidiabétiques,2 cp/j,2023-06-06,2023-06-16,IV
RX-000241,PAT-00046,SEJ-000057,N02,Analgésiques,2 cp/j,2023-06-07,2023-06-08,Orale
RX-000242,PAT-00046,SEJ-000057,C07,Bêtabloquants,À la demande,2023-06-04,2023-06-10,Sous-cutanee
RX-000243,PAT-00046,SEJ-000057,M01,Anti-inflammatoires,2 cp/j,2023-06-04,2023-06-13,Orale
RX-000244,PAT-00046,SEJ-000057,N05,Psychotropes,1 cp/j,2023-06-05,2023-06-11,Orale
RX-000245,PAT-00046,SEJ-000057,N02,Analgésiques,1 SC/j,2023-06-05,2023-06-15,Orale
RX-000246,PAT-00046,SEJ-000057,C03,Diurétiques,1 SC/j,2023-06-05,2023-06-09,Orale
RX-000247,PAT-00047,SEJ-000058,H02,Corticoïdes,2 cp/j,2023-12-01,2023-12-06,Orale
RX-000248,PAT-00047,SEJ-000058,B01,Antithrombotiques,1 IV x3/j,2023-11-29,2023-12-12,IV
RX-000249,PAT-00047,SEJ-000058,C07,Bêtabloquants,2 cp/j,2023-12-01,2023-12-03,Orale
RX-000250,PAT-00047,SEJ-000058,H02,Corticoïdes,1 SC/j,2023-12-01,,Orale
RX-000251,PAT-00047,SEJ-000059,J01,Antibiotiques,500 mg x2/j,2023-11-08,,Sous-cutanee
RX-000252,PAT-00047,SEJ-000059,J01,Antibiotiques,2 cp/j,2023-11-08,2023-11-14,Orale
RX-000253,PAT-00047,SEJ-000059,A10,Antidiabétiques,2 cp/j,2023-11-08,2023-11-21,Sous-cutanee
RX-000254,PAT-00047,SEJ-000059,N02,Analgésiques,500 mg x2/j,2023-11-08,2023-11-19,Orale
RX-000255,PAT-00047,SEJ-000059,M01,Anti-inflammatoires,1 SC/j,2023-11-08,2023-11-14,Orale
RX-000256,PAT-00048,SEJ-000060,N02,Analgésiques,2 cp/j,2024-02-15,2024-02-17,Orale
RX-000257,PAT-00048,SEJ-000060,N02,Analgésiques,1 cp/j,2024-02-10,2024-02-20,Orale
RX-000258,PAT-00048,SEJ-000060,A10,Antidiabétiques,1 SC/j,2024-02-15,2024-02-21,IV
RX-000259,PAT-00048,SEJ-000060,N05,Psychotropes,1 patch/72h,2024-02-09,2024-02-16,IV
RX-000260,PAT-00048,SEJ-000060,M01,Anti-inflammatoires,1 patch/72h,2024-02-15,,Sous-cutanee
RX-000261,PAT-00049,SEJ-000061,C03,Diurétiques,500 mg x2/j,2024-03-24,2024-04-01,Orale
RX-000262,PAT-00049,SEJ-000061,A10,Antidiabétiques,2 cp/j,2024-03-24,,IV
RX-000263,PAT-00049,SEJ-000061,N05,Psychotropes,1 SC/j,2024-03-24,2024-03-25,Orale
RX-000264,PAT-00049,SEJ-000061,M01,Anti-inflammatoires,2 cp/j,2024-03-26,2024-03-28,IV
RX-000265,PAT-00049,SEJ-000061,A10,Antidiabétiques,1 patch/72h,2024-03-24,2024-04-02,Orale
RX-000266,PAT-00049,SEJ-000061,N02,Analgésiques,1 patch/72h,2024-03-24,,Orale
RX-000267,PAT-00050,SEJ-000062,M01,Anti-inflammatoires,2 cp/j,2023-04-26,2023-05-03,Orale
RX-000268,PAT-00050,SEJ-000062,A02,Antiacides / IPP,1 patch/72h,2023-04-27,2023-05-08,Orale
RX-000269,PAT-00050,SEJ-000063,C03,Diurétiques,1 cp/j,2022-12-11,,Orale
RX-000270,PAT-00050,SEJ-000063,N05,Psychotropes,1 SC/j,2022-12-11,2022-12-24,Orale
RX-000271,PAT-00050,SEJ-000063,B01,Antithrombotiques,1 SC/j,2022-12-11,2022-12-14,Orale
RX-000272,PAT-00051,SEJ-000064,B01,Antithrombotiques,À la demande,2023-03-15,2023-03-28,Orale
RX-000273,PAT-00051,SEJ-000064,B01,Antithrombotiques,500 mg x2/j,2023-03-09,2023-03-22,Orale
RX-000274,PAT-00051,SEJ-000064,A10,Antidiabétiques,1 cp/j,2023-03-12,2023-03-20,Orale
RX-000275,PAT-00051,SEJ-000064,A02,Antiacides / IPP,2 cp/j,2023-03-09,2023-03-18,Orale
RX-000276,PAT-00051,SEJ-000064,B01,Antithrombotiques,500 mg x2/j,2023-03-10,2023-03-15,Orale
RX-000277,PAT-00051,SEJ-000064,B01,Antithrombotiques,1 cp/j,2023-03-15,,IV
RX-000278,PAT-00052,SEJ-000065,M01,Anti-inflammatoires,2 cp/j,2023-03-24,2023-03-29,Orale
RX-000279,PAT-00052,SEJ-000065,N05,Psychotropes,500 mg x2/j,2023-03-12,2023-03-16,Orale
RX-000280,PAT-00052,SEJ-000065,M01,Anti-inflammatoires,À la demande,2023-03-21,2023-03-24,Sous-cutanee
RX-000281,PAT-00052,SEJ-000065,C01,Inotropes cardiaques,1 patch/72h,2023-03-19,2023-03-27,Orale
RX-000282,PAT-00053,SEJ-000066,C07,Bêtabloquants,2 cp/j,2024-01-12,,IV
RX-000283,PAT-00053,SEJ-000066,C01,Inotropes cardiaques,1 SC/j,2024-01-18,2024-01-26,Sous-cutanee
RX-000284,PAT-00053,SEJ-000066,A02,Antiacides / IPP,1 patch/72h,2024-01-17,2024-01-26,Orale
RX-000285,PAT-00053,SEJ-000066,C09,Inhibiteurs de l'ECV,1 patch/72h,2024-01-18,2024-01-28,IV
RX-000286,PAT-00053,SEJ-000066,C03,Diurétiques,1 IV x3/j,2024-01-16,2024-01-18,Orale
RX-000287,PAT-00053,SEJ-000066,J01,Antibiotiques,À la demande,2024-01-18,2024-01-24,Orale
RX-000288,PAT-00054,SEJ-000067,C07,Bêtabloquants,1 SC/j,2023-10-31,2023-11-01,Orale
RX-000289,PAT-00054,SEJ-000067,J01,Antibiotiques,À la demande,2023-10-31,2023-11-05,Sous-cutanee
RX-000290,PAT-00054,SEJ-000068,N05,Psychotropes,1 IV x3/j,2023-12-22,2023-12-28,Orale
RX-000291,PAT-00054,SEJ-000068,C09,Inhibiteurs de l'ECV,2 cp/j,2023-12-22,2023-12-30,Orale
RX-000292,PAT-00054,SEJ-000068,A02,Antiacides / IPP,500 mg x2/j,2023-12-20,,IV
RX-000293,PAT-00055,SEJ-000069,B01,Antithrombotiques,1 patch/72h,2023-05-18,2023-05-30,Orale
RX-000294,PAT-00055,SEJ-000069,C07,Bêtabloquants,1 IV x3/j,2023-05-17,,IV
RX-000295,PAT-00055,SEJ-000069,C07,Bêtabloquants,À la demande,2023-05-14,2023-05-27,IV
RX-000296,PAT-00055,SEJ-000069,C07,Bêtabloquants,1 IV x3/j,2023-05-16,2023-05-17,Sous-cutanee
RX-000297,PAT-00055,SEJ-000070,H02,Corticoïdes,2 cp/j,2023-08-10,2023-08-13,Orale
RX-000298,PAT-00056,SEJ-000071,A02,Antiacides / IPP,2 cp/j,2023-10-24,2023-10-25,IV
RX-000299,PAT-00056,SEJ-000071,M01,Anti-inflammatoires,À la demande,2023-10-26,,Orale
RX-000300,PAT-00057,SEJ-000072,A10,Antidiabétiques,1 patch/72h,2023-06-13,2023-06-15,Orale
RX-000301,PAT-00057,SEJ-000072,J01,Antibiotiques,2 cp/j,2023-06-14,2023-06-21,Sous-cutanee
RX-000302,PAT-00057,SEJ-000072,N05,Psychotropes,1 IV x3/j,2023-06-14,2023-06-21,Orale
RX-000303,PAT-00057,SEJ-000072,J01,Antibiotiques,2 cp/j,2023-06-13,,IV
RX-000304,PAT-00057,SEJ-000072,B01,Antithrombotiques,1 patch/72h,2023-06-14,2023-06-22,Orale
RX-000305,PAT-00057,SEJ-000072,A02,Antiacides / IPP,1 SC/j,2023-06-14,,Sous-cutanee
RX-000306,PAT-00058,SEJ-000073,N02,Analgésiques,2 cp/j,2023-01-14,,Orale
RX-000307,PAT-00058,SEJ-000074,A10,Antidiabétiques,1 IV x3/j,2023-05-17,2023-05-18,Orale
RX-000308,PAT-00058,SEJ-000074,N02,Analgésiques,500 mg x2/j,2023-05-19,2023-05-20,Orale
RX-000309,PAT-00058,SEJ-000074,A02,Antiacides / IPP,1 SC/j,2023-05-17,2023-05-29,IV
RX-000310,PAT-00058,SEJ-000074,B01,Antithrombotiques,1 SC/j,2023-05-19,2023-05-22,Orale
RX-000311,PAT-00058,SEJ-000074,C07,Bêtabloquants,1 cp/j,2023-05-19,2023-05-20,Orale
RX-000312,PAT-00058,SEJ-000074,C03,Diurétiques,500 mg x2/j,2023-05-19,2023-05-29,Orale
RX-000313,PAT-00058,SEJ-000074,J01,Antibiotiques,500 mg x2/j,2023-05-18,2023-05-19,Orale
RX-000314,PAT-00059,SEJ-000075,C01,Inotropes cardiaques,1 patch/72h,2023-05-22,2023-06-03,Orale
RX-000315,PAT-00059,SEJ-000075,H02,Corticoïdes,À la demande,2023-05-20,2023-05-30,Orale
RX-000316,PAT-00059,SEJ-000075,H02,Corticoïdes,1 cp/j,2023-05-20,2023-05-27,Sous-cutanee
RX-000317,PAT-00060,SEJ-000076,C07,Bêtabloquants,1 IV x3/j,2023-04-27,2023-05-06,Sous-cutanee
RX-000318,PAT-00060,SEJ-000076,C09,Inhibiteurs de l'ECV,2 cp/j,2023-04-30,2023-05-03,Orale
RX-000319,PAT-00061,SEJ-000077,N02,Analgésiques,1 patch/72h,2023-05-31,2023-06-07,Sous-cutanee
RX-000320,PAT-00061,SEJ-000077,C03,Diurétiques,1 patch/72h,2023-05-31,,Orale
RX-000321,PAT-00061,SEJ-000077,A10,Antidiabétiques,1 SC/j,2023-05-31,,Orale
RX-000322,PAT-00061,SEJ-000077,C03,Diurétiques,À la demande,2023-05-31,2023-06-04,IV
RX-000323,PAT-00061,SEJ-000077,C03,Diurétiques,1 cp/j,2023-05-30,2023-06-08,IV
RX-000324,PAT-00061,SEJ-000077,A02,Antiacides / IPP,2 cp/j,2023-05-30,2023-06-09,Orale
RX-000325,PAT-00061,SEJ-000077,C09,Inhibiteurs de l'ECV,1 SC/j,2023-05-31,2023-06-08,Orale
RX-000326,PAT-00061,SEJ-000077,J01,Antibiotiques,1 IV x3/j,2023-05-31,,Orale
RX-000327,PAT-00061,SEJ-000077,N05,Psychotropes,À la demande,2023-05-31,,IV
RX-000328,PAT-00061,SEJ-000078,H02,Corticoïdes,500 mg x2/j,2023-01-28,2023-02-03,Orale
RX-000329,PAT-00061,SEJ-000078,A02,Antiacides / IPP,1 patch/72h,2023-01-29,2023-02-07,IV
RX-000330,PAT-00061,SEJ-000078,J01,Antibiotiques,500 mg x2/j,2023-01-28,2023-02-02,IV
RX-000331,PAT-00061,SEJ-000078,H02,Corticoïdes,1 IV x3/j,2023-01-30,2023-02-02,Orale
RX-000332,PAT-00061,SEJ-000078,A02,Antiacides / IPP,1 IV x3/j,2023-01-29,2023-02-08,Orale
RX-000333,PAT-00061,SEJ-000078,B01,Antithrombotiques,500 mg x2/j,2023-01-31,2023-02-08,Orale
RX-000334,PAT-00061,SEJ-000078,C09,Inhibiteurs de l'ECV,1 SC/j,2023-01-30,2023-02-09,Orale
RX-000335,PAT-00062,SEJ-000079,C01,Inotropes cardiaques,1 SC/j,2023-10-05,2023-10-17,Orale
RX-000336,PAT-00062,SEJ-000079,B01,Antithrombotiques,500 mg x2/j,2023-10-05,,Orale
RX-000337,PAT-00062,SEJ-000079,N02,Analgésiques,À la demande,2023-10-05,2023-10-09,Orale
RX-000338,PAT-00062,SEJ-000079,N05,Psychotropes,500 mg x2/j,2023-10-05,2023-10-10,Orale
RX-000339,PAT-00062,SEJ-000079,M01,Anti-inflammatoires,1 patch/72h,2023-10-05,2023-10-17,Orale
RX-000340,PAT-00062,SEJ-000080,C01,Inotropes cardiaques,1 cp/j,2024-01-27,,Orale
RX-000341,PAT-00062,SEJ-000080,H02,Corticoïdes,1 IV x3/j,2024-01-28,2024-02-08,Sous-cutanee
RX-000342,PAT-00062,SEJ-000080,M01,Anti-inflammatoires,1 cp/j,2024-01-26,2024-01-28,Orale
RX-000343,PAT-00063,SEJ-000081,N05,Psychotropes,À la demande,2023-01-28,,Orale
RX-000344,PAT-00063,SEJ-000081,A02,Antiacides / IPP,1 SC/j,2023-01-29,2023-02-09,Orale
RX-000345,PAT-00063,SEJ-000081,A10,Antidiabétiques,1 patch/72h,2023-01-27,2023-02-01,Orale
RX-000346,PAT-00063,SEJ-000081,N02,Analgésiques,500 mg x2/j,2023-01-29,,Orale
RX-000347,PAT-00063,SEJ-000081,C09,Inhibiteurs de l'ECV,500 mg x2/j,2023-01-29,2023-02-05,Sous-cutanee
RX-000348,PAT-00063,SEJ-000082,C03,Diurétiques,1 SC/j,2024-02-28,2024-03-02,IV
RX-000349,PAT-00064,SEJ-000083,C01,Inotropes cardiaques,1 patch/72h,2023-09-06,2023-09-12,Orale
RX-000350,PAT-00064,SEJ-000083,N02,Analgésiques,2 cp/j,2023-09-08,,IV
RX-000351,PAT-00064,SEJ-000083,A10,Antidiabétiques,1 SC/j,2023-09-08,2023-09-17,Orale
RX-000352,PAT-00064,SEJ-000083,B01,Antithrombotiques,1 patch/72h,2023-09-06,2023-09-18,Sous-cutanee
RX-000353,PAT-00064,SEJ-000083,J01,Antibiotiques,1 IV x3/j,2023-09-08,2023-09-18,Sous-cutanee
RX-000354,PAT-00065,SEJ-000084,C07,Bêtabloquants,500 mg x2/j,2023-01-24,2023-02-04,Sous-cutanee
RX-000355,PAT-00065,SEJ-000084,C07,Bêtabloquants,500 mg x2/j,2023-01-20,,IV
RX-000356,PAT-00065,SEJ-000084,B01,Antithrombotiques,1 IV x3/j,2023-01-22,2023-01-28,IV
RX-000357,PAT-00065,SEJ-000084,M01,Anti-inflammatoires,2 cp/j,2023-01-25,2023-01-31,Sous-cutanee
RX-000358,PAT-00065,SEJ-000084,J01,Antibiotiques,2 cp/j,2023-01-26,2023-02-02,Orale
RX-000359,PAT-00065,SEJ-000085,N05,Psychotropes,À la demande,2023-11-15,2023-11-28,Orale
RX-000360,PAT-00065,SEJ-000085,C01,Inotropes cardiaques,500 mg x2/j,2023-11-17,2023-11-21,IV
RX-000361,PAT-00066,SEJ-000086,N05,Psychotropes,500 mg x2/j,2023-12-11,2023-12-22,Orale
RX-000362,PAT-00066,SEJ-000086,N05,Psychotropes,1 SC/j,2023-12-10,2023-12-11,Orale
RX-000363,PAT-00066,SEJ-000086,A10,Antidiabétiques,500 mg x2/j,2023-12-09,2023-12-20,Orale
RX-000364,PAT-00066,SEJ-000087,J01,Antibiotiques,1 SC/j,2023-10-15,2023-10-27,IV
RX-000365,PAT-00066,SEJ-000087,B01,Antithrombotiques,1 cp/j,2023-10-12,2023-10-13,Orale
RX-000366,PAT-00067,SEJ-000088,A10,Antidiabétiques,1 SC/j,2023-03-18,2023-03-27,Orale
RX-000367,PAT-00068,SEJ-000089,N02,Analgésiques,1 SC/j,2023-06-30,,Orale
RX-000368,PAT-00068,SEJ-000089,C03,Diurétiques,1 patch/72h,2023-06-30,2023-07-05,Orale
RX-000369,PAT-00068,SEJ-000089,C09,Inhibiteurs de l'ECV,1 SC/j,2023-07-01,2023-07-02,Orale
RX-000370,PAT-00068,SEJ-000089,A10,Antidiabétiques,À la demande,2023-06-30,,IV
RX-000371,PAT-00069,SEJ-000090,N05,Psychotropes,1 patch/72h,2023-12-15,2023-12-24,Orale
RX-000372,PAT-00069,SEJ-000090,A02,Antiacides / IPP,1 IV x3/j,2023-12-13,2023-12-16,IV
RX-000373,PAT-00069,SEJ-000090,C07,Bêtabloquants,À la demande,2023-12-15,2023-12-24,Orale
RX-000374,PAT-00070,SEJ-000091,C01,Inotropes cardiaques,1 patch/72h,2024-03-24,,Orale
RX-000375,PAT-00070,SEJ-000091,H02,Corticoïdes,1 patch/72h,2024-03-24,2024-03-28,Orale
RX-000376,PAT-00070,SEJ-000091,A10,Antidiabétiques,1 SC/j,2024-03-24,2024-04-05,Orale
RX-000377,PAT-00070,SEJ-000091,A10,Antidiabétiques,1 SC/j,2024-03-24,2024-04-02,Orale
RX-000378,PAT-00070,SEJ-000091,C03,Diurétiques,2 cp/j,2024-03-24,2024-04-06,Orale
RX-000379,PAT-00070,SEJ-000091,C09,Inhibiteurs de l'ECV,1 patch/72h,2024-03-24,2024-04-02,Orale
RX-000380,PAT-00070,SEJ-000091,B01,Antithrombotiques,1 IV x3/j,2024-03-24,2024-03-31,Orale
RX-000381,PAT-00070,SEJ-000092,B01,Antithrombotiques,À la demande,2023-12-09,,IV
RX-000382,PAT-00070,SEJ-000092,J01,Antibiotiques,2 cp/j,2023-12-08,2023-12-10,Orale
RX-000383,PAT-00071,SEJ-000093,H02,Corticoïdes,1 cp/j,2023-10-09,2023-10-17,Orale
RX-000384,PAT-00071,SEJ-000093,J01,Antibiotiques,1 SC/j,2023-10-11,2023-10-22,Sous-cutanee
RX-000385,PAT-00071,SEJ-000094,N02,Analgésiques,1 SC/j,2022-12-15,2022-12-16,Sous-cutanee
RX-000386,PAT-00071,SEJ-000094,J01,Antibiotiques,1 patch/72h,2022-12-11,,Orale
RX-000387,PAT-00071,SEJ-000094,C09,Inhibiteurs de l'ECV,1 SC/j,2022-12-17,2022-12-26,Orale
RX-000388,PAT-00072,SEJ-000095,C01,Inotropes cardiaques,À la demande,2023-02-06,,Orale
RX-000389,PAT-00072,SEJ-000095,C03,Diurétiques,500 mg x2/j,2023-02-06,,Orale
RX-000390,PAT-00072,SEJ-000095,C07,Bêtabloquants,2 cp/j,2023-02-05,2023-02-07,IV
RX-000391,PAT-00072,SEJ-000095,N02,Analgésiques,500 mg x2/j,2023-02-06,2023-02-15,Orale
RX-000392,PAT-00072,SEJ-000095,A10,Antidiabétiques,1 cp/j,2023-02-05,2023-02-08,Orale
RX-000393,PAT-00072,SEJ-000095,C07,Bêtabloquants,1 cp/j,2023-02-06,2023-02-12,Orale
RX-000394,PAT-00073,SEJ-000096,C07,Bêtabloquants,À la demande,2023-03-17,2023-03-30,IV
RX-000395,PAT-00073,SEJ-000096,A10,Antidiabétiques,500 mg x2/j,2023-03-17,2023-03-29,IV
RX-000396,PAT-00073,SEJ-000096,N05,Psychotropes,1 cp/j,2023-03-16,2023-03-22,Orale
RX-000397,PAT-00073,SEJ-000096,N05,Psychotropes,1 IV x3/j,2023-03-15,2023-03-26,Orale
RX-000398,PAT-00074,SEJ-000097,N05,Psychotropes,500 mg x2/j,2023-12-26,2023-12-28,Orale
RX-000399,PAT-00074,SEJ-000097,N02,Analgésiques,2 cp/j,2023-12-26,2024-01-08,Orale
RX-000400,PAT-00074,SEJ-000097,C07,Bêtabloquants,1 patch/72h,2023-12-26,2024-01-08,Orale
RX-000401,PAT-00074,SEJ-000098,A10,Antidiabétiques,1 SC/j,2023-01-28,2023-01-30,IV
RX-000402,PAT-00074,SEJ-000098,M01,Anti-inflammatoires,500 mg x2/j,2023-01-28,2023-02-09,Orale
RX-000403,PAT-00074,SEJ-000098,C09,Inhibiteurs de l'ECV,1 cp/j,2023-01-28,2023-02-09,Orale
RX-000404,PAT-00074,SEJ-000098,C09,Inhibiteurs de l'ECV,500 mg x2/j,2023-01-28,2023-02-09,Orale
RX-000405,PAT-00074,SEJ-000098,M01,Anti-inflammatoires,1 SC/j,2023-01-28,,Orale
RX-000406,PAT-00075,SEJ-000099,C03,Diurétiques,1 patch/72h,2023-08-01,2023-08-05,Orale
RX-000407,PAT-00075,SEJ-000099,H02,Corticoïdes,1 IV x3/j,2023-08-01,2023-08-13,IV
RX-000408,PAT-00075,SEJ-000099,J01,Antibiotiques,500 mg x2/j,2023-08-01,2023-08-05,Orale
RX-000409,PAT-00075,SEJ-000099,C07,Bêtabloquants,À la demande,2023-08-01,2023-08-04,Orale
RX-000410,PAT-00075,SEJ-000099,M01,Anti-inflammatoires,2 cp/j,2023-08-01,,Orale
RX-000411,PAT-00075,SEJ-000099,A02,Antiacides / IPP,1 IV x3/j,2023-08-01,2023-08-06,IV
RX-000412,PAT-00076,SEJ-000100,H02,Corticoïdes,1 cp/j,2023-09-12,2023-09-20,Orale
RX-000413,PAT-00076,SEJ-000100,B01,Antithrombotiques,À la demande,2023-09-11,2023-09-24,Orale
RX-000414,PAT-00076,SEJ-000100,N05,Psychotropes,1 IV x3/j,2023-09-10,2023-09-14,Orale
RX-000415,PAT-00076,SEJ-000100,A10,Antidiabétiques,À la demande,2023-09-12,2023-09-14,Orale
RX-000416,PAT-00076,SEJ-000100,M01,Anti-inflammatoires,1 IV x3/j,2023-09-11,2023-09-16,Orale
RX-000417,PAT-00076,SEJ-000100,H02,Corticoïdes,1 patch/72h,2023-09-11,2023-09-17,Orale
RX-000418,PAT-00076,SEJ-000100,J01,Antibiotiques,1 patch/72h,2023-09-12,2023-09-14,Orale
RX-000419,PAT-00076,SEJ-000101,M01,Anti-inflammatoires,1 patch/72h,2023-11-07,,Orale
RX-000420,PAT-00076,SEJ-000101,N02,Analgésiques,À la demande,2023-11-05,,Orale
RX-000421,PAT-00076,SEJ-000101,C01,Inotropes cardiaques,2 cp/j,2023-11-06,,IV
RX-000422,PAT-00076,SEJ-000101,N05,Psychotropes,1 IV x3/j,2023-11-07,2023-11-18,Orale
RX-000423,PAT-00077,SEJ-000102,H02,Corticoïdes,À la demande,2024-01-19,2024-01-20,Orale
RX-000424,PAT-00077,SEJ-000102,C09,Inhibiteurs de l'ECV,500 mg x2/j,2024-01-18,,IV
RX-000425,PAT-00077,SEJ-000102,A02,Antiacides / IPP,1 IV x3/j,2024-01-21,2024-02-03,Orale
RX-000426,PAT-00077,SEJ-000102,C03,Diurétiques,À la demande,2024-01-19,2024-01-25,Orale
RX-000427,PAT-00077,SEJ-000102,C09,Inhibiteurs de l'ECV,500 mg x2/j,2024-01-17,2024-01-19,Orale
RX-000428,PAT-00077,SEJ-000102,C09,Inhibiteurs de l'ECV,1 SC/j,2024-01-20,2024-01-31,Orale
RX-000429,PAT-00078,SEJ-000103,C01,Inotropes cardiaques,1 SC/j,2023-07-03,2023-07-09,Orale
RX-000430,PAT-00078,SEJ-000103,C07,Bêtabloquants,1 IV x3/j,2023-07-01,2023-07-09,Sous-cutanee
RX-000431,PAT-00078,SEJ-000103,C03,Diurétiques,1 cp/j,2023-07-03,2023-07-11,Sous-cutanee
RX-000432,PAT-00078,SEJ-000103,C07,Bêtabloquants,500 mg x2/j,2023-07-02,2023-07-03,IV
RX-000433,PAT-00078,SEJ-000103,J01,Antibiotiques,2 cp/j,2023-07-01,2023-07-12,IV
RX-000434,PAT-00078,SEJ-000103,N02,Analgésiques,500 mg x2/j,2023-07-01,2023-07-07,Orale
RX-000435,PAT-00078,SEJ-000103,B01,Antithrombotiques,2 cp/j,2023-07-03,2023-07-07,IV
RX-000436,PAT-00079,SEJ-000104,A10,Antidiabétiques,1 patch/72h,2023-07-26,2023-08-04,Orale
RX-000437,PAT-00079,SEJ-000104,A02,Antiacides / IPP,2 cp/j,2023-07-27,2023-08-08,Sous-cutanee
RX-000438,PAT-00079,SEJ-000104,H02,Corticoïdes,1 SC/j,2023-07-27,2023-08-04,Orale
RX-000439,PAT-00079,SEJ-000104,N02,Analgésiques,500 mg x2/j,2023-07-28,2023-08-08,Sous-cutanee
RX-000440,PAT-00080,SEJ-000105,N02,Analgésiques,1 patch/72h,2023-01-31,2023-02-06,Orale
RX-000441,PAT-00080,SEJ-000105,J01,Antibiotiques,1 cp/j,2023-01-27,2023-02-09,IV
RX-000442,PAT-00080,SEJ-000105,C07,Bêtabloquants,À la demande,2023-01-28,,Orale
RX-000443,PAT-00080,SEJ-000105,A10,Antidiabétiques,1 patch/72h,2023-01-30,2023-02-08,Orale
RX-000444,PAT-00080,SEJ-000105,B01,Antithrombotiques,2 cp/j,2023-01-31,2023-02-08,Orale
RX-000445,PAT-00080,SEJ-000105,M01,Anti-inflammatoires,2 cp/j,2023-01-29,2023-02-02,IV
RX-000446,PAT-00081,SEJ-000106,J01,Antibiotiques,1 SC/j,2023-11-06,2023-11-18,Orale
RX-000447,PAT-00081,SEJ-000106,C01,Inotropes cardiaques,1 IV x3/j,2023-11-06,2023-11-16,Orale
RX-000448,PAT-00081,SEJ-000107,C01,Inotropes cardiaques,500 mg x2/j,2024-04-30,2024-05-02,Sous-cutanee
RX-000449,PAT-00081,SEJ-000107,M01,Anti-inflammatoires,500 mg x2/j,2024-04-30,,IV
RX-000450,PAT-00082,SEJ-000108,J01,Antibiotiques,1 SC/j,2023-07-24,2023-07-31,IV
RX-000451,PAT-00082,SEJ-000108,C01,Inotropes cardiaques,1 cp/j,2023-07-24,2023-08-01,Sous-cutanee
RX-000452,PAT-00082,SEJ-000108,M01,Anti-inflammatoires,2 cp/j,2023-07-24,,Sous-cutanee
RX-000453,PAT-00082,SEJ-000108,H02,Corticoïdes,500 mg x2/j,2023-07-24,,Orale
RX-000454,PAT-00083,SEJ-000109,A10,Antidiabétiques,500 mg x2/j,2024-01-02,2024-01-03,Orale
RX-000455,PAT-00083,SEJ-000109,C03,Diurétiques,À la demande,2024-01-04,2024-01-09,Orale
RX-000456,PAT-00083,SEJ-000109,C07,Bêtabloquants,1 cp/j,2024-01-02,2024-01-10,Orale
RX-000457,PAT-00083,SEJ-000109,A02,Antiacides / IPP,1 IV x3/j,2024-01-02,2024-01-07,Orale
RX-000458,PAT-00083,SEJ-000109,C01,Inotropes cardiaques,1 patch/72h,2024-01-03,2024-01-13,Orale
RX-000459,PAT-00083,SEJ-000109,C01,Inotropes cardiaques,500 mg x2/j,2024-01-03,2024-01-10,Orale
RX-000460,PAT-00084,SEJ-000110,C03,Diurétiques,1 patch/72h,2023-04-22,2023-05-04,Orale
RX-000461,PAT-00084,SEJ-000110,A02,Antiacides / IPP,1 patch/72h,2023-04-19,,IV
RX-000462,PAT-00084,SEJ-000110,B01,Antithrombotiques,1 cp/j,2023-04-20,2023-05-02,Orale
RX-000463,PAT-00084,SEJ-000110,H02,Corticoïdes,1 SC/j,2023-04-24,2023-04-25,IV
RX-000464,PAT-00084,SEJ-000110,N02,Analgésiques,1 patch/72h,2023-04-21,2023-05-02,Orale
RX-000465,PAT-00084,SEJ-000110,A02,Antiacides / IPP,1 SC/j,2023-04-22,2023-04-30,Orale
RX-000466,PAT-00084,SEJ-000110,C03,Diurétiques,1 cp/j,2023-04-24,,Orale
RX-000467,PAT-00084,SEJ-000111,M01,Anti-inflammatoires,À la demande,2023-10-06,2023-10-15,Orale
RX-000468,PAT-00084,SEJ-000111,J01,Antibiotiques,À la demande,2023-10-04,2023-10-06,Orale
RX-000469,PAT-00084,SEJ-000111,H02,Corticoïdes,500 mg x2/j,2023-10-06,,Orale
RX-000470,PAT-00084,SEJ-000111,M01,Anti-inflammatoires,2 cp/j,2023-10-06,,IV
RX-000471,PAT-00085,SEJ-000112,C03,Diurétiques,1 SC/j,2023-01-25,2023-01-26,Orale
RX-000472,PAT-00085,SEJ-000112,C09,Inhibiteurs de l'ECV,1 cp/j,2023-01-24,2023-02-05,Orale
RX-000473,PAT-00085,SEJ-000112,C09,Inhibiteurs de l'ECV,1 patch/72h,2023-01-27,2023-02-05,Orale
RX-000474,PAT-00085,SEJ-000113,H02,Corticoïdes,1 cp/j,2024-01-31,2024-02-10,Orale
RX-000475,PAT-00085,SEJ-000113,C09,Inhibiteurs de l'ECV,1 SC/j,2024-01-29,,Orale
RX-000476,PAT-00085,SEJ-000113,M01,Anti-inflammatoires,500 mg x2/j,2024-01-31,2024-02-02,Orale
RX-000477,PAT-00085,SEJ-000113,A02,Antiacides / IPP,1 IV x3/j,2024-01-29,2024-02-05,IV
RX-000478,PAT-00086,SEJ-000114,A02,Antiacides / IPP,500 mg x2/j,2023-06-25,2023-06-26,Sous-cutanee
RX-000479,PAT-00087,SEJ-000115,N02,Analgésiques,1 IV x3/j,2023-07-08,2023-07-18,Orale
RX-000480,PAT-00087,SEJ-000115,C07,Bêtabloquants,500 mg x2/j,2023-07-10,2023-07-19,Orale
RX-000481,PAT-00087,SEJ-000115,H02,Corticoïdes,À la demande,2023-07-13,,Orale
RX-000482,PAT-00087,SEJ-000115,M01,Anti-inflammatoires,1 cp/j,2023-07-09,2023-07-13,IV
RX-000483,PAT-00087,SEJ-000115,J01,Antibiotiques,500 mg x2/j,2023-07-13,2023-07-21,Sous-cutanee
RX-000484,PAT-00087,SEJ-000115,C03,Diurétiques,1 SC/j,2023-07-14,2023-07-21,Orale
RX-000485,PAT-00087,SEJ-000115,H02,Corticoïdes,1 SC/j,2023-07-09,2023-07-18,Orale
RX-000486,PAT-00087,SEJ-000115,C09,Inhibiteurs de l'ECV,1 cp/j,2023-07-14,2023-07-24,Orale
RX-000487,PAT-00088,SEJ-000116,C01,Inotropes cardiaques,1 cp/j,2024-03-06,2024-03-11,IV
RX-000488,PAT-00088,SEJ-000116,C07,Bêtabloquants,1 IV x3/j,2024-03-07,2024-03-18,Orale
RX-000489,PAT-00088,SEJ-000116,C07,Bêtabloquants,1 cp/j,2024-03-12,2024-03-20,Orale
RX-000490,PAT-00089,SEJ-000117,C07,Bêtabloquants,1 cp/j,2023-08-26,2023-08-29,Orale
RX-000491,PAT-00089,SEJ-000117,C01,Inotropes cardiaques,2 cp/j,2023-08-22,2023-08-31,Orale
RX-000492,PAT-00089,SEJ-000117,C09,Inhibiteurs de l'ECV,À la demande,2023-08-20,,Orale
RX-000493,PAT-00089,SEJ-000117,N05,Psychotropes,1 SC/j,2023-08-19,2023-08-31,IV
RX-000494,PAT-00089,SEJ-000117,A02,Antiacides / IPP,1 cp/j,2023-08-23,,IV
RX-000495,PAT-00089,SEJ-000117,N05,Psychotropes,1 cp/j,2023-08-19,2023-08-28,Orale
RX-000496,PAT-00089,SEJ-000117,C03,Diurétiques,1 IV x3/j,2023-08-22,2023-09-04,Orale
RX-000497,PAT-00089,SEJ-000118,A02,Antiacides / IPP,1 SC/j,2023-04-08,2023-04-20,Orale
RX-000498,PAT-00089,SEJ-000118,C01,Inotropes cardiaques,1 patch/72h,2023-04-08,2023-04-09,Orale
RX-000499,PAT-00089,SEJ-000118,N02,Analgésiques,1 cp/j,2023-04-07,2023-04-10,Orale
RX-000500,PAT-00089,SEJ-000118,A02,Antiacides / IPP,1 SC/j,2023-04-07,2023-04-09,Orale
RX-000501,PAT-00089,SEJ-000118,N02,Analgésiques,1 IV x3/j,2023-04-08,2023-04-15,Sous-cutanee
RX-000502,PAT-00089,SEJ-000118,N02,Analgésiques,1 IV x3/j,2023-04-08,2023-04-12,Orale
RX-000503,PAT-00090,SEJ-000119,C09,Inhibiteurs de l'ECV,1 patch/72h,2023-12-06,2023-12-17,Orale
RX-000504,PAT-00090,SEJ-000119,B01,Antithrombotiques,500 mg x2/j,2023-12-13,2023-12-17,Orale
RX-000505,PAT-00090,SEJ-000119,A10,Antidiabétiques,1 patch/72h,2023-11-30,,IV
RX-000506,PAT-00090,SEJ-000119,M01,Anti-inflammatoires,1 cp/j,2023-12-05,2023-12-07,Orale
RX-000507,PAT-00090,SEJ-000119,N02,Analgésiques,1 patch/72h,2023-12-03,2023-12-12,Orale
RX-000508,PAT-00090,SEJ-000120,C01,Inotropes cardiaques,1 cp/j,2024-05-15,2024-05-27,Orale
RX-000509,PAT-00090,SEJ-000120,N02,Analgésiques,500 mg x2/j,2024-05-12,2024-05-17,Orale
RX-000510,PAT-00090,SEJ-000120,N02,Analgésiques,À la demande,2024-05-10,,IV
RX-000511,PAT-00090,SEJ-000120,C01,Inotropes cardiaques,500 mg x2/j,2024-05-20,2024-06-01,Orale
RX-000512,PAT-00090,SEJ-000120,C07,Bêtabloquants,1 cp/j,2024-05-13,2024-05-15,Sous-cutanee
RX-000513,PAT-00091,SEJ-000121,J01,Antibiotiques,500 mg x2/j,2023-11-25,2023-11-29,IV
RX-000514,PAT-00091,SEJ-000121,C07,Bêtabloquants,1 IV x3/j,2023-11-26,2023-11-30,IV
RX-000515,PAT-00091,SEJ-000121,A02,Antiacides / IPP,À la demande,2023-11-25,2023-11-26,Orale
RX-000516,PAT-00091,SEJ-000121,J01,Antibiotiques,1 IV x3/j,2023-11-27,2023-12-06,IV
RX-000517,PAT-00091,SEJ-000121,M01,Anti-inflammatoires,1 cp/j,2023-11-26,2023-12-02,Orale
RX-000518,PAT-00091,SEJ-000121,N05,Psychotropes,1 IV x3/j,2023-11-25,2023-12-02,Orale
RX-000519,PAT-00091,SEJ-000122,B01,Antithrombotiques,1 SC/j,2023-01-20,2023-01-22,Orale
RX-000520,PAT-00091,SEJ-000122,A10,Antidiabétiques,À la demande,2023-01-18,2023-01-21,Orale
RX-000521,PAT-00091,SEJ-000122,C03,Diurétiques,À la demande,2023-01-22,,Orale
RX-000522,PAT-00091,SEJ-000122,C03,Diurétiques,1 SC/j,2023-01-21,2023-01-26,Orale
RX-000523,PAT-00092,SEJ-000123,C07,Bêtabloquants,1 patch/72h,2023-11-21,2023-12-02,Orale
RX-000524,PAT-00092,SEJ-000123,M01,Anti-inflammatoires,1 IV x3/j,2023-11-20,2023-11-30,IV
RX-000525,PAT-00092,SEJ-000123,C09,Inhibiteurs de l'ECV,1 IV x3/j,2023-11-21,2023-11-29,Orale
RX-000526,PAT-00092,SEJ-000123,N05,Psychotropes,500 mg x2/j,2023-11-20,,Sous-cutanee
RX-000527,PAT-00092,SEJ-000124,M01,Anti-inflammatoires,500 mg x2/j,2023-02-16,,IV
RX-000528,PAT-00092,SEJ-000124,J01,Antibiotiques,500 mg x2/j,2023-02-16,,IV
RX-000529,PAT-00093,SEJ-000125,N02,Analgésiques,1 patch/72h,2024-03-31,2024-04-01,Orale
RX-000530,PAT-00093,SEJ-000125,C01,Inotropes cardiaques,À la demande,2024-03-29,,Orale
RX-000531,PAT-00093,SEJ-000125,C03,Diurétiques,1 SC/j,2024-03-30,2024-04-12,Orale
RX-000532,PAT-00093,SEJ-000125,J01,Antibiotiques,2 cp/j,2024-03-31,2024-04-01,Sous-cutanee
RX-000533,PAT-00093,SEJ-000125,C09,Inhibiteurs de l'ECV,500 mg x2/j,2024-03-29,2024-04-05,Orale
RX-000534,PAT-00094,SEJ-000126,C07,Bêtabloquants,2 cp/j,2024-02-16,2024-02-24,Orale
RX-000535,PAT-00094,SEJ-000126,A10,Antidiabétiques,À la demande,2024-02-24,,IV
RX-000536,PAT-00094,SEJ-000126,N05,Psychotropes,1 IV x3/j,2024-02-21,2024-02-24,Sous-cutanee
RX-000537,PAT-00095,SEJ-000127,H02,Corticoïdes,À la demande,2023-07-28,2023-07-30,Orale
RX-000538,PAT-00095,SEJ-000127,B01,Antithrombotiques,À la demande,2023-07-28,,Sous-cutanee
RX-000539,PAT-00095,SEJ-000127,A02,Antiacides / IPP,1 SC/j,2023-07-30,2023-08-03,Orale
RX-000540,PAT-00096,SEJ-000128,C03,Diurétiques,2 cp/j,2024-04-08,2024-04-14,Orale
RX-000541,PAT-00096,SEJ-000128,A02,Antiacides / IPP,2 cp/j,2024-04-04,2024-04-06,Orale
RX-000542,PAT-00096,SEJ-000128,C01,Inotropes cardiaques,1 patch/72h,2024-04-07,2024-04-10,Orale
RX-000543,PAT-00096,SEJ-000128,N02,Analgésiques,500 mg x2/j,2024-04-09,2024-04-17,Orale
RX-000544,PAT-00096,SEJ-000129,C09,Inhibiteurs de l'ECV,500 mg x2/j,2023-10-02,2023-10-04,IV
RX-000545,PAT-00096,SEJ-000129,H02,Corticoïdes,2 cp/j,2023-10-01,2023-10-14,IV
RX-000546,PAT-00096,SEJ-000129,J01,Antibiotiques,1 cp/j,2023-10-03,2023-10-11,Orale
RX-000547,PAT-00096,SEJ-000129,A10,Antidiabétiques,À la demande,2023-10-03,,Orale
RX-000548,PAT-00096,SEJ-000129,C07,Bêtabloquants,2 cp/j,2023-10-01,2023-10-04,Orale
RX-000549,PAT-00097,SEJ-000130,B01,Antithrombotiques,1 SC/j,2024-03-04,,Orale
RX-000550,PAT-00097,SEJ-000130,C03,Diurétiques,1 patch/72h,2024-03-05,,Sous-cutanee
RX-000551,PAT-00097,SEJ-000130,J01,Antibiotiques,1 cp/j,2024-03-04,2024-03-12,Orale
RX-000552,PAT-00097,SEJ-000130,C07,Bêtabloquants,1 cp/j,2024-03-06,,IV
RX-000553,PAT-00098,SEJ-000131,H02,Corticoïdes,1 SC/j,2023-02-13,2023-02-14,Orale
RX-000554,PAT-00098,SEJ-000131,A10,Antidiabétiques,1 patch/72h,2023-02-14,2023-02-27,Orale
RX-000555,PAT-00098,SEJ-000131,C09,Inhibiteurs de l'ECV,500 mg x2/j,2023-02-14,2023-02-27,Orale
RX-000556,PAT-00098,SEJ-000131,N05,Psychotropes,1 cp/j,2023-02-14,2023-02-18,Orale
RX-000557,PAT-00098,SEJ-000132,A10,Antidiabétiques,1 cp/j,2023-05-18,2023-05-30,Orale
RX-000558,PAT-00098,SEJ-000132,C07,Bêtabloquants,1 SC/j,2023-05-12,2023-05-15,Orale
RX-000559,PAT-00098,SEJ-000132,A02,Antiacides / IPP,1 IV x3/j,2023-05-15,2023-05-24,Orale
RX-000560,PAT-00099,SEJ-000133,C03,Diurétiques,1 IV x3/j,2024-03-09,2024-03-10,Orale
RX-000561,PAT-00099,SEJ-000133,H02,Corticoïdes,1 patch/72h,2024-03-08,,Orale
RX-000562,PAT-00099,SEJ-000133,C01,Inotropes cardiaques,2 cp/j,2024-03-11,2024-03-20,Orale
RX-000563,PAT-00099,SEJ-000133,B01,Antithrombotiques,1 patch/72h,2024-03-06,2024-03-09,Orale
RX-000564,PAT-00099,SEJ-000133,J01,Antibiotiques,500 mg x2/j,2024-03-12,,Sous-cutanee
RX-000565,PAT-00099,SEJ-000134,H02,Corticoïdes,1 SC/j,2023-01-18,2023-01-22,IV
RX-000566,PAT-00099,SEJ-000134,M01,Anti-inflammatoires,1 cp/j,2023-01-19,2023-01-21,Orale
RX-000567,PAT-00099,SEJ-000134,H02,Corticoïdes,À la demande,2023-01-18,,Orale
RX-000568,PAT-00099,SEJ-000134,A10,Antidiabétiques,2 cp/j,2023-01-19,2023-01-30,IV
RX-000569,PAT-00099,SEJ-000134,C03,Diurétiques,1 cp/j,2023-01-15,2023-01-18,Orale
RX-000570,PAT-00100,SEJ-000135,J01,Antibiotiques,2 cp/j,2023-04-14,2023-04-16,Sous-cutanee
RX-000571,PAT-00100,SEJ-000135,N05,Psychotropes,1 patch/72h,2023-04-16,2023-04-19,Orale
RX-000572,PAT-00100,SEJ-000135,B01,Antithrombotiques,1 SC/j,2023-04-15,2023-04-26,Orale
RX-000573,PAT-00100,SEJ-000136,C07,Bêtabloquants,1 patch/72h,2023-01-31,2023-02-08,IV
RX-000574,PAT-00100,SEJ-000136,C01,Inotropes cardiaques,1 IV x3/j,2023-01-31,2023-02-08,IV
RX-000575,PAT-00101,SEJ-000137,C07,Bêtabloquants,500 mg x2/j,2024-04-29,2024-05-11,Orale
RX-000576,PAT-00101,SEJ-000137,C03,Diurétiques,1 SC/j,2024-04-28,2024-05-10,Orale
RX-000577,PAT-00101,SEJ-000137,N05,Psychotropes,1 cp/j,2024-05-01,,Orale
RX-000578,PAT-00101,SEJ-000137,C03,Diurétiques,1 IV x3/j,2024-04-28,,IV
RX-000579,PAT-00101,SEJ-000137,J01,Antibiotiques,1 patch/72h,2024-05-01,,Sous-cutanee
RX-000580,PAT-00101,SEJ-000137,H02,Corticoïdes,À la demande,2024-05-04,2024-05-08,Orale
RX-000581,PAT-00101,SEJ-000137,C09,Inhibiteurs de l'ECV,1 patch/72h,2024-05-04,2024-05-13,Orale
RX-000582,PAT-00101,SEJ-000137,B01,Antithrombotiques,2 cp/j,2024-05-07,2024-05-15,Orale
RX-000583,PAT-00101,SEJ-000138,N05,Psychotropes,2 cp/j,2023-11-06,,Sous-cutanee
RX-000584,PAT-00101,SEJ-000138,C09,Inhibiteurs de l'ECV,1 IV x3/j,2023-11-05,,Orale
RX-000585,PAT-00101,SEJ-000138,C07,Bêtabloquants,1 SC/j,2023-11-06,2023-11-15,Orale
RX-000586,PAT-00101,SEJ-000138,A10,Antidiabétiques,2 cp/j,2023-11-05,2023-11-06,Orale
RX-000587,PAT-00101,SEJ-000138,A02,Antiacides / IPP,1 SC/j,2023-11-06,2023-11-12,IV
RX-000588,PAT-00102,SEJ-000139,C01,Inotropes cardiaques,À la demande,2024-01-01,,Sous-cutanee
RX-000589,PAT-00102,SEJ-000139,B01,Antithrombotiques,2 cp/j,2023-12-29,2024-01-04,IV
RX-000590,PAT-00102,SEJ-000139,A02,Antiacides / IPP,1 SC/j,2023-12-28,2024-01-06,IV
RX-000591,PAT-00102,SEJ-000139,H02,Corticoïdes,À la demande,2024-01-02,2024-01-10,Orale
RX-000592,PAT-00103,SEJ-000140,A10,Antidiabétiques,2 cp/j,2023-05-14,2023-05-22,Orale
RX-000593,PAT-00103,SEJ-000141,C09,Inhibiteurs de l'ECV,À la demande,2023-12-07,2023-12-12,IV
RX-000594,PAT-00103,SEJ-000141,A10,Antidiabétiques,1 patch/72h,2023-11-29,2023-12-12,Orale
RX-000595,PAT-00103,SEJ-000141,N05,Psychotropes,2 cp/j,2023-12-01,2023-12-05,Sous-cutanee
RX-000596,PAT-00103,SEJ-000141,C01,Inotropes cardiaques,1 IV x3/j,2023-12-07,2023-12-20,Orale
RX-000597,PAT-00104,SEJ-000142,C03,Diurétiques,1 IV x3/j,2023-03-29,2023-04-07,Orale
RX-000598,PAT-00104,SEJ-000142,C01,Inotropes cardiaques,500 mg x2/j,2023-03-30,2023-04-10,Orale
RX-000599,PAT-00104,SEJ-000143,N02,Analgésiques,1 SC/j,2023-09-28,2023-10-04,Orale
RX-000600,PAT-00104,SEJ-000143,A02,Antiacides / IPP,500 mg x2/j,2023-09-25,2023-10-07,Orale
RX-000601,PAT-00104,SEJ-000143,N02,Analgésiques,1 SC/j,2023-09-25,2023-09-26,Orale
RX-000602,PAT-00104,SEJ-000143,C07,Bêtabloquants,1 cp/j,2023-09-29,,Orale
RX-000603,PAT-00105,SEJ-000144,C01,Inotropes cardiaques,1 patch/72h,2023-11-11,2023-11-24,Orale
RX-000604,PAT-00105,SEJ-000144,C01,Inotropes cardiaques,1 IV x3/j,2023-11-12,2023-11-17,Orale
RX-000605,PAT-00105,SEJ-000144,C09,Inhibiteurs de l'ECV,500 mg x2/j,2023-11-11,2023-11-17,Orale
RX-000606,PAT-00105,SEJ-000144,B01,Antithrombotiques,1 SC/j,2023-11-09,2023-11-22,Orale
RX-000607,PAT-00105,SEJ-000144,A02,Antiacides / IPP,1 SC/j,2023-11-11,2023-11-21,Orale
RX-000608,PAT-00105,SEJ-000145,C09,Inhibiteurs de l'ECV,1 IV x3/j,2023-08-02,2023-08-10,Orale
RX-000609,PAT-00105,SEJ-000145,N05,Psychotropes,1 cp/j,2023-07-31,,Orale
RX-000610,PAT-00105,SEJ-000145,C09,Inhibiteurs de l'ECV,1 IV x3/j,2023-08-02,2023-08-15,Orale
RX-000611,PAT-00105,SEJ-000145,N05,Psychotropes,À la demande,2023-07-31,,Sous-cutanee
RX-000612,PAT-00105,SEJ-000145,C09,Inhibiteurs de l'ECV,1 cp/j,2023-07-30,2023-08-07,Orale
RX-000613,PAT-00106,SEJ-000146,C09,Inhibiteurs de l'ECV,1 SC/j,2023-05-23,2023-06-05,Orale
RX-000614,PAT-00106,SEJ-000146,H02,Corticoïdes,1 IV x3/j,2023-05-21,,IV
RX-000615,PAT-00107,SEJ-000147,N02,Analgésiques,À la demande,2023-10-06,,Orale
RX-000616,PAT-00107,SEJ-000147,A10,Antidiabétiques,1 IV x3/j,2023-10-06,,Orale
RX-000617,PAT-00107,SEJ-000147,H02,Corticoïdes,1 SC/j,2023-10-05,2023-10-11,IV
RX-000618,PAT-00107,SEJ-000147,B01,Antithrombotiques,1 SC/j,2023-10-04,2023-10-11,Orale
RX-000619,PAT-00107,SEJ-000147,C01,Inotropes cardiaques,500 mg x2/j,2023-10-05,2023-10-16,Orale
RX-000620,PAT-00107,SEJ-000148,N02,Analgésiques,1 patch/72h,2023-03-12,2023-03-16,Sous-cutanee
RX-000621,PAT-00107,SEJ-000148,N05,Psychotropes,1 cp/j,2023-03-11,2023-03-14,Orale
RX-000622,PAT-00107,SEJ-000148,N02,Analgésiques,1 cp/j,2023-03-11,2023-03-20,Orale
RX-000623,PAT-00107,SEJ-000148,B01,Antithrombotiques,2 cp/j,2023-03-12,,Sous-cutanee
RX-000624,PAT-00108,SEJ-000149,A02,Antiacides / IPP,2 cp/j,2023-07-15,2023-07-16,Sous-cutanee
RX-000625,PAT-00108,SEJ-000149,B01,Antithrombotiques,500 mg x2/j,2023-07-14,2023-07-18,Orale
RX-000626,PAT-00108,SEJ-000149,C07,Bêtabloquants,500 mg x2/j,2023-07-16,2023-07-18,Orale
RX-000627,PAT-00108,SEJ-000149,C01,Inotropes cardiaques,500 mg x2/j,2023-07-14,2023-07-26,IV
RX-000628,PAT-00109,SEJ-000150,B01,Antithrombotiques,1 SC/j,2023-04-22,2023-04-24,Orale
RX-000629,PAT-00109,SEJ-000150,C07,Bêtabloquants,500 mg x2/j,2023-04-19,,Orale
RX-000630,PAT-00109,SEJ-000150,N02,Analgésiques,À la demande,2023-04-18,2023-04-27,Orale
RX-000631,PAT-00109,SEJ-000150,C01,Inotropes cardiaques,1 IV x3/j,2023-04-21,2023-04-25,IV
RX-000632,PAT-00109,SEJ-000150,N02,Analgésiques,1 patch/72h,2023-04-17,2023-04-21,Orale
RX-000633,PAT-00110,SEJ-000151,C09,Inhibiteurs de l'ECV,500 mg x2/j,2024-04-24,2024-04-29,IV
RX-000634,PAT-00110,SEJ-000151,N05,Psychotropes,1 SC/j,2024-04-24,2024-04-30,IV
RX-000635,PAT-00110,SEJ-000151,A10,Antidiabétiques,1 cp/j,2024-04-23,2024-04-30,Orale
RX-000636,PAT-00110,SEJ-000151,M01,Anti-inflammatoires,500 mg x2/j,2024-04-23,2024-04-25,Orale
RX-000637,PAT-00111,SEJ-000152,M01,Anti-inflammatoires,1 patch/72h,2023-10-19,2023-10-30,Orale
RX-000638,PAT-00111,SEJ-000152,N02,Analgésiques,2 cp/j,2023-10-17,2023-10-20,Orale
RX-000639,PAT-00111,SEJ-000152,A02,Antiacides / IPP,1 cp/j,2023-10-15,2023-10-19,Orale
RX-000640,PAT-00111,SEJ-000152,C09,Inhibiteurs de l'ECV,2 cp/j,2023-10-18,2023-10-30,IV
RX-000641,PAT-00111,SEJ-000152,C03,Diurétiques,1 patch/72h,2023-10-20,2023-10-24,Orale
RX-000642,PAT-00111,SEJ-000152,C09,Inhibiteurs de l'ECV,2 cp/j,2023-10-17,2023-10-28,Orale
RX-000643,PAT-00111,SEJ-000153,C03,Diurétiques,2 cp/j,2023-02-01,2023-02-06,Orale
RX-000644,PAT-00111,SEJ-000153,H02,Corticoïdes,1 patch/72h,2023-02-01,2023-02-02,Orale
RX-000645,PAT-00111,SEJ-000153,B01,Antithrombotiques,À la demande,2023-02-03,2023-02-16,Orale
RX-000646,PAT-00111,SEJ-000153,C07,Bêtabloquants,2 cp/j,2023-02-04,2023-02-15,Orale
RX-000647,PAT-00112,SEJ-000154,H02,Corticoïdes,À la demande,2023-05-31,2023-06-09,IV
RX-000648,PAT-00112,SEJ-000154,A02,Antiacides / IPP,500 mg x2/j,2023-06-02,2023-06-13,Orale
RX-000649,PAT-00112,SEJ-000154,M01,Anti-inflammatoires,1 SC/j,2023-05-29,2023-06-08,Orale
RX-000650,PAT-00112,SEJ-000154,A10,Antidiabétiques,1 SC/j,2023-05-27,2023-06-05,Orale
RX-000651,PAT-00113,SEJ-000155,J01,Antibiotiques,1 patch/72h,2023-05-03,2023-05-11,IV
RX-000652,PAT-00113,SEJ-000155,N05,Psychotropes,1 SC/j,2023-05-03,2023-05-11,Orale
RX-000653,PAT-00113,SEJ-000155,B01,Antithrombotiques,1 cp/j,2023-05-03,2023-05-16,Orale
RX-000654,PAT-00113,SEJ-000155,A02,Antiacides / IPP,500 mg x2/j,2023-05-03,2023-05-05,Orale
RX-000655,PAT-00114,SEJ-000156,A10,Antidiabétiques,2 cp/j,2024-05-03,2024-05-13,Orale
RX-000656,PAT-00114,SEJ-000156,C01,Inotropes cardiaques,1 cp/j,2024-04-28,2024-05-11,Orale
RX-000657,PAT-00114,SEJ-000156,C03,Diurétiques,1 patch/72h,2024-05-01,2024-05-04,Orale
RX-000658,PAT-00115,SEJ-000157,C09,Inhibiteurs de l'ECV,1 patch/72h,2023-04-16,2023-04-29,Orale
RX-000659,PAT-00115,SEJ-000157,M01,Anti-inflammatoires,1 SC/j,2023-04-18,2023-04-25,Orale
RX-000660,PAT-00115,SEJ-000157,N05,Psychotropes,1 cp/j,2023-04-18,2023-04-25,Orale
RX-000661,PAT-00115,SEJ-000157,H02,Corticoïdes,1 cp/j,2023-04-16,2023-04-17,Orale
RX-000662,PAT-00116,SEJ-000158,C07,Bêtabloquants,1 cp/j,2024-05-03,2024-05-15,Orale
RX-000663,PAT-00116,SEJ-000158,C07,Bêtabloquants,2 cp/j,2024-04-30,2024-05-07,IV
RX-000664,PAT-00116,SEJ-000158,A10,Antidiabétiques,1 IV x3/j,2024-04-30,2024-05-01,IV
RX-000665,PAT-00116,SEJ-000158,C01,Inotropes cardiaques,1 cp/j,2024-05-02,2024-05-08,Orale
RX-000666,PAT-00116,SEJ-000158,B01,Antithrombotiques,À la demande,2024-05-02,2024-05-11,Orale
RX-000667,PAT-00116,SEJ-000158,A10,Antidiabétiques,1 IV x3/j,2024-05-02,2024-05-15,Orale
RX-000668,PAT-00116,SEJ-000158,C09,Inhibiteurs de l'ECV,500 mg x2/j,2024-05-02,2024-05-05,Orale
RX-000669,PAT-00116,SEJ-000158,H02,Corticoïdes,1 SC/j,2024-05-01,2024-05-12,Orale
RX-000670,PAT-00116,SEJ-000158,C03,Diurétiques,500 mg x2/j,2024-05-02,,Orale
RX-000671,PAT-00116,SEJ-000158,M01,Anti-inflammatoires,À la demande,2024-05-03,2024-05-12,IV
RX-000672,PAT-00116,SEJ-000158,A10,Antidiabétiques,1 SC/j,2024-05-02,2024-05-04,Orale
RX-000673,PAT-00116,SEJ-000158,A10,Antidiabétiques,1 IV x3/j,2024-04-29,2024-05-03,Orale
RX-000674,PAT-00117,SEJ-000159,J01,Antibiotiques,500 mg x2/j,2024-01-17,2024-01-19,IV
RX-000675,PAT-00117,SEJ-000159,M01,Anti-inflammatoires,1 cp/j,2024-01-17,2024-01-28,IV
RX-000676,PAT-00117,SEJ-000159,J01,Antibiotiques,500 mg x2/j,2024-01-16,2024-01-20,Sous-cutanee
RX-000677,PAT-00117,SEJ-000159,C03,Diurétiques,1 IV x3/j,2024-01-15,2024-01-27,Orale
RX-000678,PAT-00117,SEJ-000160,M01,Anti-inflammatoires,1 SC/j,2023-10-13,2023-10-16,Orale
RX-000679,PAT-00117,SEJ-000160,N05,Psychotropes,1 cp/j,2023-10-12,2023-10-16,Orale
RX-000680,PAT-00117,SEJ-000160,A10,Antidiabétiques,1 SC/j,2023-10-15,2023-10-17,Orale
RX-000681,PAT-00117,SEJ-000160,N02,Analgésiques,2 cp/j,2023-10-13,2023-10-16,Orale
RX-000682,PAT-00117,SEJ-000160,M01,Anti-inflammatoires,500 mg x2/j,2023-10-17,2023-10-27,IV
RX-000683,PAT-00118,SEJ-000161,N02,Analgésiques,1 SC/j,2023-05-29,2023-05-30,IV
RX-000684,PAT-00118,SEJ-000161,A02,Antiacides / IPP,1 cp/j,2023-05-28,2023-06-06,Orale
RX-000685,PAT-00118,SEJ-000161,M01,Anti-inflammatoires,1 patch/72h,2023-05-28,,Sous-cutanee
RX-000686,PAT-00118,SEJ-000161,J01,Antibiotiques,1 patch/72h,2023-05-28,2023-05-30,Orale
RX-000687,PAT-00118,SEJ-000161,C09,Inhibiteurs de l'ECV,2 cp/j,2023-05-28,2023-05-29,Orale
RX-000688,PAT-00118,SEJ-000161,J01,Antibiotiques,1 SC/j,2023-05-28,,Orale
RX-000689,PAT-00118,SEJ-000161,B01,Antithrombotiques,À la demande,2023-05-29,2023-06-10,Orale
RX-000690,PAT-00118,SEJ-000161,A02,Antiacides / IPP,2 cp/j,2023-05-28,2023-06-02,IV
RX-000691,PAT-00119,SEJ-000162,A02,Antiacides / IPP,1 IV x3/j,2023-03-03,2023-03-12,IV
RX-000692,PAT-00119,SEJ-000162,M01,Anti-inflammatoires,2 cp/j,2023-03-01,2023-03-09,Orale
RX-000693,PAT-00119,SEJ-000162,C03,Diurétiques,1 IV x3/j,2023-03-05,2023-03-08,Orale
RX-000694,PAT-00119,SEJ-000162,C09,Inhibiteurs de l'ECV,1 patch/72h,2023-03-02,2023-03-07,Orale
RX-000695,PAT-00119,SEJ-000162,A10,Antidiabétiques,1 IV x3/j,2023-03-03,2023-03-12,Orale
RX-000696,PAT-00119,SEJ-000162,J01,Antibiotiques,1 SC/j,2023-03-02,,IV
RX-000697,PAT-00120,SEJ-000163,A02,Antiacides / IPP,1 cp/j,2024-02-11,2024-02-17,IV
RX-000698,PAT-00120,SEJ-000163,C09,Inhibiteurs de l'ECV,500 mg x2/j,2024-02-10,2024-02-12,Orale
RX-000699,PAT-00120,SEJ-000163,C09,Inhibiteurs de l'ECV,1 patch/72h,2024-02-10,2024-02-15,Sous-cutanee
RX-000700,PAT-00120,SEJ-000163,H02,Corticoïdes,1 cp/j,2024-02-10,2024-02-19,Orale
RX-000701,PAT-00120,SEJ-000163,B01,Antithrombotiques,500 mg x2/j,2024-02-12,,Orale
RX-000702,PAT-00120,SEJ-000163,A10,Antidiabétiques,2 cp/j,2024-02-12,2024-02-25,Orale
RX-000703,PAT-00120,SEJ-000163,C07,Bêtabloquants,1 IV x3/j,2024-02-10,,Orale
RX-000704,PAT-00120,SEJ-000163,N02,Analgésiques,1 SC/j,2024-02-12,2024-02-20,Orale
RX-000705,PAT-00120,SEJ-000163,C07,Bêtabloquants,À la demande,2024-02-10,,Orale
RX-000706,PAT-00121,SEJ-000164,N02,Analgésiques,2 cp/j,2024-03-13,2024-03-15,Orale
RX-000707,PAT-00121,SEJ-000164,A02,Antiacides / IPP,1 patch/72h,2024-03-16,,Orale
RX-000708,PAT-00121,SEJ-000164,C07,Bêtabloquants,1 IV x3/j,2024-03-13,2024-03-16,Orale
RX-000709,PAT-00122,SEJ-000165,J01,Antibiotiques,500 mg x2/j,2023-04-18,,Orale
RX-000710,PAT-00122,SEJ-000165,A10,Antidiabétiques,1 SC/j,2023-04-19,2023-04-24,Orale
RX-000711,PAT-00122,SEJ-000165,C03,Diurétiques,À la demande,2023-04-18,2023-04-29,Orale
RX-000712,PAT-00122,SEJ-000165,A02,Antiacides / IPP,À la demande,2023-04-20,2023-04-23,Orale
RX-000713,PAT-00122,SEJ-000165,N02,Analgésiques,2 cp/j,2023-04-17,2023-04-18,Orale
RX-000714,PAT-00122,SEJ-000165,J01,Antibiotiques,1 patch/72h,2023-04-20,2023-04-29,Orale
RX-000715,PAT-00123,SEJ-000166,A10,Antidiabétiques,2 cp/j,2023-05-13,,IV
RX-000716,PAT-00123,SEJ-000166,C07,Bêtabloquants,1 IV x3/j,2023-05-11,2023-05-18,Orale
RX-000717,PAT-00123,SEJ-000166,C03,Diurétiques,1 cp/j,2023-05-08,,Orale
RX-000718,PAT-00123,SEJ-000166,C01,Inotropes cardiaques,À la demande,2023-05-08,,Orale
RX-000719,PAT-00123,SEJ-000166,B01,Antithrombotiques,2 cp/j,2023-05-11,2023-05-19,Orale
RX-000720,PAT-00123,SEJ-000167,J01,Antibiotiques,500 mg x2/j,2023-06-17,2023-06-23,Orale
RX-000721,PAT-00123,SEJ-000167,C03,Diurétiques,À la demande,2023-06-16,2023-06-23,Orale
RX-000722,PAT-00123,SEJ-000167,N05,Psychotropes,500 mg x2/j,2023-06-18,2023-06-22,Orale
RX-000723,PAT-00123,SEJ-000167,B01,Antithrombotiques,1 SC/j,2023-06-16,2023-06-22,Orale
RX-000724,PAT-00124,SEJ-000168,H02,Corticoïdes,1 IV x3/j,2023-01-21,,Orale
RX-000725,PAT-00124,SEJ-000168,J01,Antibiotiques,2 cp/j,2023-01-21,2023-02-01,Orale
RX-000726,PAT-00124,SEJ-000168,C01,Inotropes cardiaques,À la demande,2023-01-22,2023-01-29,Orale
RX-000727,PAT-00124,SEJ-000168,A10,Antidiabétiques,500 mg x2/j,2023-01-21,2023-01-23,IV
RX-000728,PAT-00124,SEJ-000168,J01,Antibiotiques,1 cp/j,2023-01-22,2023-02-01,Orale
RX-000729,PAT-00124,SEJ-000168,N02,Analgésiques,1 SC/j,2023-01-20,,IV
RX-000730,PAT-00124,SEJ-000169,N02,Analgésiques,1 IV x3/j,2024-04-14,2024-04-18,Orale
RX-000731,PAT-00124,SEJ-000170,J01,Antibiotiques,1 cp/j,2024-03-28,2024-03-31,Orale
RX-000732,PAT-00124,SEJ-000170,M01,Anti-inflammatoires,1 IV x3/j,2024-03-28,2024-04-07,Orale
RX-000733,PAT-00124,SEJ-000170,N05,Psychotropes,1 cp/j,2024-03-27,2024-04-04,Orale
RX-000734,PAT-00125,SEJ-000171,C03,Diurétiques,À la demande,2023-06-11,2023-06-22,IV
RX-000735,PAT-00125,SEJ-000171,C03,Diurétiques,1 cp/j,2023-06-11,2023-06-22,Orale
RX-000736,PAT-00125,SEJ-000171,C03,Diurétiques,1 SC/j,2023-06-11,2023-06-18,IV
RX-000737,PAT-00125,SEJ-000172,M01,Anti-inflammatoires,À la demande,2023-07-10,2023-07-13,Orale
RX-000738,PAT-00125,SEJ-000172,M01,Anti-inflammatoires,1 cp/j,2023-07-12,,Sous-cutanee
RX-000739,PAT-00125,SEJ-000172,C03,Diurétiques,2 cp/j,2023-07-12,2023-07-20,Orale
RX-000740,PAT-00125,SEJ-000172,N05,Psychotropes,À la demande,2023-07-12,2023-07-13,Orale
RX-000741,PAT-00125,SEJ-000172,H02,Corticoïdes,À la demande,2023-07-11,,Orale
RX-000742,PAT-00125,SEJ-000172,A10,Antidiabétiques,1 patch/72h,2023-07-10,2023-07-23,IV
RX-000743,PAT-00125,SEJ-000172,C01,Inotropes cardiaques,1 patch/72h,2023-07-08,2023-07-12,Orale
RX-000744,PAT-00126,SEJ-000173,B01,Antithrombotiques,1 patch/72h,2024-05-21,2024-06-03,Sous-cutanee
RX-000745,PAT-00126,SEJ-000173,N05,Psychotropes,À la demande,2024-05-21,2024-05-22,Orale
RX-000746,PAT-00126,SEJ-000173,N05,Psychotropes,1 patch/72h,2024-05-21,2024-06-02,IV
RX-000747,PAT-00126,SEJ-000173,M01,Anti-inflammatoires,2 cp/j,2024-05-21,,Orale
RX-000748,PAT-00127,SEJ-000174,J01,Antibiotiques,À la demande,2023-10-11,2023-10-20,Orale
RX-000749,PAT-00128,SEJ-000175,J01,Antibiotiques,1 IV x3/j,2023-03-31,2023-04-11,IV
RX-000750,PAT-00128,SEJ-000175,C09,Inhibiteurs de l'ECV,500 mg x2/j,2023-04-01,2023-04-05,IV
RX-000751,PAT-00128,SEJ-000175,N02,Analgésiques,À la demande,2023-03-30,2023-04-05,Sous-cutanee
RX-000752,PAT-00128,SEJ-000175,N05,Psychotropes,500 mg x2/j,2023-03-30,2023-04-06,Orale
RX-000753,PAT-00128,SEJ-000175,A02,Antiacides / IPP,1 cp/j,2023-03-31,,Orale
RX-000754,PAT-00128,SEJ-000175,N02,Analgésiques,2 cp/j,2023-04-01,2023-04-03,Orale
RX-000755,PAT-00128,SEJ-000176,M01,Anti-inflammatoires,1 cp/j,2022-12-31,2023-01-09,Orale
RX-000756,PAT-00129,SEJ-000177,C09,Inhibiteurs de l'ECV,1 patch/72h,2023-03-29,2023-04-10,Sous-cutanee
RX-000757,PAT-00129,SEJ-000177,M01,Anti-inflammatoires,1 IV x3/j,2023-03-30,2023-04-02,Orale
RX-000758,PAT-00130,SEJ-000178,H02,Corticoïdes,1 SC/j,2023-09-20,2023-09-26,Orale
RX-000759,PAT-00130,SEJ-000178,M01,Anti-inflammatoires,500 mg x2/j,2023-09-23,,Sous-cutanee
RX-000760,PAT-00130,SEJ-000178,C07,Bêtabloquants,1 SC/j,2023-09-25,2023-10-02,IV
RX-000761,PAT-00130,SEJ-000178,A10,Antidiabétiques,1 SC/j,2023-09-29,2023-10-03,Orale
RX-000762,PAT-00130,SEJ-000178,C07,Bêtabloquants,1 patch/72h,2023-09-26,,Orale
RX-000763,PAT-00131,SEJ-000179,C01,Inotropes cardiaques,500 mg x2/j,2024-02-11,2024-02-14,Sous-cutanee
RX-000764,PAT-00131,SEJ-000179,A10,Antidiabétiques,2 cp/j,2024-02-16,2024-02-24,IV
RX-000765,PAT-00131,SEJ-000179,J01,Antibiotiques,2 cp/j,2024-02-16,2024-02-25,IV
RX-000766,PAT-00131,SEJ-000179,C03,Diurétiques,1 IV x3/j,2024-02-14,2024-02-17,IV
RX-000767,PAT-00131,SEJ-000179,N05,Psychotropes,1 patch/72h,2024-02-15,,IV
RX-000768,PAT-00131,SEJ-000179,H02,Corticoïdes,1 SC/j,2024-02-15,2024-02-19,Orale
RX-000769,PAT-00131,SEJ-000179,N02,Analgésiques,500 mg x2/j,2024-02-17,2024-02-19,Orale
RX-000770,PAT-00132,SEJ-000180,A02,Antiacides / IPP,2 cp/j,2023-08-06,2023-08-17,Orale
RX-000771,PAT-00132,SEJ-000180,N02,Analgésiques,À la demande,2023-08-07,2023-08-19,Orale
RX-000772,PAT-00132,SEJ-000180,N05,Psychotropes,1 patch/72h,2023-08-07,,Orale
RX-000773,PAT-00132,SEJ-000180,J01,Antibiotiques,1 cp/j,2023-08-07,2023-08-08,Orale
RX-000774,PAT-00132,SEJ-000180,N02,Analgésiques,1 SC/j,2023-08-07,,IV
RX-000775,PAT-00132,SEJ-000180,N02,Analgésiques,À la demande,2023-08-07,2023-08-11,Orale
RX-000776,PAT-00132,SEJ-000180,C03,Diurétiques,500 mg x2/j,2023-08-07,2023-08-08,IV
RX-000777,PAT-00133,SEJ-000181,B01,Antithrombotiques,À la demande,2024-04-18,,Orale
RX-000778,PAT-00133,SEJ-000181,C01,Inotropes cardiaques,1 patch/72h,2024-04-20,2024-04-23,Orale
RX-000779,PAT-00133,SEJ-000181,C01,Inotropes cardiaques,À la demande,2024-04-19,2024-04-22,Orale
RX-000780,PAT-00133,SEJ-000181,N02,Analgésiques,1 cp/j,2024-04-18,2024-04-19,Sous-cutanee
RX-000781,PAT-00133,SEJ-000181,M01,Anti-inflammatoires,À la demande,2024-04-22,,IV
RX-000782,PAT-00133,SEJ-000181,B01,Antithrombotiques,500 mg x2/j,2024-04-22,2024-04-29,Orale
RX-000783,PAT-00133,SEJ-000181,A10,Antidiabétiques,2 cp/j,2024-04-22,,Orale
RX-000784,PAT-00134,SEJ-000182,M01,Anti-inflammatoires,2 cp/j,2023-06-09,2023-06-10,Orale
RX-000785,PAT-00134,SEJ-000182,M01,Anti-inflammatoires,2 cp/j,2023-06-11,2023-06-13,Orale
RX-000786,PAT-00134,SEJ-000182,H02,Corticoïdes,1 SC/j,2023-06-07,2023-06-20,Orale
RX-000787,PAT-00134,SEJ-000182,C03,Diurétiques,1 SC/j,2023-06-10,2023-06-12,Orale
RX-000788,PAT-00135,SEJ-000183,A02,Antiacides / IPP,1 SC/j,2023-02-20,,Sous-cutanee
RX-000789,PAT-00135,SEJ-000183,B01,Antithrombotiques,À la demande,2023-02-17,2023-02-26,IV
RX-000790,PAT-00135,SEJ-000183,C03,Diurétiques,1 IV x3/j,2023-02-18,2023-02-21,IV
RX-000791,PAT-00135,SEJ-000183,B01,Antithrombotiques,1 IV x3/j,2023-02-17,,Orale
RX-000792,PAT-00135,SEJ-000183,C09,Inhibiteurs de l'ECV,1 IV x3/j,2023-02-20,2023-02-24,Sous-cutanee
RX-000793,PAT-00136,SEJ-000184,J01,Antibiotiques,1 IV x3/j,2023-06-17,,Orale
RX-000794,PAT-00136,SEJ-000184,N02,Analgésiques,1 SC/j,2023-06-12,2023-06-13,IV
RX-000795,PAT-00136,SEJ-000184,H02,Corticoïdes,1 cp/j,2023-06-12,2023-06-13,IV
RX-000796,PAT-00136,SEJ-000184,A02,Antiacides / IPP,À la demande,2023-06-15,2023-06-27,Orale
RX-000797,PAT-00136,SEJ-000185,H02,Corticoïdes,1 cp/j,2024-01-30,2024-02-11,Orale
RX-000798,PAT-00136,SEJ-000185,A10,Antidiabétiques,1 IV x3/j,2024-01-31,,Orale
RX-000799,PAT-00136,SEJ-000185,N05,Psychotropes,1 SC/j,2024-01-29,,IV
RX-000800,PAT-00137,SEJ-000186,B01,Antithrombotiques,500 mg x2/j,2023-07-06,2023-07-17,Orale
RX-000801,PAT-00137,SEJ-000186,A10,Antidiabétiques,1 IV x3/j,2023-07-07,2023-07-19,Sous-cutanee
RX-000802,PAT-00137,SEJ-000186,H02,Corticoïdes,1 SC/j,2023-07-04,2023-07-13,Orale
RX-000803,PAT-00137,SEJ-000186,C07,Bêtabloquants,À la demande,2023-07-05,,IV
RX-000804,PAT-00137,SEJ-000186,C09,Inhibiteurs de l'ECV,À la demande,2023-07-02,2023-07-13,IV
RX-000805,PAT-00137,SEJ-000186,C03,Diurétiques,2 cp/j,2023-07-02,2023-07-06,Orale
RX-000806,PAT-00137,SEJ-000186,H02,Corticoïdes,À la demande,2023-07-07,,IV
RX-000807,PAT-00137,SEJ-000187,A02,Antiacides / IPP,1 IV x3/j,2023-11-09,2023-11-19,Orale
RX-000808,PAT-00137,SEJ-000187,A02,Antiacides / IPP,1 cp/j,2023-11-08,2023-11-10,IV
RX-000809,PAT-00137,SEJ-000187,B01,Antithrombotiques,1 IV x3/j,2023-11-07,2023-11-17,Orale
RX-000810,PAT-00137,SEJ-000187,C07,Bêtabloquants,1 cp/j,2023-11-11,2023-11-21,Sous-cutanee
RX-000811,PAT-00137,SEJ-000187,B01,Antithrombotiques,1 patch/72h,2023-11-10,2023-11-14,Orale
RX-000812,PAT-00138,SEJ-000188,N02,Analgésiques,1 cp/j,2023-02-06,2023-02-19,IV
RX-000813,PAT-00138,SEJ-000188,J01,Antibiotiques,1 SC/j,2023-02-07,2023-02-09,Orale
RX-000814,PAT-00138,SEJ-000188,J01,Antibiotiques,1 IV x3/j,2023-02-07,2023-02-09,Orale
RX-000815,PAT-00138,SEJ-000189,C01,Inotropes cardiaques,1 SC/j,2023-06-07,2023-06-15,Orale
RX-000816,PAT-00138,SEJ-000189,C03,Diurétiques,À la demande,2023-06-07,2023-06-14,Orale
RX-000817,PAT-00138,SEJ-000189,A10,Antidiabétiques,1 SC/j,2023-06-07,2023-06-16,Orale
RX-000818,PAT-00138,SEJ-000189,C03,Diurétiques,1 SC/j,2023-06-06,2023-06-08,Orale
RX-000819,PAT-00138,SEJ-000189,B01,Antithrombotiques,1 IV x3/j,2023-06-06,,Orale
RX-000820,PAT-00138,SEJ-000189,C01,Inotropes cardiaques,1 SC/j,2023-06-07,,Orale
RX-000821,PAT-00138,SEJ-000189,M01,Anti-inflammatoires,À la demande,2023-06-07,2023-06-15,Orale
RX-000822,PAT-00139,SEJ-000190,C07,Bêtabloquants,500 mg x2/j,2023-02-05,2023-02-11,Sous-cutanee
RX-000823,PAT-00139,SEJ-000190,N02,Analgésiques,À la demande,2023-02-06,,Orale
RX-000824,PAT-00139,SEJ-000190,C03,Diurétiques,À la demande,2023-02-06,2023-02-10,Orale
RX-000825,PAT-00139,SEJ-000190,N05,Psychotropes,À la demande,2023-02-05,,Orale
RX-000826,PAT-00139,SEJ-000190,J01,Antibiotiques,1 IV x3/j,2023-02-05,2023-02-07,IV
RX-000827,PAT-00140,SEJ-000191,A02,Antiacides / IPP,1 patch/72h,2023-05-26,2023-05-29,Orale
RX-000828,PAT-00140,SEJ-000191,B01,Antithrombotiques,500 mg x2/j,2023-05-23,2023-05-25,Orale
RX-000829,PAT-00140,SEJ-000191,A10,Antidiabétiques,1 cp/j,2023-05-19,2023-05-23,Sous-cutanee
RX-000830,PAT-00140,SEJ-000191,C07,Bêtabloquants,1 SC/j,2023-05-27,2023-05-29,Orale
RX-000831,PAT-00141,SEJ-000192,N02,Analgésiques,1 IV x3/j,2024-04-17,2024-04-22,Orale
RX-000832,PAT-00141,SEJ-000192,B01,Antithrombotiques,2 cp/j,2024-04-17,2024-04-18,Orale
RX-000833,PAT-00141,SEJ-000192,N05,Psychotropes,500 mg x2/j,2024-04-17,2024-04-20,IV
RX-000834,PAT-00141,SEJ-000192,C01,Inotropes cardiaques,500 mg x2/j,2024-04-17,2024-04-18,Orale
RX-000835,PAT-00141,SEJ-000192,N05,Psychotropes,500 mg x2/j,2024-04-17,2024-04-23,IV
RX-000836,PAT-00142,SEJ-000193,B01,Antithrombotiques,1 cp/j,2023-04-07,2023-04-08,Orale
RX-000837,PAT-00142,SEJ-000193,C01,Inotropes cardiaques,2 cp/j,2023-04-09,,Orale
RX-000838,PAT-00142,SEJ-000193,C09,Inhibiteurs de l'ECV,2 cp/j,2023-04-07,2023-04-10,Orale
RX-000839,PAT-00142,SEJ-000193,N02,Analgésiques,À la demande,2023-04-08,2023-04-10,Orale
RX-000840,PAT-00142,SEJ-000193,C09,Inhibiteurs de l'ECV,500 mg x2/j,2023-04-09,2023-04-15,IV
RX-000841,PAT-00142,SEJ-000193,B01,Antithrombotiques,2 cp/j,2023-04-06,2023-04-10,Orale
RX-000842,PAT-00142,SEJ-000193,C01,Inotropes cardiaques,À la demande,2023-04-09,,Orale
RX-000843,PAT-00142,SEJ-000194,N05,Psychotropes,2 cp/j,2023-02-11,,Orale
RX-000844,PAT-00142,SEJ-000194,A02,Antiacides / IPP,1 cp/j,2023-02-11,2023-02-17,IV
RX-000845,PAT-00142,SEJ-000194,C09,Inhibiteurs de l'ECV,1 SC/j,2023-02-12,2023-02-14,Orale
RX-000846,PAT-00142,SEJ-000194,B01,Antithrombotiques,500 mg x2/j,2023-02-09,2023-02-13,IV
RX-000847,PAT-00142,SEJ-000194,N05,Psychotropes,À la demande,2023-02-09,2023-02-11,Orale
RX-000848,PAT-00142,SEJ-000194,A10,Antidiabétiques,500 mg x2/j,2023-02-09,2023-02-11,Orale
RX-000849,PAT-00143,SEJ-000195,C01,Inotropes cardiaques,1 IV x3/j,2022-12-12,2022-12-13,Orale
RX-000850,PAT-00143,SEJ-000195,N05,Psychotropes,1 cp/j,2022-12-12,2022-12-19,Sous-cutanee
RX-000851,PAT-00144,SEJ-000196,N02,Analgésiques,1 cp/j,2023-08-16,2023-08-26,Orale
RX-000852,PAT-00144,SEJ-000196,M01,Anti-inflammatoires,500 mg x2/j,2023-08-14,,Orale
RX-000853,PAT-00144,SEJ-000196,N05,Psychotropes,500 mg x2/j,2023-08-14,,Orale
RX-000854,PAT-00145,SEJ-000197,A10,Antidiabétiques,1 cp/j,2023-11-23,2023-12-05,IV
RX-000855,PAT-00145,SEJ-000197,H02,Corticoïdes,1 IV x3/j,2023-11-21,2023-11-25,Orale
RX-000856,PAT-00145,SEJ-000197,H02,Corticoïdes,2 cp/j,2023-11-22,2023-12-02,Orale
RX-000857,PAT-00146,SEJ-000198,C01,Inotropes cardiaques,1 cp/j,2022-12-24,2023-01-04,Orale
RX-000858,PAT-00146,SEJ-000198,A02,Antiacides / IPP,1 patch/72h,2022-12-24,2023-01-04,Sous-cutanee
RX-000859,PAT-00146,SEJ-000198,N05,Psychotropes,1 SC/j,2022-12-24,2023-01-01,Orale
RX-000860,PAT-00147,SEJ-000199,C07,Bêtabloquants,À la demande,2023-03-02,,Orale
RX-000861,PAT-00147,SEJ-000199,C03,Diurétiques,1 cp/j,2023-02-28,2023-03-10,Orale
RX-000862,PAT-00147,SEJ-000199,J01,Antibiotiques,1 SC/j,2023-03-01,2023-03-07,Orale
RX-000863,PAT-00148,SEJ-000200,B01,Antithrombotiques,À la demande,2024-04-20,2024-04-23,IV
RX-000864,PAT-00148,SEJ-000200,M01,Anti-inflammatoires,1 patch/72h,2024-04-19,2024-04-29,Orale
RX-000865,PAT-00148,SEJ-000200,C09,Inhibiteurs de l'ECV,1 cp/j,2024-04-19,2024-04-30,Sous-cutanee
RX-000866,PAT-00148,SEJ-000200,M01,Anti-inflammatoires,2 cp/j,2024-04-20,2024-04-26,Orale
RX-000867,PAT-00148,SEJ-000200,B01,Antithrombotiques,1 IV x3/j,2024-04-18,2024-04-19,Orale
RX-000868,PAT-00148,SEJ-000200,A02,Antiacides / IPP,1 IV x3/j,2024-04-20,2024-04-24,Orale
RX-000869,PAT-00148,SEJ-000200,A02,Antiacides / IPP,À la demande,2024-04-20,,Orale
RX-000870,PAT-00148,SEJ-000200,B01,Antithrombotiques,1 SC/j,2024-04-19,2024-04-26,Orale
RX-000871,PAT-00149,SEJ-000201,C01,Inotropes cardiaques,1 patch/72h,2023-05-23,,Orale
RX-000872,PAT-00149,SEJ-000201,M01,Anti-inflammatoires,1 SC/j,2023-05-23,2023-06-02,Sous-cutanee
RX-000873,PAT-00149,SEJ-000201,B01,Antithrombotiques,1 patch/72h,2023-05-23,2023-05-24,Sous-cutanee
RX-000874,PAT-00149,SEJ-000201,N02,Analgésiques,1 patch/72h,2023-05-24,2023-05-26,Orale
RX-000875,PAT-00149,SEJ-000201,C01,Inotropes cardiaques,1 IV x3/j,2023-05-23,2023-05-29,IV
RX-000876,PAT-00149,SEJ-000202,C07,Bêtabloquants,1 IV x3/j,2023-01-10,2023-01-22,Orale
RX-000877,PAT-00149,SEJ-000202,A02,Antiacides / IPP,500 mg x2/j,2023-01-08,2023-01-16,IV
RX-000878,PAT-00149,SEJ-000202,A10,Antidiabétiques,1 cp/j,2023-01-10,,Orale
RX-000879,PAT-00149,SEJ-000202,B01,Antithrombotiques,À la demande,2023-01-10,2023-01-13,Orale
RX-000880,PAT-00149,SEJ-000202,M01,Anti-inflammatoires,1 IV x3/j,2023-01-07,2023-01-13,Orale
RX-000881,PAT-00149,SEJ-000202,J01,Antibiotiques,À la demande,2023-01-10,2023-01-16,Orale
RX-000882,PAT-00149,SEJ-000202,A10,Antidiabétiques,1 cp/j,2023-01-08,2023-01-15,Orale
RX-000883,PAT-00150,SEJ-000203,C03,Diurétiques,1 SC/j,2022-12-18,2022-12-20,Orale
RX-000884,PAT-00150,SEJ-000203,C09,Inhibiteurs de l'ECV,1 IV x3/j,2022-12-18,2022-12-21,Orale
RX-000885,PAT-00151,SEJ-000204,B01,Antithrombotiques,À la demande,2023-03-10,,Orale
RX-000886,PAT-00151,SEJ-000204,J01,Antibiotiques,1 SC/j,2023-03-10,2023-03-15,Orale
RX-000887,PAT-00151,SEJ-000204,A10,Antidiabétiques,2 cp/j,2023-03-09,2023-03-21,IV
RX-000888,PAT-00151,SEJ-000204,N02,Analgésiques,1 patch/72h,2023-03-10,2023-03-17,IV
RX-000889,PAT-00152,SEJ-000205,C01,Inotropes cardiaques,1 patch/72h,2023-05-10,2023-05-13,Orale
RX-000890,PAT-00152,SEJ-000205,H02,Corticoïdes,1 SC/j,2023-05-11,2023-05-12,Orale
RX-000891,PAT-00152,SEJ-000205,C01,Inotropes cardiaques,2 cp/j,2023-05-12,2023-05-21,Orale
RX-000892,PAT-00153,SEJ-000206,M01,Anti-inflammatoires,1 cp/j,2024-04-01,2024-04-11,Sous-cutanee
RX-000893,PAT-00153,SEJ-000206,C07,Bêtabloquants,500 mg x2/j,2024-04-07,,IV
RX-000894,PAT-00153,SEJ-000206,C03,Diurétiques,1 cp/j,2024-04-09,,Orale
RX-000895,PAT-00153,SEJ-000206,B01,Antithrombotiques,1 patch/72h,2024-04-02,2024-04-12,Orale
RX-000896,PAT-00153,SEJ-000206,A02,Antiacides / IPP,2 cp/j,2024-04-03,2024-04-12,Orale
RX-000897,PAT-00153,SEJ-000206,C01,Inotropes cardiaques,1 cp/j,2024-04-06,,Orale
RX-000898,PAT-00154,SEJ-000207,C03,Diurétiques,1 IV x3/j,2023-06-07,2023-06-18,Orale
RX-000899,PAT-00154,SEJ-000207,M01,Anti-inflammatoires,500 mg x2/j,2023-06-10,2023-06-12,Orale
RX-000900,PAT-00154,SEJ-000207,M01,Anti-inflammatoires,1 SC/j,2023-06-07,2023-06-10,Orale
RX-000901,PAT-00154,SEJ-000207,A10,Antidiabétiques,À la demande,2023-06-06,2023-06-11,Orale
RX-000902,PAT-00155,SEJ-000208,C03,Diurétiques,2 cp/j,2024-04-06,2024-04-08,Orale
RX-000903,PAT-00155,SEJ-000208,C07,Bêtabloquants,1 SC/j,2024-04-07,2024-04-08,Orale
RX-000904,PAT-00155,SEJ-000208,A02,Antiacides / IPP,1 patch/72h,2024-04-07,2024-04-14,IV
RX-000905,PAT-00155,SEJ-000208,C09,Inhibiteurs de l'ECV,500 mg x2/j,2024-04-07,,Orale
RX-000906,PAT-00155,SEJ-000208,A02,Antiacides / IPP,1 cp/j,2024-04-06,2024-04-12,Sous-cutanee
RX-000907,PAT-00155,SEJ-000209,C03,Diurétiques,À la demande,2023-06-22,2023-07-02,IV
RX-000908,PAT-00156,SEJ-000210,C09,Inhibiteurs de l'ECV,500 mg x2/j,2024-01-25,2024-02-07,Orale
RX-000909,PAT-00156,SEJ-000210,C07,Bêtabloquants,2 cp/j,2024-01-21,2024-01-24,Orale
RX-000910,PAT-00156,SEJ-000210,H02,Corticoïdes,1 IV x3/j,2024-01-23,2024-01-27,IV
RX-000911,PAT-00156,SEJ-000210,N02,Analgésiques,À la demande,2024-01-28,2024-01-30,Sous-cutanee
RX-000912,PAT-00156,SEJ-000211,M01,Anti-inflammatoires,1 cp/j,2022-12-24,2022-12-27,Orale
RX-000913,PAT-00156,SEJ-000211,C07,Bêtabloquants,1 patch/72h,2022-12-24,2022-12-25,Orale
RX-000914,PAT-00156,SEJ-000211,C09,Inhibiteurs de l'ECV,1 SC/j,2022-12-21,2022-12-24,IV
RX-000915,PAT-00157,SEJ-000212,C03,Diurétiques,2 cp/j,2023-12-01,2023-12-12,Orale
RX-000916,PAT-00157,SEJ-000212,C03,Diurétiques,À la demande,2023-12-02,2023-12-06,Orale
RX-000917,PAT-00157,SEJ-000212,B01,Antithrombotiques,500 mg x2/j,2023-12-04,,IV
RX-000918,PAT-00157,SEJ-000212,A02,Antiacides / IPP,500 mg x2/j,2023-12-01,2023-12-07,Orale
RX-000919,PAT-00157,SEJ-000212,C07,Bêtabloquants,500 mg x2/j,2023-12-03,2023-12-07,Orale
RX-000920,PAT-00157,SEJ-000212,M01,Anti-inflammatoires,1 cp/j,2023-12-01,2023-12-09,Sous-cutanee
RX-000921,PAT-00158,SEJ-000213,A10,Antidiabétiques,1 cp/j,2023-03-12,2023-03-25,IV
RX-000922,PAT-00159,SEJ-000214,N05,Psychotropes,2 cp/j,2023-11-28,2023-12-09,Orale
RX-000923,PAT-00159,SEJ-000214,N05,Psychotropes,1 IV x3/j,2023-12-01,2023-12-11,IV
RX-000924,PAT-00159,SEJ-000214,N05,Psychotropes,1 IV x3/j,2023-11-28,,Orale
RX-000925,PAT-00159,SEJ-000214,A10,Antidiabétiques,1 IV x3/j,2023-11-28,2023-11-30,Orale
RX-000926,PAT-00159,SEJ-000214,N05,Psychotropes,À la demande,2023-11-30,2023-12-10,Orale
RX-000927,PAT-00159,SEJ-000214,M01,Anti-inflammatoires,1 cp/j,2023-11-28,,IV
RX-000928,PAT-00160,SEJ-000215,C01,Inotropes cardiaques,À la demande,2023-03-07,2023-03-11,Sous-cutanee
RX-000929,PAT-00160,SEJ-000215,M01,Anti-inflammatoires,1 cp/j,2023-03-11,2023-03-17,Orale
RX-000930,PAT-00160,SEJ-000215,C09,Inhibiteurs de l'ECV,1 SC/j,2023-03-10,,Orale
RX-000931,PAT-00160,SEJ-000215,C07,Bêtabloquants,1 cp/j,2023-03-08,2023-03-17,IV
RX-000932,PAT-00160,SEJ-000215,C03,Diurétiques,2 cp/j,2023-03-08,2023-03-21,Orale
RX-000933,PAT-00160,SEJ-000216,C01,Inotropes cardiaques,1 SC/j,2024-04-10,,Orale
RX-000934,PAT-00160,SEJ-000216,N05,Psychotropes,1 SC/j,2024-04-10,2024-04-14,Orale
RX-000935,PAT-00161,SEJ-000217,A02,Antiacides / IPP,1 cp/j,2023-04-22,2023-04-26,Orale
RX-000936,PAT-00161,SEJ-000217,A10,Antidiabétiques,1 cp/j,2023-04-20,2023-04-21,Orale
RX-000937,PAT-00161,SEJ-000217,H02,Corticoïdes,1 patch/72h,2023-04-22,2023-04-28,IV
RX-000938,PAT-00162,SEJ-000218,M01,Anti-inflammatoires,1 patch/72h,2024-01-02,2024-01-12,Orale
RX-000939,PAT-00162,SEJ-000218,C09,Inhibiteurs de l'ECV,1 patch/72h,2024-01-02,2024-01-05,Orale
RX-000940,PAT-00162,SEJ-000218,H02,Corticoïdes,1 patch/72h,2024-01-02,2024-01-12,Orale
RX-000941,PAT-00162,SEJ-000218,H02,Corticoïdes,500 mg x2/j,2024-01-02,2024-01-14,Orale
RX-000942,PAT-00162,SEJ-000219,C01,Inotropes cardiaques,500 mg x2/j,2024-03-23,2024-03-27,Orale
RX-000943,PAT-00162,SEJ-000219,J01,Antibiotiques,1 IV x3/j,2024-03-23,2024-04-04,IV
RX-000944,PAT-00163,SEJ-000220,C09,Inhibiteurs de l'ECV,1 SC/j,2024-05-01,2024-05-14,IV
RX-000945,PAT-00163,SEJ-000220,J01,Antibiotiques,500 mg x2/j,2024-05-01,,Orale
RX-000946,PAT-00163,SEJ-000220,A10,Antidiabétiques,500 mg x2/j,2024-04-29,2024-05-02,Sous-cutanee
RX-000947,PAT-00163,SEJ-000220,B01,Antithrombotiques,500 mg x2/j,2024-05-02,2024-05-12,Orale
RX-000948,PAT-00164,SEJ-000221,N05,Psychotropes,1 cp/j,2024-04-10,2024-04-23,Orale
RX-000949,PAT-00164,SEJ-000221,N02,Analgésiques,2 cp/j,2024-04-08,2024-04-13,Orale
RX-000950,PAT-00164,SEJ-000221,H02,Corticoïdes,1 patch/72h,2024-04-06,2024-04-15,Orale
RX-000951,PAT-00164,SEJ-000221,M01,Anti-inflammatoires,1 cp/j,2024-04-06,2024-04-15,IV
RX-000952,PAT-00164,SEJ-000221,C01,Inotropes cardiaques,2 cp/j,2024-04-08,2024-04-18,IV
RX-000953,PAT-00164,SEJ-000221,N02,Analgésiques,2 cp/j,2024-04-04,2024-04-05,Orale
RX-000954,PAT-00164,SEJ-000221,A10,Antidiabétiques,1 cp/j,2024-04-10,,Orale
RX-000955,PAT-00164,SEJ-000221,A02,Antiacides / IPP,500 mg x2/j,2024-04-08,2024-04-14,Orale
RX-000956,PAT-00165,SEJ-000222,N05,Psychotropes,1 SC/j,2024-04-19,2024-04-30,Orale
RX-000957,PAT-00165,SEJ-000222,A02,Antiacides / IPP,À la demande,2024-04-21,2024-04-23,IV
RX-000958,PAT-00165,SEJ-000222,H02,Corticoïdes,À la demande,2024-04-21,2024-04-26,Orale
RX-000959,PAT-00165,SEJ-000222,C01,Inotropes cardiaques,1 SC/j,2024-04-19,2024-04-23,Orale
RX-000960,PAT-00165,SEJ-000222,C01,Inotropes cardiaques,1 cp/j,2024-04-18,2024-05-01,Sous-cutanee
RX-000961,PAT-00165,SEJ-000223,J01,Antibiotiques,1 cp/j,2023-12-05,,Orale
RX-000962,PAT-00165,SEJ-000223,C03,Diurétiques,1 SC/j,2023-12-02,2023-12-03,Orale
RX-000963,PAT-00165,SEJ-000223,J01,Antibiotiques,1 SC/j,2023-12-04,2023-12-07,Orale
RX-000964,PAT-00166,SEJ-000224,N05,Psychotropes,1 SC/j,2023-02-23,2023-03-07,Orale
RX-000965,PAT-00166,SEJ-000224,J01,Antibiotiques,1 SC/j,2023-02-18,2023-02-24,Orale
RX-000966,PAT-00167,SEJ-000225,C03,Diurétiques,À la demande,2023-03-22,2023-03-24,Sous-cutanee
RX-000967,PAT-00167,SEJ-000225,A02,Antiacides / IPP,1 IV x3/j,2023-03-22,2023-03-26,Orale
RX-000968,PAT-00167,SEJ-000225,N05,Psychotropes,1 cp/j,2023-03-22,2023-04-01,Orale
RX-000969,PAT-00168,SEJ-000226,C01,Inotropes cardiaques,2 cp/j,2023-02-20,2023-02-22,IV
RX-000970,PAT-00168,SEJ-000226,C07,Bêtabloquants,1 SC/j,2023-02-21,2023-02-24,Sous-cutanee
RX-000971,PAT-00168,SEJ-000226,H02,Corticoïdes,1 cp/j,2023-02-23,2023-02-28,Orale
RX-000972,PAT-00168,SEJ-000226,M01,Anti-inflammatoires,500 mg x2/j,2023-02-23,2023-02-24,Orale
RX-000973,PAT-00169,SEJ-000227,C07,Bêtabloquants,1 SC/j,2024-01-15,2024-01-25,Orale
RX-000974,PAT-00169,SEJ-000227,A02,Antiacides / IPP,1 cp/j,2024-01-07,2024-01-12,Orale
RX-000975,PAT-00169,SEJ-000227,B01,Antithrombotiques,1 cp/j,2024-01-05,,Orale
RX-000976,PAT-00169,SEJ-000227,B01,Antithrombotiques,1 SC/j,2024-01-08,2024-01-13,Orale
RX-000977,PAT-00169,SEJ-000227,H02,Corticoïdes,1 IV x3/j,2024-01-07,2024-01-14,Orale
RX-000978,PAT-00169,SEJ-000227,A02,Antiacides / IPP,1 cp/j,2024-01-14,2024-01-21,IV
RX-000979,PAT-00170,SEJ-000228,B01,Antithrombotiques,500 mg x2/j,2023-07-02,2023-07-14,IV
RX-000980,PAT-00170,SEJ-000228,N02,Analgésiques,2 cp/j,2023-07-03,2023-07-15,Orale
RX-000981,PAT-00171,SEJ-000229,H02,Corticoïdes,1 patch/72h,2023-07-03,2023-07-13,IV
RX-000982,PAT-00171,SEJ-000229,H02,Corticoïdes,À la demande,2023-07-04,,Orale
RX-000983,PAT-00171,SEJ-000229,C07,Bêtabloquants,1 cp/j,2023-07-02,2023-07-05,Orale
RX-000984,PAT-00171,SEJ-000229,C03,Diurétiques,1 cp/j,2023-06-29,2023-07-05,Orale
RX-000985,PAT-00171,SEJ-000229,A02,Antiacides / IPP,500 mg x2/j,2023-07-04,2023-07-17,IV
RX-000986,PAT-00171,SEJ-000229,C07,Bêtabloquants,1 patch/72h,2023-06-30,2023-07-05,Orale
RX-000987,PAT-00172,SEJ-000230,H02,Corticoïdes,1 SC/j,2024-05-12,2024-05-20,Orale
RX-000988,PAT-00172,SEJ-000230,A10,Antidiabétiques,À la demande,2024-05-07,2024-05-18,Sous-cutanee
RX-000989,PAT-00172,SEJ-000230,N05,Psychotropes,1 SC/j,2024-05-08,2024-05-17,Sous-cutanee
RX-000990,PAT-00173,SEJ-000231,A02,Antiacides / IPP,1 SC/j,2023-04-04,2023-04-15,Orale
RX-000991,PAT-00173,SEJ-000231,A02,Antiacides / IPP,1 cp/j,2023-04-02,2023-04-08,IV
RX-000992,PAT-00173,SEJ-000231,H02,Corticoïdes,2 cp/j,2023-04-03,2023-04-15,Orale
RX-000993,PAT-00173,SEJ-000231,M01,Anti-inflammatoires,1 patch/72h,2023-04-04,2023-04-09,Orale
RX-000994,PAT-00173,SEJ-000231,N02,Analgésiques,À la demande,2023-04-03,2023-04-04,Orale
RX-000995,PAT-00173,SEJ-000232,A02,Antiacides / IPP,1 SC/j,2023-01-18,2023-01-31,Sous-cutanee
RX-000996,PAT-00173,SEJ-000232,C09,Inhibiteurs de l'ECV,500 mg x2/j,2023-01-23,,Orale
RX-000997,PAT-00173,SEJ-000232,H02,Corticoïdes,1 patch/72h,2023-01-21,2023-01-29,Orale
RX-000998,PAT-00173,SEJ-000233,A02,Antiacides / IPP,1 SC/j,2023-03-29,2023-04-08,Orale
RX-000999,PAT-00173,SEJ-000233,A02,Antiacides / IPP,2 cp/j,2023-03-30,2023-03-31,Orale
RX-001000,PAT-00173,SEJ-000233,C09,Inhibiteurs de l'ECV,1 cp/j,2023-03-30,2023-04-01,IV
RX-001001,PAT-00173,SEJ-000233,C09,Inhibiteurs de l'ECV,1 cp/j,2023-03-29,,Orale
RX-001002,PAT-00173,SEJ-000233,A02,Antiacides / IPP,1 IV x3/j,2023-03-29,,IV
RX-001003,PAT-00174,SEJ-000234,N05,Psychotropes,1 cp/j,2023-08-25,2023-09-03,Orale
RX-001004,PAT-00174,SEJ-000234,C07,Bêtabloquants,2 cp/j,2023-08-25,,Orale
RX-001005,PAT-00174,SEJ-000234,J01,Antibiotiques,1 IV x3/j,2023-08-25,2023-08-30,Orale
RX-001006,PAT-00174,SEJ-000234,C03,Diurétiques,À la demande,2023-08-25,2023-08-29,Orale
RX-001007,PAT-00175,SEJ-000235,C07,Bêtabloquants,À la demande,2023-02-03,,Orale
RX-001008,PAT-00175,SEJ-000235,C01,Inotropes cardiaques,1 SC/j,2023-02-06,2023-02-14,IV
RX-001009,PAT-00175,SEJ-000235,N05,Psychotropes,500 mg x2/j,2023-02-01,2023-02-13,Orale
RX-001010,PAT-00176,SEJ-000236,M01,Anti-inflammatoires,1 cp/j,2024-03-15,2024-03-16,Orale
RX-001011,PAT-00176,SEJ-000236,B01,Antithrombotiques,1 IV x3/j,2024-03-18,2024-03-31,Orale
RX-001012,PAT-00176,SEJ-000236,B01,Antithrombotiques,2 cp/j,2024-03-17,,Orale
RX-001013,PAT-00176,SEJ-000237,A02,Antiacides / IPP,1 SC/j,2024-02-02,2024-02-04,Orale
RX-001014,PAT-00176,SEJ-000237,A02,Antiacides / IPP,1 patch/72h,2024-02-02,,Orale
RX-001015,PAT-00176,SEJ-000237,A02,Antiacides / IPP,1 IV x3/j,2024-02-07,,Orale
RX-001016,PAT-00177,SEJ-000238,C09,Inhibiteurs de l'ECV,À la demande,2023-06-27,,Orale
RX-001017,PAT-00177,SEJ-000238,N05,Psychotropes,1 SC/j,2023-06-30,,IV
RX-001018,PAT-00177,SEJ-000238,C09,Inhibiteurs de l'ECV,1 SC/j,2023-07-02,2023-07-13,Orale
RX-001019,PAT-00177,SEJ-000238,M01,Anti-inflammatoires,500 mg x2/j,2023-07-02,2023-07-07,IV
RX-001020,PAT-00177,SEJ-000238,C07,Bêtabloquants,500 mg x2/j,2023-07-04,2023-07-17,Orale
RX-001021,PAT-00178,SEJ-000239,C09,Inhibiteurs de l'ECV,1 IV x3/j,2024-02-12,2024-02-24,Orale
RX-001022,PAT-00178,SEJ-000239,C03,Diurétiques,1 SC/j,2024-02-14,2024-02-15,Orale
RX-001023,PAT-00178,SEJ-000239,M01,Anti-inflammatoires,1 cp/j,2024-02-11,2024-02-17,Orale
RX-001024,PAT-00178,SEJ-000239,N02,Analgésiques,500 mg x2/j,2024-02-11,,Orale
RX-001025,PAT-00178,SEJ-000239,H02,Corticoïdes,1 IV x3/j,2024-02-13,2024-02-21,IV
RX-001026,PAT-00179,SEJ-000240,B01,Antithrombotiques,À la demande,2023-11-25,2023-12-06,Orale
RX-001027,PAT-00179,SEJ-000240,N05,Psychotropes,1 cp/j,2023-11-21,2023-11-28,Orale
RX-001028,PAT-00179,SEJ-000240,B01,Antithrombotiques,À la demande,2023-11-20,2023-11-26,Orale
RX-001029,PAT-00179,SEJ-000241,A10,Antidiabétiques,1 IV x3/j,2024-05-04,2024-05-16,Orale
RX-001030,PAT-00179,SEJ-000241,B01,Antithrombotiques,1 IV x3/j,2024-05-03,2024-05-15,IV
RX-001031,PAT-00179,SEJ-000241,C07,Bêtabloquants,1 SC/j,2024-05-04,2024-05-17,Orale
RX-001032,PAT-00179,SEJ-000241,N02,Analgésiques,1 cp/j,2024-05-03,2024-05-10,Orale
RX-001033,PAT-00180,SEJ-000242,N05,Psychotropes,2 cp/j,2023-09-10,2023-09-18,IV
RX-001034,PAT-00180,SEJ-000242,A10,Antidiabétiques,1 cp/j,2023-09-13,,Orale
RX-001035,PAT-00180,SEJ-000242,C01,Inotropes cardiaques,500 mg x2/j,2023-09-11,2023-09-16,IV
RX-001036,PAT-00180,SEJ-000242,C03,Diurétiques,1 IV x3/j,2023-09-12,2023-09-14,Sous-cutanee
RX-001037,PAT-00180,SEJ-000242,M01,Anti-inflammatoires,1 cp/j,2023-09-10,,IV
RX-001038,PAT-00180,SEJ-000242,A10,Antidiabétiques,2 cp/j,2023-09-13,,Orale
RX-001039,PAT-00180,SEJ-000242,N02,Analgésiques,1 IV x3/j,2023-09-12,2023-09-14,Orale
RX-001040,PAT-00181,SEJ-000243,N02,Analgésiques,1 SC/j,2024-01-01,2024-01-10,Orale
RX-001041,PAT-00181,SEJ-000243,C03,Diurétiques,1 SC/j,2024-01-02,2024-01-11,Orale
RX-001042,PAT-00181,SEJ-000243,C07,Bêtabloquants,1 cp/j,2024-01-02,2024-01-14,Orale
RX-001043,PAT-00181,SEJ-000243,M01,Anti-inflammatoires,1 SC/j,2024-01-05,2024-01-11,IV
RX-001044,PAT-00181,SEJ-000243,A02,Antiacides / IPP,À la demande,2024-01-05,2024-01-14,Orale
RX-001045,PAT-00182,SEJ-000244,C07,Bêtabloquants,1 SC/j,2024-03-12,2024-03-15,Sous-cutanee
RX-001046,PAT-00182,SEJ-000244,H02,Corticoïdes,À la demande,2024-03-13,2024-03-17,Orale
RX-001047,PAT-00182,SEJ-000244,A10,Antidiabétiques,À la demande,2024-03-12,2024-03-18,Orale
RX-001048,PAT-00182,SEJ-000244,H02,Corticoïdes,À la demande,2024-03-12,2024-03-16,IV
RX-001049,PAT-00182,SEJ-000244,J01,Antibiotiques,1 IV x3/j,2024-03-11,2024-03-19,IV
RX-001050,PAT-00183,SEJ-000245,A10,Antidiabétiques,2 cp/j,2024-05-21,,Orale
RX-001051,PAT-00183,SEJ-000245,A02,Antiacides / IPP,1 IV x3/j,2024-05-21,2024-05-30,Sous-cutanee
RX-001052,PAT-00183,SEJ-000245,M01,Anti-inflammatoires,500 mg x2/j,2024-05-21,,IV
RX-001053,PAT-00183,SEJ-000245,J01,Antibiotiques,500 mg x2/j,2024-05-21,2024-05-25,Orale
RX-001054,PAT-00183,SEJ-000245,A10,Antidiabétiques,500 mg x2/j,2024-05-21,,Sous-cutanee
RX-001055,PAT-00184,SEJ-000246,C07,Bêtabloquants,1 SC/j,2024-01-13,2024-01-26,Orale
RX-001056,PAT-00184,SEJ-000246,J01,Antibiotiques,1 SC/j,2024-01-14,,Orale
RX-001057,PAT-00184,SEJ-000246,C03,Diurétiques,500 mg x2/j,2024-01-15,2024-01-18,Sous-cutanee
RX-001058,PAT-00184,SEJ-000246,A10,Antidiabétiques,1 SC/j,2024-01-14,2024-01-21,IV
RX-001059,PAT-00185,SEJ-000247,H02,Corticoïdes,1 SC/j,2024-03-18,,Orale
RX-001060,PAT-00185,SEJ-000247,C07,Bêtabloquants,1 patch/72h,2024-03-17,2024-03-25,Orale
RX-001061,PAT-00185,SEJ-000247,A02,Antiacides / IPP,1 patch/72h,2024-03-18,2024-03-30,Orale
RX-001062,PAT-00185,SEJ-000247,A02,Antiacides / IPP,1 patch/72h,2024-03-17,2024-03-24,Sous-cutanee
RX-001063,PAT-00185,SEJ-000247,C07,Bêtabloquants,1 IV x3/j,2024-03-17,,IV
RX-001064,PAT-00186,SEJ-000248,N02,Analgésiques,À la demande,2023-10-20,2023-10-31,Sous-cutanee
RX-001065,PAT-00186,SEJ-000248,J01,Antibiotiques,1 IV x3/j,2023-10-19,,IV
RX-001066,PAT-00186,SEJ-000248,C01,Inotropes cardiaques,1 SC/j,2023-10-21,2023-11-03,Orale
RX-001067,PAT-00186,SEJ-000248,A10,Antidiabétiques,1 cp/j,2023-10-18,2023-10-24,Orale
RX-001068,PAT-00186,SEJ-000249,B01,Antithrombotiques,1 cp/j,2023-12-13,2023-12-20,Orale
RX-001069,PAT-00186,SEJ-000249,A10,Antidiabétiques,1 SC/j,2023-12-15,2023-12-24,Orale
RX-001070,PAT-00186,SEJ-000249,C07,Bêtabloquants,1 cp/j,2023-12-16,2023-12-28,Orale
RX-001071,PAT-00186,SEJ-000249,J01,Antibiotiques,500 mg x2/j,2023-12-18,2023-12-26,Orale
RX-001072,PAT-00186,SEJ-000249,M01,Anti-inflammatoires,500 mg x2/j,2023-12-18,,Orale
RX-001073,PAT-00187,SEJ-000250,N05,Psychotropes,1 patch/72h,2023-10-09,2023-10-14,Orale
RX-001074,PAT-00187,SEJ-000250,C01,Inotropes cardiaques,1 SC/j,2023-10-16,,Orale
RX-001075,PAT-00187,SEJ-000250,N02,Analgésiques,2 cp/j,2023-10-13,,IV
RX-001076,PAT-00187,SEJ-000250,M01,Anti-inflammatoires,2 cp/j,2023-10-14,,Orale
RX-001077,PAT-00188,SEJ-000251,B01,Antithrombotiques,1 cp/j,2023-07-08,,IV
RX-001078,PAT-00188,SEJ-000251,C07,Bêtabloquants,1 cp/j,2023-07-17,2023-07-21,Sous-cutanee
RX-001079,PAT-00188,SEJ-000251,N02,Analgésiques,1 IV x3/j,2023-07-18,2023-07-26,IV
RX-001080,PAT-00188,SEJ-000251,C01,Inotropes cardiaques,1 SC/j,2023-07-18,,Orale
RX-001081,PAT-00188,SEJ-000251,B01,Antithrombotiques,2 cp/j,2023-07-17,2023-07-28,Orale
RX-001082,PAT-00188,SEJ-000251,B01,Antithrombotiques,500 mg x2/j,2023-07-17,2023-07-27,Orale
RX-001083,PAT-00188,SEJ-000252,C01,Inotropes cardiaques,1 cp/j,2023-03-21,2023-03-30,Orale
RX-001084,PAT-00188,SEJ-000252,N05,Psychotropes,1 cp/j,2023-03-15,2023-03-22,Orale
RX-001085,PAT-00188,SEJ-000252,C09,Inhibiteurs de l'ECV,500 mg x2/j,2023-03-17,2023-03-27,IV
RX-001086,PAT-00188,SEJ-000252,A10,Antidiabétiques,2 cp/j,2023-03-08,2023-03-16,Orale
RX-001087,PAT-00189,SEJ-000253,N02,Analgésiques,1 patch/72h,2023-07-30,2023-08-09,Orale
RX-001088,PAT-00189,SEJ-000253,H02,Corticoïdes,2 cp/j,2023-08-01,2023-08-11,Sous-cutanee
RX-001089,PAT-00189,SEJ-000253,N02,Analgésiques,2 cp/j,2023-07-30,2023-07-31,Sous-cutanee
RX-001090,PAT-00189,SEJ-000253,A10,Antidiabétiques,1 patch/72h,2023-08-01,2023-08-04,Orale
RX-001091,PAT-00189,SEJ-000254,H02,Corticoïdes,1 cp/j,2023-01-01,2023-01-11,Orale
RX-001092,PAT-00189,SEJ-000254,C01,Inotropes cardiaques,À la demande,2023-01-05,2023-01-11,Orale
RX-001093,PAT-00189,SEJ-000254,N02,Analgésiques,1 IV x3/j,2023-01-06,2023-01-08,Orale
RX-001094,PAT-00190,SEJ-000255,J01,Antibiotiques,1 SC/j,2023-03-31,2023-04-09,IV
RX-001095,PAT-00190,SEJ-000255,A02,Antiacides / IPP,À la demande,2023-03-31,2023-04-10,Orale
RX-001096,PAT-00190,SEJ-000255,C01,Inotropes cardiaques,1 cp/j,2023-03-31,2023-04-05,Orale
RX-001097,PAT-00190,SEJ-000255,C01,Inotropes cardiaques,À la demande,2023-04-01,2023-04-10,Orale
RX-001098,PAT-00191,SEJ-000256,A02,Antiacides / IPP,1 patch/72h,2023-07-27,2023-08-09,IV
RX-001099,PAT-00191,SEJ-000256,M01,Anti-inflammatoires,2 cp/j,2023-07-26,2023-08-05,Orale
RX-001100,PAT-00191,SEJ-000256,M01,Anti-inflammatoires,1 SC/j,2023-07-25,2023-07-26,Orale
RX-001101,PAT-00191,SEJ-000256,C03,Diurétiques,À la demande,2023-07-28,,Sous-cutanee
RX-001102,PAT-00191,SEJ-000256,J01,Antibiotiques,1 cp/j,2023-07-27,2023-08-07,Orale
RX-001103,PAT-00191,SEJ-000256,B01,Antithrombotiques,À la demande,2023-07-24,2023-08-01,Orale
RX-001104,PAT-00191,SEJ-000256,B01,Antithrombotiques,1 cp/j,2023-07-26,2023-07-29,Orale
RX-001105,PAT-00191,SEJ-000256,N05,Psychotropes,1 IV x3/j,2023-07-28,2023-08-05,Orale
RX-001106,PAT-00191,SEJ-000257,M01,Anti-inflammatoires,1 IV x3/j,2024-04-09,2024-04-10,Orale
RX-001107,PAT-00191,SEJ-000257,C03,Diurétiques,1 IV x3/j,2024-04-09,2024-04-11,Orale
RX-001108,PAT-00191,SEJ-000257,C01,Inotropes cardiaques,2 cp/j,2024-04-09,2024-04-17,IV
RX-001109,PAT-00191,SEJ-000257,J01,Antibiotiques,1 cp/j,2024-04-09,,Orale
RX-001110,PAT-00191,SEJ-000257,C09,Inhibiteurs de l'ECV,1 cp/j,2024-04-09,2024-04-19,IV
RX-001111,PAT-00191,SEJ-000258,N05,Psychotropes,1 cp/j,2024-04-24,2024-04-30,Orale
RX-001112,PAT-00191,SEJ-000258,J01,Antibiotiques,1 patch/72h,2024-04-23,2024-05-05,IV
RX-001113,PAT-00191,SEJ-000258,N05,Psychotropes,1 IV x3/j,2024-04-26,2024-05-05,Orale
RX-001114,PAT-00191,SEJ-000258,J01,Antibiotiques,1 cp/j,2024-04-22,2024-04-29,Orale
RX-001115,PAT-00191,SEJ-000258,N05,Psychotropes,2 cp/j,2024-04-21,2024-04-25,Sous-cutanee
RX-001116,PAT-00192,SEJ-000259,H02,Corticoïdes,À la demande,2024-02-28,,IV
RX-001117,PAT-00192,SEJ-000259,C07,Bêtabloquants,2 cp/j,2024-02-28,2024-03-11,Sous-cutanee
RX-001118,PAT-00192,SEJ-000259,J01,Antibiotiques,500 mg x2/j,2024-02-27,2024-03-03,Orale
RX-001119,PAT-00192,SEJ-000259,B01,Antithrombotiques,1 cp/j,2024-02-25,2024-02-28,IV
RX-001120,PAT-00193,SEJ-000260,N02,Analgésiques,500 mg x2/j,2024-03-02,,IV
RX-001121,PAT-00193,SEJ-000260,C01,Inotropes cardiaques,500 mg x2/j,2024-03-01,2024-03-04,Orale
RX-001122,PAT-00193,SEJ-000260,B01,Antithrombotiques,À la demande,2024-03-01,2024-03-11,Orale
RX-001123,PAT-00193,SEJ-000260,C01,Inotropes cardiaques,1 cp/j,2024-03-02,2024-03-04,Orale
RX-001124,PAT-00193,SEJ-000260,C09,Inhibiteurs de l'ECV,1 cp/j,2024-03-01,2024-03-04,Orale
RX-001125,PAT-00193,SEJ-000260,J01,Antibiotiques,1 SC/j,2024-03-02,2024-03-09,Orale
RX-001126,PAT-00193,SEJ-000260,J01,Antibiotiques,1 SC/j,2024-03-01,2024-03-05,Orale
RX-001127,PAT-00193,SEJ-000260,C01,Inotropes cardiaques,1 IV x3/j,2024-03-01,2024-03-14,Orale
RX-001128,PAT-00194,SEJ-000261,J01,Antibiotiques,1 IV x3/j,2023-06-09,2023-06-18,IV
RX-001129,PAT-00194,SEJ-000261,H02,Corticoïdes,1 cp/j,2023-06-08,2023-06-13,Orale
RX-001130,PAT-00194,SEJ-000261,J01,Antibiotiques,1 cp/j,2023-06-08,,IV
RX-001131,PAT-00194,SEJ-000261,C09,Inhibiteurs de l'ECV,1 cp/j,2023-06-09,2023-06-12,Orale
RX-001132,PAT-00195,SEJ-000262,N02,Analgésiques,1 patch/72h,2023-10-15,2023-10-25,Orale
RX-001133,PAT-00196,SEJ-000263,A10,Antidiabétiques,500 mg x2/j,2022-12-28,2023-01-07,Orale
RX-001134,PAT-00196,SEJ-000263,B01,Antithrombotiques,2 cp/j,2022-12-30,2023-01-04,Orale
RX-001135,PAT-00196,SEJ-000263,C09,Inhibiteurs de l'ECV,2 cp/j,2022-12-29,,Orale
RX-001136,PAT-00196,SEJ-000263,N02,Analgésiques,500 mg x2/j,2022-12-28,2023-01-08,Orale
RX-001137,PAT-00196,SEJ-000263,N02,Analgésiques,2 cp/j,2022-12-30,2023-01-06,Sous-cutanee
RX-001138,PAT-00196,SEJ-000264,A10,Antidiabétiques,500 mg x2/j,2023-10-29,2023-11-01,IV
RX-001139,PAT-00196,SEJ-000264,C09,Inhibiteurs de l'ECV,1 patch/72h,2023-11-01,,IV
RX-001140,PAT-00197,SEJ-000265,C01,Inotropes cardiaques,1 SC/j,2023-03-22,2023-03-25,IV
RX-001141,PAT-00197,SEJ-000265,C09,Inhibiteurs de l'ECV,500 mg x2/j,2023-03-19,2023-03-21,Orale
RX-001142,PAT-00198,SEJ-000266,H02,Corticoïdes,1 cp/j,2023-08-12,2023-08-20,IV
RX-001143,PAT-00198,SEJ-000266,B01,Antithrombotiques,1 cp/j,2023-08-14,2023-08-17,Orale
RX-001144,PAT-00198,SEJ-000266,A02,Antiacides / IPP,1 patch/72h,2023-08-15,,Orale
RX-001145,PAT-00198,SEJ-000266,B01,Antithrombotiques,500 mg x2/j,2023-08-12,2023-08-18,IV
RX-001146,PAT-00198,SEJ-000267,J01,Antibiotiques,500 mg x2/j,2023-04-29,2023-05-01,Orale
RX-001147,PAT-00198,SEJ-000267,M01,Anti-inflammatoires,1 SC/j,2023-04-30,2023-05-01,Orale
RX-001148,PAT-00198,SEJ-000267,C09,Inhibiteurs de l'ECV,1 IV x3/j,2023-04-30,2023-05-08,IV
RX-001149,PAT-00199,SEJ-000268,J01,Antibiotiques,1 patch/72h,2023-12-28,2024-01-09,IV
RX-001150,PAT-00199,SEJ-000268,A02,Antiacides / IPP,À la demande,2023-12-27,2024-01-08,Orale
RX-001151,PAT-00199,SEJ-000268,A02,Antiacides / IPP,1 cp/j,2023-12-27,2024-01-07,IV
RX-001152,PAT-00199,SEJ-000268,J01,Antibiotiques,500 mg x2/j,2023-12-29,2024-01-06,Orale
RX-001153,PAT-00199,SEJ-000268,N02,Analgésiques,1 patch/72h,2023-12-29,2024-01-01,Orale
RX-001154,PAT-00199,SEJ-000268,N05,Psychotropes,1 cp/j,2023-12-27,2024-01-06,Orale
RX-001155,PAT-00199,SEJ-000268,M01,Anti-inflammatoires,1 IV x3/j,2023-12-27,2024-01-05,Orale
RX-001156,PAT-00200,SEJ-000269,N05,Psychotropes,500 mg x2/j,2023-11-02,2023-11-11,Orale
RX-001157,PAT-00200,SEJ-000269,B01,Antithrombotiques,1 SC/j,2023-11-04,2023-11-10,Orale
RX-001158,PAT-00200,SEJ-000270,A02,Antiacides / IPP,2 cp/j,2023-07-08,2023-07-09,Orale
RX-001159,PAT-00200,SEJ-000270,C03,Diurétiques,2 cp/j,2023-07-07,2023-07-18,IV
RX-001160,PAT-00200,SEJ-000270,A10,Antidiabétiques,1 patch/72h,2023-07-05,,Orale
RX-001161,PAT-00200,SEJ-000270,N05,Psychotropes,2 cp/j,2023-07-08,2023-07-14,Orale
RX-001162,PAT-00200,SEJ-000271,B01,Antithrombotiques,1 patch/72h,2023-04-23,2023-04-24,Orale
RX-001163,PAT-00201,SEJ-000272,A02,Antiacides / IPP,500 mg x2/j,2024-04-27,,Sous-cutanee
RX-001164,PAT-00201,SEJ-000272,A02,Antiacides / IPP,1 patch/72h,2024-04-27,,IV
RX-001165,PAT-00201,SEJ-000272,H02,Corticoïdes,2 cp/j,2024-04-27,2024-04-28,IV
RX-001166,PAT-00202,SEJ-000273,J01,Antibiotiques,500 mg x2/j,2023-06-13,,Orale
RX-001167,PAT-00202,SEJ-000273,A02,Antiacides / IPP,1 cp/j,2023-06-13,2023-06-26,Orale
RX-001168,PAT-00202,SEJ-000273,M01,Anti-inflammatoires,2 cp/j,2023-06-14,,Orale
RX-001169,PAT-00202,SEJ-000273,A10,Antidiabétiques,1 cp/j,2023-06-13,2023-06-20,Orale
RX-001170,PAT-00202,SEJ-000273,A10,Antidiabétiques,À la demande,2023-06-14,2023-06-20,IV
RX-001171,PAT-00203,SEJ-000274,B01,Antithrombotiques,1 cp/j,2023-05-05,2023-05-15,Orale
RX-001172,PAT-00203,SEJ-000274,C03,Diurétiques,500 mg x2/j,2023-05-05,2023-05-08,Orale
RX-001173,PAT-00203,SEJ-000274,N02,Analgésiques,1 SC/j,2023-05-05,2023-05-11,IV
RX-001174,PAT-00203,SEJ-000274,A02,Antiacides / IPP,500 mg x2/j,2023-05-05,2023-05-09,IV
RX-001175,PAT-00203,SEJ-000274,N05,Psychotropes,À la demande,2023-05-05,,Orale
RX-001176,PAT-00203,SEJ-000274,N02,Analgésiques,1 IV x3/j,2023-05-05,,Orale
RX-001177,PAT-00204,SEJ-000275,C09,Inhibiteurs de l'ECV,1 patch/72h,2024-04-30,2024-05-05,Orale
RX-001178,PAT-00204,SEJ-000275,H02,Corticoïdes,À la demande,2024-04-30,,Orale
RX-001179,PAT-00204,SEJ-000275,B01,Antithrombotiques,1 patch/72h,2024-04-28,2024-05-10,Sous-cutanee
RX-001180,PAT-00204,SEJ-000275,C09,Inhibiteurs de l'ECV,2 cp/j,2024-04-28,2024-05-08,Orale
RX-001181,PAT-00204,SEJ-000275,C03,Diurétiques,1 cp/j,2024-04-30,2024-05-01,Orale
RX-001182,PAT-00204,SEJ-000275,B01,Antithrombotiques,1 patch/72h,2024-04-28,2024-05-03,Orale
RX-001183,PAT-00204,SEJ-000276,H02,Corticoïdes,1 patch/72h,2024-03-29,,IV
RX-001184,PAT-00205,SEJ-000277,C03,Diurétiques,1 cp/j,2023-04-29,,Orale
RX-001185,PAT-00205,SEJ-000277,C03,Diurétiques,1 SC/j,2023-04-30,2023-05-02,Orale
RX-001186,PAT-00205,SEJ-000277,A02,Antiacides / IPP,À la demande,2023-04-29,2023-05-08,Orale
RX-001187,PAT-00205,SEJ-000277,A10,Antidiabétiques,1 patch/72h,2023-04-29,2023-05-07,Orale
RX-001188,PAT-00206,SEJ-000278,H02,Corticoïdes,500 mg x2/j,2023-04-18,,Orale
RX-001189,PAT-00206,SEJ-000278,A10,Antidiabétiques,1 IV x3/j,2023-04-16,,Orale
RX-001190,PAT-00206,SEJ-000278,A10,Antidiabétiques,1 IV x3/j,2023-04-16,2023-04-21,Orale
RX-001191,PAT-00206,SEJ-000278,C07,Bêtabloquants,À la demande,2023-04-15,,Orale
RX-001192,PAT-00206,SEJ-000278,C03,Diurétiques,500 mg x2/j,2023-04-15,2023-04-28,Orale
RX-001193,PAT-00206,SEJ-000278,N02,Analgésiques,500 mg x2/j,2023-04-16,2023-04-27,Orale
RX-001194,PAT-00207,SEJ-000279,C09,Inhibiteurs de l'ECV,500 mg x2/j,2023-03-20,,Sous-cutanee
RX-001195,PAT-00207,SEJ-000279,A10,Antidiabétiques,1 cp/j,2023-03-20,2023-03-23,Orale
RX-001196,PAT-00207,SEJ-000279,N02,Analgésiques,500 mg x2/j,2023-03-20,2023-03-22,Sous-cutanee
RX-001197,PAT-00207,SEJ-000279,B01,Antithrombotiques,1 IV x3/j,2023-03-17,2023-03-30,Orale
RX-001198,PAT-00207,SEJ-000279,A02,Antiacides / IPP,1 cp/j,2023-03-18,2023-03-24,Orale
RX-001199,PAT-00207,SEJ-000279,H02,Corticoïdes,1 patch/72h,2023-03-15,,Orale
RX-001200,PAT-00207,SEJ-000279,H02,Corticoïdes,1 cp/j,2023-03-21,2023-03-27,IV
RX-001201,PAT-00207,SEJ-000279,M01,Anti-inflammatoires,1 IV x3/j,2023-03-23,,IV
RX-001202,PAT-00208,SEJ-000280,A10,Antidiabétiques,1 SC/j,2023-08-16,2023-08-25,Orale
RX-001203,PAT-00208,SEJ-000280,C03,Diurétiques,2 cp/j,2023-08-12,2023-08-24,Orale
RX-001204,PAT-00208,SEJ-000280,H02,Corticoïdes,500 mg x2/j,2023-08-19,2023-08-30,Orale
RX-001205,PAT-00208,SEJ-000280,B01,Antithrombotiques,1 IV x3/j,2023-08-12,2023-08-16,Orale
RX-001206,PAT-00208,SEJ-000280,N05,Psychotropes,1 SC/j,2023-08-15,2023-08-21,IV
RX-001207,PAT-00208,SEJ-000280,C07,Bêtabloquants,1 cp/j,2023-08-16,2023-08-25,Orale
RX-001208,PAT-00208,SEJ-000281,C03,Diurétiques,1 patch/72h,2024-04-13,2024-04-14,Orale
RX-001209,PAT-00208,SEJ-000281,C01,Inotropes cardiaques,500 mg x2/j,2024-04-18,2024-04-22,Orale
RX-001210,PAT-00208,SEJ-000281,M01,Anti-inflammatoires,À la demande,2024-04-19,2024-05-01,Orale
RX-001211,PAT-00209,SEJ-000282,N05,Psychotropes,À la demande,2023-03-30,2023-04-01,Orale
RX-001212,PAT-00209,SEJ-000282,N05,Psychotropes,2 cp/j,2023-03-31,2023-04-05,Orale
RX-001213,PAT-00210,SEJ-000283,A10,Antidiabétiques,2 cp/j,2023-09-18,2023-09-25,Orale
RX-001214,PAT-00210,SEJ-000283,C09,Inhibiteurs de l'ECV,À la demande,2023-09-15,,Orale
RX-001215,PAT-00210,SEJ-000283,A02,Antiacides / IPP,1 SC/j,2023-09-17,2023-09-20,Orale
RX-001216,PAT-00210,SEJ-000283,C03,Diurétiques,1 IV x3/j,2023-09-20,,Orale
RX-001217,PAT-00210,SEJ-000283,C03,Diurétiques,1 patch/72h,2023-09-20,2023-09-26,Orale
RX-001218,PAT-00210,SEJ-000283,A10,Antidiabétiques,1 cp/j,2023-09-16,2023-09-23,Orale
RX-001219,PAT-00210,SEJ-000283,J01,Antibiotiques,2 cp/j,2023-09-16,2023-09-29,Orale
RX-001220,PAT-00211,SEJ-000284,C03,Diurétiques,500 mg x2/j,2023-05-08,2023-05-10,Orale
RX-001221,PAT-00211,SEJ-000284,C09,Inhibiteurs de l'ECV,1 patch/72h,2023-05-08,,Orale
RX-001222,PAT-00211,SEJ-000285,C03,Diurétiques,1 cp/j,2023-08-06,2023-08-07,Orale
RX-001223,PAT-00211,SEJ-000285,M01,Anti-inflammatoires,1 SC/j,2023-08-08,,Orale
RX-001224,PAT-00212,SEJ-000286,C07,Bêtabloquants,500 mg x2/j,2023-09-17,2023-09-30,Orale
RX-001225,PAT-00212,SEJ-000286,H02,Corticoïdes,1 patch/72h,2023-09-18,2023-09-27,Sous-cutanee
RX-001226,PAT-00212,SEJ-000286,C01,Inotropes cardiaques,1 SC/j,2023-09-17,,IV
RX-001227,PAT-00212,SEJ-000286,C07,Bêtabloquants,1 IV x3/j,2023-09-18,,Orale
RX-001228,PAT-00212,SEJ-000286,C07,Bêtabloquants,À la demande,2023-09-18,,Orale
RX-001229,PAT-00212,SEJ-000286,H02,Corticoïdes,1 cp/j,2023-09-18,2023-09-25,Orale
RX-001230,PAT-00213,SEJ-000287,J01,Antibiotiques,1 IV x3/j,2023-06-20,2023-06-29,Orale
RX-001231,PAT-00213,SEJ-000287,C09,Inhibiteurs de l'ECV,À la demande,2023-06-16,2023-06-17,Orale
RX-001232,PAT-00214,SEJ-000288,A10,Antidiabétiques,2 cp/j,2023-04-20,,Orale
RX-001233,PAT-00214,SEJ-000288,N05,Psychotropes,1 cp/j,2023-04-13,2023-04-23,Orale
RX-001234,PAT-00214,SEJ-000288,B01,Antithrombotiques,1 cp/j,2023-04-17,,IV
RX-001235,PAT-00215,SEJ-000289,N02,Analgésiques,1 IV x3/j,2023-02-08,2023-02-20,Orale
RX-001236,PAT-00215,SEJ-000289,N05,Psychotropes,1 patch/72h,2023-02-08,2023-02-16,Orale
RX-001237,PAT-00215,SEJ-000289,C03,Diurétiques,1 patch/72h,2023-01-19,2023-01-21,Orale
RX-001238,PAT-00215,SEJ-000289,A10,Antidiabétiques,1 cp/j,2023-02-09,2023-02-16,IV
RX-001239,PAT-00215,SEJ-000289,B01,Antithrombotiques,500 mg x2/j,2023-01-30,2023-02-02,IV
RX-001240,PAT-00216,SEJ-000290,C07,Bêtabloquants,500 mg x2/j,2023-03-30,2023-04-07,IV
RX-001241,PAT-00216,SEJ-000290,J01,Antibiotiques,1 SC/j,2023-03-30,2023-04-08,Sous-cutanee
RX-001242,PAT-00216,SEJ-000290,C03,Diurétiques,1 IV x3/j,2023-03-30,2023-04-10,Orale
RX-001243,PAT-00216,SEJ-000290,B01,Antithrombotiques,1 IV x3/j,2023-03-31,2023-04-03,Orale
RX-001244,PAT-00216,SEJ-000291,M01,Anti-inflammatoires,À la demande,2023-08-09,2023-08-17,Orale
RX-001245,PAT-00216,SEJ-000291,A02,Antiacides / IPP,1 cp/j,2023-08-10,2023-08-21,Orale
RX-001246,PAT-00216,SEJ-000291,H02,Corticoïdes,500 mg x2/j,2023-08-10,2023-08-15,IV
RX-001247,PAT-00216,SEJ-000291,H02,Corticoïdes,À la demande,2023-08-10,2023-08-12,Orale
RX-001248,PAT-00217,SEJ-000292,J01,Antibiotiques,À la demande,2023-09-05,2023-09-10,Orale
RX-001249,PAT-00217,SEJ-000292,N02,Analgésiques,2 cp/j,2023-09-06,2023-09-17,IV
RX-001250,PAT-00217,SEJ-000292,H02,Corticoïdes,1 IV x3/j,2023-09-08,2023-09-19,IV
RX-001251,PAT-00217,SEJ-000292,C01,Inotropes cardiaques,2 cp/j,2023-09-08,,Orale
RX-001252,PAT-00217,SEJ-000292,A10,Antidiabétiques,500 mg x2/j,2023-09-06,2023-09-10,Orale
RX-001253,PAT-00217,SEJ-000293,A02,Antiacides / IPP,À la demande,2023-09-28,2023-09-30,Orale
RX-001254,PAT-00217,SEJ-000293,N05,Psychotropes,1 patch/72h,2023-09-28,,Sous-cutanee
RX-001255,PAT-00218,SEJ-000294,A02,Antiacides / IPP,1 cp/j,2024-02-08,2024-02-13,Orale
RX-001256,PAT-00219,SEJ-000295,A10,Antidiabétiques,1 cp/j,2023-03-08,2023-03-17,IV
RX-001257,PAT-00219,SEJ-000295,H02,Corticoïdes,2 cp/j,2023-02-23,2023-03-06,Orale
RX-001258,PAT-00219,SEJ-000295,A10,Antidiabétiques,1 IV x3/j,2023-02-27,2023-03-12,Orale
RX-001259,PAT-00220,SEJ-000296,C03,Diurétiques,1 SC/j,2023-06-27,2023-07-10,Orale
RX-001260,PAT-00220,SEJ-000296,N05,Psychotropes,À la demande,2023-06-27,2023-07-08,IV
RX-001261,PAT-00220,SEJ-000296,J01,Antibiotiques,1 cp/j,2023-06-26,2023-07-07,Orale
RX-001262,PAT-00220,SEJ-000296,A10,Antidiabétiques,1 patch/72h,2023-06-24,2023-06-30,IV
RX-001263,PAT-00220,SEJ-000297,C07,Bêtabloquants,1 patch/72h,2023-06-27,2023-07-10,IV
RX-001264,PAT-00220,SEJ-000297,N02,Analgésiques,2 cp/j,2023-06-27,,Sous-cutanee
RX-001265,PAT-00220,SEJ-000297,C01,Inotropes cardiaques,500 mg x2/j,2023-06-27,2023-06-28,IV
RX-001266,PAT-00220,SEJ-000297,A10,Antidiabétiques,À la demande,2023-06-27,2023-07-01,Orale
RX-001267,PAT-00220,SEJ-000297,C09,Inhibiteurs de l'ECV,1 cp/j,2023-06-26,2023-07-05,IV
RX-001268,PAT-00220,SEJ-000297,C09,Inhibiteurs de l'ECV,500 mg x2/j,2023-06-27,2023-07-01,Orale
RX-001269,PAT-00221,SEJ-000298,C03,Diurétiques,1 SC/j,2023-05-26,2023-05-30,Orale
RX-001270,PAT-00221,SEJ-000298,J01,Antibiotiques,500 mg x2/j,2023-05-25,2023-05-31,Orale
RX-001271,PAT-00221,SEJ-000298,B01,Antithrombotiques,2 cp/j,2023-05-25,2023-06-01,Orale
RX-001272,PAT-00221,SEJ-000298,C03,Diurétiques,500 mg x2/j,2023-05-25,,Orale
RX-001273,PAT-00221,SEJ-000298,A10,Antidiabétiques,1 SC/j,2023-05-25,2023-05-27,IV
RX-001274,PAT-00221,SEJ-000298,J01,Antibiotiques,1 IV x3/j,2023-05-25,2023-05-30,Orale
RX-001275,PAT-00221,SEJ-000298,C03,Diurétiques,500 mg x2/j,2023-05-25,2023-05-28,Orale
RX-001276,PAT-00222,SEJ-000299,H02,Corticoïdes,1 SC/j,2023-02-27,2023-03-06,Orale
RX-001277,PAT-00222,SEJ-000299,M01,Anti-inflammatoires,1 SC/j,2023-02-27,2023-03-08,IV
RX-001278,PAT-00222,SEJ-000299,C07,Bêtabloquants,1 patch/72h,2023-02-27,2023-02-28,Orale
RX-001279,PAT-00222,SEJ-000299,C01,Inotropes cardiaques,1 IV x3/j,2023-02-27,2023-02-28,Orale
RX-001280,PAT-00222,SEJ-000299,N02,Analgésiques,2 cp/j,2023-02-27,2023-03-06,IV
RX-001281,PAT-00222,SEJ-000299,J01,Antibiotiques,1 IV x3/j,2023-02-27,2023-03-02,IV
RX-001282,PAT-00223,SEJ-000300,C03,Diurétiques,1 IV x3/j,2023-04-13,2023-04-25,Orale
RX-001283,PAT-00223,SEJ-000300,C07,Bêtabloquants,500 mg x2/j,2023-04-14,2023-04-26,Orale
RX-001284,PAT-00223,SEJ-000300,A10,Antidiabétiques,À la demande,2023-04-13,2023-04-14,Orale
RX-001285,PAT-00223,SEJ-000300,J01,Antibiotiques,1 cp/j,2023-04-13,2023-04-19,Orale
RX-001286,PAT-00223,SEJ-000300,A02,Antiacides / IPP,1 SC/j,2023-04-14,2023-04-21,Orale
RX-001287,PAT-00223,SEJ-000300,B01,Antithrombotiques,1 SC/j,2023-04-13,2023-04-22,IV
RX-001288,PAT-00223,SEJ-000300,J01,Antibiotiques,1 IV x3/j,2023-04-13,2023-04-19,IV
RX-001289,PAT-00223,SEJ-000300,N02,Analgésiques,1 IV x3/j,2023-04-13,2023-04-18,Orale
RX-001290,PAT-00224,SEJ-000301,N05,Psychotropes,500 mg x2/j,2023-06-17,2023-06-18,Orale
RX-001291,PAT-00224,SEJ-000301,N02,Analgésiques,500 mg x2/j,2023-06-19,2023-06-29,Orale
RX-001292,PAT-00224,SEJ-000301,M01,Anti-inflammatoires,500 mg x2/j,2023-06-16,2023-06-17,Orale
RX-001293,PAT-00224,SEJ-000301,A10,Antidiabétiques,1 cp/j,2023-06-16,2023-06-20,Orale
RX-001294,PAT-00224,SEJ-000301,H02,Corticoïdes,1 patch/72h,2023-06-15,2023-06-21,Sous-cutanee
RX-001295,PAT-00225,SEJ-000302,C03,Diurétiques,2 cp/j,2023-05-02,2023-05-06,IV
RX-001296,PAT-00225,SEJ-000302,C03,Diurétiques,1 IV x3/j,2023-05-03,,IV
RX-001297,PAT-00225,SEJ-000302,M01,Anti-inflammatoires,2 cp/j,2023-05-03,,Orale
RX-001298,PAT-00225,SEJ-000302,C03,Diurétiques,1 patch/72h,2023-05-04,2023-05-10,IV
RX-001299,PAT-00225,SEJ-000302,H02,Corticoïdes,1 patch/72h,2023-05-03,2023-05-08,Sous-cutanee
RX-001300,PAT-00225,SEJ-000303,C09,Inhibiteurs de l'ECV,À la demande,2024-04-12,2024-04-16,IV
RX-001301,PAT-00225,SEJ-000303,A02,Antiacides / IPP,À la demande,2024-04-10,2024-04-18,Orale
RX-001302,PAT-00225,SEJ-000303,B01,Antithrombotiques,1 cp/j,2024-04-12,2024-04-18,Sous-cutanee
RX-001303,PAT-00226,SEJ-000304,C03,Diurétiques,À la demande,2024-01-09,2024-01-14,Orale
RX-001304,PAT-00226,SEJ-000304,N02,Analgésiques,1 patch/72h,2024-01-12,2024-01-20,Orale
RX-001305,PAT-00226,SEJ-000305,N05,Psychotropes,1 SC/j,2023-05-02,2023-05-11,Orale
RX-001306,PAT-00226,SEJ-000305,B01,Antithrombotiques,2 cp/j,2023-05-01,2023-05-09,Orale
RX-001307,PAT-00226,SEJ-000305,C09,Inhibiteurs de l'ECV,2 cp/j,2023-05-01,2023-05-10,Orale
RX-001308,PAT-00226,SEJ-000305,N05,Psychotropes,1 IV x3/j,2023-05-01,,Orale
RX-001309,PAT-00226,SEJ-000305,A10,Antidiabétiques,À la demande,2023-05-01,2023-05-02,Orale
RX-001310,PAT-00227,SEJ-000306,B01,Antithrombotiques,1 SC/j,2023-08-26,2023-09-02,IV
RX-001311,PAT-00227,SEJ-000306,N02,Analgésiques,1 SC/j,2023-08-27,,IV
RX-001312,PAT-00227,SEJ-000306,J01,Antibiotiques,1 IV x3/j,2023-08-27,,Orale
RX-001313,PAT-00227,SEJ-000306,C07,Bêtabloquants,1 IV x3/j,2023-08-26,2023-09-03,Orale
RX-001314,PAT-00227,SEJ-000306,C03,Diurétiques,1 IV x3/j,2023-08-26,2023-08-27,Sous-cutanee
RX-001315,PAT-00228,SEJ-000307,C03,Diurétiques,500 mg x2/j,2023-05-02,2023-05-05,Sous-cutanee
RX-001316,PAT-00228,SEJ-000307,A10,Antidiabétiques,1 IV x3/j,2023-05-03,2023-05-13,Orale
RX-001317,PAT-00229,SEJ-000308,N05,Psychotropes,1 patch/72h,2023-01-21,2023-01-22,Orale
RX-001318,PAT-00229,SEJ-000308,C03,Diurétiques,1 patch/72h,2023-01-21,2023-01-27,Orale
RX-001319,PAT-00229,SEJ-000308,C07,Bêtabloquants,1 IV x3/j,2023-01-23,2023-01-29,Orale
RX-001320,PAT-00229,SEJ-000308,N05,Psychotropes,1 patch/72h,2023-01-21,2023-01-30,Orale
RX-001321,PAT-00229,SEJ-000308,A02,Antiacides / IPP,1 patch/72h,2023-01-20,2023-01-31,Orale
RX-001322,PAT-00229,SEJ-000308,N05,Psychotropes,500 mg x2/j,2023-01-22,2023-01-24,IV
RX-001323,PAT-00229,SEJ-000308,N05,Psychotropes,1 SC/j,2023-01-20,2023-01-25,Orale
RX-001324,PAT-00229,SEJ-000308,M01,Anti-inflammatoires,1 SC/j,2023-01-21,2023-01-27,Orale
RX-001325,PAT-00229,SEJ-000308,J01,Antibiotiques,500 mg x2/j,2023-01-23,2023-02-05,IV
RX-001326,PAT-00230,SEJ-000309,C09,Inhibiteurs de l'ECV,500 mg x2/j,2023-10-17,2023-10-23,Orale
RX-001327,PAT-00230,SEJ-000309,J01,Antibiotiques,1 patch/72h,2023-10-19,2023-10-30,Orale
RX-001328,PAT-00230,SEJ-000309,C03,Diurétiques,1 IV x3/j,2023-10-16,2023-10-18,Orale
RX-001329,PAT-00230,SEJ-000309,B01,Antithrombotiques,1 cp/j,2023-10-17,2023-10-21,Orale
RX-001330,PAT-00230,SEJ-000309,H02,Corticoïdes,1 SC/j,2023-10-16,2023-10-18,Orale
RX-001331,PAT-00230,SEJ-000310,C07,Bêtabloquants,1 cp/j,2023-09-06,,Orale
RX-001332,PAT-00230,SEJ-000310,C07,Bêtabloquants,2 cp/j,2023-09-05,2023-09-18,Orale
RX-001333,PAT-00230,SEJ-000310,B01,Antithrombotiques,500 mg x2/j,2023-09-03,2023-09-04,IV
RX-001334,PAT-00231,SEJ-000311,N05,Psychotropes,1 patch/72h,2023-08-20,2023-08-29,IV
RX-001335,PAT-00231,SEJ-000311,H02,Corticoïdes,À la demande,2023-08-20,2023-09-02,Orale
RX-001336,PAT-00231,SEJ-000311,N02,Analgésiques,2 cp/j,2023-08-22,,Orale
RX-001337,PAT-00232,SEJ-000312,J01,Antibiotiques,1 SC/j,2023-01-31,2023-02-08,Orale
RX-001338,PAT-00232,SEJ-000312,C01,Inotropes cardiaques,1 cp/j,2023-01-30,2023-02-06,Sous-cutanee
RX-001339,PAT-00232,SEJ-000312,N02,Analgésiques,1 patch/72h,2023-01-30,2023-02-07,IV
RX-001340,PAT-00232,SEJ-000312,H02,Corticoïdes,2 cp/j,2023-01-29,,Orale
RX-001341,PAT-00232,SEJ-000313,C01,Inotropes cardiaques,500 mg x2/j,2023-01-25,2023-01-28,Orale
RX-001342,PAT-00232,SEJ-000313,H02,Corticoïdes,500 mg x2/j,2023-01-22,2023-01-27,Sous-cutanee
RX-001343,PAT-00232,SEJ-000313,J01,Antibiotiques,1 patch/72h,2023-01-25,2023-02-03,IV
RX-001344,PAT-00232,SEJ-000313,H02,Corticoïdes,2 cp/j,2023-01-25,2023-02-04,Orale
RX-001345,PAT-00233,SEJ-000314,C09,Inhibiteurs de l'ECV,500 mg x2/j,2024-04-12,2024-04-14,Orale
RX-001346,PAT-00233,SEJ-000314,N02,Analgésiques,1 IV x3/j,2024-04-13,2024-04-17,Orale
RX-001347,PAT-00233,SEJ-000314,H02,Corticoïdes,1 patch/72h,2024-04-10,,Orale
RX-001348,PAT-00233,SEJ-000315,A10,Antidiabétiques,1 SC/j,2023-08-25,,Orale
RX-001349,PAT-00233,SEJ-000315,C07,Bêtabloquants,1 patch/72h,2023-08-26,2023-09-06,Orale
RX-001350,PAT-00233,SEJ-000315,H02,Corticoïdes,1 cp/j,2023-08-24,2023-08-25,Orale
RX-001351,PAT-00233,SEJ-000315,A02,Antiacides / IPP,1 SC/j,2023-08-23,2023-09-03,Orale
RX-001352,PAT-00233,SEJ-000315,C09,Inhibiteurs de l'ECV,500 mg x2/j,2023-08-25,2023-09-05,Orale
RX-001353,PAT-00233,SEJ-000315,H02,Corticoïdes,2 cp/j,2023-08-23,2023-09-04,Orale
RX-001354,PAT-00233,SEJ-000315,M01,Anti-inflammatoires,1 IV x3/j,2023-08-24,2023-08-29,Orale
RX-001355,PAT-00234,SEJ-000316,B01,Antithrombotiques,1 SC/j,2023-06-21,2023-06-26,Orale
RX-001356,PAT-00234,SEJ-000316,C07,Bêtabloquants,À la demande,2023-06-20,2023-06-28,IV
RX-001357,PAT-00234,SEJ-000316,C03,Diurétiques,1 cp/j,2023-06-21,2023-06-25,Orale
RX-001358,PAT-00235,SEJ-000317,C07,Bêtabloquants,500 mg x2/j,2023-03-01,2023-03-02,IV
RX-001359,PAT-00235,SEJ-000317,N05,Psychotropes,À la demande,2023-03-01,2023-03-02,Orale
RX-001360,PAT-00235,SEJ-000317,J01,Antibiotiques,1 IV x3/j,2023-02-28,2023-03-13,IV
RX-001361,PAT-00235,SEJ-000317,N05,Psychotropes,1 IV x3/j,2023-02-28,2023-03-11,Orale
RX-001362,PAT-00235,SEJ-000317,M01,Anti-inflammatoires,1 IV x3/j,2023-02-28,2023-03-11,Orale
RX-001363,PAT-00236,SEJ-000318,B01,Antithrombotiques,1 SC/j,2023-11-21,2023-11-22,Orale
RX-001364,PAT-00237,SEJ-000319,C07,Bêtabloquants,500 mg x2/j,2022-12-25,2022-12-31,Orale
RX-001365,PAT-00237,SEJ-000319,C07,Bêtabloquants,2 cp/j,2022-12-22,2022-12-24,Orale
RX-001366,PAT-00237,SEJ-000319,H02,Corticoïdes,1 IV x3/j,2022-12-28,2023-01-10,Orale
RX-001367,PAT-00237,SEJ-000319,J01,Antibiotiques,1 cp/j,2022-12-29,2023-01-06,Sous-cutanee
RX-001368,PAT-00237,SEJ-000319,H02,Corticoïdes,À la demande,2022-12-22,2023-01-01,Orale
RX-001369,PAT-00237,SEJ-000320,B01,Antithrombotiques,1 patch/72h,2023-06-14,2023-06-18,Orale
RX-001370,PAT-00237,SEJ-000320,C01,Inotropes cardiaques,1 cp/j,2023-06-13,2023-06-24,Orale
RX-001371,PAT-00237,SEJ-000320,B01,Antithrombotiques,1 cp/j,2023-06-14,2023-06-18,Orale
RX-001372,PAT-00237,SEJ-000320,J01,Antibiotiques,2 cp/j,2023-06-15,2023-06-23,Orale
RX-001373,PAT-00238,SEJ-000321,H02,Corticoïdes,1 SC/j,2024-03-06,,IV
RX-001374,PAT-00238,SEJ-000321,C03,Diurétiques,1 SC/j,2024-03-05,2024-03-15,Sous-cutanee
RX-001375,PAT-00238,SEJ-000321,H02,Corticoïdes,1 patch/72h,2024-03-05,2024-03-13,IV
RX-001376,PAT-00238,SEJ-000322,C01,Inotropes cardiaques,À la demande,2023-09-16,2023-09-22,IV
RX-001377,PAT-00238,SEJ-000322,M01,Anti-inflammatoires,2 cp/j,2023-09-08,2023-09-10,IV
RX-001378,PAT-00239,SEJ-000323,A10,Antidiabétiques,1 cp/j,2023-09-24,,Orale
RX-001379,PAT-00239,SEJ-000323,N05,Psychotropes,À la demande,2023-09-20,2023-09-28,IV
RX-001380,PAT-00239,SEJ-000323,C09,Inhibiteurs de l'ECV,2 cp/j,2023-09-22,2023-10-01,Orale
RX-001381,PAT-00239,SEJ-000323,C01,Inotropes cardiaques,1 IV x3/j,2023-09-21,2023-10-04,Orale
RX-001382,PAT-00239,SEJ-000323,A02,Antiacides / IPP,1 IV x3/j,2023-09-23,2023-10-04,IV
RX-001383,PAT-00239,SEJ-000324,A10,Antidiabétiques,1 IV x3/j,2024-01-31,2024-02-11,Orale
RX-001384,PAT-00239,SEJ-000324,C01,Inotropes cardiaques,1 cp/j,2024-01-30,,Orale
RX-001385,PAT-00239,SEJ-000324,C03,Diurétiques,À la demande,2024-01-31,2024-02-01,Orale
RX-001386,PAT-00239,SEJ-000324,C01,Inotropes cardiaques,2 cp/j,2024-01-30,2024-02-09,Orale
RX-001387,PAT-00239,SEJ-000324,M01,Anti-inflammatoires,2 cp/j,2024-02-01,2024-02-11,Orale
RX-001388,PAT-00239,SEJ-000324,J01,Antibiotiques,1 patch/72h,2024-01-30,2024-02-04,Sous-cutanee
RX-001389,PAT-00240,SEJ-000325,C03,Diurétiques,2 cp/j,2024-04-05,2024-04-14,Orale
RX-001390,PAT-00240,SEJ-000325,N02,Analgésiques,500 mg x2/j,2024-04-05,2024-04-17,Sous-cutanee
RX-001391,PAT-00240,SEJ-000325,N02,Analgésiques,1 SC/j,2024-04-04,2024-04-10,Orale
RX-001392,PAT-00241,SEJ-000326,N05,Psychotropes,1 cp/j,2023-01-01,2023-01-02,Orale
RX-001393,PAT-00241,SEJ-000326,M01,Anti-inflammatoires,1 IV x3/j,2023-01-01,2023-01-05,Orale
RX-001394,PAT-00241,SEJ-000326,C01,Inotropes cardiaques,2 cp/j,2022-12-31,,Orale
RX-001395,PAT-00241,SEJ-000326,N05,Psychotropes,À la demande,2022-12-30,2023-01-03,Orale
RX-001396,PAT-00241,SEJ-000326,A10,Antidiabétiques,500 mg x2/j,2022-12-31,2023-01-01,Orale
RX-001397,PAT-00241,SEJ-000326,C07,Bêtabloquants,1 SC/j,2023-01-02,2023-01-13,Orale
RX-001398,PAT-00241,SEJ-000327,N02,Analgésiques,1 cp/j,2023-12-05,,Sous-cutanee
RX-001399,PAT-00241,SEJ-000327,B01,Antithrombotiques,1 IV x3/j,2023-12-05,2023-12-10,Orale
RX-001400,PAT-00241,SEJ-000327,M01,Anti-inflammatoires,1 patch/72h,2023-12-06,2023-12-17,IV
RX-001401,PAT-00241,SEJ-000327,B01,Antithrombotiques,1 IV x3/j,2023-12-06,,Orale
RX-001402,PAT-00241,SEJ-000327,J01,Antibiotiques,1 SC/j,2023-12-06,2023-12-12,Orale
RX-001403,PAT-00241,SEJ-000327,C09,Inhibiteurs de l'ECV,1 patch/72h,2023-12-06,2023-12-16,Orale
RX-001404,PAT-00241,SEJ-000327,C07,Bêtabloquants,1 SC/j,2023-12-06,2023-12-10,Orale
RX-001405,PAT-00241,SEJ-000327,N05,Psychotropes,1 patch/72h,2023-12-05,2023-12-15,Orale
RX-001406,PAT-00242,SEJ-000328,C01,Inotropes cardiaques,À la demande,2024-05-20,2024-06-01,Orale
RX-001407,PAT-00243,SEJ-000329,B01,Antithrombotiques,1 IV x3/j,2024-01-19,2024-01-29,Orale
RX-001408,PAT-00243,SEJ-000329,C09,Inhibiteurs de l'ECV,2 cp/j,2024-01-20,2024-01-22,Orale
RX-001409,PAT-00243,SEJ-000329,B01,Antithrombotiques,500 mg x2/j,2024-01-19,,IV
RX-001410,PAT-00243,SEJ-000329,H02,Corticoïdes,À la demande,2024-01-20,2024-01-24,Orale
RX-001411,PAT-00244,SEJ-000330,A10,Antidiabétiques,À la demande,2023-12-10,2023-12-23,Orale
RX-001412,PAT-00244,SEJ-000330,C01,Inotropes cardiaques,2 cp/j,2023-12-10,2023-12-20,Orale
RX-001413,PAT-00244,SEJ-000330,M01,Anti-inflammatoires,À la demande,2023-12-10,,Orale
RX-001414,PAT-00244,SEJ-000330,A10,Antidiabétiques,1 SC/j,2023-12-11,,Sous-cutanee
RX-001415,PAT-00244,SEJ-000330,N02,Analgésiques,1 SC/j,2023-12-11,2023-12-20,IV
RX-001416,PAT-00244,SEJ-000330,M01,Anti-inflammatoires,500 mg x2/j,2023-12-11,2023-12-21,Orale
RX-001417,PAT-00244,SEJ-000330,A02,Antiacides / IPP,1 cp/j,2023-12-11,2023-12-17,Orale
RX-001418,PAT-00244,SEJ-000330,J01,Antibiotiques,À la demande,2023-12-11,2023-12-16,Sous-cutanee
RX-001419,PAT-00244,SEJ-000330,J01,Antibiotiques,1 SC/j,2023-12-10,2023-12-20,IV
RX-001420,PAT-00244,SEJ-000330,C07,Bêtabloquants,1 cp/j,2023-12-10,2023-12-13,Orale
RX-001421,PAT-00245,SEJ-000331,A10,Antidiabétiques,1 cp/j,2023-10-17,2023-10-30,Orale
RX-001422,PAT-00245,SEJ-000331,C03,Diurétiques,1 SC/j,2023-10-19,2023-10-26,Orale
RX-001423,PAT-00245,SEJ-000332,M01,Anti-inflammatoires,À la demande,2024-03-11,2024-03-21,Sous-cutanee
RX-001424,PAT-00245,SEJ-000332,B01,Antithrombotiques,1 patch/72h,2024-03-12,2024-03-24,Orale
RX-001425,PAT-00245,SEJ-000332,C03,Diurétiques,1 SC/j,2024-03-13,2024-03-15,Orale
RX-001426,PAT-00245,SEJ-000332,N02,Analgésiques,2 cp/j,2024-03-16,2024-03-20,Orale
RX-001427,PAT-00245,SEJ-000332,C07,Bêtabloquants,500 mg x2/j,2024-03-16,2024-03-21,Orale
RX-001428,PAT-00246,SEJ-000333,M01,Anti-inflammatoires,1 IV x3/j,2023-07-17,2023-07-24,Orale
RX-001429,PAT-00246,SEJ-000333,B01,Antithrombotiques,À la demande,2023-07-18,2023-07-26,Sous-cutanee
RX-001430,PAT-00246,SEJ-000333,H02,Corticoïdes,À la demande,2023-07-16,2023-07-27,Orale
RX-001431,PAT-00246,SEJ-000333,N05,Psychotropes,1 IV x3/j,2023-07-17,2023-07-29,IV
RX-001432,PAT-00246,SEJ-000333,C07,Bêtabloquants,À la demande,2023-07-16,2023-07-20,IV
RX-001433,PAT-00246,SEJ-000333,A02,Antiacides / IPP,1 cp/j,2023-07-17,2023-07-27,Orale
RX-001434,PAT-00246,SEJ-000333,J01,Antibiotiques,1 SC/j,2023-07-18,2023-07-27,Orale
RX-001435,PAT-00246,SEJ-000333,B01,Antithrombotiques,2 cp/j,2023-07-17,2023-07-29,IV
RX-001436,PAT-00246,SEJ-000334,C03,Diurétiques,1 IV x3/j,2023-06-21,2023-06-28,IV
RX-001437,PAT-00246,SEJ-000334,A10,Antidiabétiques,1 cp/j,2023-06-22,2023-06-30,Orale
RX-001438,PAT-00246,SEJ-000334,A02,Antiacides / IPP,1 patch/72h,2023-06-18,2023-06-27,IV
RX-001439,PAT-00246,SEJ-000334,C09,Inhibiteurs de l'ECV,2 cp/j,2023-06-20,2023-06-30,Orale
RX-001440,PAT-00246,SEJ-000334,A10,Antidiabétiques,500 mg x2/j,2023-06-20,2023-06-23,Orale
RX-001441,PAT-00246,SEJ-000334,H02,Corticoïdes,1 cp/j,2023-06-19,2023-06-20,Orale
RX-001442,PAT-00246,SEJ-000334,J01,Antibiotiques,1 IV x3/j,2023-06-23,2023-07-04,IV
RX-001443,PAT-00246,SEJ-000334,A10,Antidiabétiques,1 IV x3/j,2023-06-20,2023-06-22,IV
RX-001444,PAT-00246,SEJ-000334,C03,Diurétiques,1 patch/72h,2023-06-23,2023-06-24,Orale
RX-001445,PAT-00246,SEJ-000334,H02,Corticoïdes,1 IV x3/j,2023-06-22,2023-06-29,IV
RX-001446,PAT-00246,SEJ-000334,C03,Diurétiques,500 mg x2/j,2023-06-23,2023-06-25,Orale
RX-001447,PAT-00247,SEJ-000335,N05,Psychotropes,À la demande,2023-03-21,,Orale
RX-001448,PAT-00247,SEJ-000336,C07,Bêtabloquants,1 cp/j,2023-07-07,2023-07-16,Orale
RX-001449,PAT-00247,SEJ-000336,A10,Antidiabétiques,À la demande,2023-07-11,,IV
RX-001450,PAT-00247,SEJ-000336,C03,Diurétiques,1 patch/72h,2023-07-03,2023-07-16,Orale
RX-001451,PAT-00247,SEJ-000336,A02,Antiacides / IPP,À la demande,2023-07-01,,Orale
RX-001452,PAT-00247,SEJ-000336,N02,Analgésiques,1 cp/j,2023-07-11,2023-07-16,Sous-cutanee
RX-001453,PAT-00248,SEJ-000337,H02,Corticoïdes,2 cp/j,2024-04-23,2024-04-26,Orale
RX-001454,PAT-00248,SEJ-000337,H02,Corticoïdes,1 IV x3/j,2024-04-30,2024-05-06,IV
RX-001455,PAT-00248,SEJ-000338,C07,Bêtabloquants,500 mg x2/j,2023-09-13,2023-09-20,Orale
RX-001456,PAT-00248,SEJ-000338,M01,Anti-inflammatoires,1 SC/j,2023-09-12,,Orale
RX-001457,PAT-00249,SEJ-000339,C03,Diurétiques,1 cp/j,2024-03-24,2024-04-04,Orale
RX-001458,PAT-00249,SEJ-000339,N02,Analgésiques,À la demande,2024-03-24,2024-03-29,Sous-cutanee
RX-001459,PAT-00249,SEJ-000340,N05,Psychotropes,1 IV x3/j,2024-04-01,,Orale
RX-001460,PAT-00249,SEJ-000340,M01,Anti-inflammatoires,2 cp/j,2024-03-31,2024-04-11,IV
RX-001461,PAT-00249,SEJ-000340,M01,Anti-inflammatoires,1 SC/j,2024-04-01,2024-04-03,IV
RX-001462,PAT-00250,SEJ-000341,C01,Inotropes cardiaques,À la demande,2023-03-02,2023-03-09,Orale
RX-001463,PAT-00250,SEJ-000341,A10,Antidiabétiques,1 IV x3/j,2023-02-27,,Orale
RX-001464,PAT-00250,SEJ-000342,N02,Analgésiques,2 cp/j,2024-04-13,2024-04-23,Sous-cutanee
RX-001465,PAT-00250,SEJ-000342,C09,Inhibiteurs de l'ECV,1 patch/72h,2024-04-14,2024-04-26,IV
RX-001466,PAT-00250,SEJ-000342,M01,Anti-inflammatoires,1 SC/j,2024-04-13,2024-04-15,Sous-cutanee
RX-001467,PAT-00250,SEJ-000342,B01,Antithrombotiques,2 cp/j,2024-04-15,2024-04-19,Orale
RX-001468,PAT-00251,SEJ-000343,A10,Antidiabétiques,À la demande,2023-12-15,2023-12-26,Sous-cutanee
RX-001469,PAT-00251,SEJ-000343,A10,Antidiabétiques,1 patch/72h,2023-12-15,,Orale
RX-001470,PAT-00252,SEJ-000344,C07,Bêtabloquants,1 patch/72h,2024-01-05,2024-01-10,Orale
RX-001471,PAT-00252,SEJ-000344,H02,Corticoïdes,1 IV x3/j,2024-01-07,2024-01-08,Orale
RX-001472,PAT-00252,SEJ-000344,H02,Corticoïdes,1 patch/72h,2024-01-05,2024-01-12,Sous-cutanee
RX-001473,PAT-00252,SEJ-000344,A10,Antidiabétiques,À la demande,2024-01-08,2024-01-10,Orale
RX-001474,PAT-00252,SEJ-000344,N02,Analgésiques,1 patch/72h,2024-01-07,2024-01-19,Orale
RX-001475,PAT-00252,SEJ-000344,C09,Inhibiteurs de l'ECV,1 SC/j,2024-01-07,2024-01-08,Orale
RX-001476,PAT-00252,SEJ-000344,N02,Analgésiques,1 cp/j,2024-01-05,2024-01-07,Orale
RX-001477,PAT-00253,SEJ-000345,C07,Bêtabloquants,1 cp/j,2024-03-15,2024-03-18,Orale
RX-001478,PAT-00253,SEJ-000345,N05,Psychotropes,1 patch/72h,2024-03-18,2024-03-20,Orale
RX-001479,PAT-00253,SEJ-000345,C03,Diurétiques,2 cp/j,2024-03-14,2024-03-19,Orale
RX-001480,PAT-00254,SEJ-000346,N05,Psychotropes,1 patch/72h,2024-03-09,2024-03-20,Orale
RX-001481,PAT-00254,SEJ-000347,C03,Diurétiques,500 mg x2/j,2024-03-05,2024-03-17,Orale
RX-001482,PAT-00254,SEJ-000347,M01,Anti-inflammatoires,500 mg x2/j,2024-03-05,2024-03-11,Orale
RX-001483,PAT-00254,SEJ-000347,N05,Psychotropes,1 patch/72h,2024-03-05,2024-03-17,Orale
RX-001484,PAT-00254,SEJ-000347,C09,Inhibiteurs de l'ECV,1 SC/j,2024-03-05,2024-03-17,Orale
RX-001485,PAT-00254,SEJ-000347,A10,Antidiabétiques,1 SC/j,2024-03-07,2024-03-14,IV
RX-001486,PAT-00255,SEJ-000348,J01,Antibiotiques,500 mg x2/j,2023-04-12,2023-04-23,Orale
RX-001487,PAT-00255,SEJ-000348,N02,Analgésiques,1 SC/j,2023-04-20,2023-04-24,IV
RX-001488,PAT-00255,SEJ-000348,C09,Inhibiteurs de l'ECV,1 cp/j,2023-04-15,,Orale
RX-001489,PAT-00255,SEJ-000349,C03,Diurétiques,1 IV x3/j,2023-03-31,2023-04-09,Orale
RX-001490,PAT-00255,SEJ-000349,A10,Antidiabétiques,1 cp/j,2023-03-31,2023-04-12,Orale
RX-001491,PAT-00256,SEJ-000350,C01,Inotropes cardiaques,1 patch/72h,2024-03-09,2024-03-17,Orale
RX-001492,PAT-00256,SEJ-000350,H02,Corticoïdes,1 cp/j,2024-03-09,,IV
RX-001493,PAT-00256,SEJ-000350,M01,Anti-inflammatoires,2 cp/j,2024-03-09,2024-03-15,Orale
RX-001494,PAT-00256,SEJ-000350,A10,Antidiabétiques,1 IV x3/j,2024-03-10,2024-03-14,IV
RX-001495,PAT-00256,SEJ-000350,B01,Antithrombotiques,2 cp/j,2024-03-09,2024-03-14,Orale
RX-001496,PAT-00257,SEJ-000351,C01,Inotropes cardiaques,1 SC/j,2024-04-28,2024-05-08,Orale
RX-001497,PAT-00257,SEJ-000351,C01,Inotropes cardiaques,500 mg x2/j,2024-05-03,2024-05-07,Orale
RX-001498,PAT-00257,SEJ-000351,H02,Corticoïdes,À la demande,2024-05-03,2024-05-10,IV
RX-001499,PAT-00257,SEJ-000351,C07,Bêtabloquants,1 IV x3/j,2024-04-28,,Orale
RX-001500,PAT-00257,SEJ-000351,C07,Bêtabloquants,1 cp/j,2024-04-28,2024-05-02,Orale
RX-001501,PAT-00257,SEJ-000352,J01,Antibiotiques,500 mg x2/j,2024-04-22,,Orale
RX-001502,PAT-00257,SEJ-000352,C09,Inhibiteurs de l'ECV,2 cp/j,2024-04-21,2024-04-25,Orale
RX-001503,PAT-00257,SEJ-000352,C07,Bêtabloquants,500 mg x2/j,2024-04-21,2024-04-30,Orale
RX-001504,PAT-00258,SEJ-000353,C01,Inotropes cardiaques,1 patch/72h,2023-01-01,2023-01-05,Orale
RX-001505,PAT-00258,SEJ-000353,M01,Anti-inflammatoires,À la demande,2023-01-01,2023-01-02,IV
RX-001506,PAT-00258,SEJ-000353,N05,Psychotropes,2 cp/j,2023-01-01,2023-01-03,Orale
RX-001507,PAT-00259,SEJ-000354,B01,Antithrombotiques,500 mg x2/j,2023-12-26,2024-01-08,Orale
RX-001508,PAT-00259,SEJ-000354,M01,Anti-inflammatoires,1 IV x3/j,2023-12-26,2024-01-01,IV
RX-001509,PAT-00259,SEJ-000354,B01,Antithrombotiques,À la demande,2023-12-26,2024-01-08,Orale
RX-001510,PAT-00259,SEJ-000354,H02,Corticoïdes,À la demande,2023-12-24,2023-12-29,Orale
RX-001511,PAT-00259,SEJ-000354,A10,Antidiabétiques,1 cp/j,2023-12-26,2024-01-05,IV
RX-001512,PAT-00259,SEJ-000354,C03,Diurétiques,500 mg x2/j,2023-12-24,2023-12-27,Orale
RX-001513,PAT-00259,SEJ-000354,N02,Analgésiques,1 SC/j,2023-12-24,2023-12-25,Orale
RX-001514,PAT-00260,SEJ-000355,C07,Bêtabloquants,2 cp/j,2024-03-14,,IV
RX-001515,PAT-00260,SEJ-000355,C01,Inotropes cardiaques,2 cp/j,2024-03-15,,Orale
RX-001516,PAT-00260,SEJ-000355,C09,Inhibiteurs de l'ECV,500 mg x2/j,2024-03-14,2024-03-23,Orale
RX-001517,PAT-00260,SEJ-000355,A02,Antiacides / IPP,500 mg x2/j,2024-03-13,2024-03-23,Orale
RX-001518,PAT-00260,SEJ-000355,B01,Antithrombotiques,1 SC/j,2024-03-16,2024-03-29,Orale
RX-001519,PAT-00261,SEJ-000356,C09,Inhibiteurs de l'ECV,À la demande,2023-03-26,2023-04-06,Orale
RX-001520,PAT-00261,SEJ-000356,M01,Anti-inflammatoires,1 IV x3/j,2023-03-26,2023-03-27,Orale
RX-001521,PAT-00261,SEJ-000356,C03,Diurétiques,1 IV x3/j,2023-03-31,2023-04-07,Orale
RX-001522,PAT-00261,SEJ-000356,C03,Diurétiques,1 patch/72h,2023-03-29,2023-04-04,Orale
RX-001523,PAT-00261,SEJ-000356,J01,Antibiotiques,500 mg x2/j,2023-03-20,2023-03-26,IV
RX-001524,PAT-00261,SEJ-000356,C01,Inotropes cardiaques,2 cp/j,2023-03-31,2023-04-09,Orale
RX-001525,PAT-00262,SEJ-000357,H02,Corticoïdes,1 IV x3/j,2023-04-05,,Orale
RX-001526,PAT-00262,SEJ-000357,M01,Anti-inflammatoires,1 cp/j,2023-04-04,2023-04-10,Orale
RX-001527,PAT-00262,SEJ-000357,C03,Diurétiques,2 cp/j,2023-04-05,2023-04-12,Orale
RX-001528,PAT-00262,SEJ-000357,C01,Inotropes cardiaques,500 mg x2/j,2023-04-04,2023-04-05,Orale
RX-001529,PAT-00262,SEJ-000357,C07,Bêtabloquants,1 cp/j,2023-04-05,2023-04-18,Orale
RX-001530,PAT-00262,SEJ-000357,A10,Antidiabétiques,1 SC/j,2023-04-04,2023-04-13,Sous-cutanee
RX-001531,PAT-00263,SEJ-000358,J01,Antibiotiques,1 patch/72h,2024-01-01,,IV
RX-001532,PAT-00263,SEJ-000358,J01,Antibiotiques,1 SC/j,2024-01-03,2024-01-09,IV
RX-001533,PAT-00263,SEJ-000358,C01,Inotropes cardiaques,2 cp/j,2024-01-01,2024-01-09,IV
RX-001534,PAT-00263,SEJ-000358,C09,Inhibiteurs de l'ECV,2 cp/j,2024-01-02,2024-01-15,IV
RX-001535,PAT-00263,SEJ-000358,J01,Antibiotiques,À la demande,2024-01-04,2024-01-07,Orale
RX-001536,PAT-00263,SEJ-000358,A02,Antiacides / IPP,1 SC/j,2024-01-01,2024-01-09,Orale
RX-001537,PAT-00264,SEJ-000359,B01,Antithrombotiques,1 cp/j,2023-12-06,2023-12-12,IV
RX-001538,PAT-00264,SEJ-000359,C09,Inhibiteurs de l'ECV,1 patch/72h,2023-12-05,2023-12-18,Orale
RX-001539,PAT-00264,SEJ-000359,A02,Antiacides / IPP,À la demande,2023-12-06,2023-12-14,IV
RX-001540,PAT-00264,SEJ-000359,C09,Inhibiteurs de l'ECV,À la demande,2023-12-06,,Orale
RX-001541,PAT-00264,SEJ-000359,A02,Antiacides / IPP,1 IV x3/j,2023-12-05,2023-12-14,Orale
RX-001542,PAT-00264,SEJ-000360,B01,Antithrombotiques,2 cp/j,2023-11-12,2023-11-18,IV
RX-001543,PAT-00264,SEJ-000360,N05,Psychotropes,2 cp/j,2023-11-13,,IV
RX-001544,PAT-00264,SEJ-000360,A02,Antiacides / IPP,À la demande,2023-11-14,2023-11-26,Orale
RX-001545,PAT-00264,SEJ-000360,B01,Antithrombotiques,2 cp/j,2023-11-12,,Orale
RX-001546,PAT-00265,SEJ-000361,A10,Antidiabétiques,1 cp/j,2024-03-24,2024-04-05,IV
RX-001547,PAT-00265,SEJ-000361,J01,Antibiotiques,À la demande,2024-03-24,,Orale
RX-001548,PAT-00265,SEJ-000361,A02,Antiacides / IPP,1 cp/j,2024-03-25,2024-03-30,Sous-cutanee
RX-001549,PAT-00266,SEJ-000362,J01,Antibiotiques,1 cp/j,2023-07-16,2023-07-21,Orale
RX-001550,PAT-00266,SEJ-000362,H02,Corticoïdes,1 patch/72h,2023-07-16,2023-07-26,Orale
RX-001551,PAT-00266,SEJ-000362,M01,Anti-inflammatoires,1 SC/j,2023-07-16,,Orale
RX-001552,PAT-00267,SEJ-000363,A02,Antiacides / IPP,1 patch/72h,2023-01-17,2023-01-20,Orale
RX-001553,PAT-00267,SEJ-000363,C07,Bêtabloquants,1 patch/72h,2023-01-20,2023-01-24,IV
RX-001554,PAT-00267,SEJ-000363,N02,Analgésiques,1 IV x3/j,2023-01-18,,Orale
RX-001555,PAT-00267,SEJ-000364,C01,Inotropes cardiaques,À la demande,2024-02-08,,Orale
RX-001556,PAT-00267,SEJ-000364,B01,Antithrombotiques,1 IV x3/j,2024-02-10,2024-02-23,Orale
RX-001557,PAT-00267,SEJ-000364,H02,Corticoïdes,2 cp/j,2024-02-02,2024-02-10,Orale
RX-001558,PAT-00267,SEJ-000364,C03,Diurétiques,1 patch/72h,2024-02-05,,IV
RX-001559,PAT-00268,SEJ-000365,N02,Analgésiques,1 cp/j,2023-12-14,2023-12-25,Orale
RX-001560,PAT-00268,SEJ-000365,J01,Antibiotiques,1 IV x3/j,2023-12-14,2023-12-16,Orale
RX-001561,PAT-00268,SEJ-000365,C01,Inotropes cardiaques,1 IV x3/j,2023-12-15,2023-12-28,Orale
RX-001562,PAT-00268,SEJ-000365,C01,Inotropes cardiaques,500 mg x2/j,2023-12-20,2024-01-01,IV
RX-001563,PAT-00268,SEJ-000365,N05,Psychotropes,À la demande,2023-12-16,2023-12-19,IV
RX-001564,PAT-00268,SEJ-000365,N05,Psychotropes,500 mg x2/j,2023-12-13,2023-12-14,Sous-cutanee
RX-001565,PAT-00268,SEJ-000365,A10,Antidiabétiques,1 patch/72h,2023-12-11,2023-12-19,Sous-cutanee
RX-001566,PAT-00268,SEJ-000365,A02,Antiacides / IPP,500 mg x2/j,2023-12-13,2023-12-14,Orale
RX-001567,PAT-00268,SEJ-000365,H02,Corticoïdes,1 cp/j,2023-12-13,2023-12-17,Orale
RX-001568,PAT-00268,SEJ-000365,H02,Corticoïdes,1 SC/j,2023-12-20,2023-12-29,Orale
RX-001569,PAT-00268,SEJ-000366,N05,Psychotropes,À la demande,2024-03-27,2024-03-31,Orale
RX-001570,PAT-00268,SEJ-000366,C07,Bêtabloquants,1 cp/j,2024-03-27,2024-04-02,Orale
RX-001571,PAT-00268,SEJ-000366,A02,Antiacides / IPP,500 mg x2/j,2024-03-27,2024-03-30,Orale
RX-001572,PAT-00268,SEJ-000366,C03,Diurétiques,2 cp/j,2024-03-29,2024-04-05,Orale
RX-001573,PAT-00268,SEJ-000366,C09,Inhibiteurs de l'ECV,500 mg x2/j,2024-03-27,2024-04-08,IV
RX-001574,PAT-00268,SEJ-000366,C09,Inhibiteurs de l'ECV,1 cp/j,2024-03-28,,Orale
RX-001575,PAT-00268,SEJ-000366,C03,Diurétiques,500 mg x2/j,2024-03-28,2024-04-08,Orale
RX-001576,PAT-00268,SEJ-000366,C09,Inhibiteurs de l'ECV,1 SC/j,2024-03-29,2024-04-03,Orale
RX-001577,PAT-00269,SEJ-000367,N05,Psychotropes,500 mg x2/j,2024-04-14,2024-04-22,Orale
RX-001578,PAT-00269,SEJ-000367,C09,Inhibiteurs de l'ECV,1 cp/j,2024-04-14,2024-04-27,Orale
RX-001579,PAT-00269,SEJ-000367,A10,Antidiabétiques,À la demande,2024-04-11,2024-04-18,Orale
RX-001580,PAT-00269,SEJ-000367,H02,Corticoïdes,500 mg x2/j,2024-04-11,2024-04-14,Orale
RX-001581,PAT-00269,SEJ-000367,B01,Antithrombotiques,1 cp/j,2024-04-13,2024-04-16,Orale
RX-001582,PAT-00269,SEJ-000367,A02,Antiacides / IPP,1 IV x3/j,2024-04-12,2024-04-19,Orale
RX-001583,PAT-00269,SEJ-000367,J01,Antibiotiques,1 SC/j,2024-04-12,2024-04-17,Orale
RX-001584,PAT-00269,SEJ-000367,A02,Antiacides / IPP,2 cp/j,2024-04-14,2024-04-17,Orale
RX-001585,PAT-00269,SEJ-000367,C07,Bêtabloquants,1 patch/72h,2024-04-11,,Orale
RX-001586,PAT-00269,SEJ-000368,H02,Corticoïdes,500 mg x2/j,2023-07-30,2023-08-01,IV
RX-001587,PAT-00269,SEJ-000368,M01,Anti-inflammatoires,1 patch/72h,2023-07-21,2023-07-25,Orale
RX-001588,PAT-00269,SEJ-000368,H02,Corticoïdes,2 cp/j,2023-07-30,2023-08-03,Orale
RX-001589,PAT-00269,SEJ-000368,H02,Corticoïdes,500 mg x2/j,2023-07-30,,Orale
RX-001590,PAT-00269,SEJ-000369,C03,Diurétiques,500 mg x2/j,2023-04-08,2023-04-14,Orale
RX-001591,PAT-00269,SEJ-000369,C09,Inhibiteurs de l'ECV,1 SC/j,2023-04-08,2023-04-15,IV
RX-001592,PAT-00269,SEJ-000369,N05,Psychotropes,1 patch/72h,2023-04-06,2023-04-07,Orale
RX-001593,PAT-00269,SEJ-000369,N02,Analgésiques,1 cp/j,2023-04-06,2023-04-07,Sous-cutanee
RX-001594,PAT-00269,SEJ-000369,N05,Psychotropes,500 mg x2/j,2023-04-06,2023-04-13,Orale
RX-001595,PAT-00269,SEJ-000369,A10,Antidiabétiques,500 mg x2/j,2023-04-05,2023-04-15,IV
RX-001596,PAT-00270,SEJ-000370,N05,Psychotropes,1 patch/72h,2023-02-05,2023-02-13,Orale
RX-001597,PAT-00270,SEJ-000370,B01,Antithrombotiques,500 mg x2/j,2023-02-05,,Orale
RX-001598,PAT-00270,SEJ-000370,A10,Antidiabétiques,1 patch/72h,2023-02-06,,Orale
RX-001599,PAT-00270,SEJ-000370,M01,Anti-inflammatoires,1 SC/j,2023-02-07,,Orale
RX-001600,PAT-00270,SEJ-000371,C01,Inotropes cardiaques,500 mg x2/j,2023-04-28,,Orale
RX-001601,PAT-00270,SEJ-000371,A02,Antiacides / IPP,1 IV x3/j,2023-04-29,,Sous-cutanee
RX-001602,PAT-00270,SEJ-000371,C07,Bêtabloquants,1 IV x3/j,2023-04-29,2023-05-03,IV
RX-001603,PAT-00270,SEJ-000371,C03,Diurétiques,500 mg x2/j,2023-04-28,,Orale
RX-001604,PAT-00270,SEJ-000371,H02,Corticoïdes,1 IV x3/j,2023-04-27,2023-05-07,Orale
RX-001605,PAT-00270,SEJ-000371,M01,Anti-inflammatoires,À la demande,2023-04-27,2023-05-10,Sous-cutanee
RX-001606,PAT-00270,SEJ-000372,N02,Analgésiques,1 cp/j,2023-02-19,2023-02-24,Orale
RX-001607,PAT-00270,SEJ-000372,H02,Corticoïdes,1 SC/j,2023-02-20,2023-03-03,Orale
RX-001608,PAT-00270,SEJ-000372,N05,Psychotropes,500 mg x2/j,2023-02-25,2023-03-02,Orale
RX-001609,PAT-00271,SEJ-000373,A10,Antidiabétiques,1 patch/72h,2023-10-11,2023-10-13,Orale
RX-001610,PAT-00271,SEJ-000374,A02,Antiacides / IPP,1 cp/j,2023-08-14,,IV
RX-001611,PAT-00271,SEJ-000374,C01,Inotropes cardiaques,1 patch/72h,2023-08-15,2023-08-28,Orale
RX-001612,PAT-00271,SEJ-000374,A02,Antiacides / IPP,1 IV x3/j,2023-08-15,2023-08-26,Orale
RX-001613,PAT-00271,SEJ-000374,J01,Antibiotiques,500 mg x2/j,2023-08-16,2023-08-28,Orale
RX-001614,PAT-00271,SEJ-000374,C01,Inotropes cardiaques,1 SC/j,2023-08-15,2023-08-25,Orale
RX-001615,PAT-00272,SEJ-000375,C01,Inotropes cardiaques,1 cp/j,2023-12-25,2023-12-28,Orale
RX-001616,PAT-00272,SEJ-000375,C09,Inhibiteurs de l'ECV,À la demande,2023-12-25,2023-12-28,Orale
RX-001617,PAT-00272,SEJ-000375,C03,Diurétiques,1 patch/72h,2023-12-26,2024-01-08,IV
RX-001618,PAT-00273,SEJ-000376,C09,Inhibiteurs de l'ECV,1 cp/j,2023-09-27,2023-10-05,Orale
RX-001619,PAT-00273,SEJ-000376,A10,Antidiabétiques,1 IV x3/j,2023-10-02,2023-10-06,Orale
RX-001620,PAT-00273,SEJ-000376,C01,Inotropes cardiaques,À la demande,2023-09-29,,Orale
RX-001621,PAT-00273,SEJ-000377,J01,Antibiotiques,2 cp/j,2023-10-21,2023-11-01,IV
RX-001622,PAT-00273,SEJ-000377,N02,Analgésiques,À la demande,2023-10-30,2023-11-01,IV
RX-001623,PAT-00273,SEJ-000377,H02,Corticoïdes,500 mg x2/j,2023-10-27,2023-10-28,Orale
RX-001624,PAT-00273,SEJ-000377,M01,Anti-inflammatoires,1 cp/j,2023-10-24,,Orale
RX-001625,PAT-00273,SEJ-000377,N02,Analgésiques,À la demande,2023-10-23,2023-10-27,Sous-cutanee
RX-001626,PAT-00274,SEJ-000378,C03,Diurétiques,1 cp/j,2022-12-22,2022-12-28,Orale
RX-001627,PAT-00274,SEJ-000378,J01,Antibiotiques,2 cp/j,2023-01-01,2023-01-04,Orale
RX-001628,PAT-00274,SEJ-000378,C09,Inhibiteurs de l'ECV,1 cp/j,2023-01-03,,IV
RX-001629,PAT-00274,SEJ-000378,C07,Bêtabloquants,1 SC/j,2022-12-20,,IV
RX-001630,PAT-00274,SEJ-000378,A10,Antidiabétiques,500 mg x2/j,2023-01-04,2023-01-15,Sous-cutanee
RX-001631,PAT-00275,SEJ-000379,B01,Antithrombotiques,1 patch/72h,2023-10-14,2023-10-21,Orale
RX-001632,PAT-00275,SEJ-000379,B01,Antithrombotiques,2 cp/j,2023-10-12,,IV
RX-001633,PAT-00275,SEJ-000379,C07,Bêtabloquants,1 IV x3/j,2023-10-12,2023-10-17,IV
RX-001634,PAT-00275,SEJ-000379,H02,Corticoïdes,500 mg x2/j,2023-10-14,2023-10-20,Orale
RX-001635,PAT-00276,SEJ-000380,A10,Antidiabétiques,2 cp/j,2023-01-12,2023-01-14,IV
RX-001636,PAT-00276,SEJ-000380,J01,Antibiotiques,1 IV x3/j,2023-01-02,,IV
RX-001637,PAT-00276,SEJ-000380,C01,Inotropes cardiaques,1 IV x3/j,2023-01-07,2023-01-20,Orale
RX-001638,PAT-00276,SEJ-000380,B01,Antithrombotiques,1 SC/j,2023-01-04,2023-01-10,Orale
RX-001639,PAT-00276,SEJ-000381,N02,Analgésiques,1 cp/j,2023-10-15,2023-10-20,Orale
RX-001640,PAT-00276,SEJ-000381,N05,Psychotropes,1 cp/j,2023-10-15,2023-10-20,Orale
RX-001641,PAT-00276,SEJ-000381,A02,Antiacides / IPP,1 IV x3/j,2023-10-15,2023-10-27,Orale
RX-001642,PAT-00276,SEJ-000381,C03,Diurétiques,500 mg x2/j,2023-10-17,,IV
RX-001643,PAT-00276,SEJ-000381,N02,Analgésiques,1 cp/j,2023-10-16,2023-10-28,Orale
RX-001644,PAT-00277,SEJ-000382,A10,Antidiabétiques,1 cp/j,2023-07-20,,Orale
RX-001645,PAT-00277,SEJ-000382,C07,Bêtabloquants,À la demande,2023-07-20,2023-07-29,Orale
RX-001646,PAT-00277,SEJ-000382,H02,Corticoïdes,2 cp/j,2023-07-20,2023-08-02,Orale
RX-001647,PAT-00277,SEJ-000382,C01,Inotropes cardiaques,1 patch/72h,2023-07-20,2023-08-01,Orale
RX-001648,PAT-00277,SEJ-000382,C01,Inotropes cardiaques,1 patch/72h,2023-07-20,2023-07-26,Orale
RX-001649,PAT-00277,SEJ-000382,N05,Psychotropes,1 patch/72h,2023-07-20,2023-07-31,Orale
RX-001650,PAT-00277,SEJ-000382,A02,Antiacides / IPP,1 IV x3/j,2023-07-19,2023-07-24,Sous-cutanee
RX-001651,PAT-00277,SEJ-000382,C07,Bêtabloquants,1 cp/j,2023-07-20,2023-08-02,IV
RX-001652,PAT-00277,SEJ-000382,C03,Diurétiques,1 patch/72h,2023-07-20,2023-07-23,Orale
RX-001653,PAT-00278,SEJ-000383,B01,Antithrombotiques,500 mg x2/j,2022-12-20,2022-12-23,Orale
RX-001654,PAT-00278,SEJ-000383,B01,Antithrombotiques,1 IV x3/j,2022-12-20,2022-12-25,Sous-cutanee
RX-001655,PAT-00278,SEJ-000383,C09,Inhibiteurs de l'ECV,À la demande,2022-12-19,2022-12-21,Orale
RX-001656,PAT-00278,SEJ-000383,A02,Antiacides / IPP,1 patch/72h,2022-12-19,2022-12-21,Orale
RX-001657,PAT-00278,SEJ-000383,N05,Psychotropes,1 cp/j,2022-12-19,2022-12-29,IV
RX-001658,PAT-00278,SEJ-000384,A10,Antidiabétiques,500 mg x2/j,2024-01-17,2024-01-29,Orale
RX-001659,PAT-00278,SEJ-000384,C03,Diurétiques,1 patch/72h,2024-01-17,2024-01-29,Orale
RX-001660,PAT-00278,SEJ-000384,B01,Antithrombotiques,500 mg x2/j,2024-01-19,2024-01-25,Orale
RX-001661,PAT-00278,SEJ-000385,B01,Antithrombotiques,2 cp/j,2023-11-02,2023-11-13,Orale
RX-001662,PAT-00278,SEJ-000385,B01,Antithrombotiques,1 patch/72h,2023-11-02,2023-11-09,Orale
RX-001663,PAT-00279,SEJ-000386,N05,Psychotropes,1 patch/72h,2023-02-15,2023-02-22,Orale
RX-001664,PAT-00279,SEJ-000386,J01,Antibiotiques,1 IV x3/j,2023-02-15,2023-02-16,Orale
RX-001665,PAT-00279,SEJ-000386,N02,Analgésiques,500 mg x2/j,2023-02-15,,Orale
RX-001666,PAT-00279,SEJ-000386,M01,Anti-inflammatoires,1 cp/j,2023-02-15,2023-02-23,Sous-cutanee
RX-001667,PAT-00279,SEJ-000387,C09,Inhibiteurs de l'ECV,1 SC/j,2023-08-10,2023-08-14,Orale
RX-001668,PAT-00279,SEJ-000387,C09,Inhibiteurs de l'ECV,500 mg x2/j,2023-08-11,2023-08-12,IV
RX-001669,PAT-00280,SEJ-000388,C07,Bêtabloquants,2 cp/j,2024-03-05,,Orale
RX-001670,PAT-00280,SEJ-000388,B01,Antithrombotiques,1 SC/j,2024-03-05,,Orale
RX-001671,PAT-00281,SEJ-000389,C09,Inhibiteurs de l'ECV,1 IV x3/j,2023-03-13,,Orale
RX-001672,PAT-00281,SEJ-000389,M01,Anti-inflammatoires,1 patch/72h,2023-03-14,2023-03-18,Sous-cutanee
RX-001673,PAT-00281,SEJ-000389,M01,Anti-inflammatoires,À la demande,2023-03-15,2023-03-17,Sous-cutanee
RX-001674,PAT-00282,SEJ-000390,N05,Psychotropes,1 SC/j,2023-05-24,2023-05-27,Orale
RX-001675,PAT-00282,SEJ-000390,C07,Bêtabloquants,1 cp/j,2023-05-23,2023-05-29,Sous-cutanee
RX-001676,PAT-00282,SEJ-000390,C03,Diurétiques,2 cp/j,2023-05-25,2023-06-07,IV
RX-001677,PAT-00282,SEJ-000390,C09,Inhibiteurs de l'ECV,À la demande,2023-05-25,2023-05-27,IV
RX-001678,PAT-00282,SEJ-000390,A02,Antiacides / IPP,500 mg x2/j,2023-05-22,2023-05-24,Orale
RX-001679,PAT-00283,SEJ-000391,C01,Inotropes cardiaques,500 mg x2/j,2023-12-22,2023-12-28,Orale
RX-001680,PAT-00283,SEJ-000391,J01,Antibiotiques,500 mg x2/j,2023-12-22,2023-12-24,Orale
RX-001681,PAT-00283,SEJ-000391,C07,Bêtabloquants,1 SC/j,2023-12-22,2024-01-04,Orale
RX-001682,PAT-00283,SEJ-000391,M01,Anti-inflammatoires,2 cp/j,2023-12-22,,IV
RX-001683,PAT-00284,SEJ-000392,C01,Inotropes cardiaques,1 cp/j,2023-02-13,2023-02-19,Orale
RX-001684,PAT-00285,SEJ-000393,A02,Antiacides / IPP,1 patch/72h,2023-02-24,,Orale
RX-001685,PAT-00285,SEJ-000393,C07,Bêtabloquants,2 cp/j,2023-02-24,2023-02-28,Orale
RX-001686,PAT-00285,SEJ-000393,A02,Antiacides / IPP,1 IV x3/j,2023-02-23,2023-02-24,Orale
RX-001687,PAT-00286,SEJ-000394,C03,Diurétiques,1 IV x3/j,2023-11-06,2023-11-19,IV
RX-001688,PAT-00286,SEJ-000394,C07,Bêtabloquants,1 IV x3/j,2023-11-08,2023-11-16,Orale
RX-001689,PAT-00286,SEJ-000394,C07,Bêtabloquants,À la demande,2023-11-05,2023-11-08,Orale
RX-001690,PAT-00286,SEJ-000394,A02,Antiacides / IPP,À la demande,2023-11-06,2023-11-16,Sous-cutanee
RX-001691,PAT-00287,SEJ-000395,A02,Antiacides / IPP,500 mg x2/j,2023-06-21,2023-07-04,Sous-cutanee
RX-001692,PAT-00287,SEJ-000396,J01,Antibiotiques,1 SC/j,2023-11-26,2023-11-29,IV
RX-001693,PAT-00287,SEJ-000396,A10,Antidiabétiques,1 cp/j,2023-11-24,2023-11-25,Orale
RX-001694,PAT-00287,SEJ-000396,M01,Anti-inflammatoires,500 mg x2/j,2023-11-21,2023-11-26,IV
RX-001695,PAT-00287,SEJ-000396,M01,Anti-inflammatoires,500 mg x2/j,2023-11-25,2023-12-04,Orale
RX-001696,PAT-00288,SEJ-000397,H02,Corticoïdes,À la demande,2023-12-05,2023-12-17,Orale
RX-001697,PAT-00288,SEJ-000397,M01,Anti-inflammatoires,1 IV x3/j,2023-12-06,2023-12-07,IV
RX-001698,PAT-00288,SEJ-000397,H02,Corticoïdes,1 cp/j,2023-12-05,2023-12-06,Orale
RX-001699,PAT-00288,SEJ-000397,A02,Antiacides / IPP,1 IV x3/j,2023-12-05,2023-12-12,Orale
RX-001700,PAT-00288,SEJ-000398,H02,Corticoïdes,1 IV x3/j,2023-02-24,,Orale
RX-001701,PAT-00289,SEJ-000399,B01,Antithrombotiques,1 patch/72h,2023-06-08,2023-06-17,IV
RX-001702,PAT-00289,SEJ-000399,C09,Inhibiteurs de l'ECV,2 cp/j,2023-06-09,2023-06-21,Orale
RX-001703,PAT-00289,SEJ-000399,B01,Antithrombotiques,2 cp/j,2023-06-09,2023-06-20,Orale
RX-001704,PAT-00289,SEJ-000399,C01,Inotropes cardiaques,1 IV x3/j,2023-06-07,2023-06-12,Orale
RX-001705,PAT-00289,SEJ-000400,B01,Antithrombotiques,1 patch/72h,2023-12-06,2023-12-07,Sous-cutanee
RX-001706,PAT-00289,SEJ-000400,B01,Antithrombotiques,1 patch/72h,2023-12-07,,Sous-cutanee
RX-001707,PAT-00289,SEJ-000400,J01,Antibiotiques,2 cp/j,2023-12-08,2023-12-12,IV
RX-001708,PAT-00289,SEJ-000400,C01,Inotropes cardiaques,1 cp/j,2023-12-07,,Sous-cutanee
RX-001709,PAT-00289,SEJ-000400,C07,Bêtabloquants,1 SC/j,2023-12-06,,Orale
RX-001710,PAT-00289,SEJ-000400,M01,Anti-inflammatoires,1 cp/j,2023-12-06,2023-12-11,IV
RX-001711,PAT-00289,SEJ-000400,A02,Antiacides / IPP,1 IV x3/j,2023-12-08,2023-12-10,Orale
RX-001712,PAT-00290,SEJ-000401,N05,Psychotropes,À la demande,2024-05-11,2024-05-17,IV
RX-001713,PAT-00290,SEJ-000401,C09,Inhibiteurs de l'ECV,À la demande,2024-05-12,2024-05-14,Orale
RX-001714,PAT-00290,SEJ-000401,N05,Psychotropes,1 IV x3/j,2024-05-12,2024-05-14,Orale
RX-001715,PAT-00290,SEJ-000401,B01,Antithrombotiques,1 cp/j,2024-05-11,,Orale
RX-001716,PAT-00290,SEJ-000401,A02,Antiacides / IPP,500 mg x2/j,2024-05-12,,IV
RX-001717,PAT-00290,SEJ-000401,B01,Antithrombotiques,1 patch/72h,2024-05-12,,Orale
RX-001718,PAT-00290,SEJ-000401,J01,Antibiotiques,1 patch/72h,2024-05-11,2024-05-23,Orale
RX-001719,PAT-00290,SEJ-000401,M01,Anti-inflammatoires,1 cp/j,2024-05-12,2024-05-24,IV
RX-001720,PAT-00290,SEJ-000401,C03,Diurétiques,À la demande,2024-05-11,2024-05-24,Orale
RX-001721,PAT-00290,SEJ-000401,H02,Corticoïdes,À la demande,2024-05-11,,Orale
RX-001722,PAT-00291,SEJ-000402,C09,Inhibiteurs de l'ECV,2 cp/j,2023-05-31,2023-06-10,Orale
RX-001723,PAT-00291,SEJ-000402,C09,Inhibiteurs de l'ECV,1 cp/j,2023-05-31,2023-06-08,Orale
RX-001724,PAT-00291,SEJ-000402,J01,Antibiotiques,1 IV x3/j,2023-05-31,2023-06-08,Orale
RX-001725,PAT-00291,SEJ-000402,J01,Antibiotiques,À la demande,2023-05-31,,Orale
RX-001726,PAT-00291,SEJ-000402,C09,Inhibiteurs de l'ECV,500 mg x2/j,2023-05-30,2023-06-04,IV
RX-001727,PAT-00292,SEJ-000403,A10,Antidiabétiques,500 mg x2/j,2023-11-21,,Sous-cutanee
RX-001728,PAT-00292,SEJ-000403,C01,Inotropes cardiaques,À la demande,2023-11-21,2023-12-01,Sous-cutanee
RX-001729,PAT-00292,SEJ-000404,H02,Corticoïdes,1 IV x3/j,2024-05-21,2024-05-24,Orale
RX-001730,PAT-00292,SEJ-000404,H02,Corticoïdes,500 mg x2/j,2024-05-21,2024-05-30,IV
RX-001731,PAT-00292,SEJ-000404,N05,Psychotropes,2 cp/j,2024-05-20,2024-06-02,Sous-cutanee
RX-001732,PAT-00292,SEJ-000404,C09,Inhibiteurs de l'ECV,2 cp/j,2024-05-19,2024-05-20,Orale
RX-001733,PAT-00293,SEJ-000405,N02,Analgésiques,1 IV x3/j,2023-03-30,2023-04-02,Orale
RX-001734,PAT-00293,SEJ-000405,C09,Inhibiteurs de l'ECV,1 SC/j,2023-03-31,2023-04-07,Orale
RX-001735,PAT-00293,SEJ-000405,A02,Antiacides / IPP,2 cp/j,2023-03-28,2023-04-10,IV
RX-001736,PAT-00293,SEJ-000405,A02,Antiacides / IPP,1 SC/j,2023-03-31,2023-04-04,Orale
RX-001737,PAT-00293,SEJ-000405,N02,Analgésiques,1 patch/72h,2023-03-27,2023-03-31,Orale
RX-001738,PAT-00293,SEJ-000405,H02,Corticoïdes,2 cp/j,2023-04-01,,Orale
RX-001739,PAT-00293,SEJ-000406,C03,Diurétiques,1 IV x3/j,2023-02-15,2023-02-24,Orale
RX-001740,PAT-00293,SEJ-000406,A10,Antidiabétiques,1 cp/j,2023-02-13,2023-02-24,Orale
RX-001741,PAT-00293,SEJ-000406,B01,Antithrombotiques,1 IV x3/j,2023-02-10,2023-02-14,Orale
RX-001742,PAT-00294,SEJ-000407,J01,Antibiotiques,2 cp/j,2024-04-24,,Orale
RX-001743,PAT-00294,SEJ-000407,C09,Inhibiteurs de l'ECV,500 mg x2/j,2024-04-25,2024-05-03,Orale
RX-001744,PAT-00294,SEJ-000407,C01,Inotropes cardiaques,500 mg x2/j,2024-04-28,2024-05-09,Orale
RX-001745,PAT-00294,SEJ-000407,C07,Bêtabloquants,1 IV x3/j,2024-04-30,,Orale
RX-001746,PAT-00294,SEJ-000407,M01,Anti-inflammatoires,2 cp/j,2024-04-29,2024-05-05,Orale
RX-001747,PAT-00294,SEJ-000407,B01,Antithrombotiques,1 SC/j,2024-04-25,2024-05-05,Orale
RX-001748,PAT-00294,SEJ-000407,C03,Diurétiques,1 SC/j,2024-04-29,2024-05-08,Orale
RX-001749,PAT-00295,SEJ-000408,B01,Antithrombotiques,1 patch/72h,2023-07-11,2023-07-17,Orale
RX-001750,PAT-00295,SEJ-000408,M01,Anti-inflammatoires,À la demande,2023-07-12,2023-07-19,IV
RX-001751,PAT-00295,SEJ-000408,N05,Psychotropes,À la demande,2023-07-11,2023-07-17,Orale
RX-001752,PAT-00295,SEJ-000408,A02,Antiacides / IPP,500 mg x2/j,2023-07-12,,IV
RX-001753,PAT-00295,SEJ-000408,C01,Inotropes cardiaques,1 patch/72h,2023-07-12,,Orale
RX-001754,PAT-00295,SEJ-000408,J01,Antibiotiques,À la demande,2023-07-12,2023-07-19,Orale
RX-001755,PAT-00295,SEJ-000408,B01,Antithrombotiques,1 SC/j,2023-07-12,,Orale
RX-001756,PAT-00295,SEJ-000409,C03,Diurétiques,1 SC/j,2023-07-04,2023-07-07,Orale
RX-001757,PAT-00295,SEJ-000409,N02,Analgésiques,1 patch/72h,2023-07-02,2023-07-15,Orale
RX-001758,PAT-00296,SEJ-000410,A02,Antiacides / IPP,1 patch/72h,2023-03-02,2023-03-08,Orale
RX-001759,PAT-00296,SEJ-000410,C03,Diurétiques,1 cp/j,2023-03-02,2023-03-11,IV
RX-001760,PAT-00296,SEJ-000410,C09,Inhibiteurs de l'ECV,1 IV x3/j,2023-03-02,2023-03-13,Orale
RX-001761,PAT-00297,SEJ-000411,A10,Antidiabétiques,1 IV x3/j,2023-04-16,2023-04-24,Orale
RX-001762,PAT-00297,SEJ-000411,C01,Inotropes cardiaques,2 cp/j,2023-04-18,2023-04-28,Orale
RX-001763,PAT-00297,SEJ-000411,N02,Analgésiques,À la demande,2023-04-17,2023-04-23,Orale
RX-001764,PAT-00297,SEJ-000412,C03,Diurétiques,1 patch/72h,2024-01-17,2024-01-21,Orale
RX-001765,PAT-00297,SEJ-000412,A10,Antidiabétiques,1 SC/j,2024-01-13,,Orale
RX-001766,PAT-00298,SEJ-000413,N05,Psychotropes,1 IV x3/j,2023-11-13,2023-11-17,IV
RX-001767,PAT-00299,SEJ-000414,A02,Antiacides / IPP,2 cp/j,2023-12-21,,Sous-cutanee
RX-001768,PAT-00299,SEJ-000414,C03,Diurétiques,2 cp/j,2023-12-20,2023-12-29,Sous-cutanee
RX-001769,PAT-00299,SEJ-000414,C09,Inhibiteurs de l'ECV,1 patch/72h,2023-12-19,2023-12-23,Sous-cutanee
RX-001770,PAT-00299,SEJ-000414,M01,Anti-inflammatoires,1 IV x3/j,2023-12-19,2023-12-30,Orale
RX-001771,PAT-00299,SEJ-000414,C03,Diurétiques,1 cp/j,2023-12-18,,IV
RX-001772,PAT-00300,SEJ-000415,B01,Antithrombotiques,1 IV x3/j,2024-04-08,2024-04-18,Orale
RX-001773,PAT-00300,SEJ-000415,C07,Bêtabloquants,2 cp/j,2024-04-09,2024-04-12,Orale
RX-001774,PAT-00300,SEJ-000415,J01,Antibiotiques,À la demande,2024-04-07,2024-04-18,Orale
RX-001775,PAT-00300,SEJ-000415,B01,Antithrombotiques,2 cp/j,2024-04-09,2024-04-10,Orale
RX-001776,PAT-00300,SEJ-000415,M01,Anti-inflammatoires,1 IV x3/j,2024-04-08,2024-04-16,Orale
RX-001777,PAT-00300,SEJ-000416,C03,Diurétiques,500 mg x2/j,2023-05-22,2023-05-24,IV
RX-001778,PAT-00301,SEJ-000417,M01,Anti-inflammatoires,À la demande,2023-10-09,,Orale
RX-001779,PAT-00301,SEJ-000417,N05,Psychotropes,2 cp/j,2023-10-11,2023-10-12,IV
RX-001780,PAT-00301,SEJ-000417,A10,Antidiabétiques,1 cp/j,2023-10-09,,Orale
RX-001781,PAT-00301,SEJ-000417,C07,Bêtabloquants,À la demande,2023-10-10,,Orale
RX-001782,PAT-00301,SEJ-000417,C07,Bêtabloquants,2 cp/j,2023-10-10,,Orale
RX-001783,PAT-00302,SEJ-000418,C09,Inhibiteurs de l'ECV,1 SC/j,2024-01-01,2024-01-14,IV
RX-001784,PAT-00302,SEJ-000418,M01,Anti-inflammatoires,1 cp/j,2023-12-30,2024-01-01,IV
RX-001785,PAT-00302,SEJ-000418,N02,Analgésiques,À la demande,2024-01-04,,Orale
RX-001786,PAT-00302,SEJ-000418,C07,Bêtabloquants,1 IV x3/j,2024-01-04,2024-01-13,Orale
RX-001787,PAT-00303,SEJ-000419,N02,Analgésiques,1 patch/72h,2024-04-05,2024-04-06,Orale
RX-001788,PAT-00303,SEJ-000419,N05,Psychotropes,500 mg x2/j,2024-04-08,,Orale
RX-001789,PAT-00303,SEJ-000419,C01,Inotropes cardiaques,1 SC/j,2024-04-04,2024-04-17,IV
RX-001790,PAT-00303,SEJ-000419,C03,Diurétiques,À la demande,2024-04-08,2024-04-18,Orale
RX-001791,PAT-00303,SEJ-000419,B01,Antithrombotiques,À la demande,2024-04-05,2024-04-15,IV
RX-001792,PAT-00303,SEJ-000420,A02,Antiacides / IPP,1 IV x3/j,2023-11-20,2023-12-03,Sous-cutanee
RX-001793,PAT-00303,SEJ-000420,C07,Bêtabloquants,À la demande,2023-11-20,2023-11-28,Orale
RX-001794,PAT-00304,SEJ-000421,B01,Antithrombotiques,1 SC/j,2023-02-10,2023-02-11,Orale
RX-001795,PAT-00305,SEJ-000422,A10,Antidiabétiques,1 patch/72h,2023-08-22,2023-08-29,Orale
RX-001796,PAT-00305,SEJ-000422,N05,Psychotropes,500 mg x2/j,2023-08-22,2023-08-26,IV
RX-001797,PAT-00305,SEJ-000422,N05,Psychotropes,1 cp/j,2023-08-22,2023-08-25,Orale
RX-001798,PAT-00306,SEJ-000423,N05,Psychotropes,1 patch/72h,2023-04-21,2023-04-29,Orale
RX-001799,PAT-00306,SEJ-000423,C03,Diurétiques,1 patch/72h,2023-04-21,2023-04-24,Orale
RX-001800,PAT-00306,SEJ-000423,N05,Psychotropes,2 cp/j,2023-04-21,2023-04-27,IV
RX-001801,PAT-00306,SEJ-000423,C07,Bêtabloquants,1 SC/j,2023-04-21,2023-04-28,Orale
RX-001802,PAT-00306,SEJ-000423,A02,Antiacides / IPP,1 patch/72h,2023-04-21,2023-04-27,IV
RX-001803,PAT-00306,SEJ-000423,C09,Inhibiteurs de l'ECV,1 SC/j,2023-04-21,,IV
RX-001804,PAT-00306,SEJ-000423,C03,Diurétiques,1 cp/j,2023-04-21,2023-04-25,Orale
RX-001805,PAT-00306,SEJ-000423,N05,Psychotropes,1 IV x3/j,2023-04-21,2023-05-04,Orale
RX-001806,PAT-00307,SEJ-000424,M01,Anti-inflammatoires,500 mg x2/j,2023-11-11,,Orale
RX-001807,PAT-00307,SEJ-000424,M01,Anti-inflammatoires,1 cp/j,2023-11-05,2023-11-07,Orale
RX-001808,PAT-00307,SEJ-000424,A02,Antiacides / IPP,2 cp/j,2023-11-11,2023-11-12,Orale
RX-001809,PAT-00307,SEJ-000424,C09,Inhibiteurs de l'ECV,1 patch/72h,2023-11-05,2023-11-09,Orale
RX-001810,PAT-00307,SEJ-000424,C03,Diurétiques,1 patch/72h,2023-11-07,2023-11-15,Orale
RX-001811,PAT-00307,SEJ-000425,N02,Analgésiques,1 IV x3/j,2024-05-06,2024-05-16,Orale
RX-001812,PAT-00307,SEJ-000425,C03,Diurétiques,À la demande,2024-05-05,2024-05-06,Orale
RX-001813,PAT-00307,SEJ-000425,N02,Analgésiques,500 mg x2/j,2024-05-06,2024-05-07,IV
RX-001814,PAT-00307,SEJ-000425,N02,Analgésiques,1 patch/72h,2024-05-05,2024-05-12,Orale
RX-001815,PAT-00307,SEJ-000425,J01,Antibiotiques,À la demande,2024-05-07,2024-05-13,IV
RX-001816,PAT-00307,SEJ-000425,C01,Inotropes cardiaques,1 cp/j,2024-05-06,,Orale
RX-001817,PAT-00307,SEJ-000425,C01,Inotropes cardiaques,2 cp/j,2024-05-05,2024-05-12,Sous-cutanee
RX-001818,PAT-00308,SEJ-000426,C09,Inhibiteurs de l'ECV,1 SC/j,2023-12-17,2023-12-28,Orale
RX-001819,PAT-00308,SEJ-000426,B01,Antithrombotiques,À la demande,2023-12-18,,Orale
RX-001820,PAT-00308,SEJ-000426,C09,Inhibiteurs de l'ECV,1 SC/j,2023-12-17,2023-12-20,Orale
RX-001821,PAT-00308,SEJ-000426,C07,Bêtabloquants,2 cp/j,2023-12-18,2023-12-22,Orale
RX-001822,PAT-00308,SEJ-000426,C03,Diurétiques,1 cp/j,2023-12-17,2023-12-26,IV
RX-001823,PAT-00309,SEJ-000427,C03,Diurétiques,500 mg x2/j,2023-05-04,2023-05-07,Orale
RX-001824,PAT-00309,SEJ-000427,A10,Antidiabétiques,500 mg x2/j,2023-04-30,2023-05-07,Sous-cutanee
RX-001825,PAT-00309,SEJ-000427,C09,Inhibiteurs de l'ECV,500 mg x2/j,2023-05-02,2023-05-09,Orale
RX-001826,PAT-00309,SEJ-000427,C01,Inotropes cardiaques,1 patch/72h,2023-05-01,,Orale
RX-001827,PAT-00309,SEJ-000428,C03,Diurétiques,1 SC/j,2023-02-10,2023-02-22,IV
RX-001828,PAT-00310,SEJ-000429,M01,Anti-inflammatoires,1 patch/72h,2024-02-05,2024-02-14,Orale
RX-001829,PAT-00310,SEJ-000429,C09,Inhibiteurs de l'ECV,1 IV x3/j,2024-01-25,2024-02-02,Orale
RX-001830,PAT-00310,SEJ-000429,N05,Psychotropes,À la demande,2024-01-23,2024-01-27,Orale
RX-001831,PAT-00310,SEJ-000429,C03,Diurétiques,1 patch/72h,2024-01-20,2024-01-28,IV
RX-001832,PAT-00311,SEJ-000430,J01,Antibiotiques,1 patch/72h,2023-02-15,,Orale
RX-001833,PAT-00311,SEJ-000430,C01,Inotropes cardiaques,1 SC/j,2023-02-18,,Orale
RX-001834,PAT-00312,SEJ-000431,C01,Inotropes cardiaques,1 SC/j,2023-01-02,2023-01-14,IV
RX-001835,PAT-00313,SEJ-000432,A10,Antidiabétiques,1 IV x3/j,2023-10-08,2023-10-14,Orale
RX-001836,PAT-00313,SEJ-000432,J01,Antibiotiques,1 cp/j,2023-10-11,,Orale
RX-001837,PAT-00313,SEJ-000432,J01,Antibiotiques,500 mg x2/j,2023-10-10,2023-10-22,Sous-cutanee
RX-001838,PAT-00313,SEJ-000432,A10,Antidiabétiques,1 IV x3/j,2023-10-12,2023-10-19,Orale
RX-001839,PAT-00313,SEJ-000432,N05,Psychotropes,1 IV x3/j,2023-10-12,,IV
RX-001840,PAT-00313,SEJ-000432,C03,Diurétiques,1 IV x3/j,2023-10-11,2023-10-23,Sous-cutanee
RX-001841,PAT-00313,SEJ-000432,M01,Anti-inflammatoires,500 mg x2/j,2023-10-10,,Orale
RX-001842,PAT-00313,SEJ-000432,B01,Antithrombotiques,1 IV x3/j,2023-10-09,2023-10-22,IV
RX-001843,PAT-00313,SEJ-000432,A02,Antiacides / IPP,500 mg x2/j,2023-10-10,,Orale
RX-001844,PAT-00313,SEJ-000433,C07,Bêtabloquants,1 patch/72h,2024-03-17,2024-03-26,Orale
RX-001845,PAT-00313,SEJ-000433,M01,Anti-inflammatoires,2 cp/j,2024-03-18,2024-03-24,IV
RX-001846,PAT-00313,SEJ-000433,B01,Antithrombotiques,2 cp/j,2024-03-17,,Orale
RX-001847,PAT-00313,SEJ-000433,C03,Diurétiques,500 mg x2/j,2024-03-18,2024-03-19,Orale
RX-001848,PAT-00313,SEJ-000433,J01,Antibiotiques,1 cp/j,2024-03-16,2024-03-24,Orale
RX-001849,PAT-00313,SEJ-000433,H02,Corticoïdes,À la demande,2024-03-16,2024-03-27,Orale
RX-001850,PAT-00313,SEJ-000434,C03,Diurétiques,1 patch/72h,2023-10-28,2023-11-05,Orale
RX-001851,PAT-00313,SEJ-000434,B01,Antithrombotiques,500 mg x2/j,2023-10-26,2023-11-06,IV
RX-001852,PAT-00313,SEJ-000434,N05,Psychotropes,À la demande,2023-10-29,2023-11-04,IV
RX-001853,PAT-00314,SEJ-000435,A10,Antidiabétiques,À la demande,2024-01-18,2024-01-28,Orale
RX-001854,PAT-00314,SEJ-000435,M01,Anti-inflammatoires,1 SC/j,2024-01-20,2024-01-23,Orale
RX-001855,PAT-00314,SEJ-000435,N05,Psychotropes,2 cp/j,2024-01-21,2024-01-23,Orale
RX-001856,PAT-00314,SEJ-000435,C09,Inhibiteurs de l'ECV,2 cp/j,2024-01-20,2024-01-26,Orale
RX-001857,PAT-00314,SEJ-000436,C03,Diurétiques,1 patch/72h,2023-03-22,2023-03-30,IV
RX-001858,PAT-00314,SEJ-000436,C03,Diurétiques,500 mg x2/j,2023-03-22,2023-03-23,Orale
RX-001859,PAT-00314,SEJ-000436,A10,Antidiabétiques,1 SC/j,2023-03-22,2023-03-28,IV
RX-001860,PAT-00314,SEJ-000436,C09,Inhibiteurs de l'ECV,500 mg x2/j,2023-03-22,2023-03-28,Orale
RX-001861,PAT-00315,SEJ-000437,A10,Antidiabétiques,2 cp/j,2023-10-09,2023-10-15,Orale
RX-001862,PAT-00315,SEJ-000437,J01,Antibiotiques,1 IV x3/j,2023-10-07,2023-10-12,Orale
RX-001863,PAT-00315,SEJ-000437,C09,Inhibiteurs de l'ECV,1 SC/j,2023-10-10,2023-10-15,Orale
RX-001864,PAT-00315,SEJ-000438,C03,Diurétiques,1 IV x3/j,2023-02-02,2023-02-04,Orale
RX-001865,PAT-00315,SEJ-000438,J01,Antibiotiques,À la demande,2023-02-03,2023-02-06,Orale
RX-001866,PAT-00315,SEJ-000438,B01,Antithrombotiques,1 SC/j,2023-02-02,2023-02-03,Orale
RX-001867,PAT-00315,SEJ-000438,A02,Antiacides / IPP,1 IV x3/j,2023-02-04,2023-02-06,Orale
RX-001868,PAT-00315,SEJ-000438,C09,Inhibiteurs de l'ECV,À la demande,2023-02-02,,Orale
RX-001869,PAT-00315,SEJ-000438,A10,Antidiabétiques,1 cp/j,2023-02-03,2023-02-09,Orale
RX-001870,PAT-00315,SEJ-000438,C01,Inotropes cardiaques,500 mg x2/j,2023-02-04,2023-02-11,Orale
RX-001871,PAT-00315,SEJ-000439,M01,Anti-inflammatoires,À la demande,2023-11-21,2023-11-24,IV
RX-001872,PAT-00315,SEJ-000439,M01,Anti-inflammatoires,1 patch/72h,2023-11-20,2023-11-24,Orale
RX-001873,PAT-00315,SEJ-000439,C03,Diurétiques,500 mg x2/j,2023-11-21,2023-11-23,Orale
RX-001874,PAT-00315,SEJ-000439,A02,Antiacides / IPP,1 IV x3/j,2023-11-22,2023-11-27,Orale
RX-001875,PAT-00316,SEJ-000440,M01,Anti-inflammatoires,1 IV x3/j,2022-12-31,2023-01-03,IV
RX-001876,PAT-00316,SEJ-000440,A10,Antidiabétiques,1 patch/72h,2022-12-31,2023-01-01,Orale
RX-001877,PAT-00316,SEJ-000440,J01,Antibiotiques,500 mg x2/j,2022-12-29,2023-01-05,IV
RX-001878,PAT-00316,SEJ-000440,A02,Antiacides / IPP,1 IV x3/j,2022-12-27,,Orale
RX-001879,PAT-00316,SEJ-000440,M01,Anti-inflammatoires,2 cp/j,2022-12-30,2023-01-11,IV
RX-001880,PAT-00316,SEJ-000440,C01,Inotropes cardiaques,À la demande,2022-12-29,,Sous-cutanee
RX-001881,PAT-00316,SEJ-000440,M01,Anti-inflammatoires,1 patch/72h,2022-12-27,2022-12-31,IV
RX-001882,PAT-00316,SEJ-000440,N02,Analgésiques,À la demande,2022-12-28,,IV
RX-001883,PAT-00316,SEJ-000440,N05,Psychotropes,500 mg x2/j,2022-12-28,,IV
RX-001884,PAT-00316,SEJ-000441,C01,Inotropes cardiaques,500 mg x2/j,2023-12-25,,Orale
RX-001885,PAT-00316,SEJ-000441,C09,Inhibiteurs de l'ECV,À la demande,2023-12-25,,Orale
RX-001886,PAT-00316,SEJ-000441,C09,Inhibiteurs de l'ECV,1 patch/72h,2023-12-24,2023-12-29,Orale
RX-001887,PAT-00316,SEJ-000441,C01,Inotropes cardiaques,1 patch/72h,2023-12-24,2024-01-06,Orale
RX-001888,PAT-00317,SEJ-000442,C01,Inotropes cardiaques,1 patch/72h,2024-03-03,2024-03-09,Sous-cutanee
RX-001889,PAT-00317,SEJ-000442,A10,Antidiabétiques,1 cp/j,2024-02-29,2024-03-01,Orale
RX-001890,PAT-00317,SEJ-000442,N02,Analgésiques,1 cp/j,2024-03-03,2024-03-10,Sous-cutanee
RX-001891,PAT-00317,SEJ-000442,C01,Inotropes cardiaques,1 SC/j,2024-03-04,,Orale
RX-001892,PAT-00318,SEJ-000443,B01,Antithrombotiques,500 mg x2/j,2023-12-28,2024-01-04,Orale
RX-001893,PAT-00318,SEJ-000443,H02,Corticoïdes,1 cp/j,2023-12-27,,IV
RX-001894,PAT-00318,SEJ-000443,C03,Diurétiques,1 IV x3/j,2023-12-27,,Orale
RX-001895,PAT-00318,SEJ-000443,N05,Psychotropes,500 mg x2/j,2023-12-28,,Orale
RX-001896,PAT-00318,SEJ-000443,C09,Inhibiteurs de l'ECV,500 mg x2/j,2023-12-28,2024-01-04,IV
RX-001897,PAT-00318,SEJ-000444,A10,Antidiabétiques,1 SC/j,2024-01-17,2024-01-30,Orale
RX-001898,PAT-00318,SEJ-000444,A10,Antidiabétiques,1 cp/j,2024-01-18,,Orale
RX-001899,PAT-00318,SEJ-000444,J01,Antibiotiques,500 mg x2/j,2024-01-19,,Orale
RX-001900,PAT-00318,SEJ-000444,C07,Bêtabloquants,500 mg x2/j,2024-01-19,,Orale
RX-001901,PAT-00318,SEJ-000444,C09,Inhibiteurs de l'ECV,1 patch/72h,2024-01-17,2024-01-27,IV
RX-001902,PAT-00319,SEJ-000445,H02,Corticoïdes,À la demande,2023-12-12,2023-12-23,IV
RX-001903,PAT-00319,SEJ-000445,C09,Inhibiteurs de l'ECV,1 patch/72h,2023-12-13,2023-12-17,Orale
RX-001904,PAT-00319,SEJ-000445,C07,Bêtabloquants,2 cp/j,2023-12-13,2023-12-18,IV
RX-001905,PAT-00320,SEJ-000446,C03,Diurétiques,500 mg x2/j,2023-03-03,2023-03-07,Orale
RX-001906,PAT-00320,SEJ-000446,A10,Antidiabétiques,2 cp/j,2023-02-28,2023-03-09,Orale
RX-001907,PAT-00320,SEJ-000446,N02,Analgésiques,À la demande,2023-02-27,2023-03-09,Orale
RX-001908,PAT-00320,SEJ-000446,N02,Analgésiques,1 SC/j,2023-03-01,2023-03-06,Orale
RX-001909,PAT-00320,SEJ-000446,C09,Inhibiteurs de l'ECV,1 IV x3/j,2023-02-28,2023-03-07,Orale
RX-001910,PAT-00320,SEJ-000446,C07,Bêtabloquants,2 cp/j,2023-03-02,2023-03-08,Orale
RX-001911,PAT-00320,SEJ-000446,A02,Antiacides / IPP,À la demande,2023-03-04,2023-03-10,IV
RX-001912,PAT-00321,SEJ-000447,A02,Antiacides / IPP,1 cp/j,2023-02-08,2023-02-20,Orale
RX-001913,PAT-00321,SEJ-000447,A10,Antidiabétiques,1 IV x3/j,2023-02-08,2023-02-12,IV
RX-001914,PAT-00321,SEJ-000447,C09,Inhibiteurs de l'ECV,2 cp/j,2023-02-10,2023-02-14,Orale
RX-001915,PAT-00321,SEJ-000447,C03,Diurétiques,2 cp/j,2023-02-05,2023-02-07,IV
RX-001916,PAT-00321,SEJ-000447,C03,Diurétiques,500 mg x2/j,2023-02-12,2023-02-18,Orale
RX-001917,PAT-00321,SEJ-000447,N02,Analgésiques,2 cp/j,2023-02-09,2023-02-16,Orale
RX-001918,PAT-00321,SEJ-000447,M01,Anti-inflammatoires,500 mg x2/j,2023-02-09,,Orale
RX-001919,PAT-00321,SEJ-000447,C07,Bêtabloquants,1 SC/j,2023-02-04,2023-02-05,IV
RX-001920,PAT-00321,SEJ-000447,J01,Antibiotiques,1 cp/j,2023-02-10,2023-02-16,Orale
RX-001921,PAT-00321,SEJ-000448,B01,Antithrombotiques,2 cp/j,2022-12-21,,Sous-cutanee
RX-001922,PAT-00321,SEJ-000448,C07,Bêtabloquants,1 cp/j,2022-12-13,2022-12-18,Orale
RX-001923,PAT-00321,SEJ-000448,C01,Inotropes cardiaques,1 cp/j,2022-12-20,2022-12-21,Orale
RX-001924,PAT-00322,SEJ-000449,C07,Bêtabloquants,1 IV x3/j,2023-05-19,2023-05-21,Orale
RX-001925,PAT-00322,SEJ-000449,N05,Psychotropes,1 SC/j,2023-05-19,,IV
RX-001926,PAT-00322,SEJ-000449,A02,Antiacides / IPP,1 IV x3/j,2023-05-22,2023-06-02,Orale
RX-001927,PAT-00323,SEJ-000450,B01,Antithrombotiques,1 patch/72h,2023-04-02,2023-04-11,Orale
RX-001928,PAT-00323,SEJ-000450,H02,Corticoïdes,2 cp/j,2023-03-30,2023-04-09,Orale
RX-001929,PAT-00323,SEJ-000450,A10,Antidiabétiques,1 cp/j,2023-04-06,2023-04-16,Orale
RX-001930,PAT-00323,SEJ-000451,C07,Bêtabloquants,1 SC/j,2024-04-01,2024-04-06,IV
RX-001931,PAT-00324,SEJ-000452,J01,Antibiotiques,1 cp/j,2024-01-24,,Orale
RX-001932,PAT-00324,SEJ-000452,C07,Bêtabloquants,500 mg x2/j,2024-01-24,2024-01-28,Orale
RX-001933,PAT-00324,SEJ-000452,J01,Antibiotiques,1 IV x3/j,2024-01-23,2024-02-02,Orale
RX-001934,PAT-00324,SEJ-000452,C09,Inhibiteurs de l'ECV,1 SC/j,2024-01-23,2024-01-27,Orale
RX-001935,PAT-00324,SEJ-000452,B01,Antithrombotiques,1 SC/j,2024-01-25,2024-02-02,IV
RX-001936,PAT-00324,SEJ-000453,C09,Inhibiteurs de l'ECV,1 IV x3/j,2024-04-11,2024-04-16,Orale
RX-001937,PAT-00324,SEJ-000453,C09,Inhibiteurs de l'ECV,2 cp/j,2024-04-13,,Orale
RX-001938,PAT-00325,SEJ-000454,C03,Diurétiques,2 cp/j,2023-02-13,2023-02-26,Orale
RX-001939,PAT-00325,SEJ-000454,C07,Bêtabloquants,2 cp/j,2023-02-12,2023-02-13,Orale
RX-001940,PAT-00326,SEJ-000455,C03,Diurétiques,1 patch/72h,2023-10-09,2023-10-14,Orale
RX-001941,PAT-00326,SEJ-000455,N02,Analgésiques,1 cp/j,2023-10-09,2023-10-13,Orale
RX-001942,PAT-00326,SEJ-000455,A02,Antiacides / IPP,À la demande,2023-10-10,,Orale
RX-001943,PAT-00326,SEJ-000455,C01,Inotropes cardiaques,1 cp/j,2023-10-08,2023-10-19,Orale
RX-001944,PAT-00326,SEJ-000455,A02,Antiacides / IPP,1 cp/j,2023-10-10,2023-10-11,Orale
RX-001945,PAT-00326,SEJ-000455,A10,Antidiabétiques,500 mg x2/j,2023-10-07,2023-10-16,IV
RX-001946,PAT-00326,SEJ-000456,A10,Antidiabétiques,1 cp/j,2024-05-31,2024-06-01,Orale
RX-001947,PAT-00326,SEJ-000456,M01,Anti-inflammatoires,À la demande,2024-05-22,2024-05-30,Orale
RX-001948,PAT-00326,SEJ-000456,M01,Anti-inflammatoires,1 cp/j,2024-05-25,2024-06-06,Orale
RX-001949,PAT-00327,SEJ-000457,N02,Analgésiques,1 IV x3/j,2023-07-15,2023-07-18,Orale
RX-001950,PAT-00327,SEJ-000457,C07,Bêtabloquants,1 patch/72h,2023-07-15,2023-07-25,Orale
RX-001951,PAT-00327,SEJ-000457,A10,Antidiabétiques,1 IV x3/j,2023-07-14,,IV
RX-001952,PAT-00327,SEJ-000457,C09,Inhibiteurs de l'ECV,2 cp/j,2023-07-14,,Orale
RX-001953,PAT-00327,SEJ-000457,N05,Psychotropes,2 cp/j,2023-07-17,2023-07-24,Orale
RX-001954,PAT-00327,SEJ-000457,C03,Diurétiques,À la demande,2023-07-17,,IV
RX-001955,PAT-00327,SEJ-000457,C09,Inhibiteurs de l'ECV,À la demande,2023-07-15,2023-07-26,Orale
RX-001956,PAT-00328,SEJ-000458,C09,Inhibiteurs de l'ECV,500 mg x2/j,2024-04-18,2024-05-01,IV
RX-001957,PAT-00328,SEJ-000458,M01,Anti-inflammatoires,À la demande,2024-04-19,2024-04-23,IV
RX-001958,PAT-00328,SEJ-000459,M01,Anti-inflammatoires,1 patch/72h,2024-04-14,2024-04-24,Orale
RX-001959,PAT-00328,SEJ-000459,C09,Inhibiteurs de l'ECV,500 mg x2/j,2024-04-15,2024-04-20,IV
RX-001960,PAT-00328,SEJ-000459,B01,Antithrombotiques,À la demande,2024-04-13,,IV
RX-001961,PAT-00328,SEJ-000459,C09,Inhibiteurs de l'ECV,1 IV x3/j,2024-04-13,2024-04-22,Orale
RX-001962,PAT-00328,SEJ-000459,N02,Analgésiques,1 cp/j,2024-04-13,2024-04-24,Orale
RX-001963,PAT-00328,SEJ-000459,H02,Corticoïdes,500 mg x2/j,2024-04-15,2024-04-26,Orale
RX-001964,PAT-00328,SEJ-000459,H02,Corticoïdes,1 cp/j,2024-04-15,,Orale
RX-001965,PAT-00328,SEJ-000459,C01,Inotropes cardiaques,1 SC/j,2024-04-13,2024-04-15,IV
RX-001966,PAT-00329,SEJ-000460,C03,Diurétiques,1 SC/j,2022-12-15,2022-12-22,Orale
RX-001967,PAT-00329,SEJ-000460,C07,Bêtabloquants,1 SC/j,2022-12-16,2022-12-21,IV
RX-001968,PAT-00329,SEJ-000460,A02,Antiacides / IPP,À la demande,2022-12-15,2022-12-22,Orale
RX-001969,PAT-00329,SEJ-000460,C09,Inhibiteurs de l'ECV,1 cp/j,2022-12-13,,Sous-cutanee
RX-001970,PAT-00330,SEJ-000461,B01,Antithrombotiques,1 cp/j,2024-02-15,2024-02-16,Sous-cutanee
RX-001971,PAT-00330,SEJ-000461,A10,Antidiabétiques,1 cp/j,2024-02-15,2024-02-17,Orale
RX-001972,PAT-00330,SEJ-000461,C09,Inhibiteurs de l'ECV,1 SC/j,2024-02-10,2024-02-19,Orale
RX-001973,PAT-00330,SEJ-000461,H02,Corticoïdes,1 patch/72h,2024-02-12,2024-02-17,Orale
RX-001974,PAT-00330,SEJ-000461,C01,Inotropes cardiaques,1 cp/j,2024-02-13,2024-02-16,Orale
RX-001975,PAT-00330,SEJ-000461,B01,Antithrombotiques,1 cp/j,2024-02-10,2024-02-18,Orale
RX-001976,PAT-00331,SEJ-000462,H02,Corticoïdes,1 IV x3/j,2023-04-19,,Orale
RX-001977,PAT-00331,SEJ-000462,J01,Antibiotiques,À la demande,2023-04-19,2023-05-02,Orale
RX-001978,PAT-00331,SEJ-000462,A02,Antiacides / IPP,500 mg x2/j,2023-04-26,2023-05-04,Orale
RX-001979,PAT-00331,SEJ-000462,H02,Corticoïdes,500 mg x2/j,2023-04-18,,Orale
RX-001980,PAT-00331,SEJ-000462,B01,Antithrombotiques,1 SC/j,2023-04-22,2023-04-30,IV
RX-001981,PAT-00331,SEJ-000462,J01,Antibiotiques,1 cp/j,2023-04-24,2023-05-02,Orale
RX-001982,PAT-00331,SEJ-000462,H02,Corticoïdes,2 cp/j,2023-04-28,2023-05-04,Orale
RX-001983,PAT-00331,SEJ-000463,J01,Antibiotiques,1 patch/72h,2023-12-30,2024-01-09,Orale
RX-001984,PAT-00331,SEJ-000463,N05,Psychotropes,1 patch/72h,2024-01-05,2024-01-18,IV
RX-001985,PAT-00331,SEJ-000463,H02,Corticoïdes,1 IV x3/j,2024-01-04,2024-01-10,Orale
RX-001986,PAT-00332,SEJ-000464,N02,Analgésiques,1 IV x3/j,2024-02-29,,Orale
RX-001987,PAT-00332,SEJ-000464,C09,Inhibiteurs de l'ECV,1 cp/j,2024-03-02,2024-03-09,Orale
RX-001988,PAT-00332,SEJ-000464,H02,Corticoïdes,500 mg x2/j,2024-02-29,2024-03-01,IV
RX-001989,PAT-00332,SEJ-000464,C03,Diurétiques,500 mg x2/j,2024-03-01,2024-03-06,Orale
RX-001990,PAT-00332,SEJ-000464,A10,Antidiabétiques,À la demande,2024-03-02,,Orale
RX-001991,PAT-00332,SEJ-000464,C03,Diurétiques,À la demande,2024-03-01,,IV
RX-001992,PAT-00332,SEJ-000464,C01,Inotropes cardiaques,1 SC/j,2024-03-03,,Orale
RX-001993,PAT-00332,SEJ-000464,B01,Antithrombotiques,1 patch/72h,2024-03-03,2024-03-07,Sous-cutanee
RX-001994,PAT-00333,SEJ-000465,J01,Antibiotiques,À la demande,2023-01-20,2023-02-01,Orale
RX-001995,PAT-00333,SEJ-000465,C07,Bêtabloquants,1 patch/72h,2023-01-24,2023-02-02,Orale
RX-001996,PAT-00334,SEJ-000466,C01,Inotropes cardiaques,1 SC/j,2024-04-16,,Sous-cutanee
RX-001997,PAT-00334,SEJ-000466,C03,Diurétiques,À la demande,2024-04-16,2024-04-26,Orale
RX-001998,PAT-00334,SEJ-000466,A10,Antidiabétiques,2 cp/j,2024-04-19,,Orale
RX-001999,PAT-00334,SEJ-000466,H02,Corticoïdes,1 cp/j,2024-04-16,2024-04-17,Orale
RX-002000,PAT-00334,SEJ-000466,C07,Bêtabloquants,1 patch/72h,2024-04-19,,Orale
RX-002001,PAT-00334,SEJ-000466,H02,Corticoïdes,1 cp/j,2024-04-21,2024-04-26,Orale
RX-002002,PAT-00334,SEJ-000467,C09,Inhibiteurs de l'ECV,À la demande,2023-08-19,2023-08-24,Orale
RX-002003,PAT-00334,SEJ-000467,C01,Inotropes cardiaques,1 SC/j,2023-08-19,,IV
RX-002004,PAT-00334,SEJ-000467,C09,Inhibiteurs de l'ECV,1 IV x3/j,2023-08-24,2023-08-30,Orale
RX-002005,PAT-00334,SEJ-000467,N05,Psychotropes,500 mg x2/j,2023-08-20,,IV
RX-002006,PAT-00335,SEJ-000468,C01,Inotropes cardiaques,2 cp/j,2023-02-09,,Orale
RX-002007,PAT-00336,SEJ-000469,N02,Analgésiques,À la demande,2023-12-13,2023-12-14,Orale
RX-002008,PAT-00336,SEJ-000469,A02,Antiacides / IPP,1 cp/j,2023-12-13,2023-12-15,Orale
RX-002009,PAT-00336,SEJ-000469,M01,Anti-inflammatoires,500 mg x2/j,2023-12-13,,Orale
RX-002010,PAT-00336,SEJ-000470,M01,Anti-inflammatoires,500 mg x2/j,2023-07-11,2023-07-19,Orale
RX-002011,PAT-00336,SEJ-000470,B01,Antithrombotiques,1 SC/j,2023-07-13,,Orale
RX-002012,PAT-00336,SEJ-000470,A10,Antidiabétiques,2 cp/j,2023-07-10,2023-07-18,Orale
RX-002013,PAT-00337,SEJ-000471,M01,Anti-inflammatoires,1 IV x3/j,2024-01-13,2024-01-25,Orale
RX-002014,PAT-00337,SEJ-000471,M01,Anti-inflammatoires,À la demande,2024-01-16,2024-01-17,IV
RX-002015,PAT-00337,SEJ-000471,B01,Antithrombotiques,1 SC/j,2024-01-14,2024-01-20,IV
RX-002016,PAT-00337,SEJ-000471,C03,Diurétiques,2 cp/j,2024-01-16,2024-01-26,Orale
RX-002017,PAT-00337,SEJ-000471,B01,Antithrombotiques,1 SC/j,2024-01-16,,Orale
RX-002018,PAT-00337,SEJ-000471,A10,Antidiabétiques,À la demande,2024-01-14,2024-01-25,Orale
RX-002019,PAT-00337,SEJ-000471,C07,Bêtabloquants,1 SC/j,2024-01-13,2024-01-21,Orale
RX-002020,PAT-00337,SEJ-000471,B01,Antithrombotiques,1 IV x3/j,2024-01-15,2024-01-19,Orale
RX-002021,PAT-00337,SEJ-000471,C03,Diurétiques,1 IV x3/j,2024-01-14,2024-01-17,Orale
RX-002022,PAT-00337,SEJ-000471,N02,Analgésiques,1 IV x3/j,2024-01-14,2024-01-18,Orale
RX-002023,PAT-00338,SEJ-000472,H02,Corticoïdes,500 mg x2/j,2024-02-19,,Orale
RX-002024,PAT-00338,SEJ-000472,N02,Analgésiques,1 IV x3/j,2024-02-18,2024-02-19,Orale
RX-002025,PAT-00338,SEJ-000472,H02,Corticoïdes,2 cp/j,2024-02-16,,IV
RX-002026,PAT-00338,SEJ-000473,C01,Inotropes cardiaques,1 IV x3/j,2023-05-22,,IV
RX-002027,PAT-00338,SEJ-000473,A02,Antiacides / IPP,1 cp/j,2023-05-22,2023-06-03,Orale
RX-002028,PAT-00338,SEJ-000473,B01,Antithrombotiques,2 cp/j,2023-05-23,2023-05-28,Orale
RX-002029,PAT-00338,SEJ-000473,J01,Antibiotiques,2 cp/j,2023-05-23,2023-06-01,Orale
RX-002030,PAT-00338,SEJ-000473,J01,Antibiotiques,2 cp/j,2023-05-21,2023-06-01,Orale
RX-002031,PAT-00338,SEJ-000473,C01,Inotropes cardiaques,2 cp/j,2023-05-22,,Orale
RX-002032,PAT-00339,SEJ-000474,B01,Antithrombotiques,1 patch/72h,2023-04-12,2023-04-19,Sous-cutanee
RX-002033,PAT-00339,SEJ-000474,N02,Analgésiques,1 SC/j,2023-04-17,2023-04-22,Orale
RX-002034,PAT-00339,SEJ-000474,M01,Anti-inflammatoires,500 mg x2/j,2023-04-12,,Orale
RX-002035,PAT-00339,SEJ-000474,A10,Antidiabétiques,500 mg x2/j,2023-04-19,2023-04-29,IV
RX-002036,PAT-00340,SEJ-000475,N05,Psychotropes,À la demande,2023-05-05,,Orale
RX-002037,PAT-00340,SEJ-000475,J01,Antibiotiques,500 mg x2/j,2023-04-29,2023-05-02,Sous-cutanee
RX-002038,PAT-00340,SEJ-000475,B01,Antithrombotiques,À la demande,2023-04-25,,Orale
RX-002039,PAT-00340,SEJ-000475,M01,Anti-inflammatoires,1 cp/j,2023-05-12,2023-05-15,Orale
RX-002040,PAT-00340,SEJ-000475,C07,Bêtabloquants,1 IV x3/j,2023-04-28,2023-05-10,IV
RX-002041,PAT-00340,SEJ-000475,N02,Analgésiques,500 mg x2/j,2023-05-11,,Orale
RX-002042,PAT-00340,SEJ-000475,C07,Bêtabloquants,À la demande,2023-04-30,2023-05-10,Orale
RX-002043,PAT-00341,SEJ-000476,A10,Antidiabétiques,1 IV x3/j,2023-02-23,2023-03-07,IV
RX-002044,PAT-00341,SEJ-000476,M01,Anti-inflammatoires,1 patch/72h,2023-02-23,2023-03-06,Orale
RX-002045,PAT-00341,SEJ-000476,C09,Inhibiteurs de l'ECV,2 cp/j,2023-02-24,2023-02-28,Orale
RX-002046,PAT-00341,SEJ-000477,B01,Antithrombotiques,1 SC/j,2023-03-08,2023-03-09,Orale
RX-002047,PAT-00341,SEJ-000477,C03,Diurétiques,1 patch/72h,2023-03-08,,Orale
RX-002048,PAT-00341,SEJ-000477,N02,Analgésiques,1 patch/72h,2023-03-07,2023-03-18,Orale
RX-002049,PAT-00341,SEJ-000477,C01,Inotropes cardiaques,500 mg x2/j,2023-03-08,2023-03-21,Orale
RX-002050,PAT-00341,SEJ-000477,N02,Analgésiques,1 patch/72h,2023-03-08,2023-03-09,Orale
RX-002051,PAT-00341,SEJ-000477,H02,Corticoïdes,1 cp/j,2023-03-09,2023-03-19,Orale
RX-002052,PAT-00342,SEJ-000478,A02,Antiacides / IPP,1 SC/j,2023-03-02,2023-03-09,IV
RX-002053,PAT-00342,SEJ-000478,N02,Analgésiques,À la demande,2023-02-28,2023-03-01,Orale
RX-002054,PAT-00342,SEJ-000478,J01,Antibiotiques,1 patch/72h,2023-02-27,2023-03-11,IV
RX-002055,PAT-00342,SEJ-000478,C09,Inhibiteurs de l'ECV,1 patch/72h,2023-02-28,,Orale
RX-002056,PAT-00342,SEJ-000478,C09,Inhibiteurs de l'ECV,1 IV x3/j,2023-02-28,2023-03-07,Orale
RX-002057,PAT-00343,SEJ-000479,J01,Antibiotiques,1 patch/72h,2024-01-17,2024-01-26,Orale
RX-002058,PAT-00343,SEJ-000479,M01,Anti-inflammatoires,À la demande,2024-01-17,,Orale
RX-002059,PAT-00343,SEJ-000479,M01,Anti-inflammatoires,2 cp/j,2024-01-17,2024-01-22,Sous-cutanee
RX-002060,PAT-00343,SEJ-000479,C07,Bêtabloquants,1 cp/j,2024-01-16,2024-01-24,Orale
RX-002061,PAT-00343,SEJ-000479,N02,Analgésiques,1 patch/72h,2024-01-16,,Orale
RX-002062,PAT-00343,SEJ-000479,C01,Inotropes cardiaques,2 cp/j,2024-01-17,,Orale
RX-002063,PAT-00344,SEJ-000480,C07,Bêtabloquants,1 SC/j,2023-03-01,2023-03-08,Orale
RX-002064,PAT-00344,SEJ-000480,H02,Corticoïdes,2 cp/j,2023-02-28,2023-03-08,Orale
RX-002065,PAT-00344,SEJ-000480,H02,Corticoïdes,1 SC/j,2023-03-04,,Orale
RX-002066,PAT-00345,SEJ-000481,C03,Diurétiques,500 mg x2/j,2023-07-02,2023-07-08,Orale
RX-002067,PAT-00345,SEJ-000481,M01,Anti-inflammatoires,1 SC/j,2023-07-02,2023-07-12,Orale
RX-002068,PAT-00345,SEJ-000481,B01,Antithrombotiques,1 patch/72h,2023-07-02,2023-07-06,Orale
RX-002069,PAT-00345,SEJ-000481,C09,Inhibiteurs de l'ECV,À la demande,2023-07-02,2023-07-10,Orale
RX-002070,PAT-00346,SEJ-000482,A02,Antiacides / IPP,1 patch/72h,2023-06-12,2023-06-16,Orale
RX-002071,PAT-00346,SEJ-000482,C09,Inhibiteurs de l'ECV,1 SC/j,2023-06-12,2023-06-21,Orale
RX-002072,PAT-00346,SEJ-000482,J01,Antibiotiques,1 IV x3/j,2023-06-12,2023-06-16,Orale
RX-002073,PAT-00347,SEJ-000483,N05,Psychotropes,500 mg x2/j,2023-05-16,2023-05-29,IV
RX-002074,PAT-00347,SEJ-000484,B01,Antithrombotiques,2 cp/j,2022-12-28,2023-01-07,IV
RX-002075,PAT-00347,SEJ-000484,C01,Inotropes cardiaques,1 cp/j,2022-12-29,2023-01-11,Orale
RX-002076,PAT-00347,SEJ-000484,N02,Analgésiques,1 SC/j,2022-12-29,2023-01-11,Orale
RX-002077,PAT-00347,SEJ-000484,B01,Antithrombotiques,2 cp/j,2022-12-29,2023-01-04,Orale
RX-002078,PAT-00348,SEJ-000485,J01,Antibiotiques,1 cp/j,2024-02-08,2024-02-09,Orale
RX-002079,PAT-00348,SEJ-000485,C01,Inotropes cardiaques,500 mg x2/j,2024-02-06,2024-02-12,IV
RX-002080,PAT-00348,SEJ-000485,M01,Anti-inflammatoires,2 cp/j,2024-02-04,2024-02-08,IV
RX-002081,PAT-00349,SEJ-000486,A10,Antidiabétiques,À la demande,2023-04-07,2023-04-14,Orale
RX-002082,PAT-00349,SEJ-000486,N05,Psychotropes,1 cp/j,2023-04-11,,Sous-cutanee
RX-002083,PAT-00349,SEJ-000486,N05,Psychotropes,1 patch/72h,2023-04-08,2023-04-19,Orale
RX-002084,PAT-00349,SEJ-000486,B01,Antithrombotiques,1 IV x3/j,2023-04-14,2023-04-23,Orale
RX-002085,PAT-00349,SEJ-000487,H02,Corticoïdes,1 IV x3/j,2023-06-24,2023-06-28,Orale
RX-002086,PAT-00349,SEJ-000487,A02,Antiacides / IPP,500 mg x2/j,2023-06-23,,Orale
RX-002087,PAT-00349,SEJ-000487,N05,Psychotropes,1 IV x3/j,2023-06-25,2023-07-06,Orale
RX-002088,PAT-00349,SEJ-000487,C07,Bêtabloquants,À la demande,2023-06-24,2023-06-26,IV
RX-002089,PAT-00350,SEJ-000488,C09,Inhibiteurs de l'ECV,500 mg x2/j,2024-05-08,2024-05-12,Orale
RX-002090,PAT-00350,SEJ-000488,B01,Antithrombotiques,2 cp/j,2024-05-12,,Orale
RX-002091,PAT-00350,SEJ-000488,C07,Bêtabloquants,À la demande,2024-05-09,2024-05-12,Sous-cutanee
RX-002092,PAT-00350,SEJ-000488,H02,Corticoïdes,500 mg x2/j,2024-05-08,2024-05-15,Orale
RX-002093,PAT-00350,SEJ-000488,A10,Antidiabétiques,500 mg x2/j,2024-05-12,2024-05-15,Orale
RX-002094,PAT-00350,SEJ-000488,N02,Analgésiques,À la demande,2024-05-11,2024-05-24,Orale
RX-002095,PAT-00351,SEJ-000489,H02,Corticoïdes,À la demande,2022-12-27,2023-01-05,Sous-cutanee
RX-002096,PAT-00351,SEJ-000489,H02,Corticoïdes,1 cp/j,2022-12-27,2023-01-04,Orale
RX-002097,PAT-00351,SEJ-000489,A10,Antidiabétiques,À la demande,2022-12-26,2023-01-07,Orale
RX-002098,PAT-00351,SEJ-000489,C01,Inotropes cardiaques,1 patch/72h,2022-12-26,2023-01-07,Orale
RX-002099,PAT-00351,SEJ-000489,C09,Inhibiteurs de l'ECV,À la demande,2022-12-26,2023-01-02,Orale
RX-002100,PAT-00351,SEJ-000489,C09,Inhibiteurs de l'ECV,1 IV x3/j,2022-12-26,2022-12-29,Orale
RX-002101,PAT-00351,SEJ-000489,N05,Psychotropes,500 mg x2/j,2022-12-26,2022-12-31,Orale
RX-002102,PAT-00351,SEJ-000489,A02,Antiacides / IPP,1 patch/72h,2022-12-26,2023-01-04,Orale
RX-002103,PAT-00351,SEJ-000489,C09,Inhibiteurs de l'ECV,1 cp/j,2022-12-26,,Orale
RX-002104,PAT-00351,SEJ-000490,M01,Anti-inflammatoires,1 cp/j,2023-06-13,,Orale
RX-002105,PAT-00351,SEJ-000490,J01,Antibiotiques,1 patch/72h,2023-06-13,2023-06-17,Orale
RX-002106,PAT-00351,SEJ-000490,C03,Diurétiques,1 patch/72h,2023-06-16,2023-06-18,Sous-cutanee
RX-002107,PAT-00351,SEJ-000490,C09,Inhibiteurs de l'ECV,1 SC/j,2023-06-16,2023-06-23,Orale
RX-002108,PAT-00352,SEJ-000491,A10,Antidiabétiques,500 mg x2/j,2023-03-20,2023-03-22,IV
RX-002109,PAT-00352,SEJ-000491,N05,Psychotropes,2 cp/j,2023-03-21,2023-03-30,Orale
RX-002110,PAT-00352,SEJ-000491,C09,Inhibiteurs de l'ECV,1 SC/j,2023-03-20,,Orale
RX-002111,PAT-00352,SEJ-000491,M01,Anti-inflammatoires,1 patch/72h,2023-03-15,2023-03-20,IV
RX-002112,PAT-00352,SEJ-000491,A10,Antidiabétiques,1 SC/j,2023-03-18,2023-03-20,IV
RX-002113,PAT-00353,SEJ-000492,A02,Antiacides / IPP,1 cp/j,2023-08-26,2023-08-29,Orale
RX-002114,PAT-00353,SEJ-000492,C07,Bêtabloquants,1 cp/j,2023-08-26,2023-09-03,Orale
RX-002115,PAT-00353,SEJ-000492,A10,Antidiabétiques,1 patch/72h,2023-08-28,2023-09-04,Orale
RX-002116,PAT-00353,SEJ-000492,A10,Antidiabétiques,500 mg x2/j,2023-08-25,,IV
RX-002117,PAT-00353,SEJ-000493,N02,Analgésiques,À la demande,2024-03-16,2024-03-21,Orale
RX-002118,PAT-00353,SEJ-000493,N05,Psychotropes,1 cp/j,2024-03-15,2024-03-24,Orale
RX-002119,PAT-00353,SEJ-000493,C09,Inhibiteurs de l'ECV,1 patch/72h,2024-03-17,,Orale
RX-002120,PAT-00353,SEJ-000493,N05,Psychotropes,2 cp/j,2024-03-15,2024-03-17,Orale
RX-002121,PAT-00353,SEJ-000493,J01,Antibiotiques,1 cp/j,2024-03-17,2024-03-21,Orale
RX-002122,PAT-00353,SEJ-000494,C09,Inhibiteurs de l'ECV,1 SC/j,2023-01-25,2023-02-04,IV
RX-002123,PAT-00353,SEJ-000494,H02,Corticoïdes,1 cp/j,2023-01-25,2023-01-31,Orale
RX-002124,PAT-00353,SEJ-000494,B01,Antithrombotiques,1 patch/72h,2023-01-25,2023-02-05,Orale
RX-002125,PAT-00354,SEJ-000495,A10,Antidiabétiques,À la demande,2023-04-03,,IV
RX-002126,PAT-00354,SEJ-000495,C01,Inotropes cardiaques,À la demande,2023-04-02,2023-04-14,IV
RX-002127,PAT-00354,SEJ-000495,N05,Psychotropes,1 SC/j,2023-04-02,2023-04-14,Orale
RX-002128,PAT-00354,SEJ-000495,C07,Bêtabloquants,1 SC/j,2023-04-03,2023-04-15,Orale
RX-002129,PAT-00354,SEJ-000495,J01,Antibiotiques,1 SC/j,2023-04-01,2023-04-10,Orale
RX-002130,PAT-00354,SEJ-000496,A02,Antiacides / IPP,1 cp/j,2024-05-02,2024-05-09,Sous-cutanee
RX-002131,PAT-00354,SEJ-000496,M01,Anti-inflammatoires,1 SC/j,2024-05-01,2024-05-09,IV
RX-002132,PAT-00354,SEJ-000496,C03,Diurétiques,1 patch/72h,2024-05-01,,Orale
RX-002133,PAT-00354,SEJ-000496,C01,Inotropes cardiaques,1 patch/72h,2024-05-02,2024-05-05,Orale
RX-002134,PAT-00355,SEJ-000497,H02,Corticoïdes,1 SC/j,2023-12-17,,Orale
RX-002135,PAT-00355,SEJ-000497,N05,Psychotropes,1 SC/j,2023-12-18,2023-12-21,IV
RX-002136,PAT-00355,SEJ-000497,B01,Antithrombotiques,1 IV x3/j,2023-12-15,2023-12-18,Orale
RX-002137,PAT-00355,SEJ-000497,H02,Corticoïdes,1 SC/j,2023-12-16,2023-12-22,Orale
RX-002138,PAT-00355,SEJ-000497,C09,Inhibiteurs de l'ECV,À la demande,2023-12-19,2023-12-24,Orale
RX-002139,PAT-00355,SEJ-000497,A02,Antiacides / IPP,1 patch/72h,2023-12-15,2023-12-18,Orale
RX-002140,PAT-00355,SEJ-000497,A02,Antiacides / IPP,2 cp/j,2023-12-16,,IV
RX-002141,PAT-00355,SEJ-000498,B01,Antithrombotiques,1 cp/j,2023-12-21,2023-12-29,Orale
RX-002142,PAT-00355,SEJ-000498,A10,Antidiabétiques,500 mg x2/j,2023-12-21,,Orale
RX-002143,PAT-00355,SEJ-000498,M01,Anti-inflammatoires,500 mg x2/j,2023-12-21,2023-12-23,Orale
RX-002144,PAT-00356,SEJ-000499,C01,Inotropes cardiaques,À la demande,2023-04-20,2023-04-23,Orale
RX-002145,PAT-00356,SEJ-000499,C09,Inhibiteurs de l'ECV,1 IV x3/j,2023-04-20,2023-04-29,Orale
RX-002146,PAT-00356,SEJ-000499,C09,Inhibiteurs de l'ECV,2 cp/j,2023-04-21,2023-05-02,Orale
RX-002147,PAT-00357,SEJ-000500,B01,Antithrombotiques,À la demande,2023-06-07,2023-06-18,Orale
RX-002148,PAT-00357,SEJ-000500,H02,Corticoïdes,1 SC/j,2023-06-08,2023-06-18,Orale
RX-002149,PAT-00357,SEJ-000500,H02,Corticoïdes,1 cp/j,2023-06-08,2023-06-18,Orale
RX-002150,PAT-00357,SEJ-000500,B01,Antithrombotiques,1 patch/72h,2023-06-09,,Orale
RX-002151,PAT-00358,SEJ-000501,B01,Antithrombotiques,2 cp/j,2023-11-15,2023-11-16,Orale
RX-002152,PAT-00358,SEJ-000501,N02,Analgésiques,500 mg x2/j,2023-11-15,,IV
RX-002153,PAT-00358,SEJ-000501,C07,Bêtabloquants,1 IV x3/j,2023-11-11,,IV
RX-002154,PAT-00359,SEJ-000502,H02,Corticoïdes,1 SC/j,2023-08-11,2023-08-21,IV
RX-002155,PAT-00359,SEJ-000502,A02,Antiacides / IPP,À la demande,2023-08-13,2023-08-18,IV
RX-002156,PAT-00359,SEJ-000502,N05,Psychotropes,1 SC/j,2023-08-13,2023-08-21,Orale
RX-002157,PAT-00359,SEJ-000503,A10,Antidiabétiques,2 cp/j,2023-11-17,2023-11-25,Orale
RX-002158,PAT-00359,SEJ-000503,C09,Inhibiteurs de l'ECV,500 mg x2/j,2023-11-19,2023-11-26,IV
RX-002159,PAT-00359,SEJ-000503,C01,Inotropes cardiaques,1 SC/j,2023-11-19,2023-11-27,IV
RX-002160,PAT-00359,SEJ-000503,J01,Antibiotiques,1 SC/j,2023-11-20,2023-11-25,Sous-cutanee
RX-002161,PAT-00359,SEJ-000503,H02,Corticoïdes,500 mg x2/j,2023-11-17,2023-11-23,Orale
RX-002162,PAT-00360,SEJ-000504,A02,Antiacides / IPP,1 cp/j,2023-02-17,2023-03-01,Orale
RX-002163,PAT-00360,SEJ-000504,C01,Inotropes cardiaques,1 cp/j,2023-02-18,2023-02-27,Orale
RX-002164,PAT-00360,SEJ-000504,B01,Antithrombotiques,2 cp/j,2023-02-20,,Orale
RX-002165,PAT-00360,SEJ-000504,N05,Psychotropes,À la demande,2023-02-18,2023-03-01,Orale
RX-002166,PAT-00360,SEJ-000504,C07,Bêtabloquants,2 cp/j,2023-02-17,2023-02-25,Orale
RX-002167,PAT-00360,SEJ-000504,C01,Inotropes cardiaques,2 cp/j,2023-02-17,2023-02-23,Orale
RX-002168,PAT-00360,SEJ-000504,C03,Diurétiques,1 patch/72h,2023-02-19,2023-02-26,Sous-cutanee
RX-002169,PAT-00360,SEJ-000504,J01,Antibiotiques,1 cp/j,2023-02-17,,Orale
RX-002170,PAT-00360,SEJ-000505,H02,Corticoïdes,2 cp/j,2024-04-01,2024-04-07,IV
RX-002171,PAT-00360,SEJ-000505,H02,Corticoïdes,1 IV x3/j,2024-03-31,,IV
RX-002172,PAT-00360,SEJ-000505,C01,Inotropes cardiaques,1 SC/j,2024-03-31,2024-04-13,IV
RX-002173,PAT-00360,SEJ-000505,N02,Analgésiques,500 mg x2/j,2024-04-01,2024-04-07,Orale
RX-002174,PAT-00360,SEJ-000505,J01,Antibiotiques,1 IV x3/j,2024-03-31,2024-04-08,Orale
RX-002175,PAT-00361,SEJ-000506,H02,Corticoïdes,500 mg x2/j,2023-02-19,2023-02-23,Orale
RX-002176,PAT-00362,SEJ-000507,N02,Analgésiques,À la demande,2024-04-14,2024-04-18,Orale
RX-002177,PAT-00362,SEJ-000507,C03,Diurétiques,500 mg x2/j,2024-04-13,2024-04-17,Orale
RX-002178,PAT-00362,SEJ-000507,C07,Bêtabloquants,1 patch/72h,2024-04-15,,Orale
RX-002179,PAT-00362,SEJ-000507,M01,Anti-inflammatoires,500 mg x2/j,2024-04-15,,Orale
RX-002180,PAT-00362,SEJ-000507,N02,Analgésiques,1 patch/72h,2024-04-15,2024-04-22,Orale
RX-002181,PAT-00362,SEJ-000507,N05,Psychotropes,1 SC/j,2024-04-15,2024-04-21,Orale
RX-002182,PAT-00362,SEJ-000508,C03,Diurétiques,1 SC/j,2022-12-20,2022-12-22,IV
RX-002183,PAT-00362,SEJ-000508,N02,Analgésiques,1 IV x3/j,2022-12-17,2022-12-26,Orale
RX-002184,PAT-00363,SEJ-000509,H02,Corticoïdes,500 mg x2/j,2023-12-31,2024-01-09,Orale
RX-002185,PAT-00363,SEJ-000509,C03,Diurétiques,1 SC/j,2023-12-31,2024-01-10,Sous-cutanee
RX-002186,PAT-00363,SEJ-000509,M01,Anti-inflammatoires,1 patch/72h,2023-12-30,2024-01-09,Orale
RX-002187,PAT-00363,SEJ-000509,C01,Inotropes cardiaques,500 mg x2/j,2023-12-31,,IV
RX-002188,PAT-00364,SEJ-000510,C09,Inhibiteurs de l'ECV,1 cp/j,2023-08-13,2023-08-25,Orale
RX-002189,PAT-00364,SEJ-000510,A10,Antidiabétiques,1 cp/j,2023-08-14,2023-08-25,Orale
RX-002190,PAT-00364,SEJ-000510,N05,Psychotropes,À la demande,2023-08-14,,IV
RX-002191,PAT-00365,SEJ-000511,A02,Antiacides / IPP,500 mg x2/j,2022-12-20,2022-12-23,Orale
RX-002192,PAT-00366,SEJ-000512,N05,Psychotropes,1 SC/j,2024-01-07,2024-01-17,Orale
RX-002193,PAT-00366,SEJ-000512,C07,Bêtabloquants,1 patch/72h,2024-01-07,2024-01-11,Orale
RX-002194,PAT-00366,SEJ-000512,H02,Corticoïdes,1 IV x3/j,2024-01-07,2024-01-11,Sous-cutanee
RX-002195,PAT-00366,SEJ-000512,A10,Antidiabétiques,À la demande,2024-01-07,,Orale
RX-002196,PAT-00366,SEJ-000512,C07,Bêtabloquants,À la demande,2024-01-07,2024-01-08,Orale
RX-002197,PAT-00366,SEJ-000512,A10,Antidiabétiques,1 IV x3/j,2024-01-07,2024-01-11,Sous-cutanee
RX-002198,PAT-00366,SEJ-000513,C09,Inhibiteurs de l'ECV,1 SC/j,2024-01-14,2024-01-15,IV
RX-002199,PAT-00366,SEJ-000513,H02,Corticoïdes,500 mg x2/j,2024-01-20,2024-01-28,Orale
RX-002200,PAT-00366,SEJ-000513,C03,Diurétiques,1 IV x3/j,2024-01-15,2024-01-18,Orale
RX-002201,PAT-00367,SEJ-000514,A10,Antidiabétiques,1 SC/j,2023-09-13,2023-09-18,Orale
RX-002202,PAT-00367,SEJ-000514,N02,Analgésiques,1 IV x3/j,2023-09-12,2023-09-21,Orale
RX-002203,PAT-00367,SEJ-000514,C03,Diurétiques,1 IV x3/j,2023-09-12,2023-09-22,IV
RX-002204,PAT-00367,SEJ-000514,A02,Antiacides / IPP,1 patch/72h,2023-09-13,2023-09-17,Sous-cutanee
RX-002205,PAT-00368,SEJ-000515,M01,Anti-inflammatoires,2 cp/j,2024-05-15,,Orale
RX-002206,PAT-00368,SEJ-000516,H02,Corticoïdes,1 IV x3/j,2022-12-24,2023-01-06,IV
RX-002207,PAT-00368,SEJ-000516,M01,Anti-inflammatoires,2 cp/j,2022-12-23,2023-01-01,Orale
RX-002208,PAT-00369,SEJ-000517,H02,Corticoïdes,1 SC/j,2023-04-27,2023-05-06,Orale
RX-002209,PAT-00369,SEJ-000517,A10,Antidiabétiques,500 mg x2/j,2023-04-27,2023-05-03,Orale
RX-002210,PAT-00369,SEJ-000517,A02,Antiacides / IPP,1 IV x3/j,2023-04-25,2023-04-27,Orale
RX-002211,PAT-00369,SEJ-000517,C03,Diurétiques,1 SC/j,2023-04-30,2023-05-09,Orale
RX-002212,PAT-00369,SEJ-000517,A02,Antiacides / IPP,1 SC/j,2023-04-24,,Orale
RX-002213,PAT-00369,SEJ-000517,N02,Analgésiques,500 mg x2/j,2023-04-27,2023-05-07,Orale
RX-002214,PAT-00369,SEJ-000517,B01,Antithrombotiques,1 IV x3/j,2023-04-25,2023-04-26,Orale
RX-002215,PAT-00369,SEJ-000517,N02,Analgésiques,1 cp/j,2023-04-27,2023-05-01,IV
RX-002216,PAT-00369,SEJ-000518,M01,Anti-inflammatoires,1 SC/j,2024-03-10,,Sous-cutanee
RX-002217,PAT-00369,SEJ-000518,J01,Antibiotiques,2 cp/j,2024-03-08,,Orale
RX-002218,PAT-00369,SEJ-000518,A02,Antiacides / IPP,2 cp/j,2024-03-08,2024-03-09,IV
RX-002219,PAT-00369,SEJ-000518,C03,Diurétiques,500 mg x2/j,2024-03-09,2024-03-21,Orale
RX-002220,PAT-00370,SEJ-000519,N05,Psychotropes,1 cp/j,2024-05-08,,IV
RX-002221,PAT-00370,SEJ-000519,C07,Bêtabloquants,1 SC/j,2024-05-05,2024-05-14,Orale
RX-002222,PAT-00370,SEJ-000519,J01,Antibiotiques,1 SC/j,2024-05-05,2024-05-06,Sous-cutanee
RX-002223,PAT-00370,SEJ-000520,N02,Analgésiques,1 cp/j,2024-01-18,2024-01-24,Orale
RX-002224,PAT-00370,SEJ-000520,M01,Anti-inflammatoires,1 cp/j,2024-01-22,2024-02-04,Orale
RX-002225,PAT-00370,SEJ-000520,B01,Antithrombotiques,À la demande,2024-01-20,2024-01-27,Orale
RX-002226,PAT-00370,SEJ-000520,C07,Bêtabloquants,1 SC/j,2024-01-19,,IV
RX-002227,PAT-00371,SEJ-000521,A10,Antidiabétiques,À la demande,2024-04-04,2024-04-12,Orale
RX-002228,PAT-00372,SEJ-000522,C07,Bêtabloquants,2 cp/j,2024-05-02,2024-05-04,Orale
RX-002229,PAT-00372,SEJ-000522,M01,Anti-inflammatoires,À la demande,2024-05-02,2024-05-14,Orale
RX-002230,PAT-00372,SEJ-000522,J01,Antibiotiques,1 patch/72h,2024-05-03,,IV
RX-002231,PAT-00372,SEJ-000523,M01,Anti-inflammatoires,2 cp/j,2024-04-08,,Orale
RX-002232,PAT-00372,SEJ-000524,A10,Antidiabétiques,500 mg x2/j,2023-08-28,2023-08-29,Orale
RX-002233,PAT-00372,SEJ-000524,C03,Diurétiques,1 SC/j,2023-08-26,2023-09-04,IV
RX-002234,PAT-00373,SEJ-000525,B01,Antithrombotiques,À la demande,2023-07-19,2023-07-21,IV
RX-002235,PAT-00373,SEJ-000525,J01,Antibiotiques,1 cp/j,2023-07-19,,Orale
RX-002236,PAT-00373,SEJ-000525,C09,Inhibiteurs de l'ECV,2 cp/j,2023-07-17,2023-07-23,Sous-cutanee
RX-002237,PAT-00373,SEJ-000525,M01,Anti-inflammatoires,500 mg x2/j,2023-07-20,,Sous-cutanee
RX-002238,PAT-00373,SEJ-000525,C03,Diurétiques,1 IV x3/j,2023-07-24,2023-07-27,Orale
RX-002239,PAT-00373,SEJ-000525,H02,Corticoïdes,2 cp/j,2023-07-22,2023-08-01,Orale
RX-002240,PAT-00373,SEJ-000526,C07,Bêtabloquants,1 IV x3/j,2023-10-23,2023-11-03,Orale
RX-002241,PAT-00373,SEJ-000526,M01,Anti-inflammatoires,2 cp/j,2023-10-20,2023-10-23,Orale
RX-002242,PAT-00373,SEJ-000526,A10,Antidiabétiques,1 cp/j,2023-10-24,2023-10-29,Sous-cutanee
RX-002243,PAT-00373,SEJ-000526,H02,Corticoïdes,1 cp/j,2023-10-18,2023-10-24,Orale
RX-002244,PAT-00373,SEJ-000526,H02,Corticoïdes,1 cp/j,2023-10-24,2023-10-27,Orale
RX-002245,PAT-00373,SEJ-000526,J01,Antibiotiques,1 SC/j,2023-10-18,,Orale
RX-002246,PAT-00373,SEJ-000526,C03,Diurétiques,1 IV x3/j,2023-10-19,,Orale
RX-002247,PAT-00373,SEJ-000526,C09,Inhibiteurs de l'ECV,1 SC/j,2023-10-25,2023-11-05,Orale
RX-002248,PAT-00374,SEJ-000527,B01,Antithrombotiques,À la demande,2022-12-30,2023-01-06,IV
RX-002249,PAT-00374,SEJ-000527,C07,Bêtabloquants,1 SC/j,2022-12-30,2023-01-05,Orale
RX-002250,PAT-00374,SEJ-000528,C03,Diurétiques,500 mg x2/j,2023-05-10,2023-05-18,Orale
RX-002251,PAT-00374,SEJ-000528,C09,Inhibiteurs de l'ECV,500 mg x2/j,2023-05-09,2023-05-17,IV
RX-002252,PAT-00374,SEJ-000528,A10,Antidiabétiques,500 mg x2/j,2023-05-11,2023-05-22,Orale
RX-002253,PAT-00375,SEJ-000529,J01,Antibiotiques,1 SC/j,2023-02-26,,IV
RX-002254,PAT-00375,SEJ-000529,N02,Analgésiques,2 cp/j,2023-02-26,2023-03-05,Orale
RX-002255,PAT-00375,SEJ-000529,N02,Analgésiques,2 cp/j,2023-02-27,,Orale
RX-002256,PAT-00376,SEJ-000530,C03,Diurétiques,2 cp/j,2023-02-14,2023-02-22,Orale
RX-002257,PAT-00376,SEJ-000530,M01,Anti-inflammatoires,1 SC/j,2023-02-13,2023-02-20,IV
RX-002258,PAT-00376,SEJ-000530,B01,Antithrombotiques,À la demande,2023-02-13,2023-02-18,Orale
RX-002259,PAT-00376,SEJ-000530,C01,Inotropes cardiaques,2 cp/j,2023-02-14,2023-02-19,Orale
RX-002260,PAT-00376,SEJ-000530,N05,Psychotropes,À la demande,2023-02-14,2023-02-27,Orale
RX-002261,PAT-00377,SEJ-000531,A02,Antiacides / IPP,2 cp/j,2024-02-11,2024-02-16,Orale
RX-002262,PAT-00378,SEJ-000532,A10,Antidiabétiques,1 SC/j,2023-08-23,2023-08-28,Orale
RX-002263,PAT-00378,SEJ-000532,C09,Inhibiteurs de l'ECV,À la demande,2023-08-23,2023-08-30,Sous-cutanee
RX-002264,PAT-00378,SEJ-000532,B01,Antithrombotiques,À la demande,2023-08-27,2023-08-30,Orale
RX-002265,PAT-00378,SEJ-000533,C07,Bêtabloquants,500 mg x2/j,2023-12-30,2024-01-09,Sous-cutanee
RX-002266,PAT-00379,SEJ-000534,J01,Antibiotiques,500 mg x2/j,2023-06-20,,Orale
RX-002267,PAT-00379,SEJ-000534,J01,Antibiotiques,1 patch/72h,2023-06-20,2023-07-03,Orale
RX-002268,PAT-00379,SEJ-000534,A02,Antiacides / IPP,À la demande,2023-06-21,2023-06-28,Orale
RX-002269,PAT-00379,SEJ-000534,M01,Anti-inflammatoires,2 cp/j,2023-06-21,,Sous-cutanee
RX-002270,PAT-00380,SEJ-000535,C01,Inotropes cardiaques,1 patch/72h,2023-01-02,2023-01-04,IV
RX-002271,PAT-00380,SEJ-000535,N05,Psychotropes,1 patch/72h,2023-01-03,2023-01-13,Sous-cutanee
RX-002272,PAT-00380,SEJ-000535,J01,Antibiotiques,1 SC/j,2023-01-03,2023-01-14,Orale
RX-002273,PAT-00380,SEJ-000535,C03,Diurétiques,1 cp/j,2023-01-02,2023-01-03,IV
RX-002274,PAT-00380,SEJ-000536,M01,Anti-inflammatoires,2 cp/j,2024-01-03,2024-01-14,IV
RX-002275,PAT-00380,SEJ-000536,J01,Antibiotiques,1 cp/j,2024-01-02,2024-01-14,Orale
RX-002276,PAT-00381,SEJ-000537,C03,Diurétiques,1 patch/72h,2023-03-08,2023-03-09,IV
RX-002277,PAT-00381,SEJ-000537,B01,Antithrombotiques,À la demande,2023-03-07,2023-03-16,Orale
RX-002278,PAT-00381,SEJ-000537,C09,Inhibiteurs de l'ECV,500 mg x2/j,2023-03-07,2023-03-20,Orale
RX-002279,PAT-00381,SEJ-000537,N02,Analgésiques,1 cp/j,2023-03-07,2023-03-11,Orale
RX-002280,PAT-00381,SEJ-000537,C07,Bêtabloquants,2 cp/j,2023-03-06,,IV
RX-002281,PAT-00381,SEJ-000538,C03,Diurétiques,1 cp/j,2024-04-15,2024-04-17,Orale
RX-002282,PAT-00381,SEJ-000538,B01,Antithrombotiques,500 mg x2/j,2024-04-14,2024-04-27,Orale
RX-002283,PAT-00381,SEJ-000538,C03,Diurétiques,1 SC/j,2024-04-14,2024-04-18,Orale
RX-002284,PAT-00381,SEJ-000538,C07,Bêtabloquants,500 mg x2/j,2024-04-14,2024-04-22,IV
RX-002285,PAT-00381,SEJ-000538,N02,Analgésiques,1 SC/j,2024-04-14,,Orale
RX-002286,PAT-00381,SEJ-000538,N05,Psychotropes,500 mg x2/j,2024-04-15,2024-04-27,Orale
RX-002287,PAT-00382,SEJ-000539,H02,Corticoïdes,1 IV x3/j,2023-06-19,2023-06-22,Orale
RX-002288,PAT-00382,SEJ-000539,M01,Anti-inflammatoires,À la demande,2023-06-18,,IV
RX-002289,PAT-00382,SEJ-000539,A02,Antiacides / IPP,À la demande,2023-06-20,2023-06-28,Orale
RX-002290,PAT-00382,SEJ-000539,C09,Inhibiteurs de l'ECV,1 IV x3/j,2023-06-22,2023-06-24,Orale
RX-002291,PAT-00382,SEJ-000539,C07,Bêtabloquants,1 IV x3/j,2023-06-16,2023-06-17,Orale
RX-002292,PAT-00382,SEJ-000540,C09,Inhibiteurs de l'ECV,1 cp/j,2023-05-07,,IV
RX-002293,PAT-00382,SEJ-000540,C01,Inotropes cardiaques,À la demande,2023-05-08,2023-05-09,Orale
RX-002294,PAT-00383,SEJ-000541,C03,Diurétiques,1 SC/j,2023-01-14,2023-01-20,Orale
RX-002295,PAT-00383,SEJ-000541,M01,Anti-inflammatoires,À la demande,2023-01-19,,IV
RX-002296,PAT-00383,SEJ-000541,N05,Psychotropes,2 cp/j,2023-01-03,2023-01-14,Orale
RX-002297,PAT-00383,SEJ-000541,C03,Diurétiques,500 mg x2/j,2023-01-09,2023-01-21,Orale
RX-002298,PAT-00383,SEJ-000541,M01,Anti-inflammatoires,500 mg x2/j,2023-01-11,2023-01-13,IV
RX-002299,PAT-00383,SEJ-000541,C07,Bêtabloquants,À la demande,2023-01-20,2023-01-22,IV
RX-002300,PAT-00383,SEJ-000541,C09,Inhibiteurs de l'ECV,1 SC/j,2023-01-09,,Orale
RX-002301,PAT-00383,SEJ-000542,N05,Psychotropes,1 SC/j,2023-08-12,2023-08-13,Orale
RX-002302,PAT-00383,SEJ-000542,N05,Psychotropes,1 patch/72h,2023-08-09,2023-08-14,Orale
RX-002303,PAT-00383,SEJ-000542,C03,Diurétiques,1 SC/j,2023-08-14,2023-08-16,IV
RX-002304,PAT-00383,SEJ-000542,A10,Antidiabétiques,500 mg x2/j,2023-08-18,,Orale
RX-002305,PAT-00384,SEJ-000543,A02,Antiacides / IPP,500 mg x2/j,2023-12-14,2023-12-19,Sous-cutanee
RX-002306,PAT-00384,SEJ-000543,C09,Inhibiteurs de l'ECV,1 cp/j,2023-12-15,2023-12-26,IV
RX-002307,PAT-00384,SEJ-000543,B01,Antithrombotiques,1 patch/72h,2023-12-14,2023-12-20,Orale
RX-002308,PAT-00384,SEJ-000543,C01,Inotropes cardiaques,1 cp/j,2023-12-15,2023-12-19,Orale
RX-002309,PAT-00384,SEJ-000543,C01,Inotropes cardiaques,1 SC/j,2023-12-15,,Orale
RX-002310,PAT-00384,SEJ-000543,A02,Antiacides / IPP,À la demande,2023-12-15,2023-12-25,Orale
RX-002311,PAT-00384,SEJ-000543,A10,Antidiabétiques,2 cp/j,2023-12-14,2023-12-16,IV
RX-002312,PAT-00384,SEJ-000543,C07,Bêtabloquants,À la demande,2023-12-14,2023-12-23,Orale
RX-002313,PAT-00384,SEJ-000544,A10,Antidiabétiques,1 patch/72h,2023-01-01,2023-01-12,Orale
RX-002314,PAT-00384,SEJ-000544,C01,Inotropes cardiaques,1 SC/j,2022-12-31,,Orale
RX-002315,PAT-00384,SEJ-000544,B01,Antithrombotiques,1 cp/j,2023-01-01,2023-01-11,Orale
RX-002316,PAT-00385,SEJ-000545,C09,Inhibiteurs de l'ECV,1 IV x3/j,2024-01-15,2024-01-16,Sous-cutanee
RX-002317,PAT-00385,SEJ-000545,N02,Analgésiques,1 cp/j,2024-01-15,,Orale
RX-002318,PAT-00385,SEJ-000545,C01,Inotropes cardiaques,1 cp/j,2024-01-15,,Orale
RX-002319,PAT-00385,SEJ-000545,C07,Bêtabloquants,1 IV x3/j,2024-01-15,,Orale
RX-002320,PAT-00385,SEJ-000545,N05,Psychotropes,1 patch/72h,2024-01-15,,Sous-cutanee
RX-002321,PAT-00385,SEJ-000545,N02,Analgésiques,1 IV x3/j,2024-01-15,2024-01-27,Orale
RX-002322,PAT-00385,SEJ-000545,A02,Antiacides / IPP,1 patch/72h,2024-01-15,2024-01-18,IV
RX-002323,PAT-00386,SEJ-000546,A02,Antiacides / IPP,1 SC/j,2024-01-05,,Orale
RX-002324,PAT-00386,SEJ-000546,A10,Antidiabétiques,2 cp/j,2024-01-04,,IV
RX-002325,PAT-00386,SEJ-000546,M01,Anti-inflammatoires,1 patch/72h,2024-01-01,2024-01-02,Orale
RX-002326,PAT-00386,SEJ-000546,C09,Inhibiteurs de l'ECV,500 mg x2/j,2024-01-05,,Orale
RX-002327,PAT-00386,SEJ-000547,A02,Antiacides / IPP,2 cp/j,2024-04-25,,Orale
RX-002328,PAT-00386,SEJ-000547,N05,Psychotropes,1 IV x3/j,2024-04-25,2024-05-05,Orale
RX-002329,PAT-00386,SEJ-000547,H02,Corticoïdes,500 mg x2/j,2024-04-25,2024-05-02,IV
RX-002330,PAT-00386,SEJ-000547,A02,Antiacides / IPP,500 mg x2/j,2024-04-24,2024-05-05,Orale
RX-002331,PAT-00387,SEJ-000548,J01,Antibiotiques,2 cp/j,2023-07-23,2023-07-24,Orale
RX-002332,PAT-00387,SEJ-000548,C03,Diurétiques,1 patch/72h,2023-07-24,2023-08-05,Orale
RX-002333,PAT-00387,SEJ-000548,N02,Analgésiques,1 SC/j,2023-07-23,2023-08-01,Orale
RX-002334,PAT-00387,SEJ-000548,C01,Inotropes cardiaques,2 cp/j,2023-07-24,2023-07-26,Orale
RX-002335,PAT-00387,SEJ-000548,M01,Anti-inflammatoires,1 patch/72h,2023-07-24,2023-08-01,Sous-cutanee
RX-002336,PAT-00387,SEJ-000548,A10,Antidiabétiques,1 IV x3/j,2023-07-23,2023-08-04,Sous-cutanee
RX-002337,PAT-00387,SEJ-000548,H02,Corticoïdes,1 patch/72h,2023-07-23,2023-08-03,Sous-cutanee
RX-002338,PAT-00387,SEJ-000548,A10,Antidiabétiques,1 IV x3/j,2023-07-24,2023-07-25,IV
RX-002339,PAT-00387,SEJ-000548,C07,Bêtabloquants,1 IV x3/j,2023-07-23,2023-08-02,Orale
RX-002340,PAT-00387,SEJ-000548,C09,Inhibiteurs de l'ECV,1 patch/72h,2023-07-23,,Orale
RX-002341,PAT-00388,SEJ-000549,N02,Analgésiques,1 IV x3/j,2024-02-22,2024-03-02,Orale
RX-002342,PAT-00388,SEJ-000549,N05,Psychotropes,1 IV x3/j,2024-02-20,,Orale
RX-002343,PAT-00388,SEJ-000549,C01,Inotropes cardiaques,1 SC/j,2024-02-21,2024-03-01,IV
RX-002344,PAT-00388,SEJ-000549,C03,Diurétiques,1 patch/72h,2024-02-21,2024-03-04,Orale
RX-002345,PAT-00389,SEJ-000550,J01,Antibiotiques,1 IV x3/j,2023-05-03,2023-05-05,Orale
RX-002346,PAT-00389,SEJ-000550,A02,Antiacides / IPP,1 cp/j,2023-04-30,2023-05-10,Orale
RX-002347,PAT-00389,SEJ-000550,M01,Anti-inflammatoires,1 SC/j,2023-05-01,2023-05-03,Orale
RX-002348,PAT-00389,SEJ-000550,A10,Antidiabétiques,1 SC/j,2023-05-02,2023-05-08,IV
RX-002349,PAT-00389,SEJ-000550,J01,Antibiotiques,2 cp/j,2023-05-04,2023-05-08,Orale
RX-002350,PAT-00389,SEJ-000550,H02,Corticoïdes,2 cp/j,2023-05-03,2023-05-11,Orale
RX-002351,PAT-00390,SEJ-000551,J01,Antibiotiques,500 mg x2/j,2024-02-18,2024-02-28,Orale
RX-002352,PAT-00390,SEJ-000551,N05,Psychotropes,2 cp/j,2024-02-18,,Orale
RX-002353,PAT-00390,SEJ-000551,H02,Corticoïdes,1 cp/j,2024-02-19,2024-02-22,Orale
RX-002354,PAT-00390,SEJ-000551,J01,Antibiotiques,2 cp/j,2024-02-19,,IV
RX-002355,PAT-00390,SEJ-000551,C01,Inotropes cardiaques,1 IV x3/j,2024-02-18,,Orale
RX-002356,PAT-00390,SEJ-000551,C03,Diurétiques,À la demande,2024-02-18,,Orale
RX-002357,PAT-00391,SEJ-000552,C01,Inotropes cardiaques,1 cp/j,2023-09-07,2023-09-19,Orale
RX-002358,PAT-00391,SEJ-000552,C01,Inotropes cardiaques,500 mg x2/j,2023-09-10,2023-09-22,Orale
RX-002359,PAT-00391,SEJ-000552,H02,Corticoïdes,1 patch/72h,2023-09-10,2023-09-18,IV
RX-002360,PAT-00391,SEJ-000552,C07,Bêtabloquants,2 cp/j,2023-09-08,2023-09-13,IV
RX-002361,PAT-00392,SEJ-000553,C03,Diurétiques,À la demande,2024-02-12,2024-02-15,IV
RX-002362,PAT-00392,SEJ-000553,M01,Anti-inflammatoires,1 cp/j,2024-02-12,2024-02-22,Orale
RX-002363,PAT-00392,SEJ-000553,C07,Bêtabloquants,1 patch/72h,2024-02-12,2024-02-15,Orale
RX-002364,PAT-00392,SEJ-000553,J01,Antibiotiques,1 patch/72h,2024-02-14,,Orale
RX-002365,PAT-00393,SEJ-000554,C03,Diurétiques,1 patch/72h,2024-02-08,2024-02-10,Orale
RX-002366,PAT-00393,SEJ-000554,B01,Antithrombotiques,1 patch/72h,2024-02-10,,Orale
RX-002367,PAT-00393,SEJ-000554,C01,Inotropes cardiaques,À la demande,2024-02-07,2024-02-20,Orale
RX-002368,PAT-00394,SEJ-000555,C03,Diurétiques,À la demande,2023-07-08,2023-07-16,IV
RX-002369,PAT-00394,SEJ-000555,C01,Inotropes cardiaques,1 patch/72h,2023-07-06,2023-07-12,Orale
RX-002370,PAT-00394,SEJ-000555,N05,Psychotropes,1 IV x3/j,2023-07-10,,IV
RX-002371,PAT-00394,SEJ-000556,M01,Anti-inflammatoires,1 cp/j,2024-04-25,2024-04-29,Orale
RX-002372,PAT-00394,SEJ-000556,B01,Antithrombotiques,1 SC/j,2024-04-24,2024-04-28,Orale
RX-002373,PAT-00395,SEJ-000557,H02,Corticoïdes,500 mg x2/j,2023-04-12,2023-04-14,Orale
RX-002374,PAT-00395,SEJ-000557,C09,Inhibiteurs de l'ECV,1 patch/72h,2023-04-12,2023-04-17,IV
RX-002375,PAT-00395,SEJ-000557,C09,Inhibiteurs de l'ECV,1 cp/j,2023-04-12,2023-04-15,Orale
RX-002376,PAT-00395,SEJ-000557,B01,Antithrombotiques,500 mg x2/j,2023-04-14,2023-04-22,Orale
RX-002377,PAT-00395,SEJ-000557,N05,Psychotropes,1 patch/72h,2023-04-14,2023-04-22,Orale
RX-002378,PAT-00395,SEJ-000557,H02,Corticoïdes,1 cp/j,2023-04-13,2023-04-19,Orale
RX-002379,PAT-00396,SEJ-000558,A02,Antiacides / IPP,2 cp/j,2023-08-15,2023-08-22,Orale
RX-002380,PAT-00396,SEJ-000558,B01,Antithrombotiques,1 IV x3/j,2023-08-13,,Sous-cutanee
RX-002381,PAT-00396,SEJ-000559,N02,Analgésiques,1 cp/j,2023-12-13,,Orale
RX-002382,PAT-00396,SEJ-000559,M01,Anti-inflammatoires,1 cp/j,2023-12-13,,Orale
RX-002383,PAT-00396,SEJ-000559,A02,Antiacides / IPP,1 SC/j,2023-12-13,2023-12-22,Orale
RX-002384,PAT-00396,SEJ-000559,C01,Inotropes cardiaques,500 mg x2/j,2023-12-13,2023-12-18,Orale
RX-002385,PAT-00396,SEJ-000559,C03,Diurétiques,500 mg x2/j,2023-12-13,2023-12-20,Orale
RX-002386,PAT-00396,SEJ-000559,C03,Diurétiques,2 cp/j,2023-12-13,2023-12-17,Orale
RX-002387,PAT-00397,SEJ-000560,A10,Antidiabétiques,500 mg x2/j,2023-11-17,2023-11-18,Orale
RX-002388,PAT-00397,SEJ-000560,C09,Inhibiteurs de l'ECV,2 cp/j,2023-11-17,2023-11-24,Orale
RX-002389,PAT-00397,SEJ-000560,A10,Antidiabétiques,1 cp/j,2023-11-17,,Orale
RX-002390,PAT-00397,SEJ-000560,A02,Antiacides / IPP,2 cp/j,2023-11-16,2023-11-20,Sous-cutanee
RX-002391,PAT-00397,SEJ-000560,N05,Psychotropes,2 cp/j,2023-11-17,2023-11-19,Orale
RX-002392,PAT-00397,SEJ-000560,C07,Bêtabloquants,2 cp/j,2023-11-16,2023-11-19,Orale
RX-002393,PAT-00397,SEJ-000560,C07,Bêtabloquants,1 cp/j,2023-11-18,,Orale
RX-002394,PAT-00397,SEJ-000560,M01,Anti-inflammatoires,2 cp/j,2023-11-17,2023-11-19,Orale
RX-002395,PAT-00398,SEJ-000561,C01,Inotropes cardiaques,1 SC/j,2023-12-04,2023-12-09,Orale
RX-002396,PAT-00398,SEJ-000561,H02,Corticoïdes,500 mg x2/j,2023-12-05,2023-12-16,IV
RX-002397,PAT-00398,SEJ-000561,M01,Anti-inflammatoires,2 cp/j,2023-11-28,,IV
RX-002398,PAT-00398,SEJ-000561,C07,Bêtabloquants,1 IV x3/j,2023-11-28,2023-12-03,Orale
RX-002399,PAT-00398,SEJ-000561,C09,Inhibiteurs de l'ECV,2 cp/j,2023-11-28,2023-12-06,Orale
RX-002400,PAT-00398,SEJ-000561,N05,Psychotropes,À la demande,2023-12-05,2023-12-17,Orale
RX-002401,PAT-00398,SEJ-000561,C03,Diurétiques,500 mg x2/j,2023-12-08,2023-12-11,Sous-cutanee
RX-002402,PAT-00398,SEJ-000561,C03,Diurétiques,1 SC/j,2023-11-27,2023-11-30,Orale
RX-002403,PAT-00399,SEJ-000562,C09,Inhibiteurs de l'ECV,2 cp/j,2023-12-22,2023-12-27,IV
RX-002404,PAT-00399,SEJ-000562,C01,Inotropes cardiaques,À la demande,2023-12-22,2023-12-30,Orale
RX-002405,PAT-00399,SEJ-000562,C01,Inotropes cardiaques,1 SC/j,2023-12-22,2023-12-27,Orale
RX-002406,PAT-00399,SEJ-000562,J01,Antibiotiques,À la demande,2023-12-21,2023-12-25,Orale
RX-002407,PAT-00399,SEJ-000563,M01,Anti-inflammatoires,1 cp/j,2022-12-12,2022-12-16,Sous-cutanee
RX-002408,PAT-00399,SEJ-000563,J01,Antibiotiques,À la demande,2022-12-13,2022-12-22,Orale
RX-002409,PAT-00399,SEJ-000563,H02,Corticoïdes,À la demande,2022-12-14,2022-12-24,IV
RX-002410,PAT-00399,SEJ-000563,C03,Diurétiques,À la demande,2022-12-14,2022-12-19,Orale
RX-002411,PAT-00400,SEJ-000564,N05,Psychotropes,À la demande,2022-12-25,2023-01-05,Orale
RX-002412,PAT-00400,SEJ-000564,N02,Analgésiques,1 IV x3/j,2022-12-24,2022-12-31,IV
RX-002413,PAT-00400,SEJ-000564,C01,Inotropes cardiaques,1 cp/j,2022-12-26,2022-12-30,Orale
RX-002414,PAT-00400,SEJ-000565,H02,Corticoïdes,1 cp/j,2023-11-07,2023-11-08,IV
RX-002415,PAT-00401,SEJ-000566,M01,Anti-inflammatoires,2 cp/j,2023-04-24,2023-04-26,Orale
RX-002416,PAT-00401,SEJ-000566,H02,Corticoïdes,À la demande,2023-04-23,2023-05-04,Orale
RX-002417,PAT-00401,SEJ-000566,J01,Antibiotiques,1 patch/72h,2023-04-25,2023-04-28,Orale
RX-002418,PAT-00401,SEJ-000566,C03,Diurétiques,1 patch/72h,2023-04-26,2023-05-08,Orale
RX-002419,PAT-00401,SEJ-000566,C03,Diurétiques,À la demande,2023-04-23,2023-05-02,Sous-cutanee
RX-002420,PAT-00401,SEJ-000566,C01,Inotropes cardiaques,500 mg x2/j,2023-04-24,2023-04-26,Orale
RX-002421,PAT-00402,SEJ-000567,C09,Inhibiteurs de l'ECV,1 SC/j,2024-02-13,2024-02-23,Orale
RX-002422,PAT-00402,SEJ-000567,J01,Antibiotiques,1 SC/j,2024-02-14,2024-02-26,Orale
RX-002423,PAT-00402,SEJ-000567,J01,Antibiotiques,1 IV x3/j,2024-02-13,2024-02-14,Orale
RX-002424,PAT-00402,SEJ-000567,C03,Diurétiques,1 cp/j,2024-02-08,,Sous-cutanee
RX-002425,PAT-00402,SEJ-000567,A10,Antidiabétiques,1 IV x3/j,2024-02-10,2024-02-17,Orale
RX-002426,PAT-00402,SEJ-000567,M01,Anti-inflammatoires,1 cp/j,2024-02-07,,Orale
RX-002427,PAT-00403,SEJ-000568,B01,Antithrombotiques,1 cp/j,2023-01-04,2023-01-12,Orale
RX-002428,PAT-00403,SEJ-000568,C07,Bêtabloquants,1 IV x3/j,2023-01-03,,Orale
RX-002429,PAT-00403,SEJ-000568,H02,Corticoïdes,500 mg x2/j,2023-01-03,2023-01-14,Orale
RX-002430,PAT-00403,SEJ-000569,C07,Bêtabloquants,1 SC/j,2023-05-30,2023-06-05,Orale
RX-002431,PAT-00403,SEJ-000569,J01,Antibiotiques,À la demande,2023-05-31,2023-06-05,Orale
RX-002432,PAT-00404,SEJ-000570,J01,Antibiotiques,1 patch/72h,2023-11-10,2023-11-11,Orale
RX-002433,PAT-00404,SEJ-000570,A02,Antiacides / IPP,2 cp/j,2023-11-11,2023-11-21,Orale
RX-002434,PAT-00404,SEJ-000571,M01,Anti-inflammatoires,500 mg x2/j,2023-05-05,2023-05-14,IV
RX-002435,PAT-00404,SEJ-000571,J01,Antibiotiques,500 mg x2/j,2023-05-07,2023-05-16,Orale
RX-002436,PAT-00404,SEJ-000571,C07,Bêtabloquants,1 patch/72h,2023-05-05,2023-05-10,IV
RX-002437,PAT-00404,SEJ-000571,B01,Antithrombotiques,500 mg x2/j,2023-05-05,2023-05-07,Orale
RX-002438,PAT-00405,SEJ-000572,C03,Diurétiques,1 IV x3/j,2023-10-02,2023-10-09,Orale
RX-002439,PAT-00405,SEJ-000572,C03,Diurétiques,1 patch/72h,2023-10-05,,IV
RX-002440,PAT-00406,SEJ-000573,A02,Antiacides / IPP,1 cp/j,2023-07-09,2023-07-17,Orale
RX-002441,PAT-00406,SEJ-000573,J01,Antibiotiques,1 cp/j,2023-07-08,2023-07-09,Orale
RX-002442,PAT-00406,SEJ-000573,N05,Psychotropes,1 patch/72h,2023-07-07,2023-07-19,IV
RX-002443,PAT-00406,SEJ-000573,C07,Bêtabloquants,1 patch/72h,2023-07-08,2023-07-20,Orale
RX-002444,PAT-00406,SEJ-000573,M01,Anti-inflammatoires,2 cp/j,2023-07-08,2023-07-13,Orale
RX-002445,PAT-00406,SEJ-000573,N02,Analgésiques,2 cp/j,2023-07-07,2023-07-08,Orale
RX-002446,PAT-00406,SEJ-000573,H02,Corticoïdes,1 patch/72h,2023-07-08,2023-07-10,Orale
RX-002447,PAT-00407,SEJ-000574,C01,Inotropes cardiaques,1 cp/j,2023-06-16,,Orale
RX-002448,PAT-00407,SEJ-000574,H02,Corticoïdes,500 mg x2/j,2023-06-16,2023-06-27,IV
RX-002449,PAT-00407,SEJ-000574,C03,Diurétiques,500 mg x2/j,2023-06-16,,Orale
RX-002450,PAT-00408,SEJ-000575,A10,Antidiabétiques,1 SC/j,2024-03-19,,Orale
RX-002451,PAT-00409,SEJ-000576,H02,Corticoïdes,500 mg x2/j,2023-05-30,2023-06-10,Orale
RX-002452,PAT-00409,SEJ-000576,C07,Bêtabloquants,À la demande,2023-06-01,,Orale
RX-002453,PAT-00409,SEJ-000576,C03,Diurétiques,1 SC/j,2023-06-01,2023-06-11,Orale
RX-002454,PAT-00409,SEJ-000576,H02,Corticoïdes,2 cp/j,2023-05-30,2023-06-07,Orale
RX-002455,PAT-00409,SEJ-000576,J01,Antibiotiques,2 cp/j,2023-06-01,,IV
RX-002456,PAT-00409,SEJ-000576,C01,Inotropes cardiaques,1 SC/j,2023-05-31,2023-06-02,Orale
RX-002457,PAT-00409,SEJ-000577,J01,Antibiotiques,1 SC/j,2023-03-20,2023-03-28,Orale
RX-002458,PAT-00409,SEJ-000577,C09,Inhibiteurs de l'ECV,2 cp/j,2023-03-23,2023-03-26,Orale
RX-002459,PAT-00409,SEJ-000577,N02,Analgésiques,1 IV x3/j,2023-03-21,2023-03-25,IV
RX-002460,PAT-00409,SEJ-000577,N02,Analgésiques,500 mg x2/j,2023-03-22,2023-03-30,Orale
RX-002461,PAT-00409,SEJ-000577,H02,Corticoïdes,1 IV x3/j,2023-03-23,2023-03-28,Orale
RX-002462,PAT-00410,SEJ-000578,A10,Antidiabétiques,500 mg x2/j,2023-02-27,2023-02-28,Orale
RX-002463,PAT-00410,SEJ-000578,C03,Diurétiques,1 cp/j,2023-02-24,2023-03-02,Orale
RX-002464,PAT-00410,SEJ-000578,C03,Diurétiques,1 SC/j,2023-02-26,2023-03-04,Orale
RX-002465,PAT-00410,SEJ-000578,C03,Diurétiques,1 patch/72h,2023-02-26,2023-03-06,Sous-cutanee
RX-002466,PAT-00410,SEJ-000578,B01,Antithrombotiques,À la demande,2023-02-28,2023-03-10,Orale
RX-002467,PAT-00411,SEJ-000579,H02,Corticoïdes,1 SC/j,2024-02-15,2024-02-24,Orale
RX-002468,PAT-00411,SEJ-000579,M01,Anti-inflammatoires,1 patch/72h,2024-02-17,2024-02-20,Orale
RX-002469,PAT-00411,SEJ-000579,N02,Analgésiques,500 mg x2/j,2024-02-17,2024-02-21,Orale
RX-002470,PAT-00411,SEJ-000579,J01,Antibiotiques,À la demande,2024-02-15,2024-02-25,Orale
RX-002471,PAT-00411,SEJ-000579,C07,Bêtabloquants,1 IV x3/j,2024-02-16,2024-02-20,Orale
RX-002472,PAT-00411,SEJ-000579,C07,Bêtabloquants,1 SC/j,2024-02-16,2024-02-28,IV
RX-002473,PAT-00411,SEJ-000580,C07,Bêtabloquants,500 mg x2/j,2023-07-12,2023-07-22,Sous-cutanee
RX-002474,PAT-00411,SEJ-000580,A10,Antidiabétiques,1 cp/j,2023-07-13,,Orale
RX-002475,PAT-00411,SEJ-000580,B01,Antithrombotiques,À la demande,2023-07-09,2023-07-18,Orale
RX-002476,PAT-00411,SEJ-000580,N02,Analgésiques,1 SC/j,2023-07-14,2023-07-20,Orale
RX-002477,PAT-00411,SEJ-000580,C07,Bêtabloquants,1 SC/j,2023-07-07,2023-07-11,Orale
RX-002478,PAT-00411,SEJ-000580,J01,Antibiotiques,500 mg x2/j,2023-07-07,2023-07-11,Orale
RX-002479,PAT-00412,SEJ-000581,C09,Inhibiteurs de l'ECV,1 patch/72h,2023-12-28,,Orale
RX-002480,PAT-00412,SEJ-000581,M01,Anti-inflammatoires,1 IV x3/j,2023-12-28,2023-12-31,IV
RX-002481,PAT-00412,SEJ-000581,H02,Corticoïdes,2 cp/j,2023-12-27,,Orale
RX-002482,PAT-00412,SEJ-000581,N02,Analgésiques,1 IV x3/j,2023-12-29,2024-01-03,Orale
RX-002483,PAT-00413,SEJ-000582,N05,Psychotropes,1 IV x3/j,2023-05-24,2023-05-25,Orale
RX-002484,PAT-00413,SEJ-000582,A02,Antiacides / IPP,500 mg x2/j,2023-05-23,,Orale
RX-002485,PAT-00413,SEJ-000582,B01,Antithrombotiques,1 cp/j,2023-05-24,2023-05-29,Orale
RX-002486,PAT-00413,SEJ-000582,J01,Antibiotiques,1 IV x3/j,2023-05-27,,Sous-cutanee
RX-002487,PAT-00413,SEJ-000582,J01,Antibiotiques,1 SC/j,2023-05-26,,Orale
RX-002488,PAT-00413,SEJ-000583,M01,Anti-inflammatoires,1 SC/j,2023-10-04,2023-10-05,Orale
RX-002489,PAT-00413,SEJ-000583,M01,Anti-inflammatoires,1 patch/72h,2023-10-04,2023-10-13,Orale
RX-002490,PAT-00414,SEJ-000584,B01,Antithrombotiques,À la demande,2024-03-19,2024-03-31,Orale
RX-002491,PAT-00414,SEJ-000584,B01,Antithrombotiques,1 IV x3/j,2024-03-19,,Orale
RX-002492,PAT-00414,SEJ-000584,A10,Antidiabétiques,1 IV x3/j,2024-03-20,,Orale
RX-002493,PAT-00414,SEJ-000584,J01,Antibiotiques,1 patch/72h,2024-03-19,2024-03-24,Orale
RX-002494,PAT-00414,SEJ-000584,C01,Inotropes cardiaques,500 mg x2/j,2024-03-19,2024-03-21,IV
RX-002495,PAT-00414,SEJ-000585,N02,Analgésiques,1 patch/72h,2023-02-20,2023-03-02,Orale
RX-002496,PAT-00414,SEJ-000585,N05,Psychotropes,1 patch/72h,2023-02-22,2023-03-03,Orale
RX-002497,PAT-00414,SEJ-000585,N02,Analgésiques,1 SC/j,2023-02-24,2023-02-27,Orale
RX-002498,PAT-00414,SEJ-000585,J01,Antibiotiques,1 cp/j,2023-02-20,2023-03-02,Orale
RX-002499,PAT-00414,SEJ-000585,H02,Corticoïdes,1 patch/72h,2023-02-19,,Orale
RX-002500,PAT-00415,SEJ-000586,N05,Psychotropes,2 cp/j,2024-04-01,,Orale
RX-002501,PAT-00415,SEJ-000586,A10,Antidiabétiques,1 SC/j,2024-03-31,2024-04-12,Orale
RX-002502,PAT-00415,SEJ-000587,A02,Antiacides / IPP,500 mg x2/j,2023-11-21,2023-11-23,Orale
RX-002503,PAT-00415,SEJ-000587,C09,Inhibiteurs de l'ECV,1 patch/72h,2023-11-21,2023-11-25,Orale
RX-002504,PAT-00415,SEJ-000587,N05,Psychotropes,1 SC/j,2023-11-22,,Orale
RX-002505,PAT-00415,SEJ-000587,J01,Antibiotiques,1 cp/j,2023-11-22,2023-11-29,Orale
RX-002506,PAT-00415,SEJ-000587,C03,Diurétiques,1 patch/72h,2023-11-21,2023-11-26,Orale
RX-002507,PAT-00415,SEJ-000587,C01,Inotropes cardiaques,1 patch/72h,2023-11-22,2023-12-02,Orale
RX-002508,PAT-00415,SEJ-000587,J01,Antibiotiques,500 mg x2/j,2023-11-20,,IV
RX-002509,PAT-00416,SEJ-000588,M01,Anti-inflammatoires,1 cp/j,2023-07-31,2023-08-08,Orale
RX-002510,PAT-00416,SEJ-000588,N02,Analgésiques,1 SC/j,2023-07-31,2023-08-09,Orale
RX-002511,PAT-00416,SEJ-000588,J01,Antibiotiques,1 cp/j,2023-07-30,2023-08-01,Orale
RX-002512,PAT-00416,SEJ-000588,C09,Inhibiteurs de l'ECV,1 patch/72h,2023-07-31,2023-08-04,Sous-cutanee
RX-002513,PAT-00416,SEJ-000588,A10,Antidiabétiques,À la demande,2023-07-30,2023-08-01,Sous-cutanee
RX-002514,PAT-00417,SEJ-000589,N05,Psychotropes,À la demande,2023-03-18,2023-03-20,IV
RX-002515,PAT-00417,SEJ-000589,C01,Inotropes cardiaques,500 mg x2/j,2023-03-23,2023-03-28,IV
RX-002516,PAT-00417,SEJ-000589,H02,Corticoïdes,500 mg x2/j,2023-03-18,2023-03-28,Orale
RX-002517,PAT-00417,SEJ-000589,H02,Corticoïdes,500 mg x2/j,2023-03-23,2023-03-24,Orale
RX-002518,PAT-00417,SEJ-000589,A02,Antiacides / IPP,500 mg x2/j,2023-03-23,2023-04-01,Orale
RX-002519,PAT-00417,SEJ-000589,B01,Antithrombotiques,1 patch/72h,2023-03-26,2023-03-28,Orale
RX-002520,PAT-00417,SEJ-000589,C07,Bêtabloquants,1 patch/72h,2023-03-22,2023-03-26,IV
RX-002521,PAT-00418,SEJ-000590,J01,Antibiotiques,2 cp/j,2024-03-16,,Orale
RX-002522,PAT-00418,SEJ-000590,M01,Anti-inflammatoires,1 SC/j,2024-03-14,2024-03-20,Orale
RX-002523,PAT-00418,SEJ-000590,C03,Diurétiques,1 cp/j,2024-03-14,2024-03-16,IV
RX-002524,PAT-00418,SEJ-000590,H02,Corticoïdes,1 patch/72h,2024-03-16,2024-03-24,Orale
RX-002525,PAT-00418,SEJ-000590,C03,Diurétiques,1 cp/j,2024-03-15,2024-03-21,Orale
RX-002526,PAT-00418,SEJ-000591,N02,Analgésiques,À la demande,2023-11-07,2023-11-13,Orale
RX-002527,PAT-00418,SEJ-000591,N02,Analgésiques,À la demande,2023-11-03,2023-11-04,Sous-cutanee
RX-002528,PAT-00418,SEJ-000591,C01,Inotropes cardiaques,À la demande,2023-11-05,2023-11-16,Orale
RX-002529,PAT-00419,SEJ-000592,C09,Inhibiteurs de l'ECV,À la demande,2023-07-28,2023-07-30,Orale
RX-002530,PAT-00419,SEJ-000592,C07,Bêtabloquants,1 patch/72h,2023-07-27,2023-08-06,Orale
RX-002531,PAT-00419,SEJ-000592,J01,Antibiotiques,1 SC/j,2023-07-29,2023-08-03,IV
RX-002532,PAT-00419,SEJ-000592,A02,Antiacides / IPP,2 cp/j,2023-08-03,2023-08-15,Orale
RX-002533,PAT-00419,SEJ-000593,N05,Psychotropes,1 SC/j,2024-01-22,2024-01-28,Orale
RX-002534,PAT-00419,SEJ-000593,B01,Antithrombotiques,1 SC/j,2024-01-22,2024-01-24,Orale
RX-002535,PAT-00419,SEJ-000593,H02,Corticoïdes,1 cp/j,2024-01-20,2024-01-31,IV
RX-002536,PAT-00419,SEJ-000593,A02,Antiacides / IPP,À la demande,2024-01-22,,Orale
RX-002537,PAT-00419,SEJ-000593,C09,Inhibiteurs de l'ECV,500 mg x2/j,2024-01-21,,Orale
RX-002538,PAT-00419,SEJ-000593,N02,Analgésiques,1 cp/j,2024-01-21,,Orale
RX-002539,PAT-00419,SEJ-000593,C07,Bêtabloquants,1 cp/j,2024-01-20,,Orale
RX-002540,PAT-00419,SEJ-000593,A02,Antiacides / IPP,1 patch/72h,2024-01-22,2024-01-30,Orale
RX-002541,PAT-00419,SEJ-000593,C07,Bêtabloquants,1 patch/72h,2024-01-20,,IV
RX-002542,PAT-00419,SEJ-000593,C03,Diurétiques,2 cp/j,2024-01-21,2024-01-23,Orale
RX-002543,PAT-00419,SEJ-000593,M01,Anti-inflammatoires,À la demande,2024-01-22,2024-01-30,Sous-cutanee
RX-002544,PAT-00419,SEJ-000593,C01,Inotropes cardiaques,À la demande,2024-01-22,2024-01-26,Sous-cutanee
RX-002545,PAT-00419,SEJ-000594,H02,Corticoïdes,À la demande,2023-05-08,,Orale
RX-002546,PAT-00420,SEJ-000595,N05,Psychotropes,1 patch/72h,2023-06-24,2023-07-05,IV
RX-002547,PAT-00420,SEJ-000595,M01,Anti-inflammatoires,2 cp/j,2023-06-26,2023-07-09,Orale
RX-002548,PAT-00421,SEJ-000596,C07,Bêtabloquants,1 patch/72h,2023-04-17,2023-04-18,Orale
RX-002549,PAT-00421,SEJ-000596,C09,Inhibiteurs de l'ECV,1 IV x3/j,2023-04-19,,Orale
RX-002550,PAT-00421,SEJ-000596,J01,Antibiotiques,À la demande,2023-04-20,2023-05-03,Orale
RX-002551,PAT-00421,SEJ-000596,N05,Psychotropes,2 cp/j,2023-04-19,2023-04-27,IV
RX-002552,PAT-00421,SEJ-000596,N02,Analgésiques,1 cp/j,2023-04-18,,Sous-cutanee
RX-002553,PAT-00421,SEJ-000596,A10,Antidiabétiques,1 IV x3/j,2023-04-17,2023-04-24,Orale
RX-002554,PAT-00421,SEJ-000597,A10,Antidiabétiques,2 cp/j,2023-01-27,2023-02-05,Orale
RX-002555,PAT-00421,SEJ-000597,H02,Corticoïdes,500 mg x2/j,2023-01-22,2023-01-23,Orale
RX-002556,PAT-00422,SEJ-000598,C09,Inhibiteurs de l'ECV,500 mg x2/j,2023-02-24,2023-03-06,Orale
RX-002557,PAT-00422,SEJ-000598,M01,Anti-inflammatoires,1 SC/j,2023-02-27,2023-03-09,Orale
RX-002558,PAT-00422,SEJ-000598,C09,Inhibiteurs de l'ECV,1 SC/j,2023-02-25,,Orale
RX-002559,PAT-00422,SEJ-000598,B01,Antithrombotiques,2 cp/j,2023-02-27,2023-03-03,Orale
RX-002560,PAT-00422,SEJ-000598,C03,Diurétiques,1 SC/j,2023-02-27,2023-03-03,Orale
RX-002561,PAT-00422,SEJ-000598,N02,Analgésiques,1 cp/j,2023-02-25,2023-02-28,Sous-cutanee
RX-002562,PAT-00422,SEJ-000598,J01,Antibiotiques,2 cp/j,2023-02-26,2023-03-09,Orale
RX-002563,PAT-00422,SEJ-000598,C07,Bêtabloquants,1 IV x3/j,2023-02-24,2023-03-03,Orale
RX-002564,PAT-00422,SEJ-000598,J01,Antibiotiques,1 IV x3/j,2023-02-24,2023-02-27,IV
RX-002565,PAT-00422,SEJ-000598,A10,Antidiabétiques,2 cp/j,2023-02-26,,Orale
RX-002566,PAT-00423,SEJ-000599,N05,Psychotropes,1 cp/j,2023-05-14,,Orale
RX-002567,PAT-00423,SEJ-000599,N05,Psychotropes,2 cp/j,2023-05-13,2023-05-18,IV
RX-002568,PAT-00423,SEJ-000599,C09,Inhibiteurs de l'ECV,À la demande,2023-05-13,,Orale
RX-002569,PAT-00423,SEJ-000599,C01,Inotropes cardiaques,À la demande,2023-05-14,2023-05-23,Orale
RX-002570,PAT-00424,SEJ-000600,J01,Antibiotiques,1 IV x3/j,2023-07-18,2023-07-30,Orale
RX-002571,PAT-00424,SEJ-000600,N02,Analgésiques,2 cp/j,2023-07-18,2023-07-29,IV
RX-002572,PAT-00424,SEJ-000600,C03,Diurétiques,À la demande,2023-07-19,2023-07-26,Orale
RX-002573,PAT-00424,SEJ-000600,M01,Anti-inflammatoires,2 cp/j,2023-07-18,2023-07-29,IV
RX-002574,PAT-00424,SEJ-000600,A02,Antiacides / IPP,2 cp/j,2023-07-18,2023-07-26,IV
RX-002575,PAT-00424,SEJ-000600,C03,Diurétiques,500 mg x2/j,2023-07-19,2023-07-23,Orale
RX-002576,PAT-00425,SEJ-000601,H02,Corticoïdes,1 SC/j,2023-12-24,2024-01-03,IV
RX-002577,PAT-00425,SEJ-000601,C01,Inotropes cardiaques,1 cp/j,2023-12-24,2023-12-29,Orale
RX-002578,PAT-00425,SEJ-000602,H02,Corticoïdes,À la demande,2023-01-13,,Orale
RX-002579,PAT-00425,SEJ-000602,C07,Bêtabloquants,1 SC/j,2023-01-13,2023-01-15,IV
RX-002580,PAT-00425,SEJ-000602,C01,Inotropes cardiaques,À la demande,2023-01-13,2023-01-17,Orale
RX-002581,PAT-00426,SEJ-000603,C09,Inhibiteurs de l'ECV,1 patch/72h,2023-03-31,2023-04-08,IV
RX-002582,PAT-00426,SEJ-000603,H02,Corticoïdes,1 cp/j,2023-03-31,2023-04-05,Orale
RX-002583,PAT-00426,SEJ-000603,A10,Antidiabétiques,500 mg x2/j,2023-04-06,2023-04-07,IV
RX-002584,PAT-00426,SEJ-000603,N05,Psychotropes,1 patch/72h,2023-04-01,2023-04-11,Orale
RX-002585,PAT-00426,SEJ-000603,C01,Inotropes cardiaques,À la demande,2023-03-31,2023-04-09,Orale
RX-002586,PAT-00426,SEJ-000603,C03,Diurétiques,500 mg x2/j,2023-04-04,2023-04-07,Orale
RX-002587,PAT-00427,SEJ-000604,N02,Analgésiques,1 SC/j,2023-11-15,2023-11-18,Orale
RX-002588,PAT-00427,SEJ-000604,B01,Antithrombotiques,2 cp/j,2023-11-15,2023-11-23,IV
RX-002589,PAT-00427,SEJ-000604,H02,Corticoïdes,2 cp/j,2023-11-15,2023-11-28,Orale
RX-002590,PAT-00427,SEJ-000605,N02,Analgésiques,500 mg x2/j,2024-02-25,2024-03-05,Orale
RX-002591,PAT-00427,SEJ-000605,N05,Psychotropes,1 SC/j,2024-02-25,2024-03-01,Orale
RX-002592,PAT-00427,SEJ-000605,A10,Antidiabétiques,2 cp/j,2024-02-26,2024-03-04,Sous-cutanee
RX-002593,PAT-00428,SEJ-000606,J01,Antibiotiques,1 patch/72h,2023-06-14,,IV
RX-002594,PAT-00428,SEJ-000606,N05,Psychotropes,1 IV x3/j,2023-06-13,2023-06-18,Sous-cutanee
RX-002595,PAT-00428,SEJ-000606,N05,Psychotropes,500 mg x2/j,2023-06-11,,Orale
RX-002596,PAT-00428,SEJ-000606,C03,Diurétiques,500 mg x2/j,2023-06-13,2023-06-14,IV
RX-002597,PAT-00428,SEJ-000606,C07,Bêtabloquants,À la demande,2023-06-10,2023-06-22,Orale
RX-002598,PAT-00428,SEJ-000607,J01,Antibiotiques,1 SC/j,2023-04-20,2023-04-25,Orale
RX-002599,PAT-00428,SEJ-000607,N02,Analgésiques,1 SC/j,2023-04-19,2023-04-20,Sous-cutanee
RX-002600,PAT-00428,SEJ-000607,C01,Inotropes cardiaques,1 SC/j,2023-04-21,2023-04-22,Orale
RX-002601,PAT-00428,SEJ-000607,C09,Inhibiteurs de l'ECV,1 IV x3/j,2023-04-20,2023-04-22,Sous-cutanee
RX-002602,PAT-00428,SEJ-000607,A02,Antiacides / IPP,2 cp/j,2023-04-21,2023-04-27,Orale
RX-002603,PAT-00428,SEJ-000607,C09,Inhibiteurs de l'ECV,À la demande,2023-04-21,2023-04-25,Orale
RX-002604,PAT-00429,SEJ-000608,C07,Bêtabloquants,2 cp/j,2024-01-05,2024-01-11,IV
RX-002605,PAT-00429,SEJ-000608,M01,Anti-inflammatoires,500 mg x2/j,2024-01-03,2024-01-12,Orale
RX-002606,PAT-00429,SEJ-000608,A10,Antidiabétiques,1 SC/j,2024-01-06,2024-01-09,Orale
RX-002607,PAT-00429,SEJ-000608,N02,Analgésiques,À la demande,2023-12-31,2024-01-13,Orale
RX-002608,PAT-00429,SEJ-000608,J01,Antibiotiques,2 cp/j,2023-12-29,,Orale
RX-002609,PAT-00429,SEJ-000608,N05,Psychotropes,1 SC/j,2024-01-03,2024-01-06,Sous-cutanee
RX-002610,PAT-00430,SEJ-000609,C03,Diurétiques,1 cp/j,2023-06-16,,Orale
RX-002611,PAT-00430,SEJ-000609,J01,Antibiotiques,2 cp/j,2023-06-25,,Orale
RX-002612,PAT-00430,SEJ-000609,C09,Inhibiteurs de l'ECV,À la demande,2023-06-24,,IV
RX-002613,PAT-00430,SEJ-000609,C03,Diurétiques,1 IV x3/j,2023-06-21,2023-06-24,Orale
RX-002614,PAT-00430,SEJ-000609,C07,Bêtabloquants,1 SC/j,2023-06-27,2023-07-03,Orale
RX-002615,PAT-00430,SEJ-000609,J01,Antibiotiques,500 mg x2/j,2023-06-18,,IV
RX-002616,PAT-00431,SEJ-000610,A10,Antidiabétiques,1 IV x3/j,2023-11-03,2023-11-06,Orale
RX-002617,PAT-00431,SEJ-000610,A02,Antiacides / IPP,1 IV x3/j,2023-11-02,,Orale
RX-002618,PAT-00431,SEJ-000610,J01,Antibiotiques,1 SC/j,2023-11-02,2023-11-07,Orale
RX-002619,PAT-00431,SEJ-000610,C01,Inotropes cardiaques,1 IV x3/j,2023-11-02,2023-11-11,Orale
RX-002620,PAT-00431,SEJ-000610,C07,Bêtabloquants,1 cp/j,2023-11-03,,Orale
RX-002621,PAT-00431,SEJ-000611,B01,Antithrombotiques,1 patch/72h,2023-04-22,2023-05-01,Orale
RX-002622,PAT-00431,SEJ-000611,N02,Analgésiques,1 patch/72h,2023-04-22,,Orale
RX-002623,PAT-00431,SEJ-000611,H02,Corticoïdes,2 cp/j,2023-04-23,2023-05-06,Orale
RX-002624,PAT-00432,SEJ-000612,A02,Antiacides / IPP,500 mg x2/j,2023-04-17,2023-04-20,Orale
RX-002625,PAT-00432,SEJ-000612,B01,Antithrombotiques,2 cp/j,2023-04-18,,Sous-cutanee
RX-002626,PAT-00432,SEJ-000612,B01,Antithrombotiques,À la demande,2023-04-17,2023-04-28,Orale
RX-002627,PAT-00432,SEJ-000612,N05,Psychotropes,1 patch/72h,2023-04-16,2023-04-28,Orale
RX-002628,PAT-00432,SEJ-000612,A02,Antiacides / IPP,500 mg x2/j,2023-04-18,2023-04-26,Orale
RX-002629,PAT-00432,SEJ-000612,N02,Analgésiques,1 SC/j,2023-04-19,2023-04-27,Sous-cutanee
RX-002630,PAT-00432,SEJ-000612,N05,Psychotropes,1 IV x3/j,2023-04-18,,Orale
RX-002631,PAT-00432,SEJ-000612,C07,Bêtabloquants,1 SC/j,2023-04-16,2023-04-29,Orale
RX-002632,PAT-00432,SEJ-000612,A02,Antiacides / IPP,1 IV x3/j,2023-04-17,2023-04-28,Orale
RX-002633,PAT-00432,SEJ-000612,C07,Bêtabloquants,À la demande,2023-04-17,2023-04-22,Orale
RX-002634,PAT-00433,SEJ-000613,B01,Antithrombotiques,1 cp/j,2023-02-11,2023-02-17,Orale
RX-002635,PAT-00433,SEJ-000613,A10,Antidiabétiques,1 patch/72h,2023-02-15,2023-02-27,Orale
RX-002636,PAT-00433,SEJ-000613,B01,Antithrombotiques,À la demande,2023-02-13,,Sous-cutanee
RX-002637,PAT-00433,SEJ-000613,A02,Antiacides / IPP,1 SC/j,2023-02-12,2023-02-16,Orale
RX-002638,PAT-00433,SEJ-000613,C07,Bêtabloquants,1 IV x3/j,2023-02-11,2023-02-16,Orale
RX-002639,PAT-00433,SEJ-000613,H02,Corticoïdes,1 cp/j,2023-02-13,2023-02-16,Orale
RX-002640,PAT-00433,SEJ-000613,N02,Analgésiques,1 patch/72h,2023-02-14,2023-02-26,Sous-cutanee
RX-002641,PAT-00433,SEJ-000614,C01,Inotropes cardiaques,À la demande,2023-08-19,2023-08-23,Orale
RX-002642,PAT-00433,SEJ-000614,J01,Antibiotiques,1 SC/j,2023-08-18,2023-08-28,IV
RX-002643,PAT-00433,SEJ-000614,C09,Inhibiteurs de l'ECV,À la demande,2023-08-18,2023-08-25,Orale
RX-002644,PAT-00433,SEJ-000614,A02,Antiacides / IPP,À la demande,2023-08-20,2023-09-02,Orale
RX-002645,PAT-00434,SEJ-000615,N02,Analgésiques,1 cp/j,2023-09-09,2023-09-21,Orale
RX-002646,PAT-00434,SEJ-000615,A02,Antiacides / IPP,À la demande,2023-09-09,,Orale
RX-002647,PAT-00434,SEJ-000615,A10,Antidiabétiques,1 cp/j,2023-09-08,2023-09-14,IV
RX-002648,PAT-00434,SEJ-000615,B01,Antithrombotiques,À la demande,2023-09-09,2023-09-11,IV
RX-002649,PAT-00434,SEJ-000616,N05,Psychotropes,À la demande,2023-03-24,2023-03-30,Orale
RX-002650,PAT-00434,SEJ-000616,N05,Psychotropes,À la demande,2023-03-19,2023-03-29,IV
RX-002651,PAT-00434,SEJ-000616,C03,Diurétiques,1 IV x3/j,2023-03-26,2023-04-02,Orale
RX-002652,PAT-00435,SEJ-000617,C09,Inhibiteurs de l'ECV,1 cp/j,2024-04-28,,Orale
RX-002653,PAT-00435,SEJ-000617,C09,Inhibiteurs de l'ECV,2 cp/j,2024-04-25,,Orale
RX-002654,PAT-00435,SEJ-000617,M01,Anti-inflammatoires,1 patch/72h,2024-04-24,,Orale
RX-002655,PAT-00435,SEJ-000617,J01,Antibiotiques,À la demande,2024-04-25,2024-05-02,Orale
RX-002656,PAT-00435,SEJ-000617,C01,Inotropes cardiaques,2 cp/j,2024-04-24,2024-04-29,Orale
RX-002657,PAT-00435,SEJ-000617,A10,Antidiabétiques,À la demande,2024-04-24,2024-04-29,Orale
RX-002658,PAT-00435,SEJ-000618,B01,Antithrombotiques,1 cp/j,2023-07-26,2023-08-06,Orale
RX-002659,PAT-00435,SEJ-000618,M01,Anti-inflammatoires,1 patch/72h,2023-07-29,2023-08-06,Orale
RX-002660,PAT-00436,SEJ-000619,C03,Diurétiques,1 IV x3/j,2023-06-02,,Orale
RX-002661,PAT-00436,SEJ-000619,N02,Analgésiques,2 cp/j,2023-05-31,2023-06-11,Orale
RX-002662,PAT-00436,SEJ-000619,A10,Antidiabétiques,1 IV x3/j,2023-06-03,2023-06-15,IV
RX-002663,PAT-00436,SEJ-000620,C03,Diurétiques,À la demande,2023-12-05,2023-12-18,Orale
RX-002664,PAT-00436,SEJ-000620,C03,Diurétiques,1 patch/72h,2023-12-05,2023-12-09,IV
RX-002665,PAT-00436,SEJ-000620,A10,Antidiabétiques,1 patch/72h,2023-12-05,2023-12-10,Orale
RX-002666,PAT-00436,SEJ-000620,C09,Inhibiteurs de l'ECV,2 cp/j,2023-12-05,2023-12-08,Sous-cutanee
RX-002667,PAT-00437,SEJ-000621,N05,Psychotropes,2 cp/j,2024-05-14,2024-05-23,Orale
RX-002668,PAT-00437,SEJ-000621,N05,Psychotropes,500 mg x2/j,2024-05-13,2024-05-16,Orale
RX-002669,PAT-00437,SEJ-000621,M01,Anti-inflammatoires,500 mg x2/j,2024-05-12,2024-05-15,Sous-cutanee
RX-002670,PAT-00437,SEJ-000621,H02,Corticoïdes,1 patch/72h,2024-05-12,2024-05-24,Orale
RX-002671,PAT-00438,SEJ-000622,N02,Analgésiques,2 cp/j,2024-02-29,2024-03-04,Orale
RX-002672,PAT-00438,SEJ-000622,C07,Bêtabloquants,1 patch/72h,2024-02-29,,Orale
RX-002673,PAT-00438,SEJ-000622,N05,Psychotropes,500 mg x2/j,2024-02-28,,Orale
RX-002674,PAT-00438,SEJ-000622,N02,Analgésiques,1 IV x3/j,2024-02-29,2024-03-08,Orale
RX-002675,PAT-00438,SEJ-000622,C03,Diurétiques,1 SC/j,2024-02-29,2024-03-04,Orale
RX-002676,PAT-00438,SEJ-000622,M01,Anti-inflammatoires,1 IV x3/j,2024-02-29,,Sous-cutanee
RX-002677,PAT-00439,SEJ-000623,B01,Antithrombotiques,1 SC/j,2024-03-27,2024-04-06,Orale
RX-002678,PAT-00439,SEJ-000623,M01,Anti-inflammatoires,À la demande,2024-03-28,2024-04-09,Sous-cutanee
RX-002679,PAT-00439,SEJ-000623,H02,Corticoïdes,2 cp/j,2024-03-28,2024-04-01,Orale
RX-002680,PAT-00439,SEJ-000624,N05,Psychotropes,1 cp/j,2023-10-02,2023-10-15,Orale
RX-002681,PAT-00439,SEJ-000624,J01,Antibiotiques,1 SC/j,2023-10-01,2023-10-06,IV
RX-002682,PAT-00439,SEJ-000624,J01,Antibiotiques,1 cp/j,2023-10-03,2023-10-04,IV
RX-002683,PAT-00439,SEJ-000624,N05,Psychotropes,À la demande,2023-10-03,,Orale
RX-002684,PAT-00439,SEJ-000624,C09,Inhibiteurs de l'ECV,1 SC/j,2023-10-03,2023-10-09,IV
RX-002685,PAT-00439,SEJ-000624,N05,Psychotropes,500 mg x2/j,2023-10-03,2023-10-12,Sous-cutanee
RX-002686,PAT-00439,SEJ-000624,N05,Psychotropes,2 cp/j,2023-10-02,,Orale
RX-002687,PAT-00439,SEJ-000624,B01,Antithrombotiques,À la demande,2023-10-01,,Orale
RX-002688,PAT-00440,SEJ-000625,C01,Inotropes cardiaques,1 IV x3/j,2023-11-28,,Orale
RX-002689,PAT-00440,SEJ-000625,M01,Anti-inflammatoires,2 cp/j,2023-11-28,2023-12-01,Orale
RX-002690,PAT-00440,SEJ-000625,H02,Corticoïdes,1 patch/72h,2023-11-27,2023-11-30,Orale
RX-002691,PAT-00440,SEJ-000625,N02,Analgésiques,1 IV x3/j,2023-11-28,2023-12-10,IV
RX-002692,PAT-00440,SEJ-000625,H02,Corticoïdes,1 patch/72h,2023-11-29,2023-12-11,Orale
RX-002693,PAT-00441,SEJ-000626,A02,Antiacides / IPP,2 cp/j,2024-01-19,2024-01-21,Orale
RX-002694,PAT-00441,SEJ-000626,H02,Corticoïdes,À la demande,2024-01-18,2024-01-24,Orale
RX-002695,PAT-00441,SEJ-000626,J01,Antibiotiques,1 patch/72h,2024-01-18,2024-01-24,Orale
RX-002696,PAT-00441,SEJ-000626,B01,Antithrombotiques,2 cp/j,2024-01-18,,IV
RX-002697,PAT-00441,SEJ-000627,C03,Diurétiques,2 cp/j,2023-02-13,2023-02-15,Orale
RX-002698,PAT-00441,SEJ-000627,A10,Antidiabétiques,1 SC/j,2023-02-13,,Orale
RX-002699,PAT-00441,SEJ-000627,H02,Corticoïdes,1 cp/j,2023-02-12,2023-02-25,Orale
RX-002700,PAT-00442,SEJ-000628,C09,Inhibiteurs de l'ECV,À la demande,2023-09-03,,IV
RX-002701,PAT-00442,SEJ-000628,B01,Antithrombotiques,2 cp/j,2023-08-24,2023-09-01,Orale
RX-002702,PAT-00442,SEJ-000628,A10,Antidiabétiques,1 IV x3/j,2023-08-31,2023-09-01,Orale
RX-002703,PAT-00442,SEJ-000628,N02,Analgésiques,À la demande,2023-09-02,,Orale
RX-002704,PAT-00443,SEJ-000629,A10,Antidiabétiques,1 patch/72h,2024-01-12,2024-01-21,Sous-cutanee
RX-002705,PAT-00443,SEJ-000629,C09,Inhibiteurs de l'ECV,1 SC/j,2024-01-09,2024-01-21,Orale
RX-002706,PAT-00443,SEJ-000629,C03,Diurétiques,1 IV x3/j,2024-01-11,,Orale
RX-002707,PAT-00443,SEJ-000629,M01,Anti-inflammatoires,À la demande,2024-01-11,2024-01-24,IV
RX-002708,PAT-00443,SEJ-000629,N02,Analgésiques,À la demande,2024-01-11,2024-01-13,Orale
RX-002709,PAT-00443,SEJ-000629,A02,Antiacides / IPP,1 SC/j,2024-01-09,2024-01-17,Orale
RX-002710,PAT-00443,SEJ-000629,B01,Antithrombotiques,1 IV x3/j,2024-01-11,2024-01-14,Orale
RX-002711,PAT-00444,SEJ-000630,J01,Antibiotiques,À la demande,2023-04-08,2023-04-11,Orale
RX-002712,PAT-00445,SEJ-000631,M01,Anti-inflammatoires,1 IV x3/j,2023-08-18,,IV
RX-002713,PAT-00446,SEJ-000632,B01,Antithrombotiques,1 SC/j,2023-06-22,2023-06-26,IV
RX-002714,PAT-00446,SEJ-000632,C07,Bêtabloquants,1 IV x3/j,2023-06-16,2023-06-20,IV
RX-002715,PAT-00446,SEJ-000633,A02,Antiacides / IPP,1 IV x3/j,2022-12-29,2023-01-04,Orale
RX-002716,PAT-00446,SEJ-000633,J01,Antibiotiques,1 cp/j,2022-12-29,2023-01-11,Orale
RX-002717,PAT-00447,SEJ-000634,B01,Antithrombotiques,1 IV x3/j,2023-01-29,2023-02-10,Orale
RX-002718,PAT-00447,SEJ-000634,N05,Psychotropes,1 cp/j,2023-01-30,,Orale
RX-002719,PAT-00447,SEJ-000634,C09,Inhibiteurs de l'ECV,1 IV x3/j,2023-01-28,,IV
RX-002720,PAT-00448,SEJ-000635,N05,Psychotropes,2 cp/j,2023-10-11,,Orale
RX-002721,PAT-00448,SEJ-000635,C07,Bêtabloquants,1 IV x3/j,2023-10-10,2023-10-11,Orale
RX-002722,PAT-00448,SEJ-000635,M01,Anti-inflammatoires,1 cp/j,2023-10-13,2023-10-14,IV
RX-002723,PAT-00448,SEJ-000636,C01,Inotropes cardiaques,500 mg x2/j,2023-02-13,2023-02-15,Sous-cutanee
RX-002724,PAT-00448,SEJ-000636,C09,Inhibiteurs de l'ECV,1 IV x3/j,2023-02-13,2023-02-16,IV
RX-002725,PAT-00448,SEJ-000636,N02,Analgésiques,1 patch/72h,2023-02-15,2023-02-18,Orale
RX-002726,PAT-00448,SEJ-000636,M01,Anti-inflammatoires,À la demande,2023-02-13,2023-02-18,IV
RX-002727,PAT-00448,SEJ-000636,M01,Anti-inflammatoires,À la demande,2023-02-15,2023-02-23,Orale
RX-002728,PAT-00449,SEJ-000637,C03,Diurétiques,À la demande,2023-08-08,2023-08-15,Orale
RX-002729,PAT-00449,SEJ-000637,C03,Diurétiques,1 IV x3/j,2023-08-14,2023-08-15,Sous-cutanee
RX-002730,PAT-00449,SEJ-000637,A10,Antidiabétiques,2 cp/j,2023-08-13,2023-08-17,Orale
RX-002731,PAT-00449,SEJ-000637,A10,Antidiabétiques,1 SC/j,2023-08-11,,Orale
RX-002732,PAT-00449,SEJ-000637,H02,Corticoïdes,500 mg x2/j,2023-08-12,,Orale
RX-002733,PAT-00450,SEJ-000638,C09,Inhibiteurs de l'ECV,1 cp/j,2023-09-14,2023-09-25,Orale
RX-002734,PAT-00450,SEJ-000638,C03,Diurétiques,2 cp/j,2023-09-19,2023-09-29,IV
RX-002735,PAT-00450,SEJ-000638,H02,Corticoïdes,1 IV x3/j,2023-09-08,2023-09-14,Orale
RX-002736,PAT-00450,SEJ-000638,C01,Inotropes cardiaques,500 mg x2/j,2023-09-08,2023-09-09,Orale
RX-002737,PAT-00450,SEJ-000638,C01,Inotropes cardiaques,500 mg x2/j,2023-09-09,,Orale
RX-002738,PAT-00450,SEJ-000638,H02,Corticoïdes,1 patch/72h,2023-09-12,2023-09-22,Orale
RX-002739,PAT-00450,SEJ-000638,H02,Corticoïdes,500 mg x2/j,2023-09-13,2023-09-18,Orale
RX-002740,PAT-00450,SEJ-000638,N05,Psychotropes,À la demande,2023-09-13,,Orale
RX-002741,PAT-00451,SEJ-000639,N02,Analgésiques,1 cp/j,2023-02-27,2023-03-08,Sous-cutanee
RX-002742,PAT-00451,SEJ-000639,C09,Inhibiteurs de l'ECV,À la demande,2023-02-28,2023-03-06,Orale
RX-002743,PAT-00451,SEJ-000639,N05,Psychotropes,1 SC/j,2023-02-28,,Sous-cutanee
RX-002744,PAT-00452,SEJ-000640,A10,Antidiabétiques,1 cp/j,2023-06-18,2023-06-19,Orale
RX-002745,PAT-00452,SEJ-000640,C09,Inhibiteurs de l'ECV,1 patch/72h,2023-06-16,2023-06-28,Orale
RX-002746,PAT-00452,SEJ-000640,H02,Corticoïdes,1 SC/j,2023-06-18,2023-06-24,IV
RX-002747,PAT-00452,SEJ-000640,C07,Bêtabloquants,1 cp/j,2023-06-16,2023-06-18,IV
RX-002748,PAT-00453,SEJ-000641,H02,Corticoïdes,1 cp/j,2023-01-03,2023-01-12,Orale
RX-002749,PAT-00453,SEJ-000641,N05,Psychotropes,1 IV x3/j,2023-01-08,,Sous-cutanee
RX-002750,PAT-00453,SEJ-000641,N05,Psychotropes,500 mg x2/j,2023-01-09,2023-01-16,IV
RX-002751,PAT-00453,SEJ-000642,N02,Analgésiques,1 SC/j,2023-07-19,2023-07-31,Orale
RX-002752,PAT-00453,SEJ-000642,C03,Diurétiques,2 cp/j,2023-07-22,2023-08-03,Sous-cutanee
RX-002753,PAT-00453,SEJ-000642,H02,Corticoïdes,À la demande,2023-07-22,2023-07-30,Orale
RX-002754,PAT-00453,SEJ-000642,B01,Antithrombotiques,1 cp/j,2023-07-20,2023-07-28,Orale
RX-002755,PAT-00454,SEJ-000643,C09,Inhibiteurs de l'ECV,À la demande,2023-12-12,,Orale
RX-002756,PAT-00454,SEJ-000643,M01,Anti-inflammatoires,1 patch/72h,2023-12-14,,Orale
RX-002757,PAT-00454,SEJ-000643,C03,Diurétiques,500 mg x2/j,2023-12-13,2023-12-21,IV
RX-002758,PAT-00454,SEJ-000643,J01,Antibiotiques,500 mg x2/j,2023-12-15,2023-12-22,IV
RX-002759,PAT-00454,SEJ-000643,J01,Antibiotiques,1 IV x3/j,2023-12-14,2023-12-15,Orale
RX-002760,PAT-00454,SEJ-000643,M01,Anti-inflammatoires,1 SC/j,2023-12-15,2023-12-20,Orale
RX-002761,PAT-00454,SEJ-000644,H02,Corticoïdes,1 IV x3/j,2024-01-15,2024-01-22,Orale
RX-002762,PAT-00454,SEJ-000644,C03,Diurétiques,À la demande,2024-01-15,2024-01-27,Orale
RX-002763,PAT-00454,SEJ-000644,C07,Bêtabloquants,2 cp/j,2024-01-15,,Orale
RX-002764,PAT-00454,SEJ-000644,M01,Anti-inflammatoires,1 patch/72h,2024-01-15,2024-01-25,Orale
RX-002765,PAT-00454,SEJ-000644,J01,Antibiotiques,1 IV x3/j,2024-01-15,2024-01-16,Orale
RX-002766,PAT-00454,SEJ-000644,C03,Diurétiques,1 patch/72h,2024-01-15,2024-01-24,Orale
RX-002767,PAT-00454,SEJ-000644,C01,Inotropes cardiaques,2 cp/j,2024-01-15,2024-01-22,Orale
RX-002768,PAT-00455,SEJ-000645,C03,Diurétiques,1 cp/j,2023-09-14,2023-09-16,Orale
RX-002769,PAT-00455,SEJ-000645,C09,Inhibiteurs de l'ECV,1 cp/j,2023-09-08,2023-09-15,Orale
RX-002770,PAT-00455,SEJ-000645,J01,Antibiotiques,1 cp/j,2023-09-11,2023-09-15,Orale
RX-002771,PAT-00456,SEJ-000646,C09,Inhibiteurs de l'ECV,500 mg x2/j,2023-08-16,2023-08-18,Orale
RX-002772,PAT-00456,SEJ-000646,M01,Anti-inflammatoires,1 cp/j,2023-08-16,2023-08-22,Orale
RX-002773,PAT-00456,SEJ-000646,C01,Inotropes cardiaques,1 SC/j,2023-08-16,2023-08-23,Orale
RX-002774,PAT-00457,SEJ-000647,A02,Antiacides / IPP,500 mg x2/j,2023-06-16,,Sous-cutanee
RX-002775,PAT-00457,SEJ-000647,J01,Antibiotiques,500 mg x2/j,2023-06-13,2023-06-26,Orale
RX-002776,PAT-00457,SEJ-000647,C01,Inotropes cardiaques,1 SC/j,2023-06-14,,Orale
RX-002777,PAT-00457,SEJ-000647,N05,Psychotropes,500 mg x2/j,2023-06-20,2023-06-29,Orale
RX-002778,PAT-00457,SEJ-000647,N05,Psychotropes,À la demande,2023-06-14,2023-06-15,Orale
RX-002779,PAT-00457,SEJ-000647,A02,Antiacides / IPP,1 cp/j,2023-06-16,,Orale
RX-002780,PAT-00457,SEJ-000647,N02,Analgésiques,500 mg x2/j,2023-06-14,,Orale
RX-002781,PAT-00457,SEJ-000648,M01,Anti-inflammatoires,1 cp/j,2023-04-13,2023-04-26,Orale
RX-002782,PAT-00457,SEJ-000648,A10,Antidiabétiques,1 IV x3/j,2023-04-13,2023-04-23,Orale
RX-002783,PAT-00458,SEJ-000649,N05,Psychotropes,1 IV x3/j,2023-05-22,,IV
RX-002784,PAT-00458,SEJ-000649,C07,Bêtabloquants,1 SC/j,2023-05-21,2023-06-01,IV
RX-002785,PAT-00458,SEJ-000649,C07,Bêtabloquants,2 cp/j,2023-05-23,2023-05-31,Orale
RX-002786,PAT-00458,SEJ-000649,C03,Diurétiques,1 patch/72h,2023-05-22,2023-06-01,IV
RX-002787,PAT-00458,SEJ-000649,A02,Antiacides / IPP,1 cp/j,2023-05-21,2023-05-26,Orale
RX-002788,PAT-00458,SEJ-000649,M01,Anti-inflammatoires,1 IV x3/j,2023-05-23,2023-05-24,Orale
RX-002789,PAT-00458,SEJ-000650,A10,Antidiabétiques,1 SC/j,2023-09-26,2023-10-03,Sous-cutanee
RX-002790,PAT-00458,SEJ-000650,A02,Antiacides / IPP,À la demande,2023-09-25,2023-10-04,Orale
RX-002791,PAT-00458,SEJ-000650,N02,Analgésiques,1 IV x3/j,2023-09-25,,IV
RX-002792,PAT-00459,SEJ-000651,C07,Bêtabloquants,1 SC/j,2023-01-31,2023-02-13,Sous-cutanee
RX-002793,PAT-00459,SEJ-000651,C01,Inotropes cardiaques,2 cp/j,2023-01-29,2023-01-30,Orale
RX-002794,PAT-00459,SEJ-000651,A02,Antiacides / IPP,1 IV x3/j,2023-01-30,2023-02-02,Orale
RX-002795,PAT-00459,SEJ-000651,M01,Anti-inflammatoires,À la demande,2023-01-31,,Orale
RX-002796,PAT-00459,SEJ-000651,C09,Inhibiteurs de l'ECV,1 SC/j,2023-01-29,,Orale
RX-002797,PAT-00460,SEJ-000652,C03,Diurétiques,2 cp/j,2023-12-24,,Orale
RX-002798,PAT-00460,SEJ-000652,C09,Inhibiteurs de l'ECV,500 mg x2/j,2023-12-23,2024-01-04,Orale
RX-002799,PAT-00460,SEJ-000652,N02,Analgésiques,1 cp/j,2023-12-24,2024-01-01,Orale
RX-002800,PAT-00460,SEJ-000652,C09,Inhibiteurs de l'ECV,1 IV x3/j,2023-12-24,2023-12-30,Orale
RX-002801,PAT-00460,SEJ-000652,C01,Inotropes cardiaques,500 mg x2/j,2023-12-25,2024-01-02,Orale
RX-002802,PAT-00460,SEJ-000652,A02,Antiacides / IPP,1 IV x3/j,2023-12-24,2023-12-26,Orale
RX-002803,PAT-00460,SEJ-000652,C03,Diurétiques,À la demande,2023-12-23,2023-12-27,Orale
RX-002804,PAT-00460,SEJ-000653,C07,Bêtabloquants,À la demande,2023-08-21,2023-08-24,Orale
RX-002805,PAT-00460,SEJ-000653,B01,Antithrombotiques,À la demande,2023-08-18,,Orale
RX-002806,PAT-00460,SEJ-000653,C03,Diurétiques,1 cp/j,2023-08-18,,Orale
RX-002807,PAT-00460,SEJ-000653,N05,Psychotropes,500 mg x2/j,2023-08-19,,Orale
RX-002808,PAT-00460,SEJ-000653,C09,Inhibiteurs de l'ECV,1 IV x3/j,2023-08-18,2023-08-24,Orale
RX-002809,PAT-00461,SEJ-000654,C07,Bêtabloquants,1 patch/72h,2023-10-08,,IV
RX-002810,PAT-00461,SEJ-000654,A10,Antidiabétiques,1 cp/j,2023-10-08,2023-10-15,Orale
RX-002811,PAT-00461,SEJ-000654,H02,Corticoïdes,1 cp/j,2023-10-06,2023-10-16,Orale
RX-002812,PAT-00461,SEJ-000654,A02,Antiacides / IPP,2 cp/j,2023-10-08,,Orale
RX-002813,PAT-00461,SEJ-000654,C01,Inotropes cardiaques,2 cp/j,2023-10-06,2023-10-19,Orale
RX-002814,PAT-00461,SEJ-000655,C09,Inhibiteurs de l'ECV,500 mg x2/j,2024-03-20,2024-04-01,IV
RX-002815,PAT-00462,SEJ-000656,H02,Corticoïdes,1 SC/j,2024-03-25,2024-03-31,Orale
RX-002816,PAT-00462,SEJ-000656,N05,Psychotropes,1 IV x3/j,2024-03-25,,IV
RX-002817,PAT-00462,SEJ-000656,C07,Bêtabloquants,À la demande,2024-03-26,2024-04-03,Orale
RX-002818,PAT-00462,SEJ-000656,B01,Antithrombotiques,1 SC/j,2024-03-23,2024-04-03,Orale
RX-002819,PAT-00462,SEJ-000656,N05,Psychotropes,À la demande,2024-03-23,2024-03-24,Orale
RX-002820,PAT-00462,SEJ-000657,A10,Antidiabétiques,2 cp/j,2023-05-11,2023-05-21,Orale
RX-002821,PAT-00462,SEJ-000657,H02,Corticoïdes,À la demande,2023-05-11,2023-05-24,IV
RX-002822,PAT-00462,SEJ-000657,A02,Antiacides / IPP,500 mg x2/j,2023-05-10,,Orale
RX-002823,PAT-00462,SEJ-000657,N02,Analgésiques,1 cp/j,2023-05-10,,Orale
RX-002824,PAT-00462,SEJ-000657,M01,Anti-inflammatoires,2 cp/j,2023-05-11,2023-05-16,Orale
RX-002825,PAT-00462,SEJ-000657,J01,Antibiotiques,1 patch/72h,2023-05-12,2023-05-25,Orale
RX-002826,PAT-00463,SEJ-000658,C09,Inhibiteurs de l'ECV,1 cp/j,2024-04-02,2024-04-05,Orale
RX-002827,PAT-00463,SEJ-000658,J01,Antibiotiques,500 mg x2/j,2024-03-31,2024-04-12,Orale
RX-002828,PAT-00463,SEJ-000658,C01,Inotropes cardiaques,1 IV x3/j,2024-04-03,,Orale
RX-002829,PAT-00464,SEJ-000659,A10,Antidiabétiques,1 IV x3/j,2023-06-21,2023-06-29,Orale
RX-002830,PAT-00464,SEJ-000659,A10,Antidiabétiques,À la demande,2023-06-21,2023-06-29,Orale
RX-002831,PAT-00465,SEJ-000660,C07,Bêtabloquants,500 mg x2/j,2023-04-02,2023-04-04,Orale
RX-002832,PAT-00465,SEJ-000660,A10,Antidiabétiques,1 SC/j,2023-03-31,2023-04-04,Orale
RX-002833,PAT-00465,SEJ-000660,A10,Antidiabétiques,1 patch/72h,2023-03-31,2023-04-07,Sous-cutanee
RX-002834,PAT-00465,SEJ-000660,N05,Psychotropes,2 cp/j,2023-03-31,2023-04-04,IV
RX-002835,PAT-00466,SEJ-000661,H02,Corticoïdes,1 IV x3/j,2023-09-25,2023-10-02,IV
RX-002836,PAT-00466,SEJ-000662,N02,Analgésiques,À la demande,2023-06-30,2023-07-08,Orale
RX-002837,PAT-00466,SEJ-000662,J01,Antibiotiques,1 SC/j,2023-06-27,2023-07-08,IV
RX-002838,PAT-00466,SEJ-000662,B01,Antithrombotiques,1 SC/j,2023-06-29,2023-07-11,Orale
RX-002839,PAT-00466,SEJ-000662,M01,Anti-inflammatoires,1 IV x3/j,2023-06-29,2023-07-08,Orale
RX-002840,PAT-00467,SEJ-000663,C09,Inhibiteurs de l'ECV,2 cp/j,2023-09-08,2023-09-15,Sous-cutanee
RX-002841,PAT-00467,SEJ-000663,N02,Analgésiques,500 mg x2/j,2023-09-09,2023-09-22,Orale
RX-002842,PAT-00468,SEJ-000664,A10,Antidiabétiques,500 mg x2/j,2023-06-09,2023-06-20,Orale
RX-002843,PAT-00468,SEJ-000664,C01,Inotropes cardiaques,1 cp/j,2023-06-08,,Orale
RX-002844,PAT-00468,SEJ-000664,C03,Diurétiques,1 patch/72h,2023-06-11,2023-06-20,Orale
RX-002845,PAT-00469,SEJ-000665,C03,Diurétiques,1 cp/j,2024-02-04,,Orale
RX-002846,PAT-00469,SEJ-000665,A10,Antidiabétiques,1 patch/72h,2024-02-02,2024-02-09,IV
RX-002847,PAT-00469,SEJ-000665,A02,Antiacides / IPP,1 SC/j,2024-02-05,2024-02-08,Orale
RX-002848,PAT-00469,SEJ-000665,C07,Bêtabloquants,1 cp/j,2024-02-03,2024-02-08,Orale
RX-002849,PAT-00469,SEJ-000665,B01,Antithrombotiques,À la demande,2024-02-03,2024-02-13,Orale
RX-002850,PAT-00470,SEJ-000666,C07,Bêtabloquants,2 cp/j,2023-05-13,2023-05-22,Orale
RX-002851,PAT-00470,SEJ-000666,A10,Antidiabétiques,2 cp/j,2023-05-16,2023-05-28,Orale
RX-002852,PAT-00470,SEJ-000666,A10,Antidiabétiques,1 cp/j,2023-05-15,2023-05-19,Orale
RX-002853,PAT-00470,SEJ-000666,C07,Bêtabloquants,À la demande,2023-05-15,,Sous-cutanee
RX-002854,PAT-00471,SEJ-000667,A10,Antidiabétiques,1 cp/j,2023-04-13,2023-04-17,Sous-cutanee
RX-002855,PAT-00471,SEJ-000667,C03,Diurétiques,1 SC/j,2023-04-11,2023-04-24,Orale
RX-002856,PAT-00471,SEJ-000667,B01,Antithrombotiques,500 mg x2/j,2023-04-10,2023-04-14,IV
RX-002857,PAT-00471,SEJ-000667,C03,Diurétiques,1 cp/j,2023-04-17,2023-04-18,Orale
RX-002858,PAT-00471,SEJ-000667,A10,Antidiabétiques,1 SC/j,2023-04-15,,Orale
RX-002859,PAT-00472,SEJ-000668,N02,Analgésiques,À la demande,2024-04-20,2024-05-02,IV
RX-002860,PAT-00472,SEJ-000668,H02,Corticoïdes,2 cp/j,2024-04-18,2024-04-19,Orale
RX-002861,PAT-00472,SEJ-000668,C03,Diurétiques,1 cp/j,2024-04-20,2024-04-30,IV
RX-002862,PAT-00472,SEJ-000668,C07,Bêtabloquants,1 cp/j,2024-04-18,,IV
RX-002863,PAT-00473,SEJ-000669,B01,Antithrombotiques,1 cp/j,2023-01-22,2023-01-25,Orale
RX-002864,PAT-00473,SEJ-000669,A02,Antiacides / IPP,2 cp/j,2023-01-23,2023-01-30,Orale
RX-002865,PAT-00473,SEJ-000669,H02,Corticoïdes,1 cp/j,2023-01-22,2023-01-24,IV
RX-002866,PAT-00473,SEJ-000669,C03,Diurétiques,1 cp/j,2023-01-25,2023-01-27,IV
RX-002867,PAT-00473,SEJ-000669,A10,Antidiabétiques,1 cp/j,2023-01-26,2023-02-06,Sous-cutanee
RX-002868,PAT-00473,SEJ-000670,A02,Antiacides / IPP,1 IV x3/j,2024-05-18,2024-05-22,Sous-cutanee
RX-002869,PAT-00473,SEJ-000670,C01,Inotropes cardiaques,1 SC/j,2024-05-18,2024-05-22,Orale
RX-002870,PAT-00473,SEJ-000670,N05,Psychotropes,1 IV x3/j,2024-05-18,,IV
RX-002871,PAT-00473,SEJ-000670,H02,Corticoïdes,500 mg x2/j,2024-05-18,2024-05-23,Orale
RX-002872,PAT-00473,SEJ-000670,A10,Antidiabétiques,À la demande,2024-05-18,2024-05-28,Sous-cutanee
RX-002873,PAT-00473,SEJ-000670,C01,Inotropes cardiaques,1 cp/j,2024-05-19,2024-06-01,Sous-cutanee
RX-002874,PAT-00473,SEJ-000670,N05,Psychotropes,1 IV x3/j,2024-05-18,2024-05-29,Sous-cutanee
RX-002875,PAT-00473,SEJ-000670,C07,Bêtabloquants,À la demande,2024-05-17,2024-05-26,Orale
RX-002876,PAT-00473,SEJ-000670,C03,Diurétiques,1 patch/72h,2024-05-19,2024-05-23,Orale
RX-002877,PAT-00473,SEJ-000671,C01,Inotropes cardiaques,1 IV x3/j,2023-09-30,2023-10-11,Orale
RX-002878,PAT-00473,SEJ-000671,A02,Antiacides / IPP,À la demande,2023-09-30,,Sous-cutanee
RX-002879,PAT-00474,SEJ-000672,A10,Antidiabétiques,2 cp/j,2023-11-03,2023-11-14,Orale
RX-002880,PAT-00474,SEJ-000672,B01,Antithrombotiques,1 SC/j,2023-11-03,,Orale
RX-002881,PAT-00474,SEJ-000672,J01,Antibiotiques,À la demande,2023-11-03,2023-11-10,Orale
RX-002882,PAT-00475,SEJ-000673,H02,Corticoïdes,À la demande,2023-09-02,2023-09-03,Orale
RX-002883,PAT-00475,SEJ-000673,C09,Inhibiteurs de l'ECV,À la demande,2023-08-28,2023-09-08,Orale
RX-002884,PAT-00475,SEJ-000673,A10,Antidiabétiques,1 IV x3/j,2023-09-04,,IV
RX-002885,PAT-00475,SEJ-000673,N02,Analgésiques,500 mg x2/j,2023-08-28,2023-09-03,Orale
RX-002886,PAT-00475,SEJ-000673,C07,Bêtabloquants,À la demande,2023-09-08,,Orale
RX-002887,PAT-00475,SEJ-000673,C01,Inotropes cardiaques,500 mg x2/j,2023-09-05,2023-09-08,Sous-cutanee
RX-002888,PAT-00475,SEJ-000673,C01,Inotropes cardiaques,1 IV x3/j,2023-09-04,2023-09-08,Sous-cutanee
RX-002889,PAT-00476,SEJ-000674,A10,Antidiabétiques,1 cp/j,2024-03-31,2024-04-03,Orale
RX-002890,PAT-00476,SEJ-000674,M01,Anti-inflammatoires,1 patch/72h,2024-03-31,2024-04-03,Orale
RX-002891,PAT-00476,SEJ-000675,A10,Antidiabétiques,1 SC/j,2023-02-08,2023-02-11,Orale
RX-002892,PAT-00476,SEJ-000675,H02,Corticoïdes,500 mg x2/j,2023-02-10,2023-02-14,Orale
RX-002893,PAT-00476,SEJ-000675,B01,Antithrombotiques,À la demande,2023-02-06,2023-02-18,Orale
RX-002894,PAT-00476,SEJ-000675,M01,Anti-inflammatoires,À la demande,2023-02-06,2023-02-11,IV
RX-002895,PAT-00476,SEJ-000675,J01,Antibiotiques,1 SC/j,2023-02-07,2023-02-12,Orale
RX-002896,PAT-00476,SEJ-000675,C09,Inhibiteurs de l'ECV,1 patch/72h,2023-02-07,2023-02-15,Orale
RX-002897,PAT-00476,SEJ-000675,N05,Psychotropes,1 patch/72h,2023-02-09,2023-02-21,Orale
RX-002898,PAT-00476,SEJ-000675,B01,Antithrombotiques,1 cp/j,2023-02-10,2023-02-16,Sous-cutanee
RX-002899,PAT-00477,SEJ-000676,C01,Inotropes cardiaques,1 SC/j,2023-07-26,2023-07-30,IV
RX-002900,PAT-00477,SEJ-000676,C07,Bêtabloquants,À la demande,2023-07-28,,Orale
RX-002901,PAT-00477,SEJ-000676,C03,Diurétiques,1 IV x3/j,2023-07-26,2023-08-05,Orale
RX-002902,PAT-00477,SEJ-000676,C03,Diurétiques,1 IV x3/j,2023-07-26,2023-07-31,Orale
RX-002903,PAT-00477,SEJ-000676,A10,Antidiabétiques,500 mg x2/j,2023-07-25,2023-07-30,Orale
RX-002904,PAT-00477,SEJ-000676,C09,Inhibiteurs de l'ECV,1 cp/j,2023-07-27,2023-07-31,Orale
RX-002905,PAT-00477,SEJ-000676,J01,Antibiotiques,1 IV x3/j,2023-07-25,2023-07-26,Orale
RX-002906,PAT-00477,SEJ-000676,H02,Corticoïdes,2 cp/j,2023-07-28,2023-07-30,Orale
RX-002907,PAT-00477,SEJ-000676,C01,Inotropes cardiaques,1 cp/j,2023-07-27,2023-07-28,Orale
RX-002908,PAT-00477,SEJ-000676,C01,Inotropes cardiaques,500 mg x2/j,2023-07-28,,IV
RX-002909,PAT-00478,SEJ-000677,B01,Antithrombotiques,1 IV x3/j,2023-06-24,,Orale
RX-002910,PAT-00479,SEJ-000678,C01,Inotropes cardiaques,1 SC/j,2023-09-20,2023-09-25,Orale
RX-002911,PAT-00479,SEJ-000678,M01,Anti-inflammatoires,500 mg x2/j,2023-09-20,2023-09-23,Sous-cutanee
RX-002912,PAT-00480,SEJ-000679,J01,Antibiotiques,1 patch/72h,2023-04-06,,Orale
RX-002913,PAT-00480,SEJ-000679,C03,Diurétiques,1 IV x3/j,2023-04-07,2023-04-18,Sous-cutanee
RX-002914,PAT-00480,SEJ-000679,N05,Psychotropes,1 cp/j,2023-04-06,,Orale
RX-002915,PAT-00480,SEJ-000679,J01,Antibiotiques,2 cp/j,2023-04-06,2023-04-14,Orale
RX-002916,PAT-00481,SEJ-000680,M01,Anti-inflammatoires,À la demande,2023-11-18,2023-11-24,Orale
RX-002917,PAT-00481,SEJ-000680,A02,Antiacides / IPP,1 patch/72h,2023-11-25,2023-12-07,Orale
RX-002918,PAT-00481,SEJ-000680,N05,Psychotropes,À la demande,2023-11-18,,Orale
RX-002919,PAT-00481,SEJ-000680,H02,Corticoïdes,500 mg x2/j,2023-11-24,2023-12-05,Orale
RX-002920,PAT-00482,SEJ-000681,A02,Antiacides / IPP,1 cp/j,2023-01-20,,Orale
RX-002921,PAT-00482,SEJ-000681,A02,Antiacides / IPP,1 cp/j,2023-01-20,2023-01-22,IV
RX-002922,PAT-00482,SEJ-000681,J01,Antibiotiques,1 SC/j,2023-01-21,2023-01-26,Orale
RX-002923,PAT-00482,SEJ-000681,M01,Anti-inflammatoires,1 SC/j,2023-01-19,2023-01-25,Orale
RX-002924,PAT-00482,SEJ-000681,C01,Inotropes cardiaques,1 IV x3/j,2023-01-21,2023-02-01,IV
RX-002925,PAT-00482,SEJ-000681,A02,Antiacides / IPP,500 mg x2/j,2023-01-20,2023-01-22,Orale
RX-002926,PAT-00482,SEJ-000681,C07,Bêtabloquants,1 cp/j,2023-01-19,2023-01-27,Orale
RX-002927,PAT-00482,SEJ-000681,B01,Antithrombotiques,1 cp/j,2023-01-21,2023-02-01,Orale
RX-002928,PAT-00482,SEJ-000681,A10,Antidiabétiques,1 IV x3/j,2023-01-19,2023-01-21,IV
RX-002929,PAT-00482,SEJ-000681,C03,Diurétiques,À la demande,2023-01-21,2023-01-22,Orale
RX-002930,PAT-00482,SEJ-000681,N05,Psychotropes,1 IV x3/j,2023-01-20,2023-01-23,Orale
RX-002931,PAT-00482,SEJ-000681,M01,Anti-inflammatoires,1 patch/72h,2023-01-21,2023-02-02,IV
RX-002932,PAT-00483,SEJ-000682,A02,Antiacides / IPP,2 cp/j,2024-05-11,2024-05-13,IV
RX-002933,PAT-00484,SEJ-000683,A10,Antidiabétiques,500 mg x2/j,2023-02-25,,Sous-cutanee
RX-002934,PAT-00484,SEJ-000683,N02,Analgésiques,À la demande,2023-02-26,2023-03-03,Orale
RX-002935,PAT-00484,SEJ-000683,N05,Psychotropes,À la demande,2023-02-27,2023-03-10,Sous-cutanee
RX-002936,PAT-00484,SEJ-000683,N02,Analgésiques,2 cp/j,2023-02-24,2023-03-07,Orale
RX-002937,PAT-00484,SEJ-000683,B01,Antithrombotiques,1 IV x3/j,2023-02-25,2023-02-28,Orale
RX-002938,PAT-00485,SEJ-000684,A10,Antidiabétiques,1 SC/j,2023-02-23,2023-03-06,Sous-cutanee
RX-002939,PAT-00485,SEJ-000684,H02,Corticoïdes,2 cp/j,2023-02-23,,IV
RX-002940,PAT-00486,SEJ-000685,B01,Antithrombotiques,2 cp/j,2023-04-02,2023-04-06,IV
RX-002941,PAT-00486,SEJ-000685,B01,Antithrombotiques,À la demande,2023-04-02,2023-04-08,IV
RX-002942,PAT-00486,SEJ-000685,A10,Antidiabétiques,500 mg x2/j,2023-03-30,2023-04-07,Orale
RX-002943,PAT-00486,SEJ-000685,H02,Corticoïdes,1 patch/72h,2023-04-06,2023-04-08,IV
RX-002944,PAT-00486,SEJ-000685,C07,Bêtabloquants,1 cp/j,2023-04-04,2023-04-17,IV
RX-002945,PAT-00487,SEJ-000686,J01,Antibiotiques,À la demande,2023-06-23,,IV
RX-002946,PAT-00487,SEJ-000686,A02,Antiacides / IPP,1 cp/j,2023-06-24,,Orale
RX-002947,PAT-00488,SEJ-000687,M01,Anti-inflammatoires,1 SC/j,2023-07-19,2023-07-22,Orale
RX-002948,PAT-00488,SEJ-000687,C07,Bêtabloquants,1 cp/j,2023-07-18,,Orale
RX-002949,PAT-00488,SEJ-000687,N05,Psychotropes,1 SC/j,2023-07-17,,Orale
RX-002950,PAT-00488,SEJ-000687,M01,Anti-inflammatoires,À la demande,2023-07-18,2023-07-28,Orale
RX-002951,PAT-00489,SEJ-000688,M01,Anti-inflammatoires,500 mg x2/j,2023-08-01,2023-08-08,Orale
RX-002952,PAT-00489,SEJ-000688,B01,Antithrombotiques,1 cp/j,2023-08-01,2023-08-02,Sous-cutanee
RX-002953,PAT-00489,SEJ-000688,C07,Bêtabloquants,2 cp/j,2023-08-01,2023-08-09,IV
RX-002954,PAT-00489,SEJ-000688,A02,Antiacides / IPP,2 cp/j,2023-08-01,,IV
RX-002955,PAT-00489,SEJ-000688,M01,Anti-inflammatoires,500 mg x2/j,2023-08-01,2023-08-09,Orale
RX-002956,PAT-00489,SEJ-000689,A10,Antidiabétiques,À la demande,2024-01-22,2024-02-04,Orale
RX-002957,PAT-00489,SEJ-000689,C01,Inotropes cardiaques,1 IV x3/j,2024-01-23,2024-02-01,Orale
RX-002958,PAT-00489,SEJ-000689,C09,Inhibiteurs de l'ECV,1 cp/j,2024-01-24,2024-01-29,Orale
RX-002959,PAT-00489,SEJ-000689,H02,Corticoïdes,1 patch/72h,2024-01-26,2024-01-30,IV
RX-002960,PAT-00489,SEJ-000689,C07,Bêtabloquants,500 mg x2/j,2024-01-24,2024-02-05,Orale
RX-002961,PAT-00490,SEJ-000690,C01,Inotropes cardiaques,2 cp/j,2024-02-10,,IV
RX-002962,PAT-00490,SEJ-000690,C03,Diurétiques,500 mg x2/j,2024-02-12,2024-02-22,Orale
RX-002963,PAT-00490,SEJ-000690,C07,Bêtabloquants,1 IV x3/j,2024-02-12,,IV
RX-002964,PAT-00490,SEJ-000690,N02,Analgésiques,1 patch/72h,2024-02-12,2024-02-22,IV
RX-002965,PAT-00490,SEJ-000690,N05,Psychotropes,À la demande,2024-02-12,2024-02-15,Orale
RX-002966,PAT-00490,SEJ-000690,C09,Inhibiteurs de l'ECV,À la demande,2024-02-09,2024-02-20,Orale
RX-002967,PAT-00490,SEJ-000690,C07,Bêtabloquants,1 patch/72h,2024-02-09,,Orale
RX-002968,PAT-00491,SEJ-000691,A02,Antiacides / IPP,1 patch/72h,2022-12-26,2022-12-27,Orale
RX-002969,PAT-00491,SEJ-000691,C03,Diurétiques,1 SC/j,2022-12-22,2022-12-24,Orale
RX-002970,PAT-00491,SEJ-000691,C07,Bêtabloquants,1 cp/j,2022-12-23,2022-12-24,IV
RX-002971,PAT-00491,SEJ-000691,J01,Antibiotiques,1 cp/j,2022-12-25,,Orale
RX-002972,PAT-00491,SEJ-000692,C03,Diurétiques,À la demande,2023-09-10,2023-09-14,Orale
RX-002973,PAT-00491,SEJ-000692,J01,Antibiotiques,1 SC/j,2023-09-08,,Orale
RX-002974,PAT-00491,SEJ-000692,C01,Inotropes cardiaques,500 mg x2/j,2023-09-16,,IV
RX-002975,PAT-00491,SEJ-000692,N02,Analgésiques,1 cp/j,2023-09-11,2023-09-23,Orale
RX-002976,PAT-00491,SEJ-000692,J01,Antibiotiques,1 patch/72h,2023-09-13,2023-09-19,IV
RX-002977,PAT-00491,SEJ-000692,N05,Psychotropes,500 mg x2/j,2023-09-16,2023-09-28,Orale
RX-002978,PAT-00491,SEJ-000692,M01,Anti-inflammatoires,500 mg x2/j,2023-09-13,,Orale
RX-002979,PAT-00492,SEJ-000693,J01,Antibiotiques,1 IV x3/j,2024-04-25,,Sous-cutanee
RX-002980,PAT-00492,SEJ-000693,A10,Antidiabétiques,500 mg x2/j,2024-04-22,2024-05-02,Orale
RX-002981,PAT-00492,SEJ-000693,N05,Psychotropes,500 mg x2/j,2024-04-22,2024-04-30,Orale
RX-002982,PAT-00492,SEJ-000693,C09,Inhibiteurs de l'ECV,1 IV x3/j,2024-04-23,2024-04-29,IV
RX-002983,PAT-00492,SEJ-000693,C03,Diurétiques,À la demande,2024-04-24,2024-04-29,Orale
RX-002984,PAT-00492,SEJ-000693,M01,Anti-inflammatoires,À la demande,2024-04-22,,IV
RX-002985,PAT-00492,SEJ-000693,C09,Inhibiteurs de l'ECV,1 SC/j,2024-04-24,,Orale
RX-002986,PAT-00492,SEJ-000693,A10,Antidiabétiques,1 IV x3/j,2024-04-25,,Orale
RX-002987,PAT-00493,SEJ-000694,H02,Corticoïdes,500 mg x2/j,2024-02-15,2024-02-28,Orale
RX-002988,PAT-00494,SEJ-000695,A02,Antiacides / IPP,1 cp/j,2023-11-22,2023-12-04,Orale
RX-002989,PAT-00494,SEJ-000695,M01,Anti-inflammatoires,1 IV x3/j,2023-11-19,,Orale
RX-002990,PAT-00494,SEJ-000695,N02,Analgésiques,1 patch/72h,2023-11-19,2023-12-02,Orale
RX-002991,PAT-00494,SEJ-000695,A02,Antiacides / IPP,500 mg x2/j,2023-11-21,2023-11-29,Sous-cutanee
RX-002992,PAT-00494,SEJ-000695,J01,Antibiotiques,1 SC/j,2023-11-19,2023-11-23,Orale
RX-002993,PAT-00495,SEJ-000696,J01,Antibiotiques,À la demande,2024-03-22,2024-03-30,IV
RX-002994,PAT-00495,SEJ-000696,C03,Diurétiques,1 cp/j,2024-03-20,2024-03-29,IV
RX-002995,PAT-00495,SEJ-000696,J01,Antibiotiques,À la demande,2024-03-20,2024-03-28,Orale
RX-002996,PAT-00495,SEJ-000696,B01,Antithrombotiques,1 patch/72h,2024-03-22,,Orale
RX-002997,PAT-00495,SEJ-000696,N05,Psychotropes,1 cp/j,2024-03-20,2024-03-27,Orale
RX-002998,PAT-00495,SEJ-000697,N05,Psychotropes,500 mg x2/j,2024-01-23,2024-01-27,Orale
RX-002999,PAT-00495,SEJ-000697,C07,Bêtabloquants,1 cp/j,2024-01-23,2024-01-25,IV
RX-003000,PAT-00495,SEJ-000697,C09,Inhibiteurs de l'ECV,500 mg x2/j,2024-01-22,,Orale
RX-003001,PAT-00495,SEJ-000697,C03,Diurétiques,1 patch/72h,2024-01-23,2024-01-28,Orale
RX-003002,PAT-00495,SEJ-000697,A10,Antidiabétiques,1 IV x3/j,2024-01-22,2024-01-27,Orale
RX-003003,PAT-00495,SEJ-000697,B01,Antithrombotiques,2 cp/j,2024-01-23,2024-01-26,Orale
RX-003004,PAT-00495,SEJ-000697,C03,Diurétiques,500 mg x2/j,2024-01-23,2024-01-29,IV
RX-003005,PAT-00495,SEJ-000697,M01,Anti-inflammatoires,1 cp/j,2024-01-22,2024-02-04,Orale
RX-003006,PAT-00496,SEJ-000698,C03,Diurétiques,À la demande,2023-06-04,,Sous-cutanee
RX-003007,PAT-00496,SEJ-000698,C03,Diurétiques,À la demande,2023-06-04,2023-06-13,Orale
RX-003008,PAT-00497,SEJ-000699,C01,Inotropes cardiaques,500 mg x2/j,2023-06-21,2023-06-29,Sous-cutanee
RX-003009,PAT-00497,SEJ-000699,A02,Antiacides / IPP,1 IV x3/j,2023-06-19,2023-06-26,Orale
RX-003010,PAT-00497,SEJ-000699,C07,Bêtabloquants,À la demande,2023-06-23,2023-06-26,Orale
RX-003011,PAT-00497,SEJ-000699,A02,Antiacides / IPP,1 patch/72h,2023-06-22,2023-07-05,Orale
RX-003012,PAT-00497,SEJ-000699,C01,Inotropes cardiaques,1 patch/72h,2023-06-22,,Sous-cutanee
RX-003013,PAT-00498,SEJ-000700,A10,Antidiabétiques,500 mg x2/j,2023-04-08,2023-04-21,Orale
RX-003014,PAT-00498,SEJ-000700,A10,Antidiabétiques,2 cp/j,2023-04-07,2023-04-16,Orale
RX-003015,PAT-00499,SEJ-000701,M01,Anti-inflammatoires,500 mg x2/j,2024-04-27,2024-05-08,Sous-cutanee
RX-003016,PAT-00499,SEJ-000701,H02,Corticoïdes,2 cp/j,2024-04-25,2024-04-27,Orale
RX-003017,PAT-00499,SEJ-000701,A02,Antiacides / IPP,2 cp/j,2024-04-26,,IV
RX-003018,PAT-00499,SEJ-000701,J01,Antibiotiques,1 patch/72h,2024-04-26,2024-04-29,IV
RX-003019,PAT-00499,SEJ-000701,B01,Antithrombotiques,1 cp/j,2024-04-26,2024-04-27,Orale
RX-003020,PAT-00500,SEJ-000702,A10,Antidiabétiques,1 patch/72h,2023-12-25,2023-12-27,Orale
RX-003021,PAT-00500,SEJ-000702,J01,Antibiotiques,1 cp/j,2023-12-25,2023-12-28,IV
RX-003022,PAT-00500,SEJ-000702,N02,Analgésiques,1 IV x3/j,2023-12-22,2023-12-25,Orale
RX-003023,PAT-00501,SEJ-000703,A10,Antidiabétiques,À la demande,2023-06-16,,Orale
RX-003024,PAT-00501,SEJ-000703,H02,Corticoïdes,2 cp/j,2023-06-22,2023-06-27,Orale
RX-003025,PAT-00501,SEJ-000703,B01,Antithrombotiques,1 cp/j,2023-06-17,,Orale
RX-003026,PAT-00501,SEJ-000704,A02,Antiacides / IPP,1 patch/72h,2024-02-07,2024-02-08,Orale
RX-003027,PAT-00501,SEJ-000704,C07,Bêtabloquants,1 patch/72h,2024-02-07,,Orale
RX-003028,PAT-00501,SEJ-000704,B01,Antithrombotiques,1 IV x3/j,2024-02-07,2024-02-16,Orale
RX-003029,PAT-00502,SEJ-000705,A02,Antiacides / IPP,1 IV x3/j,2024-03-17,2024-03-30,Orale
RX-003030,PAT-00502,SEJ-000705,M01,Anti-inflammatoires,1 IV x3/j,2024-03-16,2024-03-20,Sous-cutanee
RX-003031,PAT-00502,SEJ-000705,C09,Inhibiteurs de l'ECV,À la demande,2024-03-17,,IV
RX-003032,PAT-00502,SEJ-000705,C09,Inhibiteurs de l'ECV,1 cp/j,2024-03-17,,Orale
RX-003033,PAT-00502,SEJ-000706,C01,Inotropes cardiaques,1 patch/72h,2024-05-14,2024-05-18,Orale
RX-003034,PAT-00503,SEJ-000707,N02,Analgésiques,1 cp/j,2023-11-15,2023-11-22,IV
RX-003035,PAT-00503,SEJ-000707,N05,Psychotropes,500 mg x2/j,2023-11-14,2023-11-26,IV
RX-003036,PAT-00503,SEJ-000707,J01,Antibiotiques,2 cp/j,2023-11-14,2023-11-22,Orale
RX-003037,PAT-00503,SEJ-000707,A10,Antidiabétiques,2 cp/j,2023-11-15,2023-11-16,Orale
RX-003038,PAT-00503,SEJ-000707,C09,Inhibiteurs de l'ECV,1 IV x3/j,2023-11-15,2023-11-26,IV
RX-003039,PAT-00504,SEJ-000708,C09,Inhibiteurs de l'ECV,2 cp/j,2023-09-30,2023-10-04,Orale
RX-003040,PAT-00505,SEJ-000709,C07,Bêtabloquants,1 IV x3/j,2023-01-29,,Orale
RX-003041,PAT-00505,SEJ-000709,C09,Inhibiteurs de l'ECV,2 cp/j,2023-01-29,2023-02-01,Orale
RX-003042,PAT-00505,SEJ-000709,C09,Inhibiteurs de l'ECV,1 cp/j,2023-01-29,2023-02-06,Orale
RX-003043,PAT-00505,SEJ-000709,C01,Inotropes cardiaques,2 cp/j,2023-01-29,2023-02-09,Orale
RX-003044,PAT-00506,SEJ-000710,B01,Antithrombotiques,1 cp/j,2023-11-16,2023-11-24,Orale
RX-003045,PAT-00506,SEJ-000710,N05,Psychotropes,2 cp/j,2023-11-16,2023-11-17,Orale
RX-003046,PAT-00506,SEJ-000710,C09,Inhibiteurs de l'ECV,1 patch/72h,2023-11-12,2023-11-14,Orale
RX-003047,PAT-00506,SEJ-000710,C03,Diurétiques,1 SC/j,2023-11-14,2023-11-15,Orale
RX-003048,PAT-00506,SEJ-000710,C03,Diurétiques,1 patch/72h,2023-11-12,2023-11-20,IV
RX-003049,PAT-00506,SEJ-000711,A10,Antidiabétiques,À la demande,2023-11-03,2023-11-15,Orale
RX-003050,PAT-00506,SEJ-000711,C03,Diurétiques,500 mg x2/j,2023-11-03,2023-11-06,Orale
RX-003051,PAT-00506,SEJ-000711,B01,Antithrombotiques,1 IV x3/j,2023-10-23,2023-10-31,IV
RX-003052,PAT-00507,SEJ-000712,C09,Inhibiteurs de l'ECV,500 mg x2/j,2024-01-29,,Orale
RX-003053,PAT-00507,SEJ-000712,N05,Psychotropes,1 SC/j,2024-01-26,2024-02-05,Orale
RX-003054,PAT-00507,SEJ-000713,H02,Corticoïdes,500 mg x2/j,2023-12-30,2024-01-05,Orale
RX-003055,PAT-00507,SEJ-000713,A10,Antidiabétiques,2 cp/j,2024-01-05,2024-01-10,IV
RX-003056,PAT-00507,SEJ-000713,A10,Antidiabétiques,1 SC/j,2023-12-27,2024-01-03,Orale
RX-003057,PAT-00507,SEJ-000713,J01,Antibiotiques,À la demande,2024-01-02,2024-01-05,IV
RX-003058,PAT-00507,SEJ-000713,A02,Antiacides / IPP,1 IV x3/j,2023-12-31,2024-01-11,Orale
RX-003059,PAT-00508,SEJ-000714,C03,Diurétiques,500 mg x2/j,2024-02-26,2024-03-10,Sous-cutanee
RX-003060,PAT-00508,SEJ-000714,B01,Antithrombotiques,1 IV x3/j,2024-02-26,2024-02-27,Orale
RX-003061,PAT-00509,SEJ-000715,N05,Psychotropes,1 SC/j,2024-04-23,2024-04-28,IV
RX-003062,PAT-00509,SEJ-000715,N05,Psychotropes,1 IV x3/j,2024-04-23,,Sous-cutanee
RX-003063,PAT-00509,SEJ-000715,B01,Antithrombotiques,500 mg x2/j,2024-04-23,,Orale
RX-003064,PAT-00509,SEJ-000715,C01,Inotropes cardiaques,1 SC/j,2024-04-24,,Orale
RX-003065,PAT-00510,SEJ-000716,B01,Antithrombotiques,À la demande,2023-07-09,2023-07-17,Orale
RX-003066,PAT-00510,SEJ-000716,C03,Diurétiques,1 IV x3/j,2023-07-05,2023-07-16,Orale
RX-003067,PAT-00510,SEJ-000716,A02,Antiacides / IPP,1 cp/j,2023-07-08,2023-07-12,Orale
RX-003068,PAT-00510,SEJ-000716,A02,Antiacides / IPP,1 SC/j,2023-07-05,2023-07-17,Sous-cutanee
RX-003069,PAT-00510,SEJ-000716,A02,Antiacides / IPP,2 cp/j,2023-07-08,,Orale
RX-003070,PAT-00510,SEJ-000716,C09,Inhibiteurs de l'ECV,1 IV x3/j,2023-07-08,2023-07-21,Orale
RX-003071,PAT-00510,SEJ-000716,C03,Diurétiques,1 IV x3/j,2023-07-09,2023-07-19,Orale
RX-003072,PAT-00510,SEJ-000716,C01,Inotropes cardiaques,1 cp/j,2023-07-08,2023-07-14,Orale
RX-003073,PAT-00510,SEJ-000716,A10,Antidiabétiques,1 patch/72h,2023-07-08,2023-07-20,IV
RX-003074,PAT-00510,SEJ-000717,N05,Psychotropes,À la demande,2023-11-18,2023-11-25,Orale
RX-003075,PAT-00510,SEJ-000717,M01,Anti-inflammatoires,500 mg x2/j,2023-11-18,,Orale
RX-003076,PAT-00510,SEJ-000717,A02,Antiacides / IPP,1 IV x3/j,2023-11-23,,Orale
RX-003077,PAT-00510,SEJ-000717,M01,Anti-inflammatoires,1 patch/72h,2023-11-23,2023-12-01,Orale
RX-003078,PAT-00510,SEJ-000717,C01,Inotropes cardiaques,1 SC/j,2023-11-24,,IV
RX-003079,PAT-00510,SEJ-000717,A10,Antidiabétiques,1 SC/j,2023-11-18,2023-11-21,Sous-cutanee
RX-003080,PAT-00510,SEJ-000717,C07,Bêtabloquants,À la demande,2023-11-18,2023-11-22,Sous-cutanee
RX-003081,PAT-00510,SEJ-000717,C03,Diurétiques,500 mg x2/j,2023-11-21,2023-11-29,IV
RX-003082,PAT-00510,SEJ-000717,N05,Psychotropes,1 SC/j,2023-11-19,2023-11-25,Orale
RX-003083,PAT-00510,SEJ-000718,A10,Antidiabétiques,À la demande,2023-02-25,2023-03-06,Orale
RX-003084,PAT-00510,SEJ-000718,H02,Corticoïdes,2 cp/j,2023-02-27,2023-03-03,Orale
RX-003085,PAT-00510,SEJ-000718,B01,Antithrombotiques,1 patch/72h,2023-02-25,2023-02-26,Orale
RX-003086,PAT-00510,SEJ-000718,A02,Antiacides / IPP,1 SC/j,2023-02-28,2023-03-07,Orale
RX-003087,PAT-00510,SEJ-000718,C01,Inotropes cardiaques,1 cp/j,2023-03-01,2023-03-07,Orale
RX-003088,PAT-00511,SEJ-000719,C01,Inotropes cardiaques,2 cp/j,2023-05-27,,IV
RX-003089,PAT-00511,SEJ-000719,B01,Antithrombotiques,1 cp/j,2023-05-28,,IV
RX-003090,PAT-00511,SEJ-000719,A02,Antiacides / IPP,1 cp/j,2023-05-28,2023-06-06,Orale
RX-003091,PAT-00512,SEJ-000720,N02,Analgésiques,À la demande,2023-10-30,2023-11-11,Orale
RX-003092,PAT-00512,SEJ-000720,N02,Analgésiques,1 SC/j,2023-10-26,2023-10-31,Orale
RX-003093,PAT-00513,SEJ-000721,N05,Psychotropes,1 cp/j,2024-01-06,2024-01-13,Orale
RX-003094,PAT-00513,SEJ-000721,N02,Analgésiques,2 cp/j,2024-01-07,2024-01-15,Sous-cutanee
RX-003095,PAT-00514,SEJ-000722,M01,Anti-inflammatoires,1 patch/72h,2024-02-29,,Orale
RX-003096,PAT-00514,SEJ-000722,C07,Bêtabloquants,500 mg x2/j,2024-03-02,2024-03-12,Orale
RX-003097,PAT-00514,SEJ-000722,C07,Bêtabloquants,2 cp/j,2024-02-29,2024-03-01,IV
RX-003098,PAT-00514,SEJ-000723,J01,Antibiotiques,1 cp/j,2024-05-26,2024-05-29,Orale
RX-003099,PAT-00514,SEJ-000723,A10,Antidiabétiques,1 patch/72h,2024-05-22,2024-05-30,Orale
RX-003100,PAT-00514,SEJ-000723,N05,Psychotropes,1 IV x3/j,2024-05-21,2024-05-22,IV
RX-003101,PAT-00514,SEJ-000723,C09,Inhibiteurs de l'ECV,1 patch/72h,2024-05-25,2024-06-04,Orale
RX-003102,PAT-00515,SEJ-000724,H02,Corticoïdes,À la demande,2023-12-20,2024-01-02,Orale
RX-003103,PAT-00515,SEJ-000724,A02,Antiacides / IPP,1 patch/72h,2023-12-22,2023-12-24,Orale
RX-003104,PAT-00515,SEJ-000724,A02,Antiacides / IPP,2 cp/j,2023-12-21,2023-12-24,Orale
RX-003105,PAT-00516,SEJ-000725,H02,Corticoïdes,1 IV x3/j,2023-02-03,,IV
RX-003106,PAT-00516,SEJ-000725,A10,Antidiabétiques,1 patch/72h,2023-02-03,2023-02-16,Orale
RX-003107,PAT-00517,SEJ-000726,B01,Antithrombotiques,2 cp/j,2022-12-16,2022-12-28,Orale
RX-003108,PAT-00517,SEJ-000726,A02,Antiacides / IPP,500 mg x2/j,2022-12-18,,IV
RX-003109,PAT-00517,SEJ-000726,C07,Bêtabloquants,1 IV x3/j,2022-12-16,2022-12-17,Orale
RX-003110,PAT-00517,SEJ-000726,B01,Antithrombotiques,2 cp/j,2022-12-15,2022-12-28,Orale
RX-003111,PAT-00517,SEJ-000727,N02,Analgésiques,1 SC/j,2023-06-10,2023-06-18,Orale
RX-003112,PAT-00517,SEJ-000727,J01,Antibiotiques,500 mg x2/j,2023-06-12,2023-06-24,Orale
RX-003113,PAT-00517,SEJ-000727,H02,Corticoïdes,2 cp/j,2023-06-10,2023-06-22,Orale
RX-003114,PAT-00518,SEJ-000728,J01,Antibiotiques,2 cp/j,2023-05-27,2023-06-04,Orale
RX-003115,PAT-00518,SEJ-000728,C03,Diurétiques,1 SC/j,2023-05-29,,Orale
RX-003116,PAT-00518,SEJ-000728,H02,Corticoïdes,1 SC/j,2023-05-26,2023-06-07,Orale
RX-003117,PAT-00518,SEJ-000728,N02,Analgésiques,À la demande,2023-05-29,2023-06-09,Orale
RX-003118,PAT-00519,SEJ-000729,N05,Psychotropes,2 cp/j,2024-04-13,2024-04-20,IV
RX-003119,PAT-00519,SEJ-000729,C01,Inotropes cardiaques,1 SC/j,2024-04-12,,Orale
RX-003120,PAT-00519,SEJ-000729,C01,Inotropes cardiaques,1 SC/j,2024-04-11,2024-04-18,IV
RX-003121,PAT-00519,SEJ-000729,C01,Inotropes cardiaques,1 patch/72h,2024-04-12,2024-04-13,Orale
RX-003122,PAT-00519,SEJ-000729,J01,Antibiotiques,500 mg x2/j,2024-04-13,2024-04-19,Orale
RX-003123,PAT-00519,SEJ-000729,C09,Inhibiteurs de l'ECV,1 SC/j,2024-04-12,2024-04-21,Orale
RX-003124,PAT-00519,SEJ-000729,C01,Inotropes cardiaques,1 cp/j,2024-04-13,,IV
RX-003125,PAT-00519,SEJ-000730,C09,Inhibiteurs de l'ECV,1 SC/j,2023-01-14,,Orale
RX-003126,PAT-00519,SEJ-000730,H02,Corticoïdes,2 cp/j,2023-01-15,,Orale
RX-003127,PAT-00520,SEJ-000731,H02,Corticoïdes,1 cp/j,2023-09-15,2023-09-18,Orale
RX-003128,PAT-00520,SEJ-000731,C09,Inhibiteurs de l'ECV,2 cp/j,2023-09-16,2023-09-27,IV
RX-003129,PAT-00520,SEJ-000731,C07,Bêtabloquants,500 mg x2/j,2023-09-15,,Orale
RX-003130,PAT-00520,SEJ-000731,A10,Antidiabétiques,1 patch/72h,2023-09-17,2023-09-27,Sous-cutanee
RX-003131,PAT-00521,SEJ-000732,N05,Psychotropes,1 patch/72h,2023-10-16,2023-10-28,Orale
RX-003132,PAT-00521,SEJ-000732,H02,Corticoïdes,1 patch/72h,2023-10-12,2023-10-15,Orale
RX-003133,PAT-00521,SEJ-000732,C03,Diurétiques,1 cp/j,2023-10-17,2023-10-27,Orale
RX-003134,PAT-00521,SEJ-000733,A02,Antiacides / IPP,1 SC/j,2024-03-01,2024-03-07,Sous-cutanee
RX-003135,PAT-00521,SEJ-000733,H02,Corticoïdes,1 patch/72h,2024-03-01,2024-03-05,IV
RX-003136,PAT-00521,SEJ-000733,M01,Anti-inflammatoires,1 cp/j,2024-03-02,,Sous-cutanee
RX-003137,PAT-00522,SEJ-000734,M01,Anti-inflammatoires,1 SC/j,2023-07-19,2023-07-28,IV
RX-003138,PAT-00522,SEJ-000734,C03,Diurétiques,1 IV x3/j,2023-07-21,2023-07-30,Orale
RX-003139,PAT-00522,SEJ-000734,A02,Antiacides / IPP,1 IV x3/j,2023-07-20,2023-07-27,Orale
RX-003140,PAT-00522,SEJ-000734,A10,Antidiabétiques,1 cp/j,2023-07-19,,Orale
RX-003141,PAT-00522,SEJ-000734,C09,Inhibiteurs de l'ECV,1 patch/72h,2023-07-21,2023-07-27,Orale
RX-003142,PAT-00522,SEJ-000734,B01,Antithrombotiques,2 cp/j,2023-07-21,2023-07-24,Orale
RX-003143,PAT-00523,SEJ-000735,N05,Psychotropes,1 IV x3/j,2024-03-24,2024-04-01,Orale
RX-003144,PAT-00524,SEJ-000736,C09,Inhibiteurs de l'ECV,1 patch/72h,2023-07-30,2023-08-05,Orale
RX-003145,PAT-00525,SEJ-000737,C01,Inotropes cardiaques,1 SC/j,2022-12-22,,Orale
RX-003146,PAT-00526,SEJ-000738,C07,Bêtabloquants,1 IV x3/j,2023-10-29,2023-11-06,Orale
RX-003147,PAT-00526,SEJ-000738,N05,Psychotropes,1 IV x3/j,2023-10-29,2023-11-08,Orale
RX-003148,PAT-00526,SEJ-000738,B01,Antithrombotiques,1 SC/j,2023-10-27,,Orale
RX-003149,PAT-00526,SEJ-000738,B01,Antithrombotiques,1 SC/j,2023-10-30,2023-10-31,Orale
RX-003150,PAT-00527,SEJ-000739,A02,Antiacides / IPP,2 cp/j,2023-03-27,,Orale
RX-003151,PAT-00527,SEJ-000739,N02,Analgésiques,500 mg x2/j,2023-03-31,2023-04-11,IV
RX-003152,PAT-00527,SEJ-000739,A02,Antiacides / IPP,1 SC/j,2023-04-01,2023-04-09,Orale
RX-003153,PAT-00528,SEJ-000740,B01,Antithrombotiques,2 cp/j,2023-04-16,2023-04-25,Orale
RX-003154,PAT-00528,SEJ-000740,C01,Inotropes cardiaques,1 patch/72h,2023-04-18,,Sous-cutanee
RX-003155,PAT-00528,SEJ-000740,C01,Inotropes cardiaques,1 IV x3/j,2023-04-22,,Orale
RX-003156,PAT-00528,SEJ-000740,N02,Analgésiques,500 mg x2/j,2023-04-20,2023-04-25,IV
RX-003157,PAT-00528,SEJ-000740,N02,Analgésiques,1 IV x3/j,2023-04-18,2023-04-29,Orale
RX-003158,PAT-00528,SEJ-000740,C07,Bêtabloquants,1 cp/j,2023-04-17,2023-04-27,Orale
RX-003159,PAT-00528,SEJ-000740,A02,Antiacides / IPP,1 IV x3/j,2023-04-20,2023-05-03,Orale
RX-003160,PAT-00528,SEJ-000740,N05,Psychotropes,1 SC/j,2023-04-16,2023-04-17,IV
RX-003161,PAT-00528,SEJ-000741,B01,Antithrombotiques,500 mg x2/j,2024-02-13,2024-02-26,Orale
RX-003162,PAT-00528,SEJ-000741,B01,Antithrombotiques,À la demande,2024-02-13,2024-02-21,IV
RX-003163,PAT-00528,SEJ-000741,A02,Antiacides / IPP,500 mg x2/j,2024-02-15,2024-02-22,Sous-cutanee
RX-003164,PAT-00528,SEJ-000741,C03,Diurétiques,500 mg x2/j,2024-02-15,2024-02-17,Orale
RX-003165,PAT-00528,SEJ-000741,A10,Antidiabétiques,À la demande,2024-02-13,,Orale
RX-003166,PAT-00528,SEJ-000741,C09,Inhibiteurs de l'ECV,1 patch/72h,2024-02-14,,Orale
RX-003167,PAT-00529,SEJ-000742,B01,Antithrombotiques,1 SC/j,2024-02-25,,IV
RX-003168,PAT-00529,SEJ-000742,N05,Psychotropes,1 cp/j,2024-02-25,2024-02-27,Orale
RX-003169,PAT-00529,SEJ-000742,A10,Antidiabétiques,1 IV x3/j,2024-02-25,2024-03-03,Orale
RX-003170,PAT-00529,SEJ-000742,N05,Psychotropes,À la demande,2024-02-25,2024-03-04,Orale
RX-003171,PAT-00529,SEJ-000742,A10,Antidiabétiques,1 IV x3/j,2024-02-25,2024-02-26,Orale
RX-003172,PAT-00529,SEJ-000742,J01,Antibiotiques,1 IV x3/j,2024-02-25,,Orale
RX-003173,PAT-00529,SEJ-000742,C07,Bêtabloquants,1 SC/j,2024-02-25,2024-03-07,IV
RX-003174,PAT-00530,SEJ-000743,B01,Antithrombotiques,2 cp/j,2024-02-13,2024-02-21,Orale
RX-003175,PAT-00530,SEJ-000743,N02,Analgésiques,1 patch/72h,2024-02-12,2024-02-16,Orale
RX-003176,PAT-00530,SEJ-000743,B01,Antithrombotiques,1 IV x3/j,2024-02-12,,Orale
RX-003177,PAT-00530,SEJ-000743,J01,Antibiotiques,2 cp/j,2024-02-13,2024-02-17,Orale
RX-003178,PAT-00530,SEJ-000743,N05,Psychotropes,500 mg x2/j,2024-02-13,2024-02-22,IV
RX-003179,PAT-00530,SEJ-000743,C09,Inhibiteurs de l'ECV,1 SC/j,2024-02-12,2024-02-19,Orale
RX-003180,PAT-00530,SEJ-000743,C01,Inotropes cardiaques,1 IV x3/j,2024-02-13,2024-02-26,Orale
RX-003181,PAT-00531,SEJ-000744,M01,Anti-inflammatoires,1 SC/j,2023-11-26,2023-12-07,IV
RX-003182,PAT-00532,SEJ-000745,N02,Analgésiques,1 cp/j,2024-01-27,2024-02-04,Orale
RX-003183,PAT-00532,SEJ-000745,C09,Inhibiteurs de l'ECV,À la demande,2024-01-28,,Orale
RX-003184,PAT-00532,SEJ-000745,H02,Corticoïdes,1 IV x3/j,2024-02-03,2024-02-15,Orale
RX-003185,PAT-00532,SEJ-000745,C09,Inhibiteurs de l'ECV,1 SC/j,2024-01-31,2024-02-12,Orale
RX-003186,PAT-00532,SEJ-000745,C09,Inhibiteurs de l'ECV,1 cp/j,2024-02-01,2024-02-02,Orale
RX-003187,PAT-00532,SEJ-000745,C03,Diurétiques,2 cp/j,2024-01-27,2024-02-06,Orale
RX-003188,PAT-00532,SEJ-000745,M01,Anti-inflammatoires,1 SC/j,2024-01-30,2024-02-08,IV
RX-003189,PAT-00533,SEJ-000746,N05,Psychotropes,2 cp/j,2023-06-06,2023-06-10,Orale
RX-003190,PAT-00533,SEJ-000746,C01,Inotropes cardiaques,1 SC/j,2023-06-07,2023-06-11,IV
RX-003191,PAT-00533,SEJ-000746,J01,Antibiotiques,2 cp/j,2023-06-07,2023-06-12,Orale
RX-003192,PAT-00533,SEJ-000746,A10,Antidiabétiques,1 IV x3/j,2023-06-06,,Orale
RX-003193,PAT-00533,SEJ-000746,N02,Analgésiques,1 IV x3/j,2023-06-06,,Orale
RX-003194,PAT-00533,SEJ-000746,C09,Inhibiteurs de l'ECV,1 SC/j,2023-06-06,2023-06-10,IV
RX-003195,PAT-00533,SEJ-000746,M01,Anti-inflammatoires,À la demande,2023-06-06,2023-06-15,Orale
RX-003196,PAT-00533,SEJ-000747,A02,Antiacides / IPP,500 mg x2/j,2023-02-12,2023-02-24,IV
RX-003197,PAT-00533,SEJ-000747,C03,Diurétiques,500 mg x2/j,2023-02-12,2023-02-23,Orale
RX-003198,PAT-00533,SEJ-000747,C01,Inotropes cardiaques,2 cp/j,2023-02-11,2023-02-20,Orale
RX-003199,PAT-00533,SEJ-000747,C07,Bêtabloquants,1 IV x3/j,2023-02-12,2023-02-17,Sous-cutanee
RX-003200,PAT-00534,SEJ-000748,C03,Diurétiques,1 IV x3/j,2023-06-19,2023-06-26,Orale
RX-003201,PAT-00534,SEJ-000748,C01,Inotropes cardiaques,1 IV x3/j,2023-06-19,2023-06-29,Orale
RX-003202,PAT-00534,SEJ-000748,B01,Antithrombotiques,1 SC/j,2023-06-17,2023-06-30,Orale
RX-003203,PAT-00534,SEJ-000748,C07,Bêtabloquants,1 cp/j,2023-06-18,,Orale
RX-003204,PAT-00534,SEJ-000749,C03,Diurétiques,À la demande,2023-02-01,,IV
RX-003205,PAT-00534,SEJ-000749,M01,Anti-inflammatoires,1 cp/j,2023-02-03,2023-02-10,Orale
RX-003206,PAT-00534,SEJ-000749,J01,Antibiotiques,500 mg x2/j,2023-01-17,2023-01-21,Orale
RX-003207,PAT-00535,SEJ-000750,N02,Analgésiques,À la demande,2024-02-16,,IV
RX-003208,PAT-00535,SEJ-000750,C07,Bêtabloquants,1 cp/j,2024-02-12,2024-02-16,Orale
RX-003209,PAT-00535,SEJ-000750,A10,Antidiabétiques,1 SC/j,2024-02-24,2024-03-07,Orale
RX-003210,PAT-00535,SEJ-000750,A02,Antiacides / IPP,2 cp/j,2024-02-21,2024-02-24,Sous-cutanee
RX-003211,PAT-00535,SEJ-000751,N02,Analgésiques,À la demande,2024-01-05,2024-01-15,Orale
RX-003212,PAT-00535,SEJ-000751,M01,Anti-inflammatoires,1 cp/j,2024-01-06,2024-01-08,IV
RX-003213,PAT-00535,SEJ-000751,N05,Psychotropes,1 IV x3/j,2024-01-07,,Orale
RX-003214,PAT-00535,SEJ-000751,H02,Corticoïdes,1 SC/j,2024-01-10,2024-01-19,Orale
RX-003215,PAT-00536,SEJ-000752,N02,Analgésiques,500 mg x2/j,2023-12-09,2023-12-16,Sous-cutanee
RX-003216,PAT-00536,SEJ-000752,M01,Anti-inflammatoires,1 IV x3/j,2023-12-10,2023-12-13,Sous-cutanee
RX-003217,PAT-00536,SEJ-000752,C03,Diurétiques,2 cp/j,2023-12-09,2023-12-22,Orale
RX-003218,PAT-00536,SEJ-000752,A10,Antidiabétiques,1 SC/j,2023-12-10,2023-12-17,IV
RX-003219,PAT-00536,SEJ-000753,J01,Antibiotiques,1 SC/j,2023-03-07,2023-03-12,Orale
RX-003220,PAT-00536,SEJ-000753,M01,Anti-inflammatoires,1 patch/72h,2023-03-07,2023-03-14,Orale
RX-003221,PAT-00536,SEJ-000753,C03,Diurétiques,1 cp/j,2023-03-06,2023-03-13,Orale
RX-003222,PAT-00536,SEJ-000753,A10,Antidiabétiques,2 cp/j,2023-03-08,2023-03-09,Orale
RX-003223,PAT-00536,SEJ-000753,A10,Antidiabétiques,1 cp/j,2023-03-07,2023-03-15,Orale
RX-003224,PAT-00536,SEJ-000753,H02,Corticoïdes,1 IV x3/j,2023-03-07,2023-03-08,Orale
RX-003225,PAT-00537,SEJ-000754,A10,Antidiabétiques,À la demande,2023-12-28,2024-01-02,Orale
RX-003226,PAT-00537,SEJ-000754,A02,Antiacides / IPP,1 patch/72h,2023-12-24,2024-01-06,IV
RX-003227,PAT-00537,SEJ-000755,N05,Psychotropes,1 cp/j,2024-02-27,2024-03-04,IV
RX-003228,PAT-00537,SEJ-000755,A10,Antidiabétiques,2 cp/j,2024-02-25,,IV
RX-003229,PAT-00538,SEJ-000756,H02,Corticoïdes,500 mg x2/j,2023-11-22,,Orale
RX-003230,PAT-00538,SEJ-000756,B01,Antithrombotiques,500 mg x2/j,2023-11-22,2023-11-24,Orale
RX-003231,PAT-00538,SEJ-000756,N02,Analgésiques,1 SC/j,2023-11-21,2023-11-22,Orale
RX-003232,PAT-00538,SEJ-000756,B01,Antithrombotiques,1 cp/j,2023-11-23,2023-11-29,IV
RX-003233,PAT-00538,SEJ-000756,H02,Corticoïdes,À la demande,2023-11-20,,IV
RX-003234,PAT-00538,SEJ-000756,B01,Antithrombotiques,1 patch/72h,2023-11-23,2023-11-30,IV
RX-003235,PAT-00538,SEJ-000756,J01,Antibiotiques,1 SC/j,2023-11-21,2023-11-24,Orale
RX-003236,PAT-00539,SEJ-000757,B01,Antithrombotiques,À la demande,2023-04-06,2023-04-12,Sous-cutanee
RX-003237,PAT-00539,SEJ-000757,M01,Anti-inflammatoires,2 cp/j,2023-04-07,2023-04-11,Orale
RX-003238,PAT-00539,SEJ-000757,C09,Inhibiteurs de l'ECV,1 patch/72h,2023-04-06,2023-04-17,Orale
RX-003239,PAT-00539,SEJ-000758,N05,Psychotropes,1 cp/j,2023-09-02,2023-09-12,IV
RX-003240,PAT-00539,SEJ-000758,C09,Inhibiteurs de l'ECV,1 SC/j,2023-09-01,2023-09-13,Orale
RX-003241,PAT-00540,SEJ-000759,A02,Antiacides / IPP,1 IV x3/j,2023-09-07,2023-09-13,Orale
RX-003242,PAT-00540,SEJ-000759,C09,Inhibiteurs de l'ECV,2 cp/j,2023-09-09,2023-09-15,Orale
RX-003243,PAT-00540,SEJ-000759,N02,Analgésiques,500 mg x2/j,2023-09-05,,Orale
RX-003244,PAT-00540,SEJ-000759,H02,Corticoïdes,À la demande,2023-09-05,,Orale
RX-003245,PAT-00540,SEJ-000760,B01,Antithrombotiques,1 SC/j,2024-05-14,2024-05-21,Orale
RX-003246,PAT-00540,SEJ-000760,A02,Antiacides / IPP,1 cp/j,2024-05-10,2024-05-15,Orale
RX-003247,PAT-00541,SEJ-000761,C01,Inotropes cardiaques,500 mg x2/j,2023-11-29,2023-12-02,Sous-cutanee
RX-003248,PAT-00542,SEJ-000762,H02,Corticoïdes,1 cp/j,2023-01-19,2023-01-21,Orale
RX-003249,PAT-00542,SEJ-000762,N02,Analgésiques,À la demande,2023-01-14,2023-01-17,Sous-cutanee
RX-003250,PAT-00543,SEJ-000763,A10,Antidiabétiques,1 SC/j,2023-02-17,,Orale
RX-003251,PAT-00543,SEJ-000763,A10,Antidiabétiques,1 cp/j,2023-02-18,2023-03-02,Orale
RX-003252,PAT-00543,SEJ-000763,C03,Diurétiques,1 SC/j,2023-02-17,2023-02-28,Orale
RX-003253,PAT-00544,SEJ-000764,H02,Corticoïdes,500 mg x2/j,2023-06-15,,Orale
RX-003254,PAT-00544,SEJ-000764,A02,Antiacides / IPP,À la demande,2023-06-08,2023-06-18,Orale
RX-003255,PAT-00544,SEJ-000765,N05,Psychotropes,1 cp/j,2024-02-21,2024-03-01,IV
RX-003256,PAT-00544,SEJ-000765,H02,Corticoïdes,500 mg x2/j,2024-02-21,2024-02-27,IV
RX-003257,PAT-00544,SEJ-000765,N05,Psychotropes,1 IV x3/j,2024-02-21,,Sous-cutanee
RX-003258,PAT-00545,SEJ-000766,J01,Antibiotiques,500 mg x2/j,2023-05-01,2023-05-03,Orale
RX-003259,PAT-00545,SEJ-000766,C07,Bêtabloquants,1 IV x3/j,2023-05-10,2023-05-23,IV
RX-003260,PAT-00545,SEJ-000766,C09,Inhibiteurs de l'ECV,À la demande,2023-05-08,2023-05-20,Orale
RX-003261,PAT-00545,SEJ-000766,M01,Anti-inflammatoires,1 patch/72h,2023-05-02,2023-05-10,Orale
RX-003262,PAT-00545,SEJ-000766,C09,Inhibiteurs de l'ECV,2 cp/j,2023-05-05,2023-05-12,IV
RX-003263,PAT-00545,SEJ-000766,A02,Antiacides / IPP,500 mg x2/j,2023-05-02,,Orale
RX-003264,PAT-00546,SEJ-000767,N02,Analgésiques,1 IV x3/j,2023-04-03,2023-04-05,IV
RX-003265,PAT-00547,SEJ-000768,C07,Bêtabloquants,500 mg x2/j,2023-02-11,2023-02-13,Orale
RX-003266,PAT-00547,SEJ-000768,B01,Antithrombotiques,1 cp/j,2023-02-13,2023-02-19,IV
RX-003267,PAT-00548,SEJ-000769,C01,Inotropes cardiaques,1 cp/j,2023-10-01,2023-10-12,Orale
RX-003268,PAT-00548,SEJ-000769,H02,Corticoïdes,1 IV x3/j,2023-09-29,,Orale
RX-003269,PAT-00548,SEJ-000769,J01,Antibiotiques,2 cp/j,2023-10-01,,Orale
RX-003270,PAT-00548,SEJ-000769,A10,Antidiabétiques,2 cp/j,2023-10-01,2023-10-13,Orale
RX-003271,PAT-00548,SEJ-000769,C01,Inotropes cardiaques,500 mg x2/j,2023-10-01,2023-10-14,Orale
RX-003272,PAT-00548,SEJ-000769,A02,Antiacides / IPP,1 SC/j,2023-09-30,,IV
RX-003273,PAT-00548,SEJ-000769,J01,Antibiotiques,2 cp/j,2023-09-29,2023-10-07,Orale
RX-003274,PAT-00548,SEJ-000769,N02,Analgésiques,1 patch/72h,2023-10-01,2023-10-13,Orale
RX-003275,PAT-00548,SEJ-000770,C07,Bêtabloquants,1 IV x3/j,2023-02-16,2023-02-17,Orale
RX-003276,PAT-00548,SEJ-000770,C01,Inotropes cardiaques,1 IV x3/j,2023-02-17,2023-02-27,Orale
RX-003277,PAT-00548,SEJ-000770,C01,Inotropes cardiaques,1 cp/j,2023-02-21,2023-02-27,IV
RX-003278,PAT-00548,SEJ-000770,C03,Diurétiques,1 patch/72h,2023-02-16,2023-02-21,Orale
RX-003279,PAT-00548,SEJ-000770,C07,Bêtabloquants,1 IV x3/j,2023-02-18,2023-02-20,IV
RX-003280,PAT-00548,SEJ-000770,N05,Psychotropes,1 cp/j,2023-02-18,2023-02-23,IV
RX-003281,PAT-00548,SEJ-000770,C01,Inotropes cardiaques,1 SC/j,2023-02-17,2023-03-01,Orale
RX-003282,PAT-00549,SEJ-000771,N02,Analgésiques,500 mg x2/j,2023-03-31,2023-04-05,Orale
RX-003283,PAT-00549,SEJ-000771,A02,Antiacides / IPP,1 SC/j,2023-04-02,2023-04-13,IV
RX-003284,PAT-00549,SEJ-000772,H02,Corticoïdes,1 patch/72h,2023-02-13,,Sous-cutanee
RX-003285,PAT-00549,SEJ-000772,B01,Antithrombotiques,1 IV x3/j,2023-02-13,2023-02-17,Orale
RX-003286,PAT-00549,SEJ-000772,N05,Psychotropes,1 IV x3/j,2023-02-13,2023-02-24,Orale
RX-003287,PAT-00549,SEJ-000772,A10,Antidiabétiques,1 cp/j,2023-02-13,,Orale
RX-003288,PAT-00550,SEJ-000773,N02,Analgésiques,500 mg x2/j,2023-03-11,2023-03-17,Orale
RX-003289,PAT-00551,SEJ-000774,C07,Bêtabloquants,2 cp/j,2024-02-04,2024-02-12,Orale
RX-003290,PAT-00551,SEJ-000774,N02,Analgésiques,1 patch/72h,2024-02-03,2024-02-13,Sous-cutanee
RX-003291,PAT-00551,SEJ-000774,C01,Inotropes cardiaques,1 SC/j,2024-02-07,2024-02-14,IV
RX-003292,PAT-00551,SEJ-000774,N05,Psychotropes,1 IV x3/j,2024-02-03,2024-02-16,Orale
RX-003293,PAT-00551,SEJ-000774,A10,Antidiabétiques,1 cp/j,2024-02-07,,Orale
RX-003294,PAT-00551,SEJ-000774,M01,Anti-inflammatoires,1 cp/j,2024-02-06,2024-02-07,Orale
RX-003295,PAT-00551,SEJ-000774,A02,Antiacides / IPP,1 SC/j,2024-02-08,,Orale
RX-003296,PAT-00551,SEJ-000774,A02,Antiacides / IPP,2 cp/j,2024-02-07,2024-02-15,Orale
RX-003297,PAT-00551,SEJ-000774,J01,Antibiotiques,1 SC/j,2024-02-07,2024-02-14,Orale
RX-003298,PAT-00551,SEJ-000775,C01,Inotropes cardiaques,2 cp/j,2024-04-04,,Orale
RX-003299,PAT-00552,SEJ-000776,A02,Antiacides / IPP,À la demande,2023-03-02,2023-03-03,Orale
RX-003300,PAT-00552,SEJ-000776,J01,Antibiotiques,1 patch/72h,2023-03-01,2023-03-10,IV
RX-003301,PAT-00552,SEJ-000776,J01,Antibiotiques,1 cp/j,2023-03-04,2023-03-08,IV
RX-003302,PAT-00552,SEJ-000776,C07,Bêtabloquants,À la demande,2023-03-04,2023-03-17,Orale
RX-003303,PAT-00552,SEJ-000776,C07,Bêtabloquants,500 mg x2/j,2023-02-27,2023-03-12,Orale
RX-003304,PAT-00552,SEJ-000776,A10,Antidiabétiques,500 mg x2/j,2023-02-27,2023-02-28,IV
RX-003305,PAT-00552,SEJ-000776,A02,Antiacides / IPP,2 cp/j,2023-03-08,2023-03-17,Orale
RX-003306,PAT-00552,SEJ-000776,N05,Psychotropes,1 cp/j,2023-03-03,2023-03-04,IV
RX-003307,PAT-00552,SEJ-000776,H02,Corticoïdes,1 cp/j,2023-03-09,2023-03-20,Sous-cutanee
RX-003308,PAT-00552,SEJ-000776,C09,Inhibiteurs de l'ECV,1 cp/j,2023-02-27,2023-03-07,Orale
RX-003309,PAT-00553,SEJ-000777,A10,Antidiabétiques,1 SC/j,2023-02-22,2023-03-05,IV
RX-003310,PAT-00553,SEJ-000777,C03,Diurétiques,1 SC/j,2023-02-22,,Orale
RX-003311,PAT-00553,SEJ-000777,A02,Antiacides / IPP,1 IV x3/j,2023-02-21,2023-02-25,Orale
RX-003312,PAT-00553,SEJ-000777,N05,Psychotropes,1 SC/j,2023-02-22,2023-03-04,Orale
RX-003313,PAT-00553,SEJ-000778,C09,Inhibiteurs de l'ECV,1 SC/j,2023-04-28,2023-05-04,Orale
RX-003314,PAT-00553,SEJ-000778,C01,Inotropes cardiaques,1 cp/j,2023-04-28,2023-05-03,IV
RX-003315,PAT-00553,SEJ-000778,M01,Anti-inflammatoires,1 patch/72h,2023-04-27,2023-05-09,Orale
RX-003316,PAT-00553,SEJ-000778,A02,Antiacides / IPP,1 patch/72h,2023-04-26,,Orale
RX-003317,PAT-00554,SEJ-000779,A02,Antiacides / IPP,1 IV x3/j,2023-10-14,2023-10-24,Sous-cutanee
RX-003318,PAT-00554,SEJ-000779,C09,Inhibiteurs de l'ECV,2 cp/j,2023-10-14,2023-10-18,Orale
RX-003319,PAT-00554,SEJ-000779,A10,Antidiabétiques,1 IV x3/j,2023-10-14,2023-10-23,Orale
RX-003320,PAT-00554,SEJ-000779,N02,Analgésiques,À la demande,2023-10-14,2023-10-21,IV
RX-003321,PAT-00554,SEJ-000779,J01,Antibiotiques,À la demande,2023-10-15,2023-10-23,IV
RX-003322,PAT-00554,SEJ-000779,M01,Anti-inflammatoires,500 mg x2/j,2023-10-15,2023-10-23,IV
RX-003323,PAT-00554,SEJ-000779,N05,Psychotropes,500 mg x2/j,2023-10-15,2023-10-17,Orale
RX-003324,PAT-00554,SEJ-000779,C07,Bêtabloquants,1 IV x3/j,2023-10-14,2023-10-23,Sous-cutanee
RX-003325,PAT-00554,SEJ-000779,M01,Anti-inflammatoires,1 cp/j,2023-10-15,2023-10-20,Orale
RX-003326,PAT-00554,SEJ-000779,A10,Antidiabétiques,2 cp/j,2023-10-15,2023-10-19,Orale
RX-003327,PAT-00555,SEJ-000780,M01,Anti-inflammatoires,500 mg x2/j,2023-08-27,,Orale
RX-003328,PAT-00555,SEJ-000780,N02,Analgésiques,1 cp/j,2023-08-27,2023-09-07,IV
RX-003329,PAT-00555,SEJ-000780,A02,Antiacides / IPP,À la demande,2023-08-26,2023-09-02,Orale
RX-003330,PAT-00555,SEJ-000780,C03,Diurétiques,500 mg x2/j,2023-08-27,2023-08-28,Orale
RX-003331,PAT-00555,SEJ-000780,H02,Corticoïdes,1 IV x3/j,2023-08-27,2023-09-08,IV
RX-003332,PAT-00555,SEJ-000780,H02,Corticoïdes,500 mg x2/j,2023-08-27,2023-09-09,IV
RX-003333,PAT-00555,SEJ-000780,C09,Inhibiteurs de l'ECV,1 SC/j,2023-08-25,2023-09-05,Orale
RX-003334,PAT-00555,SEJ-000780,H02,Corticoïdes,500 mg x2/j,2023-08-24,2023-08-31,Orale
RX-003335,PAT-00555,SEJ-000781,C01,Inotropes cardiaques,1 IV x3/j,2024-04-24,,IV
RX-003336,PAT-00555,SEJ-000781,B01,Antithrombotiques,1 IV x3/j,2024-04-24,2024-05-03,IV
RX-003337,PAT-00555,SEJ-000781,C03,Diurétiques,500 mg x2/j,2024-04-23,2024-05-04,Orale
RX-003338,PAT-00555,SEJ-000781,C09,Inhibiteurs de l'ECV,1 patch/72h,2024-04-22,2024-04-23,Orale
RX-003339,PAT-00555,SEJ-000781,M01,Anti-inflammatoires,500 mg x2/j,2024-04-21,,Orale
RX-003340,PAT-00556,SEJ-000782,H02,Corticoïdes,1 IV x3/j,2023-04-23,2023-04-30,Orale
RX-003341,PAT-00556,SEJ-000782,C03,Diurétiques,À la demande,2023-04-24,2023-04-25,IV
RX-003342,PAT-00556,SEJ-000782,J01,Antibiotiques,À la demande,2023-04-26,2023-04-27,Orale
RX-003343,PAT-00556,SEJ-000782,N02,Analgésiques,1 IV x3/j,2023-04-23,,IV
RX-003344,PAT-00556,SEJ-000782,M01,Anti-inflammatoires,À la demande,2023-04-26,,Orale
RX-003345,PAT-00556,SEJ-000782,H02,Corticoïdes,1 cp/j,2023-04-24,2023-04-26,Orale
RX-003346,PAT-00557,SEJ-000783,J01,Antibiotiques,À la demande,2024-01-12,2024-01-19,Sous-cutanee
RX-003347,PAT-00557,SEJ-000783,B01,Antithrombotiques,1 IV x3/j,2024-01-11,,Orale
RX-003348,PAT-00557,SEJ-000783,N02,Analgésiques,500 mg x2/j,2024-01-14,,Orale
RX-003349,PAT-00557,SEJ-000783,N05,Psychotropes,1 IV x3/j,2024-01-11,2024-01-19,Orale
RX-003350,PAT-00557,SEJ-000783,C07,Bêtabloquants,1 patch/72h,2024-01-12,2024-01-15,IV
RX-003351,PAT-00557,SEJ-000784,A10,Antidiabétiques,1 cp/j,2024-05-03,,IV
RX-003352,PAT-00557,SEJ-000784,C07,Bêtabloquants,500 mg x2/j,2024-05-03,2024-05-16,Orale
RX-003353,PAT-00557,SEJ-000784,C03,Diurétiques,1 cp/j,2024-05-03,,IV
RX-003354,PAT-00557,SEJ-000784,A10,Antidiabétiques,À la demande,2024-05-03,2024-05-11,Orale
RX-003355,PAT-00557,SEJ-000784,C09,Inhibiteurs de l'ECV,1 IV x3/j,2024-05-03,2024-05-08,Orale
RX-003356,PAT-00557,SEJ-000784,C01,Inotropes cardiaques,1 IV x3/j,2024-05-03,2024-05-16,IV
RX-003357,PAT-00558,SEJ-000785,C01,Inotropes cardiaques,2 cp/j,2024-03-27,2024-03-28,Sous-cutanee
RX-003358,PAT-00559,SEJ-000786,A10,Antidiabétiques,À la demande,2023-09-26,2023-10-06,IV
RX-003359,PAT-00559,SEJ-000786,B01,Antithrombotiques,500 mg x2/j,2023-09-24,2023-10-07,Orale
RX-003360,PAT-00559,SEJ-000786,C09,Inhibiteurs de l'ECV,1 patch/72h,2023-09-24,2023-10-06,Orale
RX-003361,PAT-00560,SEJ-000787,J01,Antibiotiques,1 patch/72h,2024-04-07,,Sous-cutanee
RX-003362,PAT-00560,SEJ-000787,B01,Antithrombotiques,À la demande,2024-04-07,,IV
RX-003363,PAT-00560,SEJ-000787,H02,Corticoïdes,1 cp/j,2024-04-07,2024-04-17,Orale
RX-003364,PAT-00560,SEJ-000787,M01,Anti-inflammatoires,1 SC/j,2024-04-09,2024-04-22,IV
RX-003365,PAT-00560,SEJ-000788,C09,Inhibiteurs de l'ECV,2 cp/j,2024-01-06,2024-01-12,IV
RX-003366,PAT-00560,SEJ-000788,N05,Psychotropes,À la demande,2024-01-06,2024-01-09,Orale
RX-003367,PAT-00560,SEJ-000788,A02,Antiacides / IPP,À la demande,2024-01-06,2024-01-12,Orale
RX-003368,PAT-00560,SEJ-000788,N02,Analgésiques,2 cp/j,2024-01-06,2024-01-18,Orale
RX-003369,PAT-00560,SEJ-000788,C09,Inhibiteurs de l'ECV,1 cp/j,2024-01-06,2024-01-17,Orale
RX-003370,PAT-00560,SEJ-000788,C07,Bêtabloquants,2 cp/j,2024-01-06,,Orale
RX-003371,PAT-00561,SEJ-000789,J01,Antibiotiques,1 SC/j,2024-01-10,2024-01-18,Orale
RX-003372,PAT-00561,SEJ-000789,C03,Diurétiques,À la demande,2024-01-10,2024-01-13,Orale
RX-003373,PAT-00561,SEJ-000789,C03,Diurétiques,1 SC/j,2024-01-10,2024-01-11,Orale
RX-003374,PAT-00561,SEJ-000789,C01,Inotropes cardiaques,À la demande,2024-01-10,2024-01-11,Orale
RX-003375,PAT-00562,SEJ-000790,C01,Inotropes cardiaques,500 mg x2/j,2022-12-19,2022-12-22,IV
RX-003376,PAT-00562,SEJ-000790,C01,Inotropes cardiaques,1 patch/72h,2022-12-14,2022-12-22,Orale
RX-003377,PAT-00562,SEJ-000790,C03,Diurétiques,2 cp/j,2022-12-22,2022-12-27,Orale
RX-003378,PAT-00562,SEJ-000790,H02,Corticoïdes,1 patch/72h,2022-12-13,2022-12-15,Orale
RX-003379,PAT-00563,SEJ-000791,C01,Inotropes cardiaques,1 cp/j,2024-03-19,2024-03-29,IV
RX-003380,PAT-00563,SEJ-000791,C03,Diurétiques,500 mg x2/j,2024-03-18,2024-03-20,IV
RX-003381,PAT-00563,SEJ-000792,C03,Diurétiques,500 mg x2/j,2023-01-07,2023-01-18,IV
RX-003382,PAT-00563,SEJ-000792,C09,Inhibiteurs de l'ECV,À la demande,2023-01-06,2023-01-19,Orale
RX-003383,PAT-00563,SEJ-000792,B01,Antithrombotiques,1 IV x3/j,2023-01-07,2023-01-15,Orale
RX-003384,PAT-00563,SEJ-000792,A02,Antiacides / IPP,1 SC/j,2023-01-06,,Orale
RX-003385,PAT-00564,SEJ-000793,A02,Antiacides / IPP,À la demande,2023-06-13,2023-06-16,Orale
RX-003386,PAT-00564,SEJ-000793,C03,Diurétiques,À la demande,2023-06-13,2023-06-26,Orale
RX-003387,PAT-00564,SEJ-000793,H02,Corticoïdes,2 cp/j,2023-06-13,2023-06-24,Orale
RX-003388,PAT-00565,SEJ-000794,M01,Anti-inflammatoires,1 cp/j,2023-08-14,2023-08-20,Orale
RX-003389,PAT-00565,SEJ-000794,C01,Inotropes cardiaques,2 cp/j,2023-08-16,2023-08-17,Orale
RX-003390,PAT-00565,SEJ-000794,B01,Antithrombotiques,2 cp/j,2023-08-14,2023-08-24,IV
RX-003391,PAT-00566,SEJ-000795,C03,Diurétiques,1 SC/j,2023-08-16,,Orale
RX-003392,PAT-00566,SEJ-000795,A10,Antidiabétiques,1 cp/j,2023-08-16,2023-08-29,Orale
RX-003393,PAT-00566,SEJ-000795,H02,Corticoïdes,1 SC/j,2023-08-14,,Orale
RX-003394,PAT-00566,SEJ-000795,H02,Corticoïdes,1 IV x3/j,2023-08-13,2023-08-17,Orale
RX-003395,PAT-00566,SEJ-000796,C09,Inhibiteurs de l'ECV,À la demande,2023-12-29,2024-01-11,Orale
RX-003396,PAT-00566,SEJ-000796,C07,Bêtabloquants,2 cp/j,2023-12-31,,IV
RX-003397,PAT-00566,SEJ-000796,J01,Antibiotiques,1 IV x3/j,2023-12-30,2024-01-10,Orale
RX-003398,PAT-00566,SEJ-000796,C03,Diurétiques,500 mg x2/j,2023-12-29,2024-01-01,Orale
RX-003399,PAT-00567,SEJ-000797,N02,Analgésiques,1 cp/j,2024-05-12,2024-05-20,IV
RX-003400,PAT-00567,SEJ-000797,A02,Antiacides / IPP,1 SC/j,2024-05-12,2024-05-21,Orale
RX-003401,PAT-00567,SEJ-000797,C01,Inotropes cardiaques,1 patch/72h,2024-05-13,2024-05-19,Orale
RX-003402,PAT-00568,SEJ-000798,M01,Anti-inflammatoires,À la demande,2024-05-07,2024-05-19,Orale
RX-003403,PAT-00568,SEJ-000798,C07,Bêtabloquants,À la demande,2024-05-13,2024-05-18,Orale
RX-003404,PAT-00568,SEJ-000798,A02,Antiacides / IPP,500 mg x2/j,2024-05-05,,IV
RX-003405,PAT-00568,SEJ-000798,H02,Corticoïdes,1 SC/j,2024-05-04,,Orale
RX-003406,PAT-00568,SEJ-000798,C09,Inhibiteurs de l'ECV,1 IV x3/j,2024-05-04,2024-05-10,Orale
RX-003407,PAT-00569,SEJ-000799,B01,Antithrombotiques,1 SC/j,2023-05-11,2023-05-12,Orale
RX-003408,PAT-00569,SEJ-000799,C09,Inhibiteurs de l'ECV,500 mg x2/j,2023-05-20,2023-05-28,Orale
RX-003409,PAT-00569,SEJ-000799,B01,Antithrombotiques,1 IV x3/j,2023-05-12,,Orale
RX-003410,PAT-00570,SEJ-000800,N05,Psychotropes,2 cp/j,2023-09-02,,IV
RX-003411,PAT-00570,SEJ-000800,C03,Diurétiques,1 patch/72h,2023-08-30,2023-09-11,IV
RX-003412,PAT-00570,SEJ-000800,C01,Inotropes cardiaques,2 cp/j,2023-09-01,2023-09-07,Orale
RX-003413,PAT-00570,SEJ-000800,C09,Inhibiteurs de l'ECV,500 mg x2/j,2023-09-01,2023-09-02,Orale
RX-003414,PAT-00570,SEJ-000800,N05,Psychotropes,500 mg x2/j,2023-08-30,2023-09-05,Orale
RX-003415,PAT-00571,SEJ-000801,C09,Inhibiteurs de l'ECV,1 cp/j,2024-05-12,2024-05-22,IV
RX-003416,PAT-00571,SEJ-000801,N02,Analgésiques,1 SC/j,2024-05-12,2024-05-23,Orale
RX-003417,PAT-00571,SEJ-000801,A10,Antidiabétiques,1 patch/72h,2024-05-12,2024-05-20,Orale
RX-003418,PAT-00571,SEJ-000801,J01,Antibiotiques,500 mg x2/j,2024-05-12,2024-05-22,Orale
RX-003419,PAT-00571,SEJ-000801,C03,Diurétiques,2 cp/j,2024-05-12,2024-05-13,IV
RX-003420,PAT-00571,SEJ-000801,C01,Inotropes cardiaques,1 SC/j,2024-05-12,2024-05-18,IV
RX-003421,PAT-00571,SEJ-000801,N05,Psychotropes,1 patch/72h,2024-05-12,2024-05-22,Orale
RX-003422,PAT-00572,SEJ-000802,C07,Bêtabloquants,500 mg x2/j,2023-07-18,,Orale
RX-003423,PAT-00572,SEJ-000802,M01,Anti-inflammatoires,500 mg x2/j,2023-07-18,,Orale
RX-003424,PAT-00572,SEJ-000802,J01,Antibiotiques,1 patch/72h,2023-07-19,,Orale
RX-003425,PAT-00572,SEJ-000802,C09,Inhibiteurs de l'ECV,À la demande,2023-07-18,2023-07-30,IV
RX-003426,PAT-00572,SEJ-000802,H02,Corticoïdes,1 cp/j,2023-07-18,2023-07-29,Sous-cutanee
RX-003427,PAT-00572,SEJ-000802,H02,Corticoïdes,1 IV x3/j,2023-07-18,2023-07-22,Orale
RX-003428,PAT-00572,SEJ-000802,N05,Psychotropes,500 mg x2/j,2023-07-18,2023-07-30,Orale
RX-003429,PAT-00572,SEJ-000802,C07,Bêtabloquants,À la demande,2023-07-19,,Orale
RX-003430,PAT-00573,SEJ-000803,C09,Inhibiteurs de l'ECV,2 cp/j,2024-04-27,2024-04-28,Sous-cutanee
RX-003431,PAT-00573,SEJ-000803,B01,Antithrombotiques,500 mg x2/j,2024-04-24,2024-05-03,IV
RX-003432,PAT-00574,SEJ-000804,N05,Psychotropes,1 SC/j,2023-01-17,2023-01-24,Orale
RX-003433,PAT-00574,SEJ-000804,J01,Antibiotiques,500 mg x2/j,2023-01-20,2023-01-27,IV
RX-003434,PAT-00574,SEJ-000804,C07,Bêtabloquants,À la demande,2023-01-19,,Orale
RX-003435,PAT-00574,SEJ-000804,N02,Analgésiques,500 mg x2/j,2023-01-15,2023-01-20,IV
RX-003436,PAT-00574,SEJ-000804,B01,Antithrombotiques,2 cp/j,2023-01-18,2023-01-26,Sous-cutanee
RX-003437,PAT-00574,SEJ-000805,C01,Inotropes cardiaques,500 mg x2/j,2024-01-04,2024-01-06,Orale
RX-003438,PAT-00575,SEJ-000806,J01,Antibiotiques,1 SC/j,2023-07-24,2023-07-28,IV
RX-003439,PAT-00575,SEJ-000806,M01,Anti-inflammatoires,2 cp/j,2023-07-22,,Orale
RX-003440,PAT-00575,SEJ-000806,J01,Antibiotiques,2 cp/j,2023-07-27,2023-08-01,Orale
RX-003441,PAT-00575,SEJ-000806,C09,Inhibiteurs de l'ECV,1 patch/72h,2023-07-27,2023-08-05,Orale
RX-003442,PAT-00575,SEJ-000807,C07,Bêtabloquants,1 cp/j,2024-04-14,2024-04-18,Orale
RX-003443,PAT-00575,SEJ-000807,C01,Inotropes cardiaques,À la demande,2024-04-15,2024-04-23,Sous-cutanee
RX-003444,PAT-00575,SEJ-000807,J01,Antibiotiques,2 cp/j,2024-04-15,2024-04-26,Orale
RX-003445,PAT-00575,SEJ-000808,M01,Anti-inflammatoires,À la demande,2023-08-24,2023-08-25,Orale
RX-003446,PAT-00575,SEJ-000808,A10,Antidiabétiques,1 cp/j,2023-08-22,2023-08-24,IV
RX-003447,PAT-00575,SEJ-000808,A10,Antidiabétiques,2 cp/j,2023-08-22,,Orale
RX-003448,PAT-00575,SEJ-000808,C01,Inotropes cardiaques,1 SC/j,2023-08-23,,Orale
RX-003449,PAT-00575,SEJ-000808,M01,Anti-inflammatoires,1 IV x3/j,2023-08-24,,IV
RX-003450,PAT-00576,SEJ-000809,M01,Anti-inflammatoires,1 cp/j,2023-04-14,2023-04-16,Orale
RX-003451,PAT-00576,SEJ-000809,M01,Anti-inflammatoires,500 mg x2/j,2023-04-13,2023-04-16,Orale
RX-003452,PAT-00576,SEJ-000809,C09,Inhibiteurs de l'ECV,1 cp/j,2023-04-13,2023-04-17,Orale
RX-003453,PAT-00576,SEJ-000809,A02,Antiacides / IPP,1 cp/j,2023-04-13,2023-04-25,Orale
RX-003454,PAT-00576,SEJ-000810,C09,Inhibiteurs de l'ECV,2 cp/j,2023-02-27,,Orale
RX-003455,PAT-00576,SEJ-000810,N02,Analgésiques,500 mg x2/j,2023-03-03,2023-03-15,Sous-cutanee
RX-003456,PAT-00576,SEJ-000810,J01,Antibiotiques,1 IV x3/j,2023-02-28,2023-03-02,Orale
RX-003457,PAT-00576,SEJ-000810,A10,Antidiabétiques,2 cp/j,2023-03-01,2023-03-10,IV
RX-003458,PAT-00576,SEJ-000810,A10,Antidiabétiques,2 cp/j,2023-03-03,2023-03-12,Orale
RX-003459,PAT-00576,SEJ-000810,J01,Antibiotiques,À la demande,2023-03-02,2023-03-04,Orale
RX-003460,PAT-00577,SEJ-000811,C03,Diurétiques,2 cp/j,2023-08-12,2023-08-19,IV
RX-003461,PAT-00577,SEJ-000811,M01,Anti-inflammatoires,1 SC/j,2023-08-16,2023-08-20,Orale
RX-003462,PAT-00577,SEJ-000811,A02,Antiacides / IPP,1 cp/j,2023-08-06,2023-08-10,Orale
RX-003463,PAT-00577,SEJ-000811,A10,Antidiabétiques,1 IV x3/j,2023-08-11,2023-08-23,Orale
RX-003464,PAT-00577,SEJ-000811,B01,Antithrombotiques,1 IV x3/j,2023-08-13,2023-08-17,Orale
RX-003465,PAT-00577,SEJ-000811,A02,Antiacides / IPP,500 mg x2/j,2023-08-07,2023-08-08,IV
RX-003466,PAT-00577,SEJ-000811,C03,Diurétiques,1 cp/j,2023-08-13,2023-08-21,Sous-cutanee
RX-003467,PAT-00577,SEJ-000811,C09,Inhibiteurs de l'ECV,1 SC/j,2023-08-16,2023-08-26,Orale
RX-003468,PAT-00577,SEJ-000811,C01,Inotropes cardiaques,À la demande,2023-08-12,,Orale
RX-003469,PAT-00577,SEJ-000811,C09,Inhibiteurs de l'ECV,1 SC/j,2023-08-05,,Orale
RX-003470,PAT-00577,SEJ-000812,C03,Diurétiques,1 SC/j,2023-05-10,2023-05-15,Orale
RX-003471,PAT-00577,SEJ-000812,H02,Corticoïdes,1 IV x3/j,2023-05-07,,Orale
RX-003472,PAT-00577,SEJ-000812,B01,Antithrombotiques,1 patch/72h,2023-05-08,2023-05-21,Orale
RX-003473,PAT-00577,SEJ-000812,B01,Antithrombotiques,À la demande,2023-05-09,2023-05-17,Orale
RX-003474,PAT-00577,SEJ-000812,M01,Anti-inflammatoires,1 IV x3/j,2023-05-07,2023-05-08,Orale
RX-003475,PAT-00578,SEJ-000813,H02,Corticoïdes,500 mg x2/j,2022-12-23,2023-01-03,IV
RX-003476,PAT-00578,SEJ-000813,A02,Antiacides / IPP,500 mg x2/j,2022-12-20,2022-12-30,Orale
RX-003477,PAT-00578,SEJ-000813,J01,Antibiotiques,1 patch/72h,2022-12-21,2022-12-30,Orale
RX-003478,PAT-00578,SEJ-000813,J01,Antibiotiques,500 mg x2/j,2022-12-23,2023-01-01,IV
RX-003479,PAT-00578,SEJ-000814,C03,Diurétiques,1 patch/72h,2024-03-26,2024-03-28,Orale
RX-003480,PAT-00578,SEJ-000814,M01,Anti-inflammatoires,À la demande,2024-03-24,,Orale
RX-003481,PAT-00578,SEJ-000814,B01,Antithrombotiques,À la demande,2024-03-23,2024-04-04,Orale
RX-003482,PAT-00578,SEJ-000814,M01,Anti-inflammatoires,2 cp/j,2024-03-24,2024-03-31,Orale
RX-003483,PAT-00578,SEJ-000814,J01,Antibiotiques,1 patch/72h,2024-03-24,2024-04-02,Sous-cutanee
RX-003484,PAT-00578,SEJ-000814,N05,Psychotropes,1 IV x3/j,2024-03-26,,Orale
RX-003485,PAT-00579,SEJ-000815,J01,Antibiotiques,1 patch/72h,2023-07-27,2023-08-05,Orale
RX-003486,PAT-00579,SEJ-000816,H02,Corticoïdes,À la demande,2024-03-15,2024-03-19,IV
RX-003487,PAT-00579,SEJ-000816,C03,Diurétiques,À la demande,2024-03-21,,Orale
RX-003488,PAT-00580,SEJ-000817,C07,Bêtabloquants,1 IV x3/j,2023-11-08,2023-11-12,Sous-cutanee
RX-003489,PAT-00580,SEJ-000817,H02,Corticoïdes,1 cp/j,2023-11-09,2023-11-20,Orale
RX-003490,PAT-00580,SEJ-000817,C01,Inotropes cardiaques,1 SC/j,2023-11-07,2023-11-18,Orale
RX-003491,PAT-00580,SEJ-000817,B01,Antithrombotiques,1 cp/j,2023-11-08,2023-11-13,Orale
RX-003492,PAT-00581,SEJ-000818,H02,Corticoïdes,2 cp/j,2023-12-13,2023-12-22,IV
RX-003493,PAT-00581,SEJ-000818,C03,Diurétiques,500 mg x2/j,2023-12-07,2023-12-09,Orale
RX-003494,PAT-00581,SEJ-000818,C07,Bêtabloquants,1 cp/j,2023-12-10,2023-12-16,IV
RX-003495,PAT-00581,SEJ-000818,C09,Inhibiteurs de l'ECV,1 IV x3/j,2023-12-15,,Orale
RX-003496,PAT-00581,SEJ-000818,C09,Inhibiteurs de l'ECV,1 cp/j,2023-12-13,2023-12-23,Orale
RX-003497,PAT-00581,SEJ-000818,H02,Corticoïdes,500 mg x2/j,2023-12-15,2023-12-20,Orale
RX-003498,PAT-00581,SEJ-000818,N02,Analgésiques,2 cp/j,2023-12-10,,Orale
RX-003499,PAT-00582,SEJ-000819,J01,Antibiotiques,À la demande,2023-07-16,2023-07-22,Orale
RX-003500,PAT-00582,SEJ-000819,C01,Inotropes cardiaques,1 patch/72h,2023-07-17,2023-07-26,Orale
RX-003501,PAT-00582,SEJ-000819,B01,Antithrombotiques,1 SC/j,2023-07-16,,Orale
RX-003502,PAT-00582,SEJ-000820,C03,Diurétiques,1 patch/72h,2023-10-25,2023-10-30,Orale
RX-003503,PAT-00582,SEJ-000820,M01,Anti-inflammatoires,1 IV x3/j,2023-10-15,,Orale
RX-003504,PAT-00582,SEJ-000820,N05,Psychotropes,1 SC/j,2023-10-16,2023-10-25,Sous-cutanee
RX-003505,PAT-00583,SEJ-000821,C01,Inotropes cardiaques,1 cp/j,2023-05-16,2023-05-23,IV
RX-003506,PAT-00584,SEJ-000822,M01,Anti-inflammatoires,1 patch/72h,2023-04-04,2023-04-13,Orale
RX-003507,PAT-00584,SEJ-000822,M01,Anti-inflammatoires,1 IV x3/j,2023-04-01,2023-04-02,Sous-cutanee
RX-003508,PAT-00584,SEJ-000822,B01,Antithrombotiques,À la demande,2023-04-03,2023-04-14,IV
RX-003509,PAT-00584,SEJ-000822,A02,Antiacides / IPP,1 patch/72h,2023-03-31,,Orale
RX-003510,PAT-00584,SEJ-000823,A02,Antiacides / IPP,À la demande,2023-02-28,2023-03-04,Sous-cutanee
RX-003511,PAT-00584,SEJ-000823,N02,Analgésiques,2 cp/j,2023-03-01,2023-03-13,Orale
RX-003512,PAT-00584,SEJ-000823,C01,Inotropes cardiaques,1 IV x3/j,2023-02-28,2023-03-11,Orale
RX-003513,PAT-00584,SEJ-000823,C01,Inotropes cardiaques,1 IV x3/j,2023-03-01,2023-03-06,Orale
RX-003514,PAT-00585,SEJ-000824,A10,Antidiabétiques,2 cp/j,2023-07-17,,Orale
RX-003515,PAT-00585,SEJ-000824,C03,Diurétiques,500 mg x2/j,2023-07-18,,Orale
RX-003516,PAT-00585,SEJ-000824,C03,Diurétiques,1 SC/j,2023-07-17,2023-07-22,IV
RX-003517,PAT-00585,SEJ-000825,N02,Analgésiques,1 IV x3/j,2024-03-10,2024-03-23,Orale
RX-003518,PAT-00585,SEJ-000825,J01,Antibiotiques,1 patch/72h,2024-03-10,2024-03-15,Orale
RX-003519,PAT-00585,SEJ-000825,N05,Psychotropes,1 cp/j,2024-03-10,2024-03-18,Orale
RX-003520,PAT-00585,SEJ-000825,A02,Antiacides / IPP,1 SC/j,2024-03-10,2024-03-12,Orale
RX-003521,PAT-00586,SEJ-000826,C09,Inhibiteurs de l'ECV,1 IV x3/j,2024-05-12,,Orale
RX-003522,PAT-00587,SEJ-000827,C09,Inhibiteurs de l'ECV,1 SC/j,2023-06-20,,Orale
RX-003523,PAT-00587,SEJ-000827,H02,Corticoïdes,2 cp/j,2023-06-19,,Orale
RX-003524,PAT-00587,SEJ-000827,B01,Antithrombotiques,1 SC/j,2023-06-20,2023-07-02,Orale
RX-003525,PAT-00587,SEJ-000827,C07,Bêtabloquants,500 mg x2/j,2023-06-19,2023-06-25,IV
RX-003526,PAT-00587,SEJ-000827,C09,Inhibiteurs de l'ECV,1 IV x3/j,2023-06-19,2023-06-23,IV
RX-003527,PAT-00588,SEJ-000828,C09,Inhibiteurs de l'ECV,1 cp/j,2023-11-07,2023-11-11,IV
RX-003528,PAT-00588,SEJ-000828,A02,Antiacides / IPP,1 IV x3/j,2023-11-05,2023-11-06,Orale
RX-003529,PAT-00588,SEJ-000828,M01,Anti-inflammatoires,1 cp/j,2023-11-04,,Orale
RX-003530,PAT-00588,SEJ-000828,A10,Antidiabétiques,1 patch/72h,2023-11-06,2023-11-16,Orale
RX-003531,PAT-00589,SEJ-000829,N05,Psychotropes,1 cp/j,2023-04-20,,Orale
RX-003532,PAT-00589,SEJ-000829,C03,Diurétiques,2 cp/j,2023-04-18,2023-04-30,IV
RX-003533,PAT-00590,SEJ-000830,C09,Inhibiteurs de l'ECV,1 IV x3/j,2023-03-03,,IV
RX-003534,PAT-00590,SEJ-000830,B01,Antithrombotiques,1 IV x3/j,2023-03-04,2023-03-12,Orale
RX-003535,PAT-00590,SEJ-000830,J01,Antibiotiques,500 mg x2/j,2023-03-04,2023-03-08,Orale
RX-003536,PAT-00590,SEJ-000831,A10,Antidiabétiques,À la demande,2023-02-09,2023-02-21,Orale
RX-003537,PAT-00590,SEJ-000831,J01,Antibiotiques,2 cp/j,2023-02-09,2023-02-22,Orale
RX-003538,PAT-00590,SEJ-000831,B01,Antithrombotiques,1 SC/j,2023-02-08,2023-02-21,Orale
RX-003539,PAT-00590,SEJ-000831,B01,Antithrombotiques,500 mg x2/j,2023-02-08,2023-02-12,Sous-cutanee
RX-003540,PAT-00590,SEJ-000831,B01,Antithrombotiques,1 SC/j,2023-02-08,2023-02-14,Orale
RX-003541,PAT-00590,SEJ-000831,A02,Antiacides / IPP,1 SC/j,2023-02-08,2023-02-12,Sous-cutanee
RX-003542,PAT-00591,SEJ-000832,B01,Antithrombotiques,1 SC/j,2023-02-18,2023-03-03,IV
RX-003543,PAT-00591,SEJ-000832,B01,Antithrombotiques,À la demande,2023-02-16,2023-02-18,IV
RX-003544,PAT-00591,SEJ-000832,A02,Antiacides / IPP,1 IV x3/j,2023-02-18,2023-02-22,Orale
RX-003545,PAT-00591,SEJ-000833,C03,Diurétiques,2 cp/j,2023-02-05,2023-02-09,Orale
RX-003546,PAT-00591,SEJ-000833,C07,Bêtabloquants,500 mg x2/j,2023-02-05,2023-02-14,Orale
RX-003547,PAT-00591,SEJ-000833,M01,Anti-inflammatoires,À la demande,2023-02-06,2023-02-14,Orale
RX-003548,PAT-00591,SEJ-000834,C03,Diurétiques,1 IV x3/j,2024-04-29,2024-05-02,Orale
RX-003549,PAT-00591,SEJ-000834,H02,Corticoïdes,1 IV x3/j,2024-04-28,2024-04-29,Orale
RX-003550,PAT-00591,SEJ-000834,H02,Corticoïdes,1 SC/j,2024-04-26,2024-05-08,Orale
RX-003551,PAT-00591,SEJ-000834,H02,Corticoïdes,À la demande,2024-04-28,2024-05-02,Orale
RX-003552,PAT-00592,SEJ-000835,H02,Corticoïdes,1 cp/j,2023-04-05,2023-04-09,IV
RX-003553,PAT-00592,SEJ-000835,C01,Inotropes cardiaques,500 mg x2/j,2023-04-07,2023-04-14,Sous-cutanee
RX-003554,PAT-00592,SEJ-000835,J01,Antibiotiques,1 SC/j,2023-04-07,2023-04-19,Orale
RX-003555,PAT-00592,SEJ-000835,M01,Anti-inflammatoires,1 IV x3/j,2023-03-30,,Orale
RX-003556,PAT-00592,SEJ-000835,H02,Corticoïdes,1 cp/j,2023-04-01,,Orale
RX-003557,PAT-00592,SEJ-000835,C01,Inotropes cardiaques,1 IV x3/j,2023-04-02,2023-04-09,Sous-cutanee
RX-003558,PAT-00592,SEJ-000835,H02,Corticoïdes,1 IV x3/j,2023-04-10,2023-04-15,Orale
RX-003559,PAT-00593,SEJ-000836,C03,Diurétiques,1 patch/72h,2024-05-25,2024-06-01,Orale
RX-003560,PAT-00593,SEJ-000836,B01,Antithrombotiques,À la demande,2024-05-24,,Orale
RX-003561,PAT-00593,SEJ-000836,C09,Inhibiteurs de l'ECV,1 IV x3/j,2024-05-26,2024-06-08,IV
RX-003562,PAT-00593,SEJ-000836,N02,Analgésiques,1 IV x3/j,2024-05-24,2024-06-06,Orale
RX-003563,PAT-00593,SEJ-000836,N05,Psychotropes,500 mg x2/j,2024-05-23,,Orale
RX-003564,PAT-00593,SEJ-000836,A02,Antiacides / IPP,1 patch/72h,2024-05-23,2024-06-03,Orale
RX-003565,PAT-00593,SEJ-000836,N02,Analgésiques,500 mg x2/j,2024-05-25,2024-06-06,Orale
RX-003566,PAT-00593,SEJ-000836,N05,Psychotropes,2 cp/j,2024-05-25,2024-05-29,Sous-cutanee
RX-003567,PAT-00593,SEJ-000836,C07,Bêtabloquants,500 mg x2/j,2024-05-23,2024-06-02,Orale
RX-003568,PAT-00594,SEJ-000837,N05,Psychotropes,2 cp/j,2023-08-30,2023-09-02,Orale
RX-003569,PAT-00594,SEJ-000837,H02,Corticoïdes,2 cp/j,2023-08-28,2023-09-05,Orale
RX-003570,PAT-00594,SEJ-000837,N02,Analgésiques,1 patch/72h,2023-08-30,2023-08-31,Orale
RX-003571,PAT-00594,SEJ-000837,A10,Antidiabétiques,1 SC/j,2023-08-29,2023-09-11,Orale
RX-003572,PAT-00594,SEJ-000837,C03,Diurétiques,2 cp/j,2023-08-29,2023-09-06,Orale
RX-003573,PAT-00595,SEJ-000838,H02,Corticoïdes,500 mg x2/j,2023-06-12,2023-06-16,IV
RX-003574,PAT-00595,SEJ-000838,H02,Corticoïdes,1 cp/j,2023-06-13,2023-06-14,Orale
RX-003575,PAT-00596,SEJ-000839,C03,Diurétiques,500 mg x2/j,2023-09-21,2023-09-28,IV
RX-003576,PAT-00596,SEJ-000839,B01,Antithrombotiques,1 IV x3/j,2023-09-22,2023-10-05,Orale
RX-003577,PAT-00596,SEJ-000839,J01,Antibiotiques,2 cp/j,2023-09-25,2023-09-27,IV
RX-003578,PAT-00596,SEJ-000839,N02,Analgésiques,1 IV x3/j,2023-09-24,2023-09-30,IV
RX-003579,PAT-00596,SEJ-000839,C09,Inhibiteurs de l'ECV,À la demande,2023-09-21,,Orale
RX-003580,PAT-00596,SEJ-000839,N02,Analgésiques,1 patch/72h,2023-09-24,2023-09-26,IV
RX-003581,PAT-00596,SEJ-000840,B01,Antithrombotiques,2 cp/j,2023-01-28,2023-02-08,Orale
RX-003582,PAT-00597,SEJ-000841,C09,Inhibiteurs de l'ECV,2 cp/j,2023-08-30,,IV
RX-003583,PAT-00597,SEJ-000841,C09,Inhibiteurs de l'ECV,2 cp/j,2023-08-30,2023-09-06,IV
RX-003584,PAT-00597,SEJ-000841,B01,Antithrombotiques,2 cp/j,2023-08-29,2023-09-02,Sous-cutanee
RX-003585,PAT-00597,SEJ-000841,C03,Diurétiques,500 mg x2/j,2023-08-28,2023-09-03,Orale
RX-003586,PAT-00597,SEJ-000841,C03,Diurétiques,1 IV x3/j,2023-08-29,2023-09-11,Orale
RX-003587,PAT-00597,SEJ-000841,C07,Bêtabloquants,2 cp/j,2023-08-30,2023-09-02,IV
RX-003588,PAT-00597,SEJ-000842,J01,Antibiotiques,500 mg x2/j,2023-12-31,2024-01-12,Sous-cutanee
RX-003589,PAT-00597,SEJ-000842,N05,Psychotropes,1 cp/j,2023-12-24,2023-12-30,IV
RX-003590,PAT-00597,SEJ-000842,N02,Analgésiques,2 cp/j,2023-12-23,2024-01-03,Sous-cutanee
RX-003591,PAT-00598,SEJ-000843,C07,Bêtabloquants,1 IV x3/j,2024-05-06,2024-05-09,Orale
RX-003592,PAT-00598,SEJ-000843,H02,Corticoïdes,500 mg x2/j,2024-05-06,2024-05-13,IV
RX-003593,PAT-00598,SEJ-000843,C03,Diurétiques,1 patch/72h,2024-05-05,2024-05-11,Orale
RX-003594,PAT-00598,SEJ-000844,C01,Inotropes cardiaques,2 cp/j,2023-04-02,2023-04-03,Orale
RX-003595,PAT-00598,SEJ-000844,H02,Corticoïdes,1 patch/72h,2023-04-01,2023-04-10,Sous-cutanee
RX-003596,PAT-00598,SEJ-000844,A10,Antidiabétiques,1 patch/72h,2023-04-01,,Orale
RX-003597,PAT-00598,SEJ-000845,N02,Analgésiques,2 cp/j,2023-09-16,2023-09-24,IV
RX-003598,PAT-00598,SEJ-000845,C01,Inotropes cardiaques,1 SC/j,2023-09-14,2023-09-18,Orale
RX-003599,PAT-00598,SEJ-000845,J01,Antibiotiques,2 cp/j,2023-09-17,2023-09-18,Orale
RX-003600,PAT-00598,SEJ-000845,J01,Antibiotiques,1 IV x3/j,2023-09-15,,Orale
RX-003601,PAT-00599,SEJ-000846,C09,Inhibiteurs de l'ECV,1 cp/j,2024-02-19,,Sous-cutanee
RX-003602,PAT-00599,SEJ-000846,C07,Bêtabloquants,1 patch/72h,2024-02-22,,Orale
RX-003603,PAT-00599,SEJ-000846,J01,Antibiotiques,1 IV x3/j,2024-02-22,,Orale
RX-003604,PAT-00600,SEJ-000847,N05,Psychotropes,2 cp/j,2023-07-05,,Orale
RX-003605,PAT-00600,SEJ-000847,A02,Antiacides / IPP,1 IV x3/j,2023-07-02,2023-07-05,Orale
RX-003606,PAT-00600,SEJ-000847,C09,Inhibiteurs de l'ECV,À la demande,2023-07-03,,Orale
RX-003607,PAT-00601,SEJ-000848,A10,Antidiabétiques,1 patch/72h,2023-02-20,2023-02-27,Orale
RX-003608,PAT-00601,SEJ-000848,C03,Diurétiques,1 cp/j,2023-02-20,2023-02-25,Orale
RX-003609,PAT-00601,SEJ-000849,A10,Antidiabétiques,1 IV x3/j,2024-02-07,2024-02-13,Sous-cutanee
RX-003610,PAT-00601,SEJ-000849,C01,Inotropes cardiaques,1 patch/72h,2024-02-09,,Orale
RX-003611,PAT-00601,SEJ-000849,M01,Anti-inflammatoires,500 mg x2/j,2024-02-07,2024-02-18,Orale
RX-003612,PAT-00601,SEJ-000849,A10,Antidiabétiques,500 mg x2/j,2024-02-07,2024-02-20,Orale
RX-003613,PAT-00601,SEJ-000849,M01,Anti-inflammatoires,1 cp/j,2024-02-08,2024-02-19,Orale
RX-003614,PAT-00601,SEJ-000849,M01,Anti-inflammatoires,2 cp/j,2024-02-10,2024-02-16,Orale
RX-003615,PAT-00602,SEJ-000850,C07,Bêtabloquants,1 cp/j,2023-04-14,,Orale
RX-003616,PAT-00602,SEJ-000850,B01,Antithrombotiques,2 cp/j,2023-04-13,2023-04-15,Orale
RX-003617,PAT-00602,SEJ-000850,N05,Psychotropes,1 SC/j,2023-04-13,2023-04-22,Orale
RX-003618,PAT-00602,SEJ-000850,H02,Corticoïdes,1 patch/72h,2023-04-12,2023-04-22,Orale
RX-003619,PAT-00602,SEJ-000850,C03,Diurétiques,À la demande,2023-04-13,2023-04-15,Orale
RX-003620,PAT-00602,SEJ-000850,M01,Anti-inflammatoires,500 mg x2/j,2023-04-12,2023-04-18,Sous-cutanee
RX-003621,PAT-00603,SEJ-000851,C03,Diurétiques,1 patch/72h,2024-03-18,,Orale
RX-003622,PAT-00603,SEJ-000851,C09,Inhibiteurs de l'ECV,1 patch/72h,2024-03-19,2024-03-29,Sous-cutanee
RX-003623,PAT-00603,SEJ-000851,B01,Antithrombotiques,À la demande,2024-03-20,2024-03-22,Sous-cutanee
RX-003624,PAT-00603,SEJ-000851,M01,Anti-inflammatoires,1 IV x3/j,2024-03-21,2024-04-03,Orale
RX-003625,PAT-00603,SEJ-000851,H02,Corticoïdes,500 mg x2/j,2024-03-20,2024-03-30,Orale
RX-003626,PAT-00603,SEJ-000851,N05,Psychotropes,À la demande,2024-03-21,2024-03-30,Orale
RX-003627,PAT-00604,SEJ-000852,A10,Antidiabétiques,1 patch/72h,2023-01-18,2023-01-22,Orale
RX-003628,PAT-00604,SEJ-000852,B01,Antithrombotiques,1 cp/j,2023-01-16,2023-01-28,Orale
RX-003629,PAT-00604,SEJ-000852,C09,Inhibiteurs de l'ECV,1 SC/j,2023-01-17,2023-01-19,Orale
RX-003630,PAT-00604,SEJ-000852,B01,Antithrombotiques,1 IV x3/j,2023-01-19,2023-01-25,Orale
RX-003631,PAT-00605,SEJ-000853,J01,Antibiotiques,1 patch/72h,2023-11-13,2023-11-23,Orale
RX-003632,PAT-00605,SEJ-000853,M01,Anti-inflammatoires,1 IV x3/j,2023-11-13,2023-11-23,Orale
RX-003633,PAT-00605,SEJ-000853,J01,Antibiotiques,1 patch/72h,2023-11-15,2023-11-27,Orale
RX-003634,PAT-00605,SEJ-000853,H02,Corticoïdes,À la demande,2023-11-13,2023-11-21,IV
RX-003635,PAT-00605,SEJ-000853,C03,Diurétiques,1 SC/j,2023-11-16,2023-11-22,IV
RX-003636,PAT-00605,SEJ-000853,N05,Psychotropes,À la demande,2023-11-13,2023-11-18,Orale
RX-003637,PAT-00606,SEJ-000854,H02,Corticoïdes,1 SC/j,2023-01-20,,Sous-cutanee
RX-003638,PAT-00606,SEJ-000854,N05,Psychotropes,1 patch/72h,2023-01-22,2023-01-23,Orale
RX-003639,PAT-00606,SEJ-000854,A02,Antiacides / IPP,500 mg x2/j,2023-01-21,2023-01-23,Orale
RX-003640,PAT-00606,SEJ-000854,C09,Inhibiteurs de l'ECV,À la demande,2023-01-21,2023-01-24,Orale
RX-003641,PAT-00607,SEJ-000855,A02,Antiacides / IPP,1 patch/72h,2023-04-29,2023-05-03,IV
RX-003642,PAT-00607,SEJ-000855,J01,Antibiotiques,500 mg x2/j,2023-04-29,2023-05-12,IV
RX-003643,PAT-00608,SEJ-000856,H02,Corticoïdes,2 cp/j,2023-02-09,2023-02-18,IV
RX-003644,PAT-00608,SEJ-000856,M01,Anti-inflammatoires,2 cp/j,2023-02-10,,Orale
RX-003645,PAT-00608,SEJ-000857,C03,Diurétiques,2 cp/j,2023-08-15,2023-08-20,Orale
RX-003646,PAT-00608,SEJ-000857,A10,Antidiabétiques,1 SC/j,2023-08-15,2023-08-19,Orale
RX-003647,PAT-00608,SEJ-000857,C03,Diurétiques,2 cp/j,2023-08-15,2023-08-21,Orale
RX-003648,PAT-00608,SEJ-000857,C01,Inotropes cardiaques,1 IV x3/j,2023-08-15,,Orale
RX-003649,PAT-00609,SEJ-000858,J01,Antibiotiques,500 mg x2/j,2023-05-10,2023-05-21,Orale
RX-003650,PAT-00609,SEJ-000858,C01,Inotropes cardiaques,1 cp/j,2023-05-07,2023-05-11,IV
RX-003651,PAT-00609,SEJ-000858,C07,Bêtabloquants,1 cp/j,2023-05-07,2023-05-18,Orale
RX-003652,PAT-00609,SEJ-000858,N02,Analgésiques,1 SC/j,2023-05-11,2023-05-20,Orale
RX-003653,PAT-00609,SEJ-000858,C03,Diurétiques,1 cp/j,2023-05-10,2023-05-20,Orale
RX-003654,PAT-00609,SEJ-000858,C07,Bêtabloquants,1 cp/j,2023-05-11,2023-05-20,IV
RX-003655,PAT-00609,SEJ-000859,N02,Analgésiques,1 cp/j,2024-03-01,2024-03-10,Orale
RX-003656,PAT-00610,SEJ-000860,A02,Antiacides / IPP,À la demande,2023-06-09,2023-06-20,IV
RX-003657,PAT-00610,SEJ-000860,C03,Diurétiques,1 IV x3/j,2023-06-11,2023-06-21,Sous-cutanee
RX-003658,PAT-00610,SEJ-000860,C07,Bêtabloquants,500 mg x2/j,2023-06-10,2023-06-21,IV
RX-003659,PAT-00610,SEJ-000861,N05,Psychotropes,500 mg x2/j,2023-07-27,2023-07-30,Orale
RX-003660,PAT-00610,SEJ-000861,C09,Inhibiteurs de l'ECV,1 SC/j,2023-07-26,2023-08-04,Orale
RX-003661,PAT-00610,SEJ-000861,C03,Diurétiques,500 mg x2/j,2023-07-27,2023-08-05,Orale
RX-003662,PAT-00610,SEJ-000861,C07,Bêtabloquants,500 mg x2/j,2023-07-17,2023-07-21,Orale
RX-003663,PAT-00611,SEJ-000862,A02,Antiacides / IPP,2 cp/j,2023-01-12,2023-01-25,IV
RX-003664,PAT-00611,SEJ-000862,N02,Analgésiques,1 patch/72h,2023-01-15,2023-01-28,Orale
RX-003665,PAT-00611,SEJ-000862,C07,Bêtabloquants,1 SC/j,2023-01-12,2023-01-19,Sous-cutanee
RX-003666,PAT-00611,SEJ-000863,H02,Corticoïdes,1 SC/j,2023-04-13,,Orale
RX-003667,PAT-00611,SEJ-000863,C07,Bêtabloquants,À la demande,2023-04-14,2023-04-23,Orale
RX-003668,PAT-00611,SEJ-000863,N02,Analgésiques,1 IV x3/j,2023-04-13,,Orale
RX-003669,PAT-00611,SEJ-000863,C03,Diurétiques,2 cp/j,2023-04-15,2023-04-20,IV
RX-003670,PAT-00611,SEJ-000863,C09,Inhibiteurs de l'ECV,1 patch/72h,2023-04-14,,Orale
RX-003671,PAT-00612,SEJ-000864,N05,Psychotropes,1 patch/72h,2023-09-18,2023-09-21,Sous-cutanee
RX-003672,PAT-00612,SEJ-000864,A02,Antiacides / IPP,500 mg x2/j,2023-09-22,2023-10-05,Sous-cutanee
RX-003673,PAT-00613,SEJ-000865,N05,Psychotropes,500 mg x2/j,2023-08-28,2023-08-29,Orale
RX-003674,PAT-00613,SEJ-000865,A10,Antidiabétiques,1 IV x3/j,2023-08-23,2023-08-29,Orale
RX-003675,PAT-00613,SEJ-000865,C03,Diurétiques,1 IV x3/j,2023-08-24,2023-09-03,Orale
RX-003676,PAT-00613,SEJ-000865,H02,Corticoïdes,500 mg x2/j,2023-08-24,,Orale
RX-003677,PAT-00613,SEJ-000865,N02,Analgésiques,1 patch/72h,2023-08-27,2023-09-01,Orale
RX-003678,PAT-00614,SEJ-000866,C09,Inhibiteurs de l'ECV,1 SC/j,2024-03-21,2024-03-30,Orale
RX-003679,PAT-00614,SEJ-000866,B01,Antithrombotiques,1 SC/j,2024-03-21,2024-03-24,Orale
RX-003680,PAT-00614,SEJ-000866,A02,Antiacides / IPP,500 mg x2/j,2024-03-22,2024-03-24,Orale
RX-003681,PAT-00614,SEJ-000866,C01,Inotropes cardiaques,1 SC/j,2024-03-20,2024-03-21,IV
RX-003682,PAT-00615,SEJ-000867,A10,Antidiabétiques,1 IV x3/j,2023-03-27,2023-04-05,Orale
RX-003683,PAT-00615,SEJ-000867,N05,Psychotropes,2 cp/j,2023-03-28,2023-04-06,Orale
RX-003684,PAT-00615,SEJ-000867,C03,Diurétiques,500 mg x2/j,2023-03-27,,Sous-cutanee
RX-003685,PAT-00615,SEJ-000867,A02,Antiacides / IPP,À la demande,2023-03-28,2023-04-01,Orale
RX-003686,PAT-00615,SEJ-000868,C01,Inotropes cardiaques,2 cp/j,2024-04-27,2024-05-03,IV
RX-003687,PAT-00615,SEJ-000868,M01,Anti-inflammatoires,À la demande,2024-05-03,,Orale
RX-003688,PAT-00615,SEJ-000868,N05,Psychotropes,1 SC/j,2024-05-05,2024-05-18,Orale
RX-003689,PAT-00615,SEJ-000868,A02,Antiacides / IPP,1 SC/j,2024-05-04,2024-05-17,Orale
RX-003690,PAT-00615,SEJ-000869,A10,Antidiabétiques,1 SC/j,2024-01-19,2024-01-26,Orale
RX-003691,PAT-00615,SEJ-000869,J01,Antibiotiques,1 IV x3/j,2024-01-20,2024-02-01,Sous-cutanee
RX-003692,PAT-00615,SEJ-000869,A10,Antidiabétiques,1 SC/j,2024-01-21,2024-02-01,Sous-cutanee
RX-003693,PAT-00615,SEJ-000869,M01,Anti-inflammatoires,1 patch/72h,2024-01-20,,Sous-cutanee
RX-003694,PAT-00616,SEJ-000870,H02,Corticoïdes,À la demande,2024-04-16,2024-04-19,Orale
RX-003695,PAT-00616,SEJ-000870,C03,Diurétiques,À la demande,2024-04-19,2024-04-20,Orale
RX-003696,PAT-00616,SEJ-000870,C07,Bêtabloquants,À la demande,2024-04-24,2024-05-02,Orale
RX-003697,PAT-00616,SEJ-000870,H02,Corticoïdes,1 IV x3/j,2024-04-21,2024-05-01,Sous-cutanee
RX-003698,PAT-00616,SEJ-000870,A10,Antidiabétiques,1 SC/j,2024-04-16,,Orale
RX-003699,PAT-00616,SEJ-000870,N02,Analgésiques,2 cp/j,2024-04-24,2024-04-26,Orale
RX-003700,PAT-00616,SEJ-000870,H02,Corticoïdes,500 mg x2/j,2024-04-20,2024-04-30,Orale
RX-003701,PAT-00617,SEJ-000871,A10,Antidiabétiques,1 cp/j,2024-04-25,2024-05-04,Orale
RX-003702,PAT-00617,SEJ-000871,A02,Antiacides / IPP,500 mg x2/j,2024-04-25,2024-05-07,Orale
RX-003703,PAT-00617,SEJ-000871,N05,Psychotropes,1 patch/72h,2024-04-27,2024-05-09,Orale
RX-003704,PAT-00617,SEJ-000871,A02,Antiacides / IPP,1 IV x3/j,2024-04-27,2024-04-29,IV
RX-003705,PAT-00617,SEJ-000871,J01,Antibiotiques,À la demande,2024-04-25,2024-05-06,Orale
RX-003706,PAT-00617,SEJ-000872,A02,Antiacides / IPP,2 cp/j,2024-05-12,2024-05-15,Orale
RX-003707,PAT-00617,SEJ-000872,C03,Diurétiques,1 IV x3/j,2024-05-12,,IV
RX-003708,PAT-00617,SEJ-000872,B01,Antithrombotiques,1 cp/j,2024-05-12,2024-05-25,IV
RX-003709,PAT-00617,SEJ-000872,C03,Diurétiques,1 cp/j,2024-05-12,2024-05-15,Orale
RX-003710,PAT-00617,SEJ-000872,A10,Antidiabétiques,2 cp/j,2024-05-12,2024-05-20,IV
RX-003711,PAT-00618,SEJ-000873,M01,Anti-inflammatoires,500 mg x2/j,2023-03-16,,Orale
RX-003712,PAT-00618,SEJ-000873,C09,Inhibiteurs de l'ECV,À la demande,2023-03-16,2023-03-29,Sous-cutanee
RX-003713,PAT-00618,SEJ-000873,M01,Anti-inflammatoires,2 cp/j,2023-03-17,,Orale
RX-003714,PAT-00618,SEJ-000874,A02,Antiacides / IPP,1 patch/72h,2023-08-16,2023-08-24,Orale
RX-003715,PAT-00618,SEJ-000874,C01,Inotropes cardiaques,À la demande,2023-08-16,2023-08-28,IV
RX-003716,PAT-00618,SEJ-000874,C03,Diurétiques,1 IV x3/j,2023-08-16,,IV
RX-003717,PAT-00618,SEJ-000874,J01,Antibiotiques,1 SC/j,2023-08-19,2023-08-31,Orale
RX-003718,PAT-00619,SEJ-000875,C01,Inotropes cardiaques,1 patch/72h,2023-10-15,2023-10-17,Orale
RX-003719,PAT-00619,SEJ-000876,B01,Antithrombotiques,1 SC/j,2024-04-18,,Orale
RX-003720,PAT-00619,SEJ-000876,C03,Diurétiques,1 patch/72h,2024-04-19,2024-04-26,Sous-cutanee
RX-003721,PAT-00619,SEJ-000876,C03,Diurétiques,2 cp/j,2024-04-18,2024-04-23,Orale
RX-003722,PAT-00619,SEJ-000876,C03,Diurétiques,2 cp/j,2024-04-22,2024-04-23,Orale
RX-003723,PAT-00619,SEJ-000876,M01,Anti-inflammatoires,500 mg x2/j,2024-04-20,2024-04-25,IV
RX-003724,PAT-00620,SEJ-000877,J01,Antibiotiques,À la demande,2023-08-04,2023-08-15,Orale
RX-003725,PAT-00620,SEJ-000877,N02,Analgésiques,500 mg x2/j,2023-08-04,2023-08-12,Sous-cutanee
RX-003726,PAT-00620,SEJ-000877,A02,Antiacides / IPP,1 cp/j,2023-08-04,2023-08-17,Orale
RX-003727,PAT-00620,SEJ-000877,N02,Analgésiques,500 mg x2/j,2023-08-03,2023-08-08,Sous-cutanee
RX-003728,PAT-00620,SEJ-000878,N05,Psychotropes,À la demande,2023-11-03,,Orale
