MesureID,PatientID,Horodatage,TypeMesure,Valeur,QualiteSignal
OC-000001,PAT-00267,2024-04-29 08:00:00,ActivitePas,0.0,Bon
OC-000002,PAT-00267,2024-04-29 20:00:00,FrequenceCardiaque,70.0,Bon
OC-000003,PAT-00267,2024-04-30 08:00:00,FrequenceCardiaque,67.0,Gap
OC-000004,PAT-00267,2024-04-30 14:00:00,SpO2,91.0,Bon
OC-000005,PAT-00267,2024-04-30 20:00:00,SpO2,91.0,Bon
OC-000006,PAT-00267,2024-05-01 08:00:00,ActivitePas,5540.0,Bon
OC-000007,PAT-00267,2024-05-01 14:00:00,FrequenceCardiaque,83.0,CapteurDefaillant
OC-000008,PAT-00267,2024-05-02 08:00:00,FrequenceCardiaque,80.0,Bon
OC-000009,PAT-00267,2024-05-02 20:00:00,FrequenceCardiaque,72.0,Gap
OC-000010,PAT-00267,2024-05-03 08:00:00,SpO2,96.0,Bon
OC-000011,PAT-00267,2024-05-03 14:00:00,Poids,60.8,Bon
OC-000012,PAT-00267,2024-05-03 20:00:00,ActivitePas,3190.0,Bon
OC-000013,PAT-00267,2024-05-04 08:00:00,SpO2,95.0,Bon
OC-000014,PAT-00267,2024-05-04 14:00:00,ActivitePas,2097.0,Bon
OC-000015,PAT-00267,2024-05-04 20:00:00,Poids,69.6,Bon
OC-000016,PAT-00267,2024-05-05 08:00:00,FrequenceCardiaque,76.0,Bon
OC-000017,PAT-00267,2024-05-05 14:00:00,FrequenceCardiaque,72.0,Bon
OC-000018,PAT-00267,2024-05-06 08:00:00,SpO2,94.0,Bon
OC-000019,PAT-00267,2024-05-06 14:00:00,Poids,85.9,Bon
OC-000020,PAT-00267,2024-05-06 20:00:00,ActivitePas,5871.0,Bon
OC-000021,PAT-00267,2024-05-07 08:00:00,FrequenceCardiaque,50.0,CapteurDefaillant
OC-000022,PAT-00267,2024-05-07 14:00:00,SpO2,92.0,Gap
OC-000023,PAT-00267,2024-05-07 20:00:00,FrequenceCardiaque,88.0,Bon
OC-000024,PAT-00267,2024-05-08 20:00:00,SpO2,94.0,Bon
OC-000025,PAT-00267,2024-05-09 08:00:00,FrequenceCardiaque,73.0,Bon
OC-000026,PAT-00267,2024-05-09 14:00:00,Poids,62.3,CapteurDefaillant
OC-000027,PAT-00267,2024-05-09 20:00:00,FrequenceCardiaque,72.0,Bon
OC-000028,PAT-00267,2024-05-10 08:00:00,ActivitePas,1994.0,Bon
OC-000029,PAT-00267,2024-05-10 14:00:00,ActivitePas,5455.0,CapteurDefaillant
OC-000030,PAT-00267,2024-05-10 20:00:00,FrequenceCardiaque,89.0,Bon
OC-000031,PAT-00267,2024-05-11 08:00:00,ActivitePas,3593.0,Bon
OC-000032,PAT-00267,2024-05-11 14:00:00,ActivitePas,5894.0,Gap
OC-000033,PAT-00267,2024-05-11 20:00:00,FrequenceCardiaque,78.0,Bon
OC-000034,PAT-00267,2024-05-12 14:00:00,ActivitePas,3860.0,Bon
OC-000035,PAT-00267,2024-05-12 20:00:00,ActivitePas,2040.0,Bon
OC-000036,PAT-00309,2024-05-12 08:00:00,Poids,95.7,Bon
OC-000037,PAT-00309,2024-05-12 20:00:00,ActivitePas,1321.0,Gap
OC-000038,PAT-00309,2024-05-13 08:00:00,ActivitePas,3036.0,CapteurDefaillant
OC-000039,PAT-00309,2024-05-13 14:00:00,ActivitePas,4111.0,Bon
OC-000040,PAT-00309,2024-05-13 20:00:00,SpO2,93.0,Bon
OC-000041,PAT-00309,2024-05-14 08:00:00,ActivitePas,4249.0,Bon
OC-000042,PAT-00309,2024-05-14 14:00:00,ActivitePas,5483.0,Bon
OC-000043,PAT-00309,2024-05-14 20:00:00,Poids,64.9,Bon
OC-000044,PAT-00309,2024-05-15 08:00:00,ActivitePas,4127.0,Bon
OC-000045,PAT-00309,2024-05-15 14:00:00,FrequenceCardiaque,87.0,Bon
OC-000046,PAT-00309,2024-05-15 20:00:00,FrequenceCardiaque,63.0,Bon
OC-000047,PAT-00309,2024-05-16 08:00:00,ActivitePas,2948.0,Bon
OC-000048,PAT-00309,2024-05-16 14:00:00,FrequenceCardiaque,89.0,Bon
OC-000049,PAT-00309,2024-05-16 20:00:00,ActivitePas,1369.0,Gap
OC-000050,PAT-00309,2024-05-17 14:00:00,Poids,71.3,Bon
OC-000051,PAT-00309,2024-05-17 20:00:00,FrequenceCardiaque,81.0,Bon
OC-000052,PAT-00309,2024-05-18 08:00:00,FrequenceCardiaque,69.0,Bon
OC-000053,PAT-00309,2024-05-18 20:00:00,FrequenceCardiaque,73.0,Bon
OC-000054,PAT-00309,2024-05-19 08:00:00,ActivitePas,4368.0,CapteurDefaillant
OC-000055,PAT-00309,2024-05-19 14:00:00,ActivitePas,4766.0,Bon
OC-000056,PAT-00309,2024-05-19 20:00:00,ActivitePas,2737.0,Bon
OC-000057,PAT-00309,2024-05-20 08:00:00,FrequenceCardiaque,70.0,Bon
OC-000058,PAT-00309,2024-05-20 14:00:00,FrequenceCardiaque,74.0,Bon
OC-000059,PAT-00309,2024-05-20 20:00:00,FrequenceCardiaque,77.0,Bon
OC-000060,PAT-999999,2024-05-21 08:00:00,SpO2,93.0,Bon
OC-000061,PAT-00309,2024-05-21 14:00:00,SpO2,100.0,Bon
OC-000062,PAT-00309,2024-05-21 20:00:00,FrequenceCardiaque,90.0,Bon
OC-000063,PAT-00309,2024-05-22 08:00:00,Poids,80.2,Bon
OC-000064,PAT-00309,2024-05-23 08:00:00,Poids,81.3,Bon
OC-000065,PAT-00309,2024-05-23 14:00:00,FrequenceCardiaque,112.0,Gap
OC-000066,PAT-00309,2024-05-23 20:00:00,ActivitePas,4205.0,Bon
OC-000067,PAT-00309,2024-05-24 08:00:00,SpO2,99.0,Bon
OC-000068,PAT-00309,2024-05-24 20:00:00,Poids,62.0,CapteurDefaillant
OC-000069,PAT-00309,2024-05-25 08:00:00,Poids,102.0,Bon
OC-000070,PAT-00309,2024-05-25 14:00:00,Poids,96.8,Bon
OC-000071,PAT-00193,2024-04-17 08:00:00,FrequenceCardiaque,58.0,Gap
OC-000072,PAT-00193,2024-04-17 14:00:00,FrequenceCardiaque,83.0,Bon
OC-000073,PAT-00193,2024-04-18 08:00:00,FrequenceCardiaque,89.0,CapteurDefaillant
OC-000074,PAT-00193,2024-04-18 20:00:00,FrequenceCardiaque,63.0,Bon
OC-000075,PAT-00193,2024-04-19 08:00:00,Poids,69.4,CapteurDefaillant
OC-000076,PAT-00193,2024-04-19 14:00:00,ActivitePas,3869.0,Gap
OC-000077,PAT-00193,2024-04-19 20:00:00,FrequenceCardiaque,89.0,Bon
OC-000078,PAT-00193,2024-04-20 08:00:00,ActivitePas,5146.0,Bon
OC-000079,PAT-00193,2024-04-20 14:00:00,ActivitePas,2023.0,Bon
OC-000080,PAT-00193,2024-04-21 14:00:00,FrequenceCardiaque,72.0,Bon
OC-000081,PAT-00193,2024-04-21 20:00:00,ActivitePas,7007.0,CapteurDefaillant
OC-000082,PAT-999999,2024-04-22 08:00:00,FrequenceCardiaque,77.0,Bon
OC-000083,PAT-00193,2024-04-22 14:00:00,ActivitePas,1417.0,Bon
OC-000084,PAT-00193,2024-04-22 20:00:00,FrequenceCardiaque,80.0,Bon
OC-000085,PAT-00193,2024-04-23 08:00:00,ActivitePas,251.0,Gap
OC-000086,PAT-00193,2024-04-23 14:00:00,Poids,58.8,Bon
OC-000087,PAT-00193,2024-04-23 20:00:00,ActivitePas,3919.0,Bon
OC-000088,PAT-00193,2024-04-24 08:00:00,FrequenceCardiaque,85.0,Bon
OC-000089,PAT-00193,2024-04-24 14:00:00,FrequenceCardiaque,88.0,Bon
OC-000090,PAT-00193,2024-04-24 20:00:00,ActivitePas,5176.0,Bon
OC-000091,PAT-00193,2024-04-25 08:00:00,SpO2,94.0,Bon
OC-000092,PAT-00193,2024-04-25 14:00:00,ActivitePas,4552.0,Bon
OC-000093,PAT-00193,2024-04-25 20:00:00,FrequenceCardiaque,72.0,Bon
OC-000094,PAT-00193,2024-04-26 14:00:00,FrequenceCardiaque,62.0,Bon
OC-000095,PAT-00193,2024-04-26 20:00:00,SpO2,89.0,Bon
OC-000096,PAT-00193,2024-04-27 08:00:00,ActivitePas,2672.0,Bon
OC-000097,PAT-00193,2024-04-27 14:00:00,Poids,69.9,Bon
OC-000098,PAT-00193,2024-04-27 20:00:00,ActivitePas,810.0,Bon
OC-000099,PAT-999999,2024-04-28 08:00:00,FrequenceCardiaque,96.0,Bon
OC-000100,PAT-00193,2024-04-28 20:00:00,FrequenceCardiaque,78.0,Bon
OC-000101,PAT-00193,2024-04-29 08:00:00,FrequenceCardiaque,80.0,Bon
OC-000102,PAT-00193,2024-04-29 14:00:00,ActivitePas,4417.0,Gap
OC-000103,PAT-00193,2024-04-29 20:00:00,ActivitePas,4146.0,CapteurDefaillant
OC-000104,PAT-00193,2024-04-30 08:00:00,FrequenceCardiaque,96.0,Bon
OC-000105,PAT-00193,2024-04-30 14:00:00,Poids,61.7,Bon
OC-000106,PAT-00193,2024-04-30 20:00:00,SpO2,95.0,Bon
OC-000107,PAT-00598,2024-04-21 08:00:00,FrequenceCardiaque,52.0,Bon
OC-000108,PAT-00598,2024-04-21 14:00:00,ActivitePas,3394.0,Bon
OC-000109,PAT-00598,2024-04-21 20:00:00,Poids,77.4,Bon
OC-000110,PAT-00598,2024-04-22 08:00:00,Poids,89.2,Bon
OC-000111,PAT-00598,2024-04-22 14:00:00,Poids,88.3,Bon
OC-000112,PAT-00598,2024-04-22 20:00:00,ActivitePas,1476.0,Bon
OC-000113,PAT-00598,2024-04-23 08:00:00,ActivitePas,4110.0,CapteurDefaillant
OC-000114,PAT-00598,2024-04-23 14:00:00,FrequenceCardiaque,72.0,Bon
OC-000115,PAT-00598,2024-04-23 20:00:00,ActivitePas,639.0,Gap
OC-000116,PAT-00598,2024-04-24 08:00:00,SpO2,97.0,Bon
OC-000117,PAT-00598,2024-04-24 14:00:00,ActivitePas,6128.0,Bon
OC-000118,PAT-00598,2024-04-24 20:00:00,FrequenceCardiaque,62.0,Bon
OC-000119,PAT-00598,2024-04-25 08:00:00,ActivitePas,1088.0,Bon
OC-000120,PAT-00598,2024-04-25 14:00:00,Poids,82.0,Bon
OC-000121,PAT-00598,2024-04-25 20:00:00,ActivitePas,7423.0,Bon
OC-000122,PAT-00598,2024-04-26 08:00:00,SpO2,94.0,Bon
OC-000123,PAT-00598,2024-04-26 14:00:00,FrequenceCardiaque,72.0,Bon
OC-000124,PAT-00598,2024-04-26 20:00:00,FrequenceCardiaque,76.0,Bon
OC-000125,PAT-00598,2024-04-27 08:00:00,Poids,78.5,CapteurDefaillant
OC-000126,PAT-00598,2024-04-27 14:00:00,Poids,91.5,Bon
OC-000127,PAT-00598,2024-04-27 20:00:00,Poids,60.0,CapteurDefaillant
OC-000128,PAT-00598,2024-04-28 08:00:00,Poids,63.2,Bon
OC-000129,PAT-00598,2024-04-28 20:00:00,Poids,91.8,Bon
OC-000130,PAT-00598,2024-04-29 08:00:00,Poids,68.2,Bon
OC-000131,PAT-00598,2024-04-29 14:00:00,FrequenceCardiaque,74.0,Bon
OC-000132,PAT-00598,2024-04-29 20:00:00,SpO2,94.0,Bon
OC-000133,PAT-00598,2024-04-30 08:00:00,ActivitePas,2002.0,Bon
OC-000134,PAT-00598,2024-04-30 20:00:00,SpO2,99.0,Bon
OC-000135,PAT-00598,2024-05-01 08:00:00,ActivitePas,1670.0,Bon
OC-000136,PAT-00598,2024-05-01 14:00:00,FrequenceCardiaque,76.0,Bon
OC-000137,PAT-00598,2024-05-01 20:00:00,ActivitePas,2954.0,Bon
OC-000138,PAT-00598,2024-05-02 08:00:00,ActivitePas,1448.0,Bon
OC-000139,PAT-00598,2024-05-02 14:00:00,FrequenceCardiaque,82.0,CapteurDefaillant
OC-000140,PAT-00598,2024-05-02 20:00:00,FrequenceCardiaque,73.0,Bon
OC-000141,PAT-00598,2024-05-03 14:00:00,FrequenceCardiaque,77.0,CapteurDefaillant
OC-000142,PAT-00598,2024-05-03 20:00:00,Poids,87.6,Bon
OC-000143,PAT-00598,2024-05-04 08:00:00,SpO2,91.0,Bon
OC-000144,PAT-00598,2024-05-04 14:00:00,FrequenceCardiaque,92.0,Bon
OC-000145,PAT-00598,2024-05-04 20:00:00,SpO2,98.0,Bon
OC-000146,PAT-00059,2024-03-14 08:00:00,Poids,72.5,Bon
OC-000147,PAT-00059,2024-03-14 14:00:00,ActivitePas,2757.0,Gap
OC-000148,PAT-00059,2024-03-15 08:00:00,FrequenceCardiaque,81.0,Bon
OC-000149,PAT-00059,2024-03-15 14:00:00,Poids,66.4,Bon
OC-000150,PAT-00059,2024-03-15 20:00:00,FrequenceCardiaque,119.0,Bon
OC-000151,PAT-00059,2024-03-16 08:00:00,FrequenceCardiaque,85.0,Bon
OC-000152,PAT-00059,2024-03-16 14:00:00,SpO2,93.0,Bon
OC-000153,PAT-00059,2024-03-16 20:00:00,Poids,101.7,Bon
OC-000154,PAT-00059,2024-03-17 08:00:00,ActivitePas,2043.0,Bon
OC-000155,PAT-00059,2024-03-17 14:00:00,ActivitePas,5153.0,Bon
OC-000156,PAT-00059,2024-03-17 20:00:00,SpO2,99.0,Bon
OC-000157,PAT-00059,2024-03-18 14:00:00,FrequenceCardiaque,73.0,Bon
OC-000158,PAT-00059,2024-03-18 20:00:00,SpO2,90.0,Bon
OC-000159,PAT-00059,2024-03-19 08:00:00,Poids,67.8,Bon
OC-000160,PAT-00059,2024-03-19 14:00:00,SpO2,92.0,Bon
OC-000161,PAT-00059,2024-03-19 20:00:00,SpO2,95.0,Bon
OC-000162,PAT-00059,2024-03-20 08:00:00,FrequenceCardiaque,88.0,Bon
OC-000163,PAT-00059,2024-03-20 14:00:00,SpO2,96.0,Bon
OC-000164,PAT-00059,2024-03-21 08:00:00,Poids,81.2,CapteurDefaillant
OC-000165,PAT-00059,2024-03-21 14:00:00,SpO2,89.0,Bon
OC-000166,PAT-00059,2024-03-21 20:00:00,Poids,63.8,Bon
OC-000167,PAT-00059,2024-03-22 08:00:00,ActivitePas,3559.0,Bon
OC-000168,PAT-00059,2024-03-22 20:00:00,FrequenceCardiaque,65.0,Bon
OC-000169,PAT-00059,2024-03-23 08:00:00,ActivitePas,2137.0,Bon
OC-000170,PAT-00059,2024-03-23 14:00:00,FrequenceCardiaque,57.0,Bon
OC-000171,PAT-00059,2024-03-23 20:00:00,ActivitePas,1465.0,Bon
OC-000172,PAT-999999,2024-03-24 08:00:00,ActivitePas,6682.0,CapteurDefaillant
OC-000173,PAT-00059,2024-03-24 14:00:00,Poids,68.2,Bon
OC-000174,PAT-00059,2024-03-24 20:00:00,Poids,102.1,Bon
OC-000175,PAT-999999,2024-03-25 08:00:00,ActivitePas,4715.0,Bon
OC-000176,PAT-00059,2024-03-25 20:00:00,ActivitePas,2994.0,CapteurDefaillant
OC-000177,PAT-00059,2024-03-26 08:00:00,ActivitePas,2746.0,Bon
OC-000178,PAT-00059,2024-03-26 14:00:00,SpO2,92.0,Bon
OC-000179,PAT-00059,2024-03-26 20:00:00,ActivitePas,3612.0,Bon
OC-000180,PAT-00059,2024-03-27 08:00:00,SpO2,91.0,Bon
OC-000181,PAT-00059,2024-03-27 14:00:00,ActivitePas,4508.0,Bon
OC-000182,PAT-999999,2024-04-20 08:00:00,ActivitePas,5445.0,Bon
OC-000183,PAT-00280,2024-04-20 14:00:00,SpO2,90.0,Bon
OC-000184,PAT-00280,2024-04-20 20:00:00,Poids,71.9,Bon
OC-000185,PAT-00280,2024-04-21 08:00:00,ActivitePas,2314.0,Bon
OC-000186,PAT-00280,2024-04-21 14:00:00,Poids,63.0,CapteurDefaillant
OC-000187,PAT-00280,2024-04-21 20:00:00,Poids,89.1,Bon
OC-000188,PAT-00280,2024-04-22 08:00:00,SpO2,92.0,Bon
OC-000189,PAT-00280,2024-04-22 14:00:00,ActivitePas,3680.0,Bon
OC-000190,PAT-00280,2024-04-22 20:00:00,Poids,73.7,Bon
OC-000191,PAT-00280,2024-04-23 08:00:00,ActivitePas,4750.0,Bon
OC-000192,PAT-00280,2024-04-23 14:00:00,ActivitePas,6023.0,Bon
OC-000193,PAT-00280,2024-04-23 20:00:00,Poids,46.5,Bon
OC-000194,PAT-00280,2024-04-24 08:00:00,Poids,74.4,CapteurDefaillant
OC-000195,PAT-00280,2024-04-24 14:00:00,FrequenceCardiaque,60.0,Bon
OC-000196,PAT-00280,2024-04-24 20:00:00,SpO2,100.0,Bon
OC-000197,PAT-00280,2024-04-25 08:00:00,Poids,65.1,Bon
OC-000198,PAT-00280,2024-04-25 14:00:00,ActivitePas,3916.0,Bon
OC-000199,PAT-00280,2024-04-26 14:00:00,SpO2,94.0,Gap
OC-000200,PAT-00280,2024-04-26 20:00:00,ActivitePas,5894.0,Bon
OC-000201,PAT-00280,2024-04-27 08:00:00,ActivitePas,5021.0,Bon
OC-000202,PAT-00280,2024-04-27 14:00:00,SpO2,93.0,Bon
OC-000203,PAT-00280,2024-04-27 20:00:00,ActivitePas,4528.0,Bon
OC-000204,PAT-00280,2024-04-28 08:00:00,Poids,74.3,Bon
OC-000205,PAT-00280,2024-04-28 20:00:00,ActivitePas,8244.0,Gap
OC-000206,PAT-00280,2024-04-29 08:00:00,SpO2,97.0,Bon
OC-000207,PAT-00280,2024-04-30 08:00:00,SpO2,94.0,Bon
OC-000208,PAT-00280,2024-04-30 14:00:00,Poids,104.2,Bon
OC-000209,PAT-00280,2024-04-30 20:00:00,Poids,58.7,Bon
OC-000210,PAT-00280,2024-05-01 08:00:00,SpO2,97.0,Bon
OC-000211,PAT-00280,2024-05-01 14:00:00,FrequenceCardiaque,72.0,CapteurDefaillant
OC-000212,PAT-00280,2024-05-01 20:00:00,SpO2,95.0,Bon
OC-000213,PAT-00280,2024-05-02 08:00:00,SpO2,94.0,Bon
OC-000214,PAT-00280,2024-05-02 14:00:00,ActivitePas,4078.0,Bon
OC-000215,PAT-00280,2024-05-02 20:00:00,ActivitePas,1978.0,Bon
OC-000216,PAT-00280,2024-05-03 20:00:00,Poids,41.8,CapteurDefaillant
OC-000217,PAT-00457,2024-03-08 08:00:00,ActivitePas,3673.0,Gap
OC-000218,PAT-00457,2024-03-09 08:00:00,Poids,105.5,Bon
OC-000219,PAT-00457,2024-03-10 14:00:00,Poids,120.6,Gap
OC-000220,PAT-00457,2024-03-11 14:00:00,SpO2,95.0,Bon
OC-000221,PAT-00457,2024-03-11 20:00:00,ActivitePas,1678.0,CapteurDefaillant
OC-000222,PAT-00457,2024-03-12 14:00:00,ActivitePas,5744.0,Bon
OC-000223,PAT-00457,2024-03-12 20:00:00,ActivitePas,3075.0,Gap
OC-000224,PAT-00457,2024-03-13 20:00:00,SpO2,95.0,Bon
OC-000225,PAT-00457,2024-03-14 08:00:00,ActivitePas,5928.0,CapteurDefaillant
OC-000226,PAT-00457,2024-03-14 14:00:00,ActivitePas,4109.0,Bon
OC-000227,PAT-00457,2024-03-14 20:00:00,ActivitePas,2244.0,Bon
OC-000228,PAT-00457,2024-03-15 08:00:00,ActivitePas,4063.0,Bon
OC-000229,PAT-00457,2024-03-15 14:00:00,FrequenceCardiaque,85.0,Bon
OC-000230,PAT-00457,2024-03-16 08:00:00,Poids,40.6,Bon
OC-000231,PAT-00457,2024-03-16 14:00:00,ActivitePas,6148.0,Bon
OC-000232,PAT-00457,2024-03-16 20:00:00,ActivitePas,2612.0,Bon
OC-000233,PAT-00457,2024-03-17 08:00:00,ActivitePas,3451.0,CapteurDefaillant
OC-000234,PAT-00457,2024-03-17 14:00:00,FrequenceCardiaque,81.0,Bon
OC-000235,PAT-00457,2024-03-18 08:00:00,FrequenceCardiaque,54.0,Gap
OC-000236,PAT-00457,2024-03-18 20:00:00,ActivitePas,6712.0,Gap
OC-000237,PAT-00457,2024-03-20 08:00:00,Poids,58.5,CapteurDefaillant
OC-000238,PAT-00457,2024-03-20 14:00:00,ActivitePas,5179.0,Bon
OC-000239,PAT-00457,2024-03-20 20:00:00,FrequenceCardiaque,97.0,Gap
OC-000240,PAT-00457,2024-03-21 14:00:00,ActivitePas,8591.0,Bon
OC-000241,PAT-00457,2024-03-21 20:00:00,SpO2,95.0,Bon
OC-000242,PAT-00396,2023-11-24 08:00:00,SpO2,88.0,Bon
OC-000243,PAT-00396,2023-11-24 14:00:00,ActivitePas,4172.0,Bon
OC-000244,PAT-00396,2023-11-24 20:00:00,Poids,73.0,Bon
OC-000245,PAT-00396,2023-11-25 08:00:00,FrequenceCardiaque,83.0,CapteurDefaillant
OC-000246,PAT-00396,2023-11-25 14:00:00,ActivitePas,3264.0,CapteurDefaillant
OC-000247,PAT-00396,2023-11-25 20:00:00,FrequenceCardiaque,79.0,Bon
OC-000248,PAT-00396,2023-11-26 08:00:00,FrequenceCardiaque,85.0,Bon
OC-000249,PAT-00396,2023-11-26 14:00:00,SpO2,92.0,Bon
OC-000250,PAT-00396,2023-11-27 14:00:00,FrequenceCardiaque,89.0,CapteurDefaillant
OC-000251,PAT-00396,2023-11-28 08:00:00,SpO2,89.0,Bon
OC-000252,PAT-00396,2023-11-28 14:00:00,ActivitePas,5766.0,Bon
OC-000253,PAT-00396,2023-11-28 20:00:00,Poids,98.6,Bon
OC-000254,PAT-00396,2023-11-29 08:00:00,SpO2,91.0,Bon
OC-000255,PAT-00396,2023-11-29 14:00:00,Poids,58.2,Bon
OC-000256,PAT-00396,2023-11-29 20:00:00,SpO2,94.0,Gap
OC-000257,PAT-00396,2023-11-30 08:00:00,FrequenceCardiaque,90.0,CapteurDefaillant
OC-000258,PAT-999999,2023-11-30 14:00:00,Poids,94.8,Bon
OC-000259,PAT-00396,2023-11-30 20:00:00,SpO2,93.0,Bon
OC-000260,PAT-00396,2023-12-01 08:00:00,FrequenceCardiaque,63.0,Bon
OC-000261,PAT-00396,2023-12-01 20:00:00,ActivitePas,3938.0,Bon
OC-000262,PAT-00396,2023-12-02 08:00:00,FrequenceCardiaque,94.0,Bon
OC-000263,PAT-00396,2023-12-02 14:00:00,SpO2,93.0,Bon
OC-000264,PAT-00396,2023-12-03 08:00:00,Poids,79.5,Bon
OC-000265,PAT-00396,2023-12-03 14:00:00,ActivitePas,3309.0,Bon
OC-000266,PAT-00396,2023-12-03 20:00:00,ActivitePas,4788.0,Bon
OC-000267,PAT-00396,2023-12-05 08:00:00,SpO2,93.0,Bon
OC-000268,PAT-00396,2023-12-05 14:00:00,ActivitePas,4090.0,Gap
OC-000269,PAT-00396,2023-12-05 20:00:00,Poids,58.6,Bon
OC-000270,PAT-00396,2023-12-06 14:00:00,ActivitePas,6854.0,Bon
OC-000271,PAT-00396,2023-12-06 20:00:00,SpO2,90.0,Bon
OC-000272,PAT-00396,2023-12-07 08:00:00,ActivitePas,2679.0,CapteurDefaillant
OC-000273,PAT-00396,2023-12-07 14:00:00,ActivitePas,2336.0,CapteurDefaillant
OC-000274,PAT-00396,2023-12-07 20:00:00,ActivitePas,3914.0,Bon
OC-000275,PAT-00479,2024-01-22 08:00:00,FrequenceCardiaque,110.0,Bon
OC-000276,PAT-00479,2024-01-22 20:00:00,FrequenceCardiaque,55.0,Bon
OC-000277,PAT-00479,2024-01-23 08:00:00,FrequenceCardiaque,69.0,CapteurDefaillant
OC-000278,PAT-00479,2024-01-23 14:00:00,SpO2,93.0,Bon
OC-000279,PAT-00479,2024-01-23 20:00:00,SpO2,91.0,Bon
OC-000280,PAT-00479,2024-01-24 14:00:00,ActivitePas,151.0,Bon
OC-000281,PAT-00479,2024-01-24 20:00:00,FrequenceCardiaque,88.0,Bon
OC-000282,PAT-00479,2024-01-25 08:00:00,SpO2,95.0,Bon
OC-000283,PAT-00479,2024-01-25 14:00:00,Poids,77.2,Bon
OC-000284,PAT-00479,2024-01-25 20:00:00,SpO2,100.0,CapteurDefaillant
OC-000285,PAT-00479,2024-01-26 08:00:00,Poids,76.9,CapteurDefaillant
OC-000286,PAT-00479,2024-01-26 14:00:00,ActivitePas,1296.0,Bon
OC-000287,PAT-00479,2024-01-26 20:00:00,FrequenceCardiaque,71.0,Bon
OC-000288,PAT-00479,2024-01-27 08:00:00,SpO2,93.0,Bon
OC-000289,PAT-00479,2024-01-27 14:00:00,ActivitePas,4667.0,Bon
OC-000290,PAT-00479,2024-01-27 20:00:00,ActivitePas,6314.0,CapteurDefaillant
OC-000291,PAT-00479,2024-01-28 08:00:00,Poids,85.1,Bon
OC-000292,PAT-00479,2024-01-28 14:00:00,FrequenceCardiaque,57.0,Bon
OC-000293,PAT-00479,2024-01-28 20:00:00,ActivitePas,4958.0,Bon
OC-000294,PAT-00479,2024-01-29 08:00:00,Poids,65.2,CapteurDefaillant
OC-000295,PAT-00479,2024-01-29 14:00:00,FrequenceCardiaque,90.0,Bon
OC-000296,PAT-00479,2024-01-29 20:00:00,FrequenceCardiaque,75.0,CapteurDefaillant
OC-000297,PAT-00479,2024-01-30 08:00:00,ActivitePas,3444.0,Bon
OC-000298,PAT-00479,2024-01-30 14:00:00,FrequenceCardiaque,83.0,Gap
OC-000299,PAT-00479,2024-01-31 08:00:00,ActivitePas,3913.0,Bon
OC-000300,PAT-00479,2024-01-31 14:00:00,ActivitePas,2222.0,Bon
OC-000301,PAT-00479,2024-01-31 20:00:00,ActivitePas,3097.0,Bon
OC-000302,PAT-00479,2024-02-01 08:00:00,Poids,73.3,Bon
OC-000303,PAT-00479,2024-02-01 14:00:00,ActivitePas,1104.0,Bon
OC-000304,PAT-00479,2024-02-01 20:00:00,ActivitePas,5751.0,Gap
OC-000305,PAT-00479,2024-02-02 08:00:00,Poids,71.0,CapteurDefaillant
OC-000306,PAT-00479,2024-02-02 14:00:00,ActivitePas,4587.0,Bon
OC-000307,PAT-00479,2024-02-02 20:00:00,ActivitePas,2425.0,Bon
OC-000308,PAT-00479,2024-02-03 08:00:00,SpO2,93.0,Bon
OC-000309,PAT-00479,2024-02-03 14:00:00,ActivitePas,2079.0,Bon
OC-000310,PAT-00479,2024-02-03 20:00:00,SpO2,97.0,Bon
OC-000311,PAT-00479,2024-02-04 08:00:00,ActivitePas,3444.0,Bon
OC-000312,PAT-00479,2024-02-04 14:00:00,ActivitePas,4136.0,Bon
OC-000313,PAT-00479,2024-02-04 20:00:00,SpO2,96.0,Gap
OC-000314,PAT-00029,2024-01-30 08:00:00,ActivitePas,6953.0,CapteurDefaillant
OC-000315,PAT-00029,2024-01-30 14:00:00,Poids,80.9,Bon
OC-000316,PAT-00029,2024-01-30 20:00:00,FrequenceCardiaque,101.0,CapteurDefaillant
OC-000317,PAT-00029,2024-01-31 08:00:00,SpO2,95.0,Bon
OC-000318,PAT-00029,2024-01-31 20:00:00,Poids,51.1,Bon
OC-000319,PAT-00029,2024-02-01 14:00:00,Poids,56.3,Bon
OC-000320,PAT-00029,2024-02-01 20:00:00,SpO2,96.0,Bon
OC-000321,PAT-00029,2024-02-02 08:00:00,Poids,74.4,Bon
OC-000322,PAT-00029,2024-02-02 14:00:00,ActivitePas,3435.0,Bon
OC-000323,PAT-00029,2024-02-02 20:00:00,ActivitePas,3335.0,Gap
OC-000324,PAT-00029,2024-02-03 14:00:00,ActivitePas,2062.0,Bon
OC-000325,PAT-00029,2024-02-04 08:00:00,ActivitePas,3464.0,Bon
OC-000326,PAT-00029,2024-02-04 14:00:00,SpO2,95.0,Bon
OC-000327,PAT-00029,2024-02-04 20:00:00,SpO2,92.0,Bon
OC-000328,PAT-00029,2024-02-05 14:00:00,Poids,64.2,Bon
OC-000329,PAT-00029,2024-02-05 20:00:00,ActivitePas,3401.0,Bon
OC-000330,PAT-00029,2024-02-06 08:00:00,ActivitePas,4055.0,Bon
OC-000331,PAT-00029,2024-02-06 14:00:00,ActivitePas,4672.0,Bon
OC-000332,PAT-00029,2024-02-06 20:00:00,FrequenceCardiaque,75.0,Bon
OC-000333,PAT-00029,2024-02-07 08:00:00,FrequenceCardiaque,80.0,Bon
OC-000334,PAT-00029,2024-02-07 14:00:00,Poids,69.2,Bon
OC-000335,PAT-00029,2024-02-07 20:00:00,ActivitePas,7582.0,Bon
OC-000336,PAT-00029,2024-02-08 14:00:00,SpO2,94.0,Bon
OC-000337,PAT-00029,2024-02-09 08:00:00,SpO2,92.0,CapteurDefaillant
OC-000338,PAT-00029,2024-02-09 14:00:00,Poids,80.0,Gap
OC-000339,PAT-00029,2024-02-09 20:00:00,SpO2,93.0,Bon
OC-000340,PAT-00029,2024-02-10 08:00:00,FrequenceCardiaque,45.0,Bon
OC-000341,PAT-00029,2024-02-10 14:00:00,SpO2,95.0,Bon
OC-000342,PAT-00029,2024-02-10 20:00:00,ActivitePas,5773.0,CapteurDefaillant
OC-000343,PAT-00029,2024-02-11 08:00:00,FrequenceCardiaque,75.0,Bon
OC-000344,PAT-00029,2024-02-11 14:00:00,Poids,75.8,Bon
OC-000345,PAT-00029,2024-02-11 20:00:00,SpO2,98.0,Bon
OC-000346,PAT-00029,2024-02-12 08:00:00,ActivitePas,15.0,Bon
OC-000347,PAT-00029,2024-02-12 20:00:00,Poids,53.0,Bon
OC-000348,PAT-00142,2023-12-04 08:00:00,Poids,85.6,Bon
OC-000349,PAT-00142,2023-12-04 20:00:00,ActivitePas,2660.0,Bon
OC-000350,PAT-999999,2023-12-05 14:00:00,ActivitePas,3324.0,Bon
OC-000351,PAT-00142,2023-12-05 20:00:00,FrequenceCardiaque,70.0,CapteurDefaillant
OC-000352,PAT-00142,2023-12-06 08:00:00,FrequenceCardiaque,66.0,Gap
OC-000353,PAT-00142,2023-12-06 14:00:00,FrequenceCardiaque,65.0,Bon
OC-000354,PAT-00142,2023-12-07 08:00:00,ActivitePas,2940.0,CapteurDefaillant
OC-000355,PAT-00142,2023-12-07 14:00:00,SpO2,93.0,Gap
OC-000356,PAT-00142,2023-12-07 20:00:00,FrequenceCardiaque,59.0,Bon
OC-000357,PAT-00142,2023-12-08 08:00:00,ActivitePas,4748.0,Bon
OC-000358,PAT-00142,2023-12-08 14:00:00,SpO2,91.0,CapteurDefaillant
OC-000359,PAT-00142,2023-12-08 20:00:00,FrequenceCardiaque,84.0,Gap
OC-000360,PAT-00142,2023-12-09 14:00:00,SpO2,95.0,Bon
OC-000361,PAT-00142,2023-12-09 20:00:00,Poids,107.4,Bon
OC-000362,PAT-00142,2023-12-10 08:00:00,ActivitePas,2563.0,Bon
OC-000363,PAT-00142,2023-12-10 20:00:00,Poids,82.5,Bon
OC-000364,PAT-00142,2023-12-11 08:00:00,FrequenceCardiaque,71.0,Bon
OC-000365,PAT-00142,2023-12-11 20:00:00,FrequenceCardiaque,88.0,Bon
OC-000366,PAT-00142,2023-12-12 08:00:00,SpO2,91.0,Bon
OC-000367,PAT-00142,2023-12-12 14:00:00,Poids,70.7,Bon
OC-000368,PAT-00142,2023-12-12 20:00:00,SpO2,91.0,Bon
OC-000369,PAT-00142,2023-12-13 14:00:00,ActivitePas,1951.0,Bon
OC-000370,PAT-00142,2023-12-13 20:00:00,FrequenceCardiaque,73.0,Bon
OC-000371,PAT-00142,2023-12-14 08:00:00,ActivitePas,5397.0,Bon
OC-000372,PAT-00142,2023-12-14 14:00:00,ActivitePas,1594.0,Bon
OC-000373,PAT-00142,2023-12-14 20:00:00,FrequenceCardiaque,76.0,Bon
OC-000374,PAT-00142,2023-12-15 08:00:00,Poids,68.1,Bon
OC-000375,PAT-00142,2023-12-15 14:00:00,Poids,73.0,Bon
OC-000376,PAT-00142,2023-12-15 20:00:00,ActivitePas,3137.0,Bon
OC-000377,PAT-00142,2023-12-16 14:00:00,Poids,84.8,Bon
OC-000378,PAT-999999,2023-12-17 08:00:00,FrequenceCardiaque,66.0,Bon
OC-000379,PAT-00142,2023-12-17 14:00:00,FrequenceCardiaque,48.0,Bon
OC-000380,PAT-00142,2023-12-17 20:00:00,Poids,81.0,Bon
OC-000381,PAT-00523,2024-02-28 14:00:00,ActivitePas,4608.0,Bon
OC-000382,PAT-00523,2024-02-28 20:00:00,ActivitePas,5155.0,Gap
OC-000383,PAT-00523,2024-02-29 08:00:00,ActivitePas,724.0,Gap
OC-000384,PAT-00523,2024-02-29 14:00:00,FrequenceCardiaque,89.0,Bon
OC-000385,PAT-00523,2024-02-29 20:00:00,FrequenceCardiaque,87.0,Bon
OC-000386,PAT-00523,2024-03-01 08:00:00,FrequenceCardiaque,81.0,Bon
OC-000387,PAT-00523,2024-03-01 14:00:00,ActivitePas,7335.0,Bon
OC-000388,PAT-00523,2024-03-01 20:00:00,FrequenceCardiaque,77.0,Bon
OC-000389,PAT-00523,2024-03-02 08:00:00,Poids,59.4,Bon
OC-000390,PAT-00523,2024-03-02 14:00:00,Poids,64.1,Bon
OC-000391,PAT-00523,2024-03-03 08:00:00,Poids,72.6,CapteurDefaillant
OC-000392,PAT-00523,2024-03-03 14:00:00,FrequenceCardiaque,76.0,Bon
OC-000393,PAT-00523,2024-03-03 20:00:00,Poids,56.3,Bon
OC-000394,PAT-999999,2024-03-04 08:00:00,ActivitePas,3595.0,Gap
OC-000395,PAT-00523,2024-03-04 14:00:00,ActivitePas,0.0,CapteurDefaillant
OC-000396,PAT-00523,2024-03-04 20:00:00,SpO2,94.0,Bon
OC-000397,PAT-00523,2024-03-05 08:00:00,FrequenceCardiaque,91.0,Bon
OC-000398,PAT-00523,2024-03-05 14:00:00,ActivitePas,2926.0,Bon
OC-000399,PAT-00523,2024-03-05 20:00:00,ActivitePas,2437.0,Bon
OC-000400,PAT-00523,2024-03-06 08:00:00,FrequenceCardiaque,70.0,CapteurDefaillant
OC-000401,PAT-00523,2024-03-06 20:00:00,ActivitePas,1189.0,Bon
OC-000402,PAT-00523,2024-03-07 14:00:00,FrequenceCardiaque,52.0,Bon
OC-000403,PAT-00523,2024-03-07 20:00:00,ActivitePas,1695.0,CapteurDefaillant
OC-000404,PAT-00523,2024-03-08 08:00:00,FrequenceCardiaque,91.0,Gap
OC-000405,PAT-00523,2024-03-08 14:00:00,ActivitePas,3265.0,Bon
OC-000406,PAT-00523,2024-03-08 20:00:00,Poids,69.7,Gap
OC-000407,PAT-00523,2024-03-09 14:00:00,ActivitePas,369.0,Bon
OC-000408,PAT-00523,2024-03-10 08:00:00,Poids,71.8,Bon
OC-000409,PAT-00523,2024-03-10 14:00:00,ActivitePas,2370.0,Bon
OC-000410,PAT-00523,2024-03-10 20:00:00,FrequenceCardiaque,79.0,Bon
OC-000411,PAT-00523,2024-03-11 08:00:00,FrequenceCardiaque,76.0,Bon
OC-000412,PAT-00523,2024-03-11 14:00:00,SpO2,96.0,Bon
OC-000413,PAT-00523,2024-03-11 20:00:00,ActivitePas,3301.0,Bon
OC-000414,PAT-00523,2024-03-12 08:00:00,ActivitePas,2923.0,Bon
OC-000415,PAT-00523,2024-03-12 14:00:00,ActivitePas,3023.0,Bon
OC-000416,PAT-00523,2024-03-12 20:00:00,Poids,67.3,Bon
OC-000417,PAT-00417,2024-05-19 08:00:00,ActivitePas,5495.0,Bon
OC-000418,PAT-00417,2024-05-19 14:00:00,FrequenceCardiaque,96.0,Bon
OC-000419,PAT-00417,2024-05-20 08:00:00,FrequenceCardiaque,103.0,Bon
OC-000420,PAT-00417,2024-05-20 14:00:00,Poids,85.4,Bon
OC-000421,PAT-00417,2024-05-20 20:00:00,ActivitePas,4076.0,Bon
OC-000422,PAT-00417,2024-05-21 08:00:00,ActivitePas,3642.0,Bon
OC-000423,PAT-00417,2024-05-21 14:00:00,FrequenceCardiaque,66.0,Bon
OC-000424,PAT-00417,2024-05-21 20:00:00,ActivitePas,3850.0,Bon
OC-000425,PAT-00417,2024-05-22 08:00:00,FrequenceCardiaque,68.0,Gap
OC-000426,PAT-00417,2024-05-22 14:00:00,ActivitePas,1611.0,Bon
OC-000427,PAT-00417,2024-05-22 20:00:00,ActivitePas,3932.0,Bon
OC-000428,PAT-00417,2024-05-23 08:00:00,Poids,71.5,Bon
OC-000429,PAT-00417,2024-05-23 14:00:00,FrequenceCardiaque,88.0,Bon
OC-000430,PAT-00417,2024-05-24 08:00:00,FrequenceCardiaque,71.0,Gap
OC-000431,PAT-00417,2024-05-24 14:00:00,ActivitePas,5439.0,Bon
OC-000432,PAT-00417,2024-05-24 20:00:00,SpO2,92.0,Gap
OC-000433,PAT-00417,2024-05-25 08:00:00,SpO2,91.0,Bon
OC-000434,PAT-00417,2024-05-25 20:00:00,SpO2,95.0,Bon
OC-000435,PAT-00417,2024-05-26 08:00:00,FrequenceCardiaque,71.0,Bon
OC-000436,PAT-00417,2024-05-26 14:00:00,SpO2,94.0,CapteurDefaillant
OC-000437,PAT-00417,2024-05-26 20:00:00,FrequenceCardiaque,81.0,Bon
OC-000438,PAT-00417,2024-05-27 14:00:00,ActivitePas,5219.0,Bon
OC-000439,PAT-00417,2024-05-27 20:00:00,FrequenceCardiaque,69.0,Bon
OC-000440,PAT-00417,2024-05-28 08:00:00,Poids,76.1,Bon
OC-000441,PAT-00417,2024-05-28 14:00:00,ActivitePas,3452.0,Bon
OC-000442,PAT-00417,2024-05-28 20:00:00,FrequenceCardiaque,75.0,Bon
OC-000443,PAT-00417,2024-05-29 08:00:00,SpO2,94.0,Bon
OC-000444,PAT-00417,2024-05-29 14:00:00,FrequenceCardiaque,80.0,Bon
OC-000445,PAT-00417,2024-05-30 08:00:00,ActivitePas,3973.0,CapteurDefaillant
OC-000446,PAT-00417,2024-05-30 14:00:00,SpO2,94.0,Bon
OC-000447,PAT-00417,2024-05-31 08:00:00,Poids,67.7,Bon
OC-000448,PAT-00417,2024-05-31 20:00:00,ActivitePas,2567.0,Bon
OC-000449,PAT-00417,2024-06-01 08:00:00,FrequenceCardiaque,77.0,Bon
OC-000450,PAT-00417,2024-06-01 14:00:00,ActivitePas,3370.0,Bon
OC-000451,PAT-00529,2023-12-14 08:00:00,ActivitePas,8198.0,Bon
OC-000452,PAT-00529,2023-12-14 20:00:00,ActivitePas,3187.0,Bon
OC-000453,PAT-00529,2023-12-15 08:00:00,FrequenceCardiaque,93.0,Bon
OC-000454,PAT-00529,2023-12-15 14:00:00,SpO2,94.0,Bon
OC-000455,PAT-00529,2023-12-15 20:00:00,ActivitePas,3047.0,Bon
OC-000456,PAT-00529,2023-12-16 08:00:00,FrequenceCardiaque,81.0,Bon
OC-000457,PAT-00529,2023-12-16 14:00:00,Poids,66.1,Bon
OC-000458,PAT-00529,2023-12-16 20:00:00,Poids,87.3,CapteurDefaillant
OC-000459,PAT-00529,2023-12-17 08:00:00,ActivitePas,1115.0,Bon
OC-000460,PAT-00529,2023-12-17 20:00:00,FrequenceCardiaque,89.0,Bon
OC-000461,PAT-00529,2023-12-18 14:00:00,FrequenceCardiaque,94.0,Bon
OC-000462,PAT-00529,2023-12-18 20:00:00,ActivitePas,5841.0,CapteurDefaillant
OC-000463,PAT-00529,2023-12-19 08:00:00,SpO2,96.0,Bon
OC-000464,PAT-00529,2023-12-19 14:00:00,ActivitePas,3543.0,Bon
OC-000465,PAT-00529,2023-12-19 20:00:00,ActivitePas,2503.0,Gap
OC-000466,PAT-00529,2023-12-20 08:00:00,FrequenceCardiaque,82.0,CapteurDefaillant
OC-000467,PAT-00529,2023-12-20 14:00:00,FrequenceCardiaque,75.0,Bon
OC-000468,PAT-00529,2023-12-20 20:00:00,FrequenceCardiaque,62.0,Bon
OC-000469,PAT-00529,2023-12-21 08:00:00,FrequenceCardiaque,95.0,Bon
OC-000470,PAT-00529,2023-12-21 14:00:00,ActivitePas,5475.0,Bon
OC-000471,PAT-00529,2023-12-22 08:00:00,Poids,90.7,Bon
OC-000472,PAT-00529,2023-12-22 20:00:00,ActivitePas,4798.0,Bon
OC-000473,PAT-00529,2023-12-23 08:00:00,ActivitePas,4492.0,Bon
OC-000474,PAT-00529,2023-12-24 08:00:00,Poids,84.5,Bon
OC-000475,PAT-00529,2023-12-24 14:00:00,ActivitePas,2141.0,Bon
OC-000476,PAT-00529,2023-12-24 20:00:00,SpO2,94.0,Bon
OC-000477,PAT-00529,2023-12-25 08:00:00,SpO2,93.0,Bon
OC-000478,PAT-00529,2023-12-25 20:00:00,FrequenceCardiaque,79.0,Bon
OC-000479,PAT-00529,2023-12-26 08:00:00,Poids,86.1,Gap
OC-000480,PAT-00529,2023-12-26 14:00:00,SpO2,95.0,Bon
OC-000481,PAT-00529,2023-12-26 20:00:00,Poids,61.6,Bon
OC-000482,PAT-00529,2023-12-27 08:00:00,ActivitePas,3992.0,CapteurDefaillant
OC-000483,PAT-00529,2023-12-27 14:00:00,SpO2,92.0,CapteurDefaillant
OC-000484,PAT-00529,2023-12-27 20:00:00,SpO2,91.0,Bon
OC-000485,PAT-999999,2023-12-08 08:00:00,FrequenceCardiaque,84.0,Bon
OC-000486,PAT-00063,2023-12-08 14:00:00,Poids,87.9,Bon
OC-000487,PAT-00063,2023-12-08 20:00:00,FrequenceCardiaque,93.0,Bon
OC-000488,PAT-00063,2023-12-09 08:00:00,SpO2,92.0,Bon
OC-000489,PAT-00063,2023-12-09 14:00:00,FrequenceCardiaque,69.0,Bon
OC-000490,PAT-00063,2023-12-09 20:00:00,Poids,83.1,Bon
OC-000491,PAT-00063,2023-12-10 08:00:00,FrequenceCardiaque,91.0,Bon
OC-000492,PAT-00063,2023-12-11 08:00:00,FrequenceCardiaque,80.0,Bon
OC-000493,PAT-00063,2023-12-11 14:00:00,ActivitePas,4265.0,Bon
OC-000494,PAT-00063,2023-12-12 08:00:00,FrequenceCardiaque,98.0,Bon
OC-000495,PAT-00063,2023-12-12 14:00:00,SpO2,100.0,Bon
OC-000496,PAT-00063,2023-12-12 20:00:00,Poids,73.2,Bon
OC-000497,PAT-00063,2023-12-13 08:00:00,ActivitePas,2908.0,Gap
OC-000498,PAT-00063,2023-12-13 14:00:00,Poids,75.2,Bon
OC-000499,PAT-00063,2023-12-13 20:00:00,FrequenceCardiaque,91.0,Bon
OC-000500,PAT-00063,2023-12-14 14:00:00,FrequenceCardiaque,75.0,Bon
OC-000501,PAT-00063,2023-12-14 20:00:00,ActivitePas,4522.0,Bon
OC-000502,PAT-00063,2023-12-15 14:00:00,Poids,92.3,CapteurDefaillant
OC-000503,PAT-00063,2023-12-15 20:00:00,SpO2,95.0,CapteurDefaillant
OC-000504,PAT-00063,2023-12-16 08:00:00,Poids,67.0,Gap
OC-000505,PAT-00063,2023-12-16 14:00:00,FrequenceCardiaque,50.0,Bon
OC-000506,PAT-00063,2023-12-16 20:00:00,Poids,85.6,Bon
OC-000507,PAT-00063,2023-12-17 08:00:00,Poids,65.7,Bon
OC-000508,PAT-00063,2023-12-17 14:00:00,Poids,71.3,Bon
OC-000509,PAT-00063,2023-12-17 20:00:00,Poids,52.7,CapteurDefaillant
OC-000510,PAT-00063,2023-12-18 08:00:00,ActivitePas,2116.0,Bon
OC-000511,PAT-00063,2023-12-18 14:00:00,Poids,59.8,Bon
OC-000512,PAT-00063,2023-12-19 08:00:00,ActivitePas,3159.0,Bon
OC-000513,PAT-00063,2023-12-19 14:00:00,ActivitePas,5347.0,Bon
OC-000514,PAT-00063,2023-12-19 20:00:00,FrequenceCardiaque,77.0,Bon
OC-000515,PAT-00063,2023-12-20 14:00:00,Poids,65.7,Bon
OC-000516,PAT-00063,2023-12-20 20:00:00,FrequenceCardiaque,82.0,Bon
OC-000517,PAT-00063,2023-12-21 08:00:00,Poids,81.8,Bon
OC-000518,PAT-00063,2023-12-21 14:00:00,ActivitePas,4314.0,Bon
OC-000519,PAT-00063,2023-12-21 20:00:00,Poids,76.9,Bon
OC-000520,PAT-00602,2023-11-21 20:00:00,SpO2,96.0,Bon
OC-000521,PAT-00602,2023-11-22 08:00:00,FrequenceCardiaque,73.0,Gap
OC-000522,PAT-00602,2023-11-22 14:00:00,ActivitePas,2965.0,Bon
OC-000523,PAT-00602,2023-11-22 20:00:00,SpO2,91.0,Bon
OC-000524,PAT-00602,2023-11-23 08:00:00,ActivitePas,1998.0,Gap
OC-000525,PAT-00602,2023-11-24 08:00:00,ActivitePas,0.0,Bon
OC-000526,PAT-00602,2023-11-24 14:00:00,SpO2,98.0,Bon
OC-000527,PAT-00602,2023-11-24 20:00:00,FrequenceCardiaque,87.0,Bon
OC-000528,PAT-00602,2023-11-25 08:00:00,Poids,77.7,Bon
OC-000529,PAT-00602,2023-11-25 14:00:00,SpO2,91.0,Bon
OC-000530,PAT-00602,2023-11-25 20:00:00,SpO2,92.0,Bon
OC-000531,PAT-00602,2023-11-26 08:00:00,Poids,62.6,Bon
OC-000532,PAT-00602,2023-11-26 14:00:00,ActivitePas,2608.0,Bon
OC-000533,PAT-00602,2023-11-27 14:00:00,ActivitePas,3974.0,Bon
OC-000534,PAT-00602,2023-11-27 20:00:00,ActivitePas,6640.0,Bon
OC-000535,PAT-00602,2023-11-28 08:00:00,ActivitePas,3614.0,Bon
OC-000536,PAT-00602,2023-11-28 14:00:00,FrequenceCardiaque,93.0,Bon
OC-000537,PAT-00602,2023-11-29 08:00:00,FrequenceCardiaque,68.0,Bon
OC-000538,PAT-00602,2023-11-29 20:00:00,ActivitePas,6418.0,Bon
OC-000539,PAT-00602,2023-11-30 08:00:00,FrequenceCardiaque,85.0,Gap
OC-000540,PAT-00602,2023-11-30 14:00:00,Poids,79.6,Bon
OC-000541,PAT-00602,2023-11-30 20:00:00,Poids,83.6,Bon
OC-000542,PAT-00602,2023-12-01 08:00:00,SpO2,96.0,Bon
OC-000543,PAT-00602,2023-12-01 14:00:00,FrequenceCardiaque,102.0,CapteurDefaillant
OC-000544,PAT-00602,2023-12-01 20:00:00,ActivitePas,5682.0,Bon
OC-000545,PAT-00602,2023-12-02 14:00:00,SpO2,100.0,Gap
OC-000546,PAT-00602,2023-12-03 08:00:00,Poids,65.4,Bon
OC-000547,PAT-00602,2023-12-03 20:00:00,Poids,76.6,Bon
OC-000548,PAT-00602,2023-12-04 08:00:00,FrequenceCardiaque,68.0,Bon
OC-000549,PAT-00602,2023-12-04 14:00:00,ActivitePas,3406.0,Bon
OC-000550,PAT-00602,2023-12-04 20:00:00,ActivitePas,7717.0,Bon
OC-000551,PAT-00355,2024-05-12 08:00:00,FrequenceCardiaque,84.0,Bon
OC-000552,PAT-00355,2024-05-12 14:00:00,FrequenceCardiaque,96.0,Bon
OC-000553,PAT-00355,2024-05-12 20:00:00,Poids,79.8,Bon
OC-000554,PAT-00355,2024-05-13 08:00:00,Poids,55.3,Bon
OC-000555,PAT-00355,2024-05-13 14:00:00,SpO2,100.0,Bon
OC-000556,PAT-00355,2024-05-13 20:00:00,ActivitePas,957.0,CapteurDefaillant
OC-000557,PAT-00355,2024-05-14 08:00:00,Poids,64.2,CapteurDefaillant
OC-000558,PAT-00355,2024-05-14 20:00:00,Poids,71.3,Bon
OC-000559,PAT-00355,2024-05-15 20:00:00,ActivitePas,6169.0,Bon
OC-000560,PAT-00355,2024-05-16 14:00:00,SpO2,90.0,Gap
OC-000561,PAT-00355,2024-05-16 20:00:00,SpO2,98.0,Bon
OC-000562,PAT-00355,2024-05-17 08:00:00,Poids,71.6,Bon
OC-000563,PAT-00355,2024-05-17 20:00:00,SpO2,96.0,Bon
OC-000564,PAT-00355,2024-05-18 08:00:00,Poids,56.4,Bon
OC-000565,PAT-00355,2024-05-18 14:00:00,FrequenceCardiaque,70.0,Bon
OC-000566,PAT-00355,2024-05-18 20:00:00,SpO2,94.0,Bon
OC-000567,PAT-00355,2024-05-19 08:00:00,Poids,64.4,CapteurDefaillant
OC-000568,PAT-00355,2024-05-19 14:00:00,FrequenceCardiaque,53.0,Bon
OC-000569,PAT-00355,2024-05-19 20:00:00,SpO2,92.0,Bon
OC-000570,PAT-00355,2024-05-20 08:00:00,Poids,125.5,Bon
OC-000571,PAT-00355,2024-05-20 14:00:00,Poids,63.0,Bon
OC-000572,PAT-00355,2024-05-20 20:00:00,FrequenceCardiaque,95.0,Bon
OC-000573,PAT-00355,2024-05-21 08:00:00,FrequenceCardiaque,69.0,Bon
OC-000574,PAT-00355,2024-05-21 14:00:00,Poids,83.5,Bon
OC-000575,PAT-00355,2024-05-21 20:00:00,SpO2,89.0,Bon
OC-000576,PAT-00355,2024-05-22 08:00:00,SpO2,98.0,Bon
OC-000577,PAT-00355,2024-05-22 14:00:00,SpO2,96.0,Bon
OC-000578,PAT-00355,2024-05-22 20:00:00,FrequenceCardiaque,85.0,Bon
OC-000579,PAT-00355,2024-05-23 08:00:00,SpO2,91.0,CapteurDefaillant
OC-000580,PAT-00355,2024-05-23 14:00:00,Poids,66.1,Bon
OC-000581,PAT-00355,2024-05-23 20:00:00,Poids,58.2,Bon
OC-000582,PAT-999999,2024-05-24 08:00:00,Poids,40.2,Bon
OC-000583,PAT-00355,2024-05-24 20:00:00,Poids,79.8,CapteurDefaillant
OC-000584,PAT-00355,2024-05-25 08:00:00,Poids,91.7,Bon
OC-000585,PAT-00355,2024-05-25 14:00:00,Poids,40.0,Bon
OC-000586,PAT-00355,2024-05-25 20:00:00,FrequenceCardiaque,53.0,Bon
OC-000587,PAT-00305,2024-03-07 08:00:00,SpO2,92.0,Bon
OC-000588,PAT-00305,2024-03-07 14:00:00,ActivitePas,1642.0,CapteurDefaillant
OC-000589,PAT-00305,2024-03-07 20:00:00,SpO2,95.0,Bon
OC-000590,PAT-00305,2024-03-09 08:00:00,FrequenceCardiaque,84.0,Bon
OC-000591,PAT-00305,2024-03-09 14:00:00,FrequenceCardiaque,94.0,Bon
OC-000592,PAT-00305,2024-03-09 20:00:00,ActivitePas,4123.0,CapteurDefaillant
OC-000593,PAT-00305,2024-03-10 08:00:00,ActivitePas,1196.0,Bon
OC-000594,PAT-00305,2024-03-10 14:00:00,Poids,92.4,Bon
OC-000595,PAT-00305,2024-03-11 08:00:00,ActivitePas,4212.0,Bon
OC-000596,PAT-00305,2024-03-11 14:00:00,ActivitePas,1163.0,Bon
OC-000597,PAT-00305,2024-03-11 20:00:00,SpO2,98.0,Bon
OC-000598,PAT-00305,2024-03-12 08:00:00,ActivitePas,4195.0,Bon
OC-000599,PAT-00305,2024-03-12 14:00:00,FrequenceCardiaque,80.0,Bon
OC-000600,PAT-00305,2024-03-12 20:00:00,Poids,52.6,Bon
OC-000601,PAT-00305,2024-03-13 14:00:00,Poids,75.0,Bon
OC-000602,PAT-00305,2024-03-13 20:00:00,SpO2,89.0,Bon
OC-000603,PAT-00305,2024-03-14 08:00:00,ActivitePas,4963.0,Bon
OC-000604,PAT-00305,2024-03-14 14:00:00,SpO2,93.0,Bon
OC-000605,PAT-00305,2024-03-14 20:00:00,SpO2,94.0,Bon
OC-000606,PAT-00305,2024-03-15 08:00:00,FrequenceCardiaque,69.0,Gap
OC-000607,PAT-00305,2024-03-15 14:00:00,ActivitePas,3845.0,Gap
OC-000608,PAT-00305,2024-03-15 20:00:00,SpO2,93.0,Bon
OC-000609,PAT-00305,2024-03-16 08:00:00,ActivitePas,1439.0,Gap
OC-000610,PAT-00305,2024-03-16 14:00:00,FrequenceCardiaque,106.0,Bon
OC-000611,PAT-00305,2024-03-16 20:00:00,ActivitePas,4955.0,Bon
OC-000612,PAT-00305,2024-03-17 08:00:00,FrequenceCardiaque,72.0,Bon
OC-000613,PAT-00305,2024-03-17 14:00:00,ActivitePas,3460.0,Bon
OC-000614,PAT-00305,2024-03-18 08:00:00,Poids,72.5,Bon
OC-000615,PAT-00305,2024-03-18 14:00:00,ActivitePas,1410.0,Bon
OC-000616,PAT-00305,2024-03-18 20:00:00,FrequenceCardiaque,86.0,Bon
OC-000617,PAT-00305,2024-03-19 08:00:00,Poids,78.8,Bon
OC-000618,PAT-00305,2024-03-19 14:00:00,SpO2,97.0,CapteurDefaillant
OC-000619,PAT-00305,2024-03-19 20:00:00,FrequenceCardiaque,80.0,CapteurDefaillant
OC-000620,PAT-00305,2024-03-20 14:00:00,ActivitePas,5766.0,CapteurDefaillant
OC-000621,PAT-00305,2024-03-20 20:00:00,FrequenceCardiaque,62.0,Bon
OC-000622,PAT-00362,2024-03-31 08:00:00,ActivitePas,3283.0,Bon
OC-000623,PAT-00362,2024-03-31 14:00:00,SpO2,93.0,Bon
OC-000624,PAT-00362,2024-03-31 20:00:00,FrequenceCardiaque,91.0,Bon
OC-000625,PAT-999999,2024-04-01 08:00:00,FrequenceCardiaque,75.0,Bon
OC-000626,PAT-00362,2024-04-01 20:00:00,Poids,54.6,CapteurDefaillant
OC-000627,PAT-00362,2024-04-02 08:00:00,ActivitePas,1636.0,Bon
OC-000628,PAT-00362,2024-04-02 14:00:00,FrequenceCardiaque,71.0,CapteurDefaillant
OC-000629,PAT-00362,2024-04-02 20:00:00,ActivitePas,3850.0,Bon
OC-000630,PAT-00362,2024-04-03 08:00:00,SpO2,91.0,Bon
OC-000631,PAT-00362,2024-04-03 14:00:00,ActivitePas,2846.0,Bon
OC-000632,PAT-00362,2024-04-03 20:00:00,FrequenceCardiaque,80.0,Bon
OC-000633,PAT-00362,2024-04-04 08:00:00,Poids,101.5,Gap
OC-000634,PAT-00362,2024-04-04 14:00:00,ActivitePas,7193.0,Bon
OC-000635,PAT-00362,2024-04-04 20:00:00,SpO2,95.0,Bon
OC-000636,PAT-00362,2024-04-05 08:00:00,ActivitePas,5364.0,Bon
OC-000637,PAT-00362,2024-04-05 14:00:00,FrequenceCardiaque,96.0,Gap
OC-000638,PAT-00362,2024-04-05 20:00:00,FrequenceCardiaque,85.0,Bon
OC-000639,PAT-00362,2024-04-06 14:00:00,Poids,86.0,Bon
OC-000640,PAT-00362,2024-04-07 08:00:00,FrequenceCardiaque,79.0,Bon
OC-000641,PAT-00362,2024-04-07 14:00:00,FrequenceCardiaque,68.0,Bon
OC-000642,PAT-00362,2024-04-07 20:00:00,SpO2,89.0,CapteurDefaillant
OC-000643,PAT-00362,2024-04-08 08:00:00,FrequenceCardiaque,85.0,Bon
OC-000644,PAT-00362,2024-04-08 14:00:00,Poids,96.0,Bon
OC-000645,PAT-00362,2024-04-08 20:00:00,FrequenceCardiaque,80.0,Bon
OC-000646,PAT-00362,2024-04-09 14:00:00,ActivitePas,0.0,Bon
OC-000647,PAT-00362,2024-04-09 20:00:00,SpO2,94.0,Bon
OC-000648,PAT-00362,2024-04-10 08:00:00,FrequenceCardiaque,93.0,Bon
OC-000649,PAT-00362,2024-04-10 14:00:00,FrequenceCardiaque,75.0,Bon
OC-000650,PAT-00362,2024-04-10 20:00:00,ActivitePas,2498.0,CapteurDefaillant
OC-000651,PAT-00362,2024-04-11 08:00:00,ActivitePas,2967.0,Bon
OC-000652,PAT-00362,2024-04-11 14:00:00,SpO2,96.0,Bon
OC-000653,PAT-00362,2024-04-11 20:00:00,SpO2,96.0,CapteurDefaillant
OC-000654,PAT-00362,2024-04-12 08:00:00,FrequenceCardiaque,57.0,Bon
OC-000655,PAT-00362,2024-04-12 14:00:00,Poids,58.4,Bon
OC-000656,PAT-00362,2024-04-12 20:00:00,FrequenceCardiaque,70.0,Bon
OC-000657,PAT-00362,2024-04-13 08:00:00,FrequenceCardiaque,84.0,Bon
OC-000658,PAT-00362,2024-04-13 14:00:00,ActivitePas,4637.0,Bon
OC-000659,PAT-00362,2024-04-13 20:00:00,SpO2,90.0,Gap
OC-000660,PAT-00424,2024-05-12 08:00:00,Poids,57.9,Gap
OC-000661,PAT-00424,2024-05-12 14:00:00,Poids,90.5,Bon
OC-000662,PAT-00424,2024-05-12 20:00:00,FrequenceCardiaque,69.0,Bon
OC-000663,PAT-00424,2024-05-13 08:00:00,ActivitePas,2183.0,Gap
OC-000664,PAT-00424,2024-05-13 14:00:00,FrequenceCardiaque,76.0,Bon
OC-000665,PAT-00424,2024-05-13 20:00:00,ActivitePas,4183.0,Bon
OC-000666,PAT-00424,2024-05-14 20:00:00,SpO2,96.0,Bon
OC-000667,PAT-00424,2024-05-15 20:00:00,SpO2,97.0,Bon
OC-000668,PAT-00424,2024-05-16 08:00:00,Poids,88.8,Bon
OC-000669,PAT-00424,2024-05-16 14:00:00,ActivitePas,3628.0,Bon
OC-000670,PAT-00424,2024-05-16 20:00:00,Poids,70.8,Bon
OC-000671,PAT-00424,2024-05-17 08:00:00,ActivitePas,3459.0,Bon
OC-000672,PAT-00424,2024-05-17 14:00:00,FrequenceCardiaque,77.0,CapteurDefaillant
OC-000673,PAT-00424,2024-05-17 20:00:00,Poids,72.9,CapteurDefaillant
OC-000674,PAT-00424,2024-05-18 08:00:00,FrequenceCardiaque,78.0,Bon
OC-000675,PAT-00424,2024-05-18 14:00:00,FrequenceCardiaque,87.0,Bon
OC-000676,PAT-00424,2024-05-18 20:00:00,FrequenceCardiaque,78.0,CapteurDefaillant
OC-000677,PAT-00424,2024-05-19 08:00:00,FrequenceCardiaque,80.0,Bon
OC-000678,PAT-00424,2024-05-19 14:00:00,ActivitePas,2602.0,Bon
OC-000679,PAT-00424,2024-05-19 20:00:00,ActivitePas,1895.0,Bon
OC-000680,PAT-00424,2024-05-20 08:00:00,ActivitePas,2960.0,Bon
OC-000681,PAT-00424,2024-05-20 14:00:00,FrequenceCardiaque,80.0,Bon
OC-000682,PAT-00424,2024-05-20 20:00:00,FrequenceCardiaque,60.0,Bon
OC-000683,PAT-00424,2024-05-21 08:00:00,ActivitePas,1994.0,Bon
OC-000684,PAT-00424,2024-05-21 14:00:00,ActivitePas,2146.0,Bon
OC-000685,PAT-00424,2024-05-21 20:00:00,FrequenceCardiaque,89.0,Bon
OC-000686,PAT-00424,2024-05-22 08:00:00,ActivitePas,2291.0,Bon
OC-000687,PAT-00424,2024-05-22 14:00:00,ActivitePas,3973.0,CapteurDefaillant
OC-000688,PAT-00424,2024-05-22 20:00:00,SpO2,96.0,CapteurDefaillant
OC-000689,PAT-00424,2024-05-23 08:00:00,Poids,72.8,Bon
OC-000690,PAT-00424,2024-05-24 08:00:00,FrequenceCardiaque,66.0,Bon
OC-000691,PAT-00424,2024-05-24 14:00:00,SpO2,95.0,Bon
OC-000692,PAT-00424,2024-05-25 08:00:00,SpO2,91.0,Bon
OC-000693,PAT-00424,2024-05-25 14:00:00,SpO2,91.0,Bon
OC-000694,PAT-00576,2023-12-31 20:00:00,FrequenceCardiaque,100.0,Bon
OC-000695,PAT-00576,2024-01-01 14:00:00,ActivitePas,60.0,CapteurDefaillant
OC-000696,PAT-00576,2024-01-01 20:00:00,ActivitePas,4975.0,Bon
OC-000697,PAT-00576,2024-01-02 08:00:00,FrequenceCardiaque,62.0,Bon
OC-000698,PAT-00576,2024-01-02 14:00:00,ActivitePas,3318.0,Bon
OC-000699,PAT-00576,2024-01-02 20:00:00,FrequenceCardiaque,65.0,Bon
OC-000700,PAT-00576,2024-01-03 14:00:00,FrequenceCardiaque,68.0,Gap
OC-000701,PAT-00576,2024-01-03 20:00:00,ActivitePas,2381.0,Gap
OC-000702,PAT-00576,2024-01-04 08:00:00,FrequenceCardiaque,84.0,Bon
OC-000703,PAT-00576,2024-01-04 14:00:00,Poids,74.9,Bon
OC-000704,PAT-00576,2024-01-04 20:00:00,ActivitePas,2352.0,Bon
OC-000705,PAT-00576,2024-01-05 08:00:00,FrequenceCardiaque,83.0,Gap
OC-000706,PAT-00576,2024-01-05 14:00:00,ActivitePas,1729.0,Bon
OC-000707,PAT-00576,2024-01-05 20:00:00,Poids,74.3,Bon
OC-000708,PAT-00576,2024-01-06 08:00:00,FrequenceCardiaque,63.0,Bon
OC-000709,PAT-00576,2024-01-06 20:00:00,FrequenceCardiaque,66.0,Bon
OC-000710,PAT-00576,2024-01-07 08:00:00,FrequenceCardiaque,85.0,Bon
OC-000711,PAT-00576,2024-01-07 20:00:00,FrequenceCardiaque,88.0,Bon
OC-000712,PAT-00576,2024-01-08 08:00:00,SpO2,93.0,Bon
OC-000713,PAT-00576,2024-01-08 14:00:00,Poids,61.2,Bon
OC-000714,PAT-00576,2024-01-09 14:00:00,FrequenceCardiaque,80.0,Bon
OC-000715,PAT-00576,2024-01-09 20:00:00,ActivitePas,4914.0,Bon
OC-000716,PAT-00576,2024-01-10 08:00:00,FrequenceCardiaque,70.0,Bon
OC-000717,PAT-00576,2024-01-10 14:00:00,FrequenceCardiaque,87.0,CapteurDefaillant
OC-000718,PAT-00576,2024-01-10 20:00:00,ActivitePas,4629.0,Bon
OC-000719,PAT-00576,2024-01-11 08:00:00,ActivitePas,319.0,Bon
OC-000720,PAT-00576,2024-01-11 14:00:00,SpO2,96.0,Bon
OC-000721,PAT-00576,2024-01-12 14:00:00,FrequenceCardiaque,57.0,Bon
OC-000722,PAT-00576,2024-01-12 20:00:00,ActivitePas,792.0,CapteurDefaillant
OC-000723,PAT-00197,2024-05-05 08:00:00,SpO2,98.0,Bon
OC-000724,PAT-00197,2024-05-05 14:00:00,Poids,63.7,Bon
OC-000725,PAT-00197,2024-05-05 20:00:00,Poids,51.2,Bon
OC-000726,PAT-00197,2024-05-06 08:00:00,FrequenceCardiaque,69.0,Bon
OC-000727,PAT-00197,2024-05-06 14:00:00,Poids,71.6,Bon
OC-000728,PAT-00197,2024-05-06 20:00:00,SpO2,92.0,Bon
OC-000729,PAT-999999,2024-05-07 08:00:00,FrequenceCardiaque,91.0,Bon
OC-000730,PAT-00197,2024-05-07 14:00:00,ActivitePas,3351.0,Bon
OC-000731,PAT-00197,2024-05-07 20:00:00,ActivitePas,5031.0,Bon
OC-000732,PAT-00197,2024-05-08 08:00:00,ActivitePas,2423.0,CapteurDefaillant
OC-000733,PAT-999999,2024-05-08 14:00:00,SpO2,88.0,Bon
OC-000734,PAT-00197,2024-05-08 20:00:00,Poids,79.0,Bon
OC-000735,PAT-00197,2024-05-09 08:00:00,FrequenceCardiaque,68.0,CapteurDefaillant
OC-000736,PAT-00197,2024-05-09 14:00:00,ActivitePas,3397.0,Gap
OC-000737,PAT-00197,2024-05-09 20:00:00,SpO2,89.0,Bon
OC-000738,PAT-00197,2024-05-10 08:00:00,SpO2,92.0,Bon
OC-000739,PAT-00197,2024-05-10 14:00:00,SpO2,97.0,CapteurDefaillant
OC-000740,PAT-00197,2024-05-10 20:00:00,FrequenceCardiaque,71.0,Bon
OC-000741,PAT-00197,2024-05-11 08:00:00,FrequenceCardiaque,82.0,Bon
OC-000742,PAT-00197,2024-05-11 14:00:00,FrequenceCardiaque,82.0,Bon
OC-000743,PAT-00197,2024-05-11 20:00:00,FrequenceCardiaque,87.0,CapteurDefaillant
OC-000744,PAT-00197,2024-05-12 08:00:00,Poids,72.4,Bon
OC-000745,PAT-00197,2024-05-12 14:00:00,FrequenceCardiaque,51.0,Bon
OC-000746,PAT-00197,2024-05-12 20:00:00,Poids,77.2,Bon
OC-000747,PAT-00197,2024-05-13 08:00:00,SpO2,95.0,Bon
OC-000748,PAT-00197,2024-05-13 20:00:00,SpO2,96.0,Bon
OC-000749,PAT-00197,2024-05-14 08:00:00,FrequenceCardiaque,87.0,Bon
OC-000750,PAT-00197,2024-05-14 20:00:00,ActivitePas,2613.0,Bon
OC-000751,PAT-00197,2024-05-15 08:00:00,FrequenceCardiaque,74.0,Bon
OC-000752,PAT-00197,2024-05-15 20:00:00,FrequenceCardiaque,83.0,Bon
OC-000753,PAT-00197,2024-05-16 08:00:00,FrequenceCardiaque,71.0,Bon
OC-000754,PAT-00197,2024-05-16 14:00:00,FrequenceCardiaque,63.0,Bon
OC-000755,PAT-00197,2024-05-16 20:00:00,Poids,68.0,Bon
OC-000756,PAT-00197,2024-05-17 08:00:00,FrequenceCardiaque,64.0,Bon
OC-000757,PAT-00197,2024-05-17 14:00:00,ActivitePas,3768.0,Bon
OC-000758,PAT-00197,2024-05-17 20:00:00,FrequenceCardiaque,81.0,CapteurDefaillant
OC-000759,PAT-00197,2024-05-18 08:00:00,FrequenceCardiaque,77.0,Bon
OC-000760,PAT-00197,2024-05-18 14:00:00,SpO2,92.0,Bon
OC-000761,PAT-00197,2024-05-18 20:00:00,FrequenceCardiaque,51.0,Bon
OC-000762,PAT-999999,2023-11-17 08:00:00,SpO2,98.0,CapteurDefaillant
OC-000763,PAT-00487,2023-11-17 14:00:00,ActivitePas,3597.0,CapteurDefaillant
OC-000764,PAT-00487,2023-11-17 20:00:00,Poids,77.8,Bon
OC-000765,PAT-00487,2023-11-18 08:00:00,Poids,96.2,Bon
OC-000766,PAT-00487,2023-11-18 14:00:00,FrequenceCardiaque,58.0,Bon
OC-000767,PAT-00487,2023-11-18 20:00:00,FrequenceCardiaque,66.0,Bon
OC-000768,PAT-00487,2023-11-19 08:00:00,Poids,79.4,Bon
OC-000769,PAT-00487,2023-11-19 14:00:00,FrequenceCardiaque,63.0,CapteurDefaillant
OC-000770,PAT-00487,2023-11-19 20:00:00,FrequenceCardiaque,78.0,Bon
OC-000771,PAT-00487,2023-11-20 08:00:00,SpO2,97.0,CapteurDefaillant
OC-000772,PAT-00487,2023-11-20 14:00:00,FrequenceCardiaque,86.0,Bon
OC-000773,PAT-00487,2023-11-20 20:00:00,Poids,81.0,Bon
OC-000774,PAT-00487,2023-11-21 08:00:00,ActivitePas,3038.0,Bon
OC-000775,PAT-00487,2023-11-21 14:00:00,SpO2,93.0,Bon
OC-000776,PAT-00487,2023-11-22 14:00:00,ActivitePas,4477.0,Bon
OC-000777,PAT-00487,2023-11-22 20:00:00,SpO2,95.0,Bon
OC-000778,PAT-00487,2023-11-23 08:00:00,Poids,65.5,Bon
OC-000779,PAT-00487,2023-11-23 20:00:00,SpO2,93.0,CapteurDefaillant
OC-000780,PAT-00487,2023-11-24 08:00:00,Poids,62.3,Bon
OC-000781,PAT-00487,2023-11-24 14:00:00,Poids,71.8,Bon
OC-000782,PAT-00487,2023-11-24 20:00:00,SpO2,94.0,Bon
OC-000783,PAT-00487,2023-11-25 14:00:00,Poids,67.2,Bon
OC-000784,PAT-00487,2023-11-25 20:00:00,Poids,74.2,Bon
OC-000785,PAT-00487,2023-11-26 08:00:00,ActivitePas,2833.0,Bon
OC-000786,PAT-00487,2023-11-26 14:00:00,SpO2,97.0,Bon
OC-000787,PAT-00487,2023-11-26 20:00:00,FrequenceCardiaque,78.0,Bon
OC-000788,PAT-00487,2023-11-27 08:00:00,FrequenceCardiaque,93.0,Bon
OC-000789,PAT-00487,2023-11-27 14:00:00,Poids,58.1,Bon
OC-000790,PAT-00487,2023-11-27 20:00:00,SpO2,92.0,Bon
OC-000791,PAT-00487,2023-11-28 08:00:00,ActivitePas,2138.0,Bon
OC-000792,PAT-00487,2023-11-28 14:00:00,ActivitePas,3111.0,Bon
OC-000793,PAT-00487,2023-11-28 20:00:00,Poids,84.3,Bon
OC-000794,PAT-00487,2023-11-29 08:00:00,FrequenceCardiaque,102.0,Bon
OC-000795,PAT-00487,2023-11-29 14:00:00,ActivitePas,4789.0,CapteurDefaillant
OC-000796,PAT-00487,2023-11-29 20:00:00,Poids,89.9,Bon
OC-000797,PAT-00487,2023-11-30 20:00:00,ActivitePas,4908.0,CapteurDefaillant
OC-000798,PAT-00461,2024-04-30 14:00:00,Poids,84.1,Bon
OC-000799,PAT-00461,2024-04-30 20:00:00,ActivitePas,6640.0,Bon
OC-000800,PAT-00461,2024-05-01 08:00:00,SpO2,92.0,CapteurDefaillant
OC-000801,PAT-00461,2024-05-01 14:00:00,FrequenceCardiaque,92.0,Gap
OC-000802,PAT-00461,2024-05-01 20:00:00,Poids,86.6,Bon
OC-000803,PAT-00461,2024-05-02 14:00:00,FrequenceCardiaque,75.0,Bon
OC-000804,PAT-00461,2024-05-02 20:00:00,FrequenceCardiaque,64.0,Bon
OC-000805,PAT-00461,2024-05-03 14:00:00,FrequenceCardiaque,71.0,Bon
OC-000806,PAT-00461,2024-05-03 20:00:00,ActivitePas,3663.0,Bon
OC-000807,PAT-00461,2024-05-04 08:00:00,FrequenceCardiaque,74.0,Bon
OC-000808,PAT-00461,2024-05-04 14:00:00,FrequenceCardiaque,89.0,Gap
OC-000809,PAT-00461,2024-05-04 20:00:00,FrequenceCardiaque,79.0,Bon
OC-000810,PAT-00461,2024-05-05 08:00:00,Poids,87.8,CapteurDefaillant
OC-000811,PAT-00461,2024-05-05 20:00:00,Poids,49.9,Bon
OC-000812,PAT-00461,2024-05-06 20:00:00,Poids,97.9,Bon
OC-000813,PAT-00461,2024-05-07 08:00:00,Poids,76.8,CapteurDefaillant
OC-000814,PAT-00461,2024-05-07 14:00:00,SpO2,99.0,Bon
OC-000815,PAT-00461,2024-05-07 20:00:00,FrequenceCardiaque,72.0,Bon
OC-000816,PAT-00461,2024-05-08 08:00:00,SpO2,93.0,Gap
OC-000817,PAT-00461,2024-05-08 14:00:00,Poids,66.7,Bon
OC-000818,PAT-00461,2024-05-08 20:00:00,SpO2,94.0,Bon
OC-000819,PAT-00461,2024-05-09 08:00:00,FrequenceCardiaque,77.0,CapteurDefaillant
OC-000820,PAT-00461,2024-05-09 14:00:00,FrequenceCardiaque,99.0,Bon
OC-000821,PAT-00461,2024-05-09 20:00:00,FrequenceCardiaque,97.0,Bon
OC-000822,PAT-00461,2024-05-10 08:00:00,SpO2,94.0,Bon
OC-000823,PAT-00461,2024-05-10 14:00:00,FrequenceCardiaque,75.0,CapteurDefaillant
OC-000824,PAT-00461,2024-05-10 20:00:00,FrequenceCardiaque,82.0,Gap
OC-000825,PAT-00461,2024-05-11 08:00:00,Poids,78.4,Bon
OC-000826,PAT-00461,2024-05-11 14:00:00,ActivitePas,4717.0,Bon
OC-000827,PAT-00461,2024-05-11 20:00:00,FrequenceCardiaque,81.0,CapteurDefaillant
OC-000828,PAT-00461,2024-05-12 08:00:00,FrequenceCardiaque,90.0,Bon
OC-000829,PAT-00461,2024-05-12 14:00:00,FrequenceCardiaque,111.0,Bon
OC-000830,PAT-00461,2024-05-12 20:00:00,FrequenceCardiaque,76.0,Bon
OC-000831,PAT-00461,2024-05-13 08:00:00,ActivitePas,2843.0,Bon
OC-000832,PAT-00461,2024-05-13 14:00:00,FrequenceCardiaque,63.0,Bon
OC-000833,PAT-00461,2024-05-13 20:00:00,FrequenceCardiaque,84.0,CapteurDefaillant
OC-000834,PAT-00058,2023-12-13 08:00:00,ActivitePas,4493.0,Bon
OC-000835,PAT-00058,2023-12-13 14:00:00,ActivitePas,1396.0,Bon
OC-000836,PAT-00058,2023-12-13 20:00:00,SpO2,91.0,Gap
OC-000837,PAT-999999,2023-12-14 08:00:00,Poids,63.6,Bon
OC-000838,PAT-00058,2023-12-14 14:00:00,ActivitePas,4882.0,Bon
OC-000839,PAT-00058,2023-12-14 20:00:00,SpO2,98.0,Bon
OC-000840,PAT-00058,2023-12-15 08:00:00,SpO2,92.0,Bon
OC-000841,PAT-00058,2023-12-15 14:00:00,ActivitePas,5948.0,Bon
OC-000842,PAT-00058,2023-12-15 20:00:00,Poids,79.3,Bon
OC-000843,PAT-00058,2023-12-16 08:00:00,Poids,71.3,Bon
OC-000844,PAT-00058,2023-12-16 14:00:00,Poids,69.1,CapteurDefaillant
OC-000845,PAT-00058,2023-12-16 20:00:00,FrequenceCardiaque,76.0,Bon
OC-000846,PAT-00058,2023-12-17 08:00:00,ActivitePas,5087.0,Bon
OC-000847,PAT-00058,2023-12-17 20:00:00,ActivitePas,4984.0,Bon
OC-000848,PAT-00058,2023-12-18 08:00:00,FrequenceCardiaque,72.0,Gap
OC-000849,PAT-00058,2023-12-18 14:00:00,FrequenceCardiaque,58.0,Bon
OC-000850,PAT-00058,2023-12-18 20:00:00,FrequenceCardiaque,77.0,Bon
OC-000851,PAT-00058,2023-12-19 08:00:00,ActivitePas,670.0,Bon
OC-000852,PAT-999999,2023-12-19 14:00:00,Poids,62.3,Bon
OC-000853,PAT-00058,2023-12-19 20:00:00,SpO2,89.0,Bon
OC-000854,PAT-00058,2023-12-20 08:00:00,ActivitePas,4394.0,Gap
OC-000855,PAT-00058,2023-12-20 14:00:00,Poids,63.8,Bon
OC-000856,PAT-00058,2023-12-20 20:00:00,ActivitePas,6091.0,Bon
OC-000857,PAT-00058,2023-12-21 08:00:00,ActivitePas,3185.0,Bon
OC-000858,PAT-00058,2023-12-21 14:00:00,SpO2,96.0,Bon
OC-000859,PAT-00058,2023-12-21 20:00:00,ActivitePas,5894.0,Bon
OC-000860,PAT-00058,2023-12-22 08:00:00,SpO2,94.0,Bon
OC-000861,PAT-00058,2023-12-22 14:00:00,FrequenceCardiaque,58.0,CapteurDefaillant
OC-000862,PAT-00058,2023-12-23 08:00:00,Poids,84.1,Bon
OC-000863,PAT-00058,2023-12-23 14:00:00,FrequenceCardiaque,87.0,CapteurDefaillant
OC-000864,PAT-00058,2023-12-24 08:00:00,SpO2,88.0,Bon
OC-000865,PAT-00058,2023-12-24 14:00:00,FrequenceCardiaque,105.0,Bon
OC-000866,PAT-00058,2023-12-24 20:00:00,SpO2,92.0,Bon
OC-000867,PAT-999999,2023-12-25 08:00:00,FrequenceCardiaque,89.0,Gap
OC-000868,PAT-00058,2023-12-25 14:00:00,ActivitePas,714.0,Bon
OC-000869,PAT-00058,2023-12-25 20:00:00,Poids,76.8,Bon
OC-000870,PAT-00058,2023-12-26 08:00:00,Poids,74.7,Bon
OC-000871,PAT-00058,2023-12-26 14:00:00,SpO2,92.0,Bon
OC-000872,PAT-00058,2023-12-26 20:00:00,ActivitePas,3614.0,Bon
OC-000873,PAT-00579,2023-12-28 08:00:00,ActivitePas,4828.0,Bon
OC-000874,PAT-00579,2023-12-28 14:00:00,ActivitePas,2866.0,Bon
OC-000875,PAT-00579,2023-12-29 14:00:00,ActivitePas,1633.0,Bon
OC-000876,PAT-999999,2023-12-30 14:00:00,FrequenceCardiaque,87.0,Bon
OC-000877,PAT-00579,2023-12-30 20:00:00,ActivitePas,264.0,Bon
OC-000878,PAT-00579,2023-12-31 14:00:00,FrequenceCardiaque,78.0,Bon
OC-000879,PAT-00579,2023-12-31 20:00:00,FrequenceCardiaque,75.0,Bon
OC-000880,PAT-00579,2024-01-01 08:00:00,FrequenceCardiaque,94.0,CapteurDefaillant
OC-000881,PAT-00579,2024-01-01 14:00:00,ActivitePas,2513.0,Bon
OC-000882,PAT-00579,2024-01-01 20:00:00,FrequenceCardiaque,59.0,Bon
OC-000883,PAT-00579,2024-01-02 08:00:00,ActivitePas,2932.0,Gap
OC-000884,PAT-00579,2024-01-02 14:00:00,ActivitePas,1662.0,CapteurDefaillant
OC-000885,PAT-00579,2024-01-03 08:00:00,ActivitePas,1567.0,Bon
OC-000886,PAT-00579,2024-01-03 14:00:00,SpO2,95.0,Bon
OC-000887,PAT-00579,2024-01-04 08:00:00,FrequenceCardiaque,66.0,Bon
OC-000888,PAT-00579,2024-01-04 14:00:00,FrequenceCardiaque,73.0,Bon
OC-000889,PAT-00579,2024-01-05 08:00:00,SpO2,100.0,Bon
OC-000890,PAT-00579,2024-01-05 20:00:00,SpO2,94.0,Bon
OC-000891,PAT-00579,2024-01-06 08:00:00,SpO2,95.0,Bon
OC-000892,PAT-00579,2024-01-06 14:00:00,FrequenceCardiaque,79.0,CapteurDefaillant
OC-000893,PAT-00579,2024-01-06 20:00:00,FrequenceCardiaque,64.0,CapteurDefaillant
OC-000894,PAT-00579,2024-01-07 08:00:00,Poids,65.9,Bon
OC-000895,PAT-00579,2024-01-07 14:00:00,ActivitePas,3179.0,Bon
OC-000896,PAT-00579,2024-01-07 20:00:00,FrequenceCardiaque,73.0,Bon
OC-000897,PAT-00579,2024-01-08 08:00:00,SpO2,97.0,CapteurDefaillant
OC-000898,PAT-00579,2024-01-08 14:00:00,FrequenceCardiaque,71.0,Bon
OC-000899,PAT-00579,2024-01-09 08:00:00,SpO2,95.0,Bon
OC-000900,PAT-00579,2024-01-09 14:00:00,SpO2,97.0,Bon
OC-000901,PAT-00579,2024-01-09 20:00:00,FrequenceCardiaque,75.0,Bon
OC-000902,PAT-00579,2024-01-10 08:00:00,Poids,74.6,Bon
OC-000903,PAT-00579,2024-01-10 20:00:00,ActivitePas,3912.0,Bon
OC-000904,PAT-00099,2024-05-11 08:00:00,SpO2,97.0,Bon
OC-000905,PAT-00099,2024-05-11 14:00:00,ActivitePas,4638.0,Bon
OC-000906,PAT-00099,2024-05-11 20:00:00,Poids,60.6,Bon
OC-000907,PAT-00099,2024-05-12 08:00:00,SpO2,93.0,Bon
OC-000908,PAT-00099,2024-05-12 14:00:00,Poids,81.4,Bon
OC-000909,PAT-00099,2024-05-12 20:00:00,Poids,90.9,Bon
OC-000910,PAT-00099,2024-05-13 08:00:00,FrequenceCardiaque,77.0,Gap
OC-000911,PAT-00099,2024-05-13 14:00:00,FrequenceCardiaque,73.0,Bon
OC-000912,PAT-00099,2024-05-14 08:00:00,ActivitePas,5265.0,Bon
OC-000913,PAT-00099,2024-05-14 20:00:00,SpO2,93.0,Bon
OC-000914,PAT-00099,2024-05-15 08:00:00,ActivitePas,7997.0,Bon
OC-000915,PAT-00099,2024-05-15 20:00:00,Poids,74.4,Bon
OC-000916,PAT-00099,2024-05-16 08:00:00,ActivitePas,2750.0,Bon
OC-000917,PAT-00099,2024-05-16 14:00:00,SpO2,98.0,Bon
OC-000918,PAT-00099,2024-05-16 20:00:00,FrequenceCardiaque,85.0,CapteurDefaillant
OC-000919,PAT-00099,2024-05-17 14:00:00,FrequenceCardiaque,83.0,Bon
OC-000920,PAT-00099,2024-05-18 08:00:00,FrequenceCardiaque,91.0,CapteurDefaillant
OC-000921,PAT-00099,2024-05-18 20:00:00,Poids,70.2,Bon
OC-000922,PAT-00099,2024-05-19 08:00:00,FrequenceCardiaque,63.0,Bon
OC-000923,PAT-00099,2024-05-19 14:00:00,Poids,74.4,Bon
OC-000924,PAT-00099,2024-05-20 14:00:00,FrequenceCardiaque,101.0,Bon
OC-000925,PAT-00099,2024-05-20 20:00:00,FrequenceCardiaque,86.0,Bon
OC-000926,PAT-00099,2024-05-21 08:00:00,ActivitePas,3379.0,Bon
OC-000927,PAT-00099,2024-05-21 14:00:00,FrequenceCardiaque,70.0,Bon
OC-000928,PAT-00099,2024-05-21 20:00:00,SpO2,94.0,Bon
OC-000929,PAT-00099,2024-05-22 08:00:00,Poids,75.4,Bon
OC-000930,PAT-00099,2024-05-22 14:00:00,ActivitePas,2882.0,Bon
OC-000931,PAT-00099,2024-05-22 20:00:00,SpO2,94.0,Bon
OC-000932,PAT-00099,2024-05-23 14:00:00,FrequenceCardiaque,77.0,Bon
OC-000933,PAT-00099,2024-05-23 20:00:00,FrequenceCardiaque,77.0,Bon
OC-000934,PAT-00099,2024-05-24 08:00:00,Poids,83.0,Bon
OC-000935,PAT-00099,2024-05-24 14:00:00,Poids,85.1,CapteurDefaillant
OC-000936,PAT-00099,2024-05-24 20:00:00,SpO2,95.0,Bon
OC-000937,PAT-00218,2024-02-26 14:00:00,Poids,85.4,Bon
OC-000938,PAT-00218,2024-02-26 20:00:00,SpO2,97.0,Bon
OC-000939,PAT-00218,2024-02-27 08:00:00,ActivitePas,3753.0,Gap
OC-000940,PAT-00218,2024-02-27 14:00:00,FrequenceCardiaque,75.0,Bon
OC-000941,PAT-00218,2024-02-27 20:00:00,SpO2,94.0,Bon
OC-000942,PAT-00218,2024-02-28 14:00:00,ActivitePas,5283.0,Bon
OC-000943,PAT-00218,2024-02-28 20:00:00,FrequenceCardiaque,60.0,Bon
OC-000944,PAT-00218,2024-02-29 08:00:00,FrequenceCardiaque,56.0,Bon
OC-000945,PAT-00218,2024-02-29 14:00:00,FrequenceCardiaque,83.0,Bon
OC-000946,PAT-00218,2024-02-29 20:00:00,ActivitePas,4586.0,Bon
OC-000947,PAT-00218,2024-03-01 14:00:00,SpO2,93.0,Gap
OC-000948,PAT-00218,2024-03-01 20:00:00,SpO2,92.0,Bon
OC-000949,PAT-00218,2024-03-02 08:00:00,ActivitePas,7855.0,Gap
OC-000950,PAT-00218,2024-03-02 14:00:00,FrequenceCardiaque,58.0,Gap
OC-000951,PAT-00218,2024-03-03 14:00:00,Poids,88.1,CapteurDefaillant
OC-000952,PAT-00218,2024-03-03 20:00:00,Poids,92.5,Bon
OC-000953,PAT-00218,2024-03-04 08:00:00,Poids,82.5,Bon
OC-000954,PAT-00218,2024-03-04 14:00:00,SpO2,93.0,Bon
OC-000955,PAT-00218,2024-03-05 08:00:00,FrequenceCardiaque,81.0,Bon
OC-000956,PAT-00218,2024-03-05 14:00:00,SpO2,92.0,Bon
OC-000957,PAT-00218,2024-03-05 20:00:00,FrequenceCardiaque,86.0,Bon
OC-000958,PAT-00218,2024-03-06 08:00:00,FrequenceCardiaque,90.0,Bon
OC-000959,PAT-00218,2024-03-06 14:00:00,FrequenceCardiaque,72.0,Bon
OC-000960,PAT-00218,2024-03-06 20:00:00,Poids,82.8,Bon
OC-000961,PAT-00218,2024-03-07 08:00:00,ActivitePas,2132.0,Bon
OC-000962,PAT-00218,2024-03-07 20:00:00,Poids,74.1,Bon
OC-000963,PAT-00218,2024-03-08 08:00:00,SpO2,94.0,Bon
OC-000964,PAT-00218,2024-03-08 14:00:00,FrequenceCardiaque,69.0,Bon
OC-000965,PAT-00218,2024-03-08 20:00:00,Poids,62.7,Bon
OC-000966,PAT-00218,2024-03-09 14:00:00,Poids,68.2,Gap
OC-000967,PAT-00218,2024-03-10 08:00:00,Poids,54.8,Bon
OC-000968,PAT-00218,2024-03-10 14:00:00,SpO2,90.0,CapteurDefaillant
OC-000969,PAT-00218,2024-03-10 20:00:00,FrequenceCardiaque,88.0,Bon
OC-000970,PAT-00225,2024-05-19 08:00:00,ActivitePas,5531.0,Bon
OC-000971,PAT-00225,2024-05-19 14:00:00,Poids,60.5,Gap
OC-000972,PAT-00225,2024-05-19 20:00:00,SpO2,93.0,Bon
OC-000973,PAT-00225,2024-05-20 08:00:00,SpO2,93.0,Bon
OC-000974,PAT-00225,2024-05-20 14:00:00,SpO2,96.0,Bon
OC-000975,PAT-00225,2024-05-20 20:00:00,FrequenceCardiaque,71.0,Bon
OC-000976,PAT-00225,2024-05-21 08:00:00,ActivitePas,2010.0,Bon
OC-000977,PAT-00225,2024-05-21 14:00:00,Poids,68.9,Gap
OC-000978,PAT-00225,2024-05-22 08:00:00,FrequenceCardiaque,66.0,Bon
OC-000979,PAT-00225,2024-05-22 14:00:00,FrequenceCardiaque,91.0,CapteurDefaillant
OC-000980,PAT-00225,2024-05-22 20:00:00,FrequenceCardiaque,75.0,Bon
OC-000981,PAT-00225,2024-05-23 08:00:00,FrequenceCardiaque,91.0,Bon
OC-000982,PAT-00225,2024-05-23 14:00:00,Poids,79.0,Bon
OC-000983,PAT-00225,2024-05-23 20:00:00,Poids,68.9,Bon
OC-000984,PAT-00225,2024-05-24 08:00:00,FrequenceCardiaque,85.0,Bon
OC-000985,PAT-00225,2024-05-24 14:00:00,FrequenceCardiaque,70.0,Bon
OC-000986,PAT-00225,2024-05-24 20:00:00,ActivitePas,1887.0,Bon
OC-000987,PAT-00225,2024-05-25 08:00:00,FrequenceCardiaque,78.0,Bon
OC-000988,PAT-00225,2024-05-25 14:00:00,ActivitePas,1098.0,Bon
OC-000989,PAT-00225,2024-05-25 20:00:00,FrequenceCardiaque,62.0,CapteurDefaillant
OC-000990,PAT-00225,2024-05-26 08:00:00,SpO2,91.0,CapteurDefaillant
OC-000991,PAT-00225,2024-05-26 14:00:00,ActivitePas,2841.0,Bon
OC-000992,PAT-00225,2024-05-26 20:00:00,SpO2,96.0,Gap
OC-000993,PAT-00225,2024-05-27 08:00:00,ActivitePas,3504.0,Bon
OC-000994,PAT-00225,2024-05-27 20:00:00,SpO2,96.0,Bon
OC-000995,PAT-00225,2024-05-28 08:00:00,ActivitePas,4530.0,Bon
OC-000996,PAT-00225,2024-05-28 20:00:00,ActivitePas,2194.0,Bon
OC-000997,PAT-00225,2024-05-29 08:00:00,FrequenceCardiaque,65.0,Bon
OC-000998,PAT-00225,2024-05-29 14:00:00,ActivitePas,2676.0,CapteurDefaillant
OC-000999,PAT-00225,2024-05-29 20:00:00,Poids,79.6,Bon
OC-001000,PAT-00225,2024-05-30 20:00:00,FrequenceCardiaque,46.0,CapteurDefaillant
OC-001001,PAT-00225,2024-05-31 08:00:00,Poids,75.8,Bon
OC-001002,PAT-00225,2024-05-31 14:00:00,SpO2,100.0,Bon
OC-001003,PAT-00225,2024-05-31 20:00:00,FrequenceCardiaque,82.0,Bon
OC-001004,PAT-00225,2024-06-01 08:00:00,ActivitePas,2238.0,Bon
OC-001005,PAT-00225,2024-06-01 14:00:00,Poids,57.6,Bon
OC-001006,PAT-00241,2024-05-02 08:00:00,SpO2,90.0,Bon
OC-001007,PAT-00241,2024-05-02 14:00:00,FrequenceCardiaque,102.0,CapteurDefaillant
OC-001008,PAT-00241,2024-05-02 20:00:00,ActivitePas,3713.0,Bon
OC-001009,PAT-00241,2024-05-03 08:00:00,ActivitePas,5503.0,Bon
OC-001010,PAT-00241,2024-05-03 14:00:00,SpO2,96.0,Bon
OC-001011,PAT-00241,2024-05-03 20:00:00,ActivitePas,3254.0,CapteurDefaillant
OC-001012,PAT-00241,2024-05-04 14:00:00,Poids,70.6,Bon
OC-001013,PAT-00241,2024-05-04 20:00:00,SpO2,94.0,Bon
OC-001014,PAT-00241,2024-05-05 08:00:00,ActivitePas,2355.0,Bon
OC-001015,PAT-00241,2024-05-05 14:00:00,FrequenceCardiaque,83.0,Bon
OC-001016,PAT-00241,2024-05-05 20:00:00,Poids,102.1,Bon
OC-001017,PAT-00241,2024-05-06 08:00:00,FrequenceCardiaque,74.0,Bon
OC-001018,PAT-00241,2024-05-06 14:00:00,FrequenceCardiaque,76.0,Bon
OC-001019,PAT-00241,2024-05-06 20:00:00,SpO2,95.0,Bon
OC-001020,PAT-00241,2024-05-07 08:00:00,Poids,60.1,Bon
OC-001021,PAT-00241,2024-05-08 14:00:00,ActivitePas,4725.0,Bon
OC-001022,PAT-00241,2024-05-09 14:00:00,ActivitePas,2418.0,Bon
OC-001023,PAT-00241,2024-05-10 14:00:00,FrequenceCardiaque,86.0,Bon
OC-001024,PAT-00241,2024-05-10 20:00:00,ActivitePas,4551.0,Bon
OC-001025,PAT-00241,2024-05-11 08:00:00,FrequenceCardiaque,78.0,Bon
OC-001026,PAT-00241,2024-05-11 14:00:00,FrequenceCardiaque,93.0,Bon
OC-001027,PAT-00241,2024-05-11 20:00:00,SpO2,96.0,Bon
OC-001028,PAT-00241,2024-05-12 08:00:00,ActivitePas,5987.0,Bon
OC-001029,PAT-00241,2024-05-12 14:00:00,FrequenceCardiaque,71.0,Bon
OC-001030,PAT-00241,2024-05-13 14:00:00,FrequenceCardiaque,101.0,Bon
OC-001031,PAT-00241,2024-05-13 20:00:00,Poids,75.1,Bon
OC-001032,PAT-00241,2024-05-14 08:00:00,ActivitePas,2728.0,Bon
OC-001033,PAT-00241,2024-05-14 14:00:00,ActivitePas,4129.0,Bon
OC-001034,PAT-00241,2024-05-14 20:00:00,FrequenceCardiaque,72.0,Bon
OC-001035,PAT-00241,2024-05-15 08:00:00,ActivitePas,5836.0,Bon
OC-001036,PAT-00241,2024-05-15 14:00:00,SpO2,95.0,Bon
OC-001037,PAT-00241,2024-05-15 20:00:00,FrequenceCardiaque,67.0,Bon
OC-001038,PAT-00413,2024-04-27 08:00:00,FrequenceCardiaque,82.0,Bon
OC-001039,PAT-00413,2024-04-27 14:00:00,SpO2,97.0,CapteurDefaillant
OC-001040,PAT-00413,2024-04-27 20:00:00,ActivitePas,2689.0,CapteurDefaillant
OC-001041,PAT-00413,2024-04-28 08:00:00,ActivitePas,1187.0,CapteurDefaillant
OC-001042,PAT-00413,2024-04-28 14:00:00,Poids,90.8,Bon
OC-001043,PAT-00413,2024-04-28 20:00:00,ActivitePas,1105.0,Bon
OC-001044,PAT-00413,2024-04-29 08:00:00,SpO2,97.0,Bon
OC-001045,PAT-00413,2024-04-29 14:00:00,ActivitePas,7363.0,Bon
OC-001046,PAT-00413,2024-04-29 20:00:00,FrequenceCardiaque,98.0,Bon
OC-001047,PAT-00413,2024-04-30 08:00:00,ActivitePas,2676.0,Bon
OC-001048,PAT-999999,2024-04-30 14:00:00,FrequenceCardiaque,80.0,Bon
OC-001049,PAT-00413,2024-04-30 20:00:00,Poids,61.4,Bon
OC-001050,PAT-00413,2024-05-01 08:00:00,Poids,78.6,Bon
OC-001051,PAT-00413,2024-05-01 14:00:00,ActivitePas,1057.0,Bon
OC-001052,PAT-00413,2024-05-01 20:00:00,ActivitePas,940.0,Bon
OC-001053,PAT-00413,2024-05-02 20:00:00,FrequenceCardiaque,65.0,Gap
OC-001054,PAT-00413,2024-05-03 08:00:00,ActivitePas,0.0,Bon
OC-001055,PAT-00413,2024-05-03 20:00:00,ActivitePas,343.0,Bon
OC-001056,PAT-00413,2024-05-04 08:00:00,Poids,105.6,Bon
OC-001057,PAT-00413,2024-05-04 14:00:00,ActivitePas,4125.0,Bon
OC-001058,PAT-00413,2024-05-04 20:00:00,FrequenceCardiaque,77.0,Bon
OC-001059,PAT-00413,2024-05-05 08:00:00,FrequenceCardiaque,93.0,Bon
OC-001060,PAT-00413,2024-05-05 14:00:00,Poids,54.9,CapteurDefaillant
OC-001061,PAT-00413,2024-05-06 08:00:00,FrequenceCardiaque,75.0,Bon
OC-001062,PAT-00413,2024-05-06 14:00:00,Poids,70.1,Bon
OC-001063,PAT-00413,2024-05-06 20:00:00,SpO2,99.0,CapteurDefaillant
OC-001064,PAT-00413,2024-05-07 08:00:00,FrequenceCardiaque,78.0,Gap
OC-001065,PAT-00413,2024-05-07 14:00:00,Poids,104.2,Bon
OC-001066,PAT-00413,2024-05-07 20:00:00,SpO2,98.0,Bon
OC-001067,PAT-00413,2024-05-08 08:00:00,FrequenceCardiaque,70.0,Bon
OC-001068,PAT-00413,2024-05-08 14:00:00,SpO2,100.0,CapteurDefaillant
OC-001069,PAT-00413,2024-05-08 20:00:00,ActivitePas,4293.0,Bon
OC-001070,PAT-00413,2024-05-09 08:00:00,ActivitePas,6886.0,Bon
OC-001071,PAT-00413,2024-05-09 20:00:00,FrequenceCardiaque,76.0,Bon
OC-001072,PAT-00413,2024-05-10 08:00:00,ActivitePas,302.0,CapteurDefaillant
OC-001073,PAT-00413,2024-05-10 14:00:00,ActivitePas,1604.0,Gap
OC-001074,PAT-00413,2024-05-10 20:00:00,FrequenceCardiaque,56.0,Gap
OC-001075,PAT-999999,2024-05-05 14:00:00,ActivitePas,0.0,Bon
OC-001076,PAT-00001,2024-05-05 20:00:00,Poids,80.3,Gap
OC-001077,PAT-00001,2024-05-06 08:00:00,ActivitePas,5375.0,Bon
OC-001078,PAT-00001,2024-05-06 14:00:00,ActivitePas,3874.0,CapteurDefaillant
OC-001079,PAT-00001,2024-05-06 20:00:00,Poids,52.8,Bon
OC-001080,PAT-00001,2024-05-07 08:00:00,FrequenceCardiaque,101.0,Bon
OC-001081,PAT-00001,2024-05-07 14:00:00,ActivitePas,2072.0,Bon
OC-001082,PAT-00001,2024-05-08 08:00:00,ActivitePas,2632.0,Bon
OC-001083,PAT-00001,2024-05-08 14:00:00,FrequenceCardiaque,75.0,Bon
OC-001084,PAT-00001,2024-05-08 20:00:00,FrequenceCardiaque,94.0,Bon
OC-001085,PAT-00001,2024-05-09 08:00:00,ActivitePas,2972.0,Bon
OC-001086,PAT-00001,2024-05-09 14:00:00,ActivitePas,5399.0,Bon
OC-001087,PAT-00001,2024-05-09 20:00:00,SpO2,95.0,CapteurDefaillant
OC-001088,PAT-00001,2024-05-10 08:00:00,Poids,56.5,Bon
OC-001089,PAT-00001,2024-05-10 20:00:00,SpO2,90.0,Bon
OC-001090,PAT-00001,2024-05-11 08:00:00,Poids,51.3,Bon
OC-001091,PAT-00001,2024-05-11 20:00:00,FrequenceCardiaque,88.0,Bon
OC-001092,PAT-00001,2024-05-12 08:00:00,ActivitePas,3546.0,Bon
OC-001093,PAT-00001,2024-05-12 14:00:00,FrequenceCardiaque,94.0,Bon
OC-001094,PAT-00001,2024-05-12 20:00:00,ActivitePas,6177.0,Bon
OC-001095,PAT-00001,2024-05-13 14:00:00,FrequenceCardiaque,99.0,Bon
OC-001096,PAT-00001,2024-05-13 20:00:00,Poids,79.7,Gap
OC-001097,PAT-00001,2024-05-14 14:00:00,FrequenceCardiaque,67.0,Bon
OC-001098,PAT-00001,2024-05-14 20:00:00,FrequenceCardiaque,63.0,Gap
OC-001099,PAT-00001,2024-05-15 14:00:00,ActivitePas,6266.0,CapteurDefaillant
OC-001100,PAT-999999,2024-05-15 20:00:00,SpO2,98.0,Bon
OC-001101,PAT-00001,2024-05-16 08:00:00,ActivitePas,2164.0,Bon
OC-001102,PAT-00001,2024-05-16 14:00:00,FrequenceCardiaque,74.0,Bon
OC-001103,PAT-00001,2024-05-16 20:00:00,Poids,74.0,Gap
OC-001104,PAT-00001,2024-05-17 08:00:00,FrequenceCardiaque,87.0,Bon
OC-001105,PAT-00001,2024-05-17 14:00:00,SpO2,89.0,Bon
OC-001106,PAT-00001,2024-05-17 20:00:00,Poids,77.0,Bon
OC-001107,PAT-00001,2024-05-18 08:00:00,Poids,84.0,Bon
OC-001108,PAT-00001,2024-05-18 14:00:00,FrequenceCardiaque,94.0,Bon
OC-001109,PAT-999999,2024-05-18 20:00:00,SpO2,97.0,Gap
OC-001110,PAT-00360,2024-03-19 08:00:00,FrequenceCardiaque,82.0,Bon
OC-001111,PAT-00360,2024-03-19 14:00:00,Poids,86.8,Bon
OC-001112,PAT-00360,2024-03-19 20:00:00,ActivitePas,2198.0,Bon
OC-001113,PAT-00360,2024-03-20 08:00:00,FrequenceCardiaque,76.0,Bon
OC-001114,PAT-00360,2024-03-20 14:00:00,Poids,45.7,Bon
OC-001115,PAT-00360,2024-03-21 08:00:00,FrequenceCardiaque,76.0,CapteurDefaillant
OC-001116,PAT-00360,2024-03-21 20:00:00,Poids,90.8,Bon
OC-001117,PAT-00360,2024-03-22 08:00:00,ActivitePas,3636.0,Bon
OC-001118,PAT-00360,2024-03-22 14:00:00,SpO2,94.0,Gap
OC-001119,PAT-00360,2024-03-22 20:00:00,FrequenceCardiaque,74.0,Bon
OC-001120,PAT-00360,2024-03-23 08:00:00,FrequenceCardiaque,71.0,Gap
OC-001121,PAT-00360,2024-03-23 20:00:00,SpO2,92.0,Gap
OC-001122,PAT-00360,2024-03-24 08:00:00,Poids,84.9,Bon
OC-001123,PAT-00360,2024-03-24 14:00:00,Poids,97.7,CapteurDefaillant
OC-001124,PAT-00360,2024-03-24 20:00:00,ActivitePas,4748.0,CapteurDefaillant
OC-001125,PAT-999999,2024-03-25 08:00:00,FrequenceCardiaque,68.0,Bon
OC-001126,PAT-00360,2024-03-25 20:00:00,FrequenceCardiaque,76.0,Bon
OC-001127,PAT-00360,2024-03-26 08:00:00,SpO2,98.0,Bon
OC-001128,PAT-00360,2024-03-26 14:00:00,SpO2,95.0,Bon
OC-001129,PAT-00360,2024-03-26 20:00:00,ActivitePas,857.0,CapteurDefaillant
OC-001130,PAT-00360,2024-03-27 14:00:00,ActivitePas,2588.0,CapteurDefaillant
OC-001131,PAT-00360,2024-03-27 20:00:00,FrequenceCardiaque,88.0,Bon
OC-001132,PAT-00360,2024-03-28 08:00:00,FrequenceCardiaque,66.0,Bon
OC-001133,PAT-00360,2024-03-28 14:00:00,FrequenceCardiaque,74.0,Bon
OC-001134,PAT-00360,2024-03-28 20:00:00,Poids,94.5,Bon
OC-001135,PAT-00360,2024-03-29 08:00:00,SpO2,93.0,Bon
OC-001136,PAT-00360,2024-03-29 14:00:00,Poids,87.0,Bon
OC-001137,PAT-00360,2024-03-30 20:00:00,FrequenceCardiaque,104.0,Bon
OC-001138,PAT-00360,2024-03-31 08:00:00,SpO2,95.0,CapteurDefaillant
OC-001139,PAT-00360,2024-03-31 14:00:00,Poids,71.3,Bon
OC-001140,PAT-00360,2024-03-31 20:00:00,FrequenceCardiaque,98.0,CapteurDefaillant
OC-001141,PAT-00360,2024-04-01 08:00:00,FrequenceCardiaque,83.0,Bon
OC-001142,PAT-00360,2024-04-01 14:00:00,Poids,67.1,Bon
OC-001143,PAT-00360,2024-04-01 20:00:00,Poids,74.2,Bon
OC-001144,PAT-00190,2024-02-07 08:00:00,FrequenceCardiaque,85.0,Bon
OC-001145,PAT-00190,2024-02-07 20:00:00,ActivitePas,6430.0,Bon
OC-001146,PAT-00190,2024-02-08 08:00:00,FrequenceCardiaque,78.0,Bon
OC-001147,PAT-00190,2024-02-08 14:00:00,FrequenceCardiaque,72.0,Bon
OC-001148,PAT-00190,2024-02-09 08:00:00,ActivitePas,4547.0,Bon
OC-001149,PAT-00190,2024-02-09 14:00:00,ActivitePas,4540.0,Bon
OC-001150,PAT-00190,2024-02-09 20:00:00,SpO2,95.0,Bon
OC-001151,PAT-00190,2024-02-10 08:00:00,ActivitePas,2583.0,Bon
OC-001152,PAT-00190,2024-02-10 14:00:00,Poids,74.0,CapteurDefaillant
OC-001153,PAT-00190,2024-02-11 08:00:00,FrequenceCardiaque,96.0,Bon
OC-001154,PAT-999999,2024-02-11 14:00:00,SpO2,97.0,Bon
OC-001155,PAT-00190,2024-02-11 20:00:00,FrequenceCardiaque,80.0,Bon
OC-001156,PAT-00190,2024-02-12 08:00:00,ActivitePas,3235.0,Bon
OC-001157,PAT-00190,2024-02-12 14:00:00,ActivitePas,6958.0,Bon
OC-001158,PAT-00190,2024-02-13 08:00:00,FrequenceCardiaque,79.0,Bon
OC-001159,PAT-999999,2024-02-13 14:00:00,SpO2,92.0,Bon
OC-001160,PAT-00190,2024-02-13 20:00:00,FrequenceCardiaque,66.0,Bon
OC-001161,PAT-00190,2024-02-14 08:00:00,FrequenceCardiaque,60.0,Bon
OC-001162,PAT-00190,2024-02-14 14:00:00,ActivitePas,3011.0,Bon
OC-001163,PAT-00190,2024-02-14 20:00:00,Poids,53.6,Bon
OC-001164,PAT-00190,2024-02-15 08:00:00,FrequenceCardiaque,77.0,Bon
OC-001165,PAT-00190,2024-02-15 14:00:00,ActivitePas,3237.0,Bon
OC-001166,PAT-00190,2024-02-15 20:00:00,Poids,91.2,Bon
OC-001167,PAT-00190,2024-02-16 08:00:00,FrequenceCardiaque,65.0,Bon
OC-001168,PAT-00190,2024-02-16 14:00:00,SpO2,93.0,CapteurDefaillant
OC-001169,PAT-00190,2024-02-17 08:00:00,ActivitePas,4567.0,Bon
OC-001170,PAT-00190,2024-02-17 14:00:00,ActivitePas,4013.0,Bon
OC-001171,PAT-00190,2024-02-17 20:00:00,SpO2,88.0,CapteurDefaillant
OC-001172,PAT-00190,2024-02-18 08:00:00,FrequenceCardiaque,77.0,Bon
OC-001173,PAT-999999,2024-02-18 20:00:00,ActivitePas,5001.0,Bon
OC-001174,PAT-00190,2024-02-19 08:00:00,FrequenceCardiaque,92.0,Bon
OC-001175,PAT-00190,2024-02-19 14:00:00,Poids,66.0,CapteurDefaillant
OC-001176,PAT-00190,2024-02-19 20:00:00,ActivitePas,5996.0,Bon
OC-001177,PAT-00190,2024-02-20 08:00:00,Poids,97.4,Bon
OC-001178,PAT-00190,2024-02-20 14:00:00,ActivitePas,361.0,Bon
OC-001179,PAT-00190,2024-02-20 20:00:00,SpO2,93.0,CapteurDefaillant
OC-001180,PAT-00284,2024-05-17 08:00:00,ActivitePas,3853.0,CapteurDefaillant
OC-001181,PAT-00284,2024-05-17 14:00:00,FrequenceCardiaque,47.0,Bon
OC-001182,PAT-999999,2024-05-17 20:00:00,ActivitePas,6174.0,Gap
OC-001183,PAT-00284,2024-05-18 08:00:00,FrequenceCardiaque,81.0,Bon
OC-001184,PAT-00284,2024-05-18 20:00:00,FrequenceCardiaque,73.0,Bon
OC-001185,PAT-00284,2024-05-19 08:00:00,Poids,79.2,Bon
OC-001186,PAT-00284,2024-05-19 14:00:00,ActivitePas,2889.0,Bon
OC-001187,PAT-00284,2024-05-19 20:00:00,ActivitePas,5737.0,CapteurDefaillant
OC-001188,PAT-00284,2024-05-20 08:00:00,ActivitePas,871.0,Bon
OC-001189,PAT-00284,2024-05-20 14:00:00,FrequenceCardiaque,63.0,Bon
OC-001190,PAT-00284,2024-05-20 20:00:00,ActivitePas,2428.0,CapteurDefaillant
OC-001191,PAT-00284,2024-05-21 08:00:00,ActivitePas,3506.0,Bon
OC-001192,PAT-00284,2024-05-21 14:00:00,Poids,72.6,Bon
OC-001193,PAT-00284,2024-05-21 20:00:00,FrequenceCardiaque,60.0,Bon
OC-001194,PAT-00284,2024-05-22 08:00:00,FrequenceCardiaque,93.0,Gap
OC-001195,PAT-00284,2024-05-22 14:00:00,FrequenceCardiaque,86.0,Bon
OC-001196,PAT-00284,2024-05-22 20:00:00,ActivitePas,5236.0,Gap
OC-001197,PAT-00284,2024-05-23 08:00:00,Poids,83.4,Bon
OC-001198,PAT-00284,2024-05-23 20:00:00,Poids,97.7,Bon
OC-001199,PAT-00284,2024-05-24 08:00:00,SpO2,91.0,Bon
OC-001200,PAT-00284,2024-05-24 14:00:00,FrequenceCardiaque,75.0,CapteurDefaillant
OC-001201,PAT-00284,2024-05-24 20:00:00,Poids,75.0,Bon
OC-001202,PAT-00284,2024-05-25 08:00:00,ActivitePas,4213.0,Bon
OC-001203,PAT-00284,2024-05-25 20:00:00,FrequenceCardiaque,59.0,Bon
OC-001204,PAT-00284,2024-05-26 14:00:00,SpO2,93.0,Bon
OC-001205,PAT-00284,2024-05-26 20:00:00,Poids,63.2,Bon
OC-001206,PAT-00284,2024-05-27 08:00:00,FrequenceCardiaque,79.0,Bon
OC-001207,PAT-00284,2024-05-27 14:00:00,ActivitePas,2224.0,Bon
OC-001208,PAT-00284,2024-05-27 20:00:00,SpO2,96.0,CapteurDefaillant
OC-001209,PAT-00284,2024-05-28 08:00:00,ActivitePas,4151.0,Bon
OC-001210,PAT-00284,2024-05-28 14:00:00,FrequenceCardiaque,67.0,Bon
OC-001211,PAT-00284,2024-05-28 20:00:00,FrequenceCardiaque,96.0,Bon
OC-001212,PAT-00284,2024-05-29 14:00:00,SpO2,91.0,Bon
OC-001213,PAT-00284,2024-05-29 20:00:00,FrequenceCardiaque,86.0,Bon
OC-001214,PAT-00284,2024-05-30 14:00:00,Poids,103.8,Bon
OC-001215,PAT-00518,2024-02-05 08:00:00,ActivitePas,3114.0,Bon
OC-001216,PAT-00518,2024-02-05 14:00:00,Poids,78.0,Bon
OC-001217,PAT-00518,2024-02-05 20:00:00,Poids,71.8,Bon
OC-001218,PAT-00518,2024-02-06 08:00:00,SpO2,92.0,Bon
OC-001219,PAT-00518,2024-02-06 14:00:00,ActivitePas,1243.0,Bon
OC-001220,PAT-00518,2024-02-06 20:00:00,SpO2,95.0,Bon
OC-001221,PAT-00518,2024-02-07 08:00:00,Poids,69.7,Bon
OC-001222,PAT-00518,2024-02-07 14:00:00,SpO2,93.0,Gap
OC-001223,PAT-00518,2024-02-07 20:00:00,SpO2,93.0,Bon
OC-001224,PAT-00518,2024-02-08 08:00:00,FrequenceCardiaque,70.0,Bon
OC-001225,PAT-00518,2024-02-08 20:00:00,ActivitePas,3259.0,Bon
OC-001226,PAT-00518,2024-02-09 08:00:00,FrequenceCardiaque,59.0,Bon
OC-001227,PAT-00518,2024-02-09 14:00:00,SpO2,94.0,Gap
OC-001228,PAT-00518,2024-02-09 20:00:00,ActivitePas,4856.0,CapteurDefaillant
OC-001229,PAT-00518,2024-02-10 08:00:00,Poids,86.5,Bon
OC-001230,PAT-00518,2024-02-10 14:00:00,Poids,81.6,Bon
OC-001231,PAT-00518,2024-02-10 20:00:00,FrequenceCardiaque,72.0,Bon
OC-001232,PAT-00518,2024-02-11 08:00:00,Poids,79.9,Bon
OC-001233,PAT-00518,2024-02-12 08:00:00,SpO2,96.0,Bon
OC-001234,PAT-00518,2024-02-12 14:00:00,SpO2,96.0,Bon
OC-001235,PAT-00518,2024-02-12 20:00:00,Poids,79.5,Bon
OC-001236,PAT-999999,2024-02-13 14:00:00,SpO2,94.0,Bon
OC-001237,PAT-00518,2024-02-14 08:00:00,FrequenceCardiaque,75.0,CapteurDefaillant
OC-001238,PAT-00518,2024-02-14 14:00:00,Poids,48.6,Bon
OC-001239,PAT-00518,2024-02-14 20:00:00,Poids,67.7,Bon
OC-001240,PAT-00518,2024-02-15 20:00:00,ActivitePas,2797.0,Bon
OC-001241,PAT-00518,2024-02-16 08:00:00,SpO2,93.0,Bon
OC-001242,PAT-00518,2024-02-16 20:00:00,Poids,56.8,Bon
OC-001243,PAT-00518,2024-02-17 08:00:00,ActivitePas,2945.0,Bon
OC-001244,PAT-00518,2024-02-17 14:00:00,Poids,104.7,Bon
OC-001245,PAT-00518,2024-02-17 20:00:00,ActivitePas,6902.0,Bon
OC-001246,PAT-00518,2024-02-18 08:00:00,ActivitePas,4806.0,Bon
OC-001247,PAT-00518,2024-02-18 20:00:00,ActivitePas,6092.0,Bon
OC-001248,PAT-00273,2024-03-27 14:00:00,Poids,84.8,CapteurDefaillant
OC-001249,PAT-00273,2024-03-27 20:00:00,ActivitePas,5088.0,Bon
OC-001250,PAT-00273,2024-03-28 08:00:00,SpO2,98.0,Bon
OC-001251,PAT-00273,2024-03-28 14:00:00,FrequenceCardiaque,89.0,Bon
OC-001252,PAT-00273,2024-03-28 20:00:00,FrequenceCardiaque,69.0,Bon
OC-001253,PAT-00273,2024-03-29 08:00:00,FrequenceCardiaque,64.0,Bon
OC-001254,PAT-00273,2024-03-29 14:00:00,ActivitePas,1583.0,Bon
OC-001255,PAT-00273,2024-03-29 20:00:00,SpO2,89.0,Bon
OC-001256,PAT-00273,2024-03-30 08:00:00,Poids,40.0,Gap
OC-001257,PAT-00273,2024-03-30 14:00:00,FrequenceCardiaque,91.0,Bon
OC-001258,PAT-00273,2024-03-31 08:00:00,FrequenceCardiaque,79.0,Bon
OC-001259,PAT-00273,2024-03-31 14:00:00,SpO2,95.0,Gap
OC-001260,PAT-00273,2024-04-01 08:00:00,FrequenceCardiaque,97.0,Bon
OC-001261,PAT-00273,2024-04-01 14:00:00,Poids,80.8,Bon
OC-001262,PAT-00273,2024-04-01 20:00:00,Poids,54.4,Bon
OC-001263,PAT-00273,2024-04-02 08:00:00,SpO2,99.0,Bon
OC-001264,PAT-00273,2024-04-02 14:00:00,ActivitePas,2080.0,Bon
OC-001265,PAT-00273,2024-04-02 20:00:00,FrequenceCardiaque,75.0,Bon
OC-001266,PAT-00273,2024-04-03 08:00:00,ActivitePas,4301.0,Bon
OC-001267,PAT-00273,2024-04-03 14:00:00,FrequenceCardiaque,90.0,Bon
OC-001268,PAT-00273,2024-04-03 20:00:00,ActivitePas,1109.0,CapteurDefaillant
OC-001269,PAT-00273,2024-04-04 08:00:00,FrequenceCardiaque,64.0,Bon
OC-001270,PAT-00273,2024-04-04 14:00:00,ActivitePas,3133.0,Bon
OC-001271,PAT-00273,2024-04-04 20:00:00,ActivitePas,97.0,Bon
OC-001272,PAT-00273,2024-04-05 08:00:00,FrequenceCardiaque,106.0,Gap
OC-001273,PAT-00273,2024-04-05 14:00:00,SpO2,98.0,Bon
OC-001274,PAT-00273,2024-04-05 20:00:00,FrequenceCardiaque,72.0,Bon
OC-001275,PAT-00273,2024-04-06 08:00:00,FrequenceCardiaque,90.0,Bon
OC-001276,PAT-00273,2024-04-06 14:00:00,FrequenceCardiaque,89.0,Bon
OC-001277,PAT-00273,2024-04-06 20:00:00,SpO2,93.0,Bon
OC-001278,PAT-00273,2024-04-07 20:00:00,Poids,78.6,Bon
OC-001279,PAT-00273,2024-04-08 08:00:00,ActivitePas,869.0,Bon
OC-001280,PAT-00273,2024-04-08 14:00:00,FrequenceCardiaque,62.0,Bon
OC-001281,PAT-00273,2024-04-08 20:00:00,ActivitePas,7703.0,Bon
OC-001282,PAT-00273,2024-04-09 08:00:00,FrequenceCardiaque,68.0,Gap
OC-001283,PAT-00273,2024-04-09 20:00:00,SpO2,94.0,Bon
OC-001284,PAT-00555,2023-12-18 20:00:00,FrequenceCardiaque,87.0,Bon
OC-001285,PAT-00555,2023-12-19 08:00:00,FrequenceCardiaque,61.0,Bon
OC-001286,PAT-00555,2023-12-19 14:00:00,Poids,71.2,Bon
OC-001287,PAT-00555,2023-12-20 08:00:00,ActivitePas,4419.0,Bon
OC-001288,PAT-00555,2023-12-20 14:00:00,SpO2,96.0,Gap
OC-001289,PAT-00555,2023-12-21 08:00:00,FrequenceCardiaque,52.0,Bon
OC-001290,PAT-00555,2023-12-21 14:00:00,FrequenceCardiaque,64.0,Bon
OC-001291,PAT-00555,2023-12-22 08:00:00,FrequenceCardiaque,78.0,Bon
OC-001292,PAT-00555,2023-12-22 14:00:00,FrequenceCardiaque,81.0,Bon
OC-001293,PAT-00555,2023-12-22 20:00:00,FrequenceCardiaque,62.0,Bon
OC-001294,PAT-00555,2023-12-23 08:00:00,FrequenceCardiaque,82.0,Bon
OC-001295,PAT-00555,2023-12-23 14:00:00,SpO2,96.0,Bon
OC-001296,PAT-00555,2023-12-23 20:00:00,ActivitePas,7181.0,Bon
OC-001297,PAT-00555,2023-12-24 08:00:00,SpO2,92.0,Bon
OC-001298,PAT-00555,2023-12-24 14:00:00,Poids,71.4,Gap
OC-001299,PAT-00555,2023-12-24 20:00:00,Poids,60.7,Bon
OC-001300,PAT-00555,2023-12-25 08:00:00,ActivitePas,769.0,Bon
OC-001301,PAT-00555,2023-12-25 14:00:00,Poids,68.9,Bon
OC-001302,PAT-00555,2023-12-25 20:00:00,ActivitePas,2163.0,Bon
OC-001303,PAT-00555,2023-12-26 08:00:00,SpO2,96.0,CapteurDefaillant
OC-001304,PAT-00555,2023-12-26 14:00:00,SpO2,93.0,Bon
OC-001305,PAT-00555,2023-12-26 20:00:00,SpO2,95.0,Bon
OC-001306,PAT-00555,2023-12-27 08:00:00,ActivitePas,4548.0,Bon
OC-001307,PAT-00555,2023-12-27 14:00:00,SpO2,96.0,Bon
OC-001308,PAT-00555,2023-12-27 20:00:00,Poids,55.6,Bon
OC-001309,PAT-00555,2023-12-28 08:00:00,Poids,65.1,Bon
OC-001310,PAT-00555,2023-12-28 14:00:00,SpO2,93.0,Bon
OC-001311,PAT-00555,2023-12-28 20:00:00,Poids,73.9,Bon
OC-001312,PAT-00555,2023-12-29 08:00:00,ActivitePas,4833.0,Bon
OC-001313,PAT-00555,2023-12-29 14:00:00,ActivitePas,4101.0,Gap
OC-001314,PAT-00555,2023-12-29 20:00:00,FrequenceCardiaque,70.0,Bon
OC-001315,PAT-00555,2023-12-30 08:00:00,ActivitePas,0.0,Bon
OC-001316,PAT-00555,2023-12-30 14:00:00,Poids,63.1,Bon
OC-001317,PAT-00555,2023-12-30 20:00:00,ActivitePas,4880.0,Bon
OC-001318,PAT-00555,2023-12-31 08:00:00,ActivitePas,2242.0,Bon
OC-001319,PAT-00555,2023-12-31 20:00:00,ActivitePas,4817.0,CapteurDefaillant
OC-001320,PAT-00024,2024-05-18 08:00:00,FrequenceCardiaque,88.0,Bon
OC-001321,PAT-00024,2024-05-18 14:00:00,ActivitePas,2223.0,Bon
OC-001322,PAT-00024,2024-05-18 20:00:00,ActivitePas,1688.0,Bon
OC-001323,PAT-00024,2024-05-19 14:00:00,SpO2,95.0,Gap
OC-001324,PAT-00024,2024-05-19 20:00:00,ActivitePas,7780.0,Bon
OC-001325,PAT-00024,2024-05-20 14:00:00,Poids,79.6,Bon
OC-001326,PAT-00024,2024-05-21 08:00:00,SpO2,93.0,Bon
OC-001327,PAT-00024,2024-05-21 14:00:00,FrequenceCardiaque,67.0,Bon
OC-001328,PAT-00024,2024-05-21 20:00:00,Poids,95.4,Bon
OC-001329,PAT-00024,2024-05-22 08:00:00,ActivitePas,4455.0,Bon
OC-001330,PAT-00024,2024-05-22 20:00:00,Poids,75.4,Gap
OC-001331,PAT-00024,2024-05-23 08:00:00,ActivitePas,5368.0,CapteurDefaillant
OC-001332,PAT-00024,2024-05-23 14:00:00,FrequenceCardiaque,86.0,Bon
OC-001333,PAT-00024,2024-05-23 20:00:00,FrequenceCardiaque,74.0,Bon
OC-001334,PAT-00024,2024-05-24 08:00:00,FrequenceCardiaque,90.0,CapteurDefaillant
OC-001335,PAT-00024,2024-05-24 14:00:00,Poids,72.4,Bon
OC-001336,PAT-00024,2024-05-24 20:00:00,SpO2,95.0,Bon
OC-001337,PAT-00024,2024-05-25 14:00:00,ActivitePas,633.0,Bon
OC-001338,PAT-00024,2024-05-25 20:00:00,ActivitePas,2341.0,CapteurDefaillant
OC-001339,PAT-00024,2024-05-26 08:00:00,ActivitePas,3345.0,Bon
OC-001340,PAT-00024,2024-05-26 14:00:00,ActivitePas,1758.0,Bon
OC-001341,PAT-00024,2024-05-26 20:00:00,Poids,89.8,Bon
OC-001342,PAT-00024,2024-05-27 08:00:00,ActivitePas,984.0,Bon
OC-001343,PAT-00024,2024-05-27 14:00:00,ActivitePas,2344.0,Bon
OC-001344,PAT-00024,2024-05-27 20:00:00,FrequenceCardiaque,72.0,Bon
OC-001345,PAT-00024,2024-05-28 08:00:00,Poids,90.2,CapteurDefaillant
OC-001346,PAT-00024,2024-05-28 14:00:00,ActivitePas,1011.0,Bon
OC-001347,PAT-00024,2024-05-28 20:00:00,Poids,105.8,CapteurDefaillant
OC-001348,PAT-00024,2024-05-29 20:00:00,SpO2,96.0,Bon
OC-001349,PAT-00024,2024-05-30 08:00:00,SpO2,96.0,Bon
OC-001350,PAT-00024,2024-05-30 14:00:00,FrequenceCardiaque,89.0,Bon
OC-001351,PAT-00024,2024-05-30 20:00:00,ActivitePas,1693.0,Bon
OC-001352,PAT-00024,2024-05-31 08:00:00,FrequenceCardiaque,61.0,Bon
OC-001353,PAT-00024,2024-05-31 14:00:00,Poids,73.9,CapteurDefaillant
OC-001354,PAT-00024,2024-05-31 20:00:00,FrequenceCardiaque,73.0,Bon
OC-001355,PAT-00282,2024-05-10 08:00:00,SpO2,96.0,Bon
OC-001356,PAT-00282,2024-05-10 14:00:00,FrequenceCardiaque,87.0,Bon
OC-001357,PAT-00282,2024-05-10 20:00:00,FrequenceCardiaque,77.0,Bon
OC-001358,PAT-00282,2024-05-11 08:00:00,SpO2,100.0,Bon
OC-001359,PAT-00282,2024-05-11 14:00:00,ActivitePas,1739.0,Bon
OC-001360,PAT-00282,2024-05-11 20:00:00,Poids,84.1,CapteurDefaillant
OC-001361,PAT-00282,2024-05-12 08:00:00,SpO2,92.0,Bon
OC-001362,PAT-999999,2024-05-12 14:00:00,Poids,64.0,Bon
OC-001363,PAT-00282,2024-05-12 20:00:00,Poids,78.6,Gap
OC-001364,PAT-00282,2024-05-13 14:00:00,FrequenceCardiaque,59.0,Bon
OC-001365,PAT-00282,2024-05-14 08:00:00,Poids,86.4,Bon
OC-001366,PAT-00282,2024-05-14 14:00:00,SpO2,96.0,Bon
OC-001367,PAT-00282,2024-05-14 20:00:00,SpO2,92.0,Bon
OC-001368,PAT-00282,2024-05-15 08:00:00,ActivitePas,2116.0,Gap
OC-001369,PAT-00282,2024-05-15 14:00:00,Poids,115.1,Bon
OC-001370,PAT-00282,2024-05-16 08:00:00,FrequenceCardiaque,83.0,Bon
OC-001371,PAT-00282,2024-05-16 14:00:00,ActivitePas,3914.0,Bon
OC-001372,PAT-00282,2024-05-16 20:00:00,Poids,81.5,Bon
OC-001373,PAT-00282,2024-05-17 08:00:00,Poids,96.5,Bon
OC-001374,PAT-00282,2024-05-17 14:00:00,Poids,95.7,Bon
OC-001375,PAT-00282,2024-05-17 20:00:00,SpO2,92.0,Bon
OC-001376,PAT-00282,2024-05-18 14:00:00,ActivitePas,343.0,Bon
OC-001377,PAT-00282,2024-05-18 20:00:00,ActivitePas,2843.0,Bon
OC-001378,PAT-00282,2024-05-19 14:00:00,FrequenceCardiaque,74.0,CapteurDefaillant
OC-001379,PAT-00282,2024-05-19 20:00:00,SpO2,94.0,Bon
OC-001380,PAT-00282,2024-05-20 08:00:00,SpO2,96.0,Bon
OC-001381,PAT-00282,2024-05-20 14:00:00,FrequenceCardiaque,86.0,CapteurDefaillant
OC-001382,PAT-00282,2024-05-20 20:00:00,FrequenceCardiaque,67.0,Bon
OC-001383,PAT-00282,2024-05-21 20:00:00,ActivitePas,5581.0,Bon
OC-001384,PAT-00282,2024-05-22 08:00:00,Poids,55.7,Bon
OC-001385,PAT-00282,2024-05-22 14:00:00,Poids,76.1,Bon
OC-001386,PAT-00282,2024-05-22 20:00:00,FrequenceCardiaque,52.0,Bon
OC-001387,PAT-00282,2024-05-23 08:00:00,Poids,61.5,Bon
OC-001388,PAT-00282,2024-05-23 14:00:00,Poids,51.7,Bon
OC-001389,PAT-00282,2024-05-23 20:00:00,FrequenceCardiaque,103.0,Bon
OC-001390,PAT-00439,2024-04-15 08:00:00,ActivitePas,3564.0,Bon
OC-001391,PAT-00439,2024-04-15 14:00:00,ActivitePas,4484.0,Bon
OC-001392,PAT-00439,2024-04-15 20:00:00,FrequenceCardiaque,75.0,Bon
OC-001393,PAT-00439,2024-04-16 14:00:00,FrequenceCardiaque,62.0,CapteurDefaillant
OC-001394,PAT-00439,2024-04-17 08:00:00,ActivitePas,7191.0,Bon
OC-001395,PAT-00439,2024-04-17 14:00:00,FrequenceCardiaque,83.0,Bon
OC-001396,PAT-00439,2024-04-17 20:00:00,Poids,57.8,Bon
OC-001397,PAT-00439,2024-04-18 08:00:00,ActivitePas,4068.0,Bon
OC-001398,PAT-00439,2024-04-19 08:00:00,SpO2,97.0,Bon
OC-001399,PAT-00439,2024-04-19 20:00:00,FrequenceCardiaque,69.0,Bon
OC-001400,PAT-00439,2024-04-20 08:00:00,ActivitePas,5534.0,Bon
OC-001401,PAT-00439,2024-04-20 14:00:00,ActivitePas,2034.0,Gap
OC-001402,PAT-00439,2024-04-20 20:00:00,SpO2,92.0,Bon
OC-001403,PAT-00439,2024-04-21 08:00:00,SpO2,93.0,Bon
OC-001404,PAT-00439,2024-04-21 14:00:00,FrequenceCardiaque,87.0,Bon
OC-001405,PAT-00439,2024-04-21 20:00:00,SpO2,94.0,Bon
OC-001406,PAT-00439,2024-04-22 08:00:00,ActivitePas,2386.0,Bon
OC-001407,PAT-00439,2024-04-22 14:00:00,FrequenceCardiaque,76.0,Bon
OC-001408,PAT-00439,2024-04-22 20:00:00,ActivitePas,3647.0,CapteurDefaillant
OC-001409,PAT-00439,2024-04-23 08:00:00,SpO2,94.0,Bon
OC-001410,PAT-00439,2024-04-23 14:00:00,FrequenceCardiaque,80.0,Bon
OC-001411,PAT-00439,2024-04-23 20:00:00,SpO2,93.0,Bon
OC-001412,PAT-00439,2024-04-24 08:00:00,FrequenceCardiaque,72.0,Bon
OC-001413,PAT-00439,2024-04-24 20:00:00,SpO2,89.0,Bon
OC-001414,PAT-00439,2024-04-25 08:00:00,Poids,70.8,Bon
OC-001415,PAT-00439,2024-04-25 20:00:00,ActivitePas,228.0,CapteurDefaillant
OC-001416,PAT-00439,2024-04-26 14:00:00,ActivitePas,2832.0,Bon
OC-001417,PAT-00439,2024-04-26 20:00:00,ActivitePas,3969.0,Bon
OC-001418,PAT-00439,2024-04-27 08:00:00,FrequenceCardiaque,71.0,Bon
OC-001419,PAT-00439,2024-04-27 20:00:00,Poids,79.3,Bon
OC-001420,PAT-00439,2024-04-28 20:00:00,FrequenceCardiaque,58.0,Bon
OC-001421,PAT-00164,2023-11-28 14:00:00,ActivitePas,5438.0,Bon
OC-001422,PAT-00164,2023-11-28 20:00:00,FrequenceCardiaque,84.0,Bon
OC-001423,PAT-00164,2023-11-29 14:00:00,FrequenceCardiaque,77.0,Bon
OC-001424,PAT-00164,2023-11-29 20:00:00,ActivitePas,4994.0,Bon
OC-001425,PAT-00164,2023-11-30 08:00:00,ActivitePas,5203.0,Bon
OC-001426,PAT-00164,2023-11-30 14:00:00,Poids,44.6,Bon
OC-001427,PAT-00164,2023-11-30 20:00:00,ActivitePas,1969.0,Bon
OC-001428,PAT-00164,2023-12-01 08:00:00,FrequenceCardiaque,74.0,Bon
OC-001429,PAT-00164,2023-12-01 14:00:00,Poids,68.3,Bon
OC-001430,PAT-00164,2023-12-01 20:00:00,SpO2,93.0,CapteurDefaillant
OC-001431,PAT-00164,2023-12-02 08:00:00,FrequenceCardiaque,70.0,Bon
OC-001432,PAT-00164,2023-12-03 08:00:00,FrequenceCardiaque,73.0,Bon
OC-001433,PAT-00164,2023-12-03 20:00:00,Poids,64.2,Bon
OC-001434,PAT-00164,2023-12-04 08:00:00,Poids,80.2,Bon
OC-001435,PAT-00164,2023-12-05 08:00:00,FrequenceCardiaque,88.0,CapteurDefaillant
OC-001436,PAT-00164,2023-12-05 20:00:00,Poids,68.3,CapteurDefaillant
OC-001437,PAT-00164,2023-12-06 08:00:00,FrequenceCardiaque,91.0,CapteurDefaillant
OC-001438,PAT-00164,2023-12-06 14:00:00,Poids,72.5,Gap
OC-001439,PAT-00164,2023-12-07 08:00:00,Poids,82.3,Bon
OC-001440,PAT-00164,2023-12-07 14:00:00,ActivitePas,1670.0,Bon
OC-001441,PAT-00164,2023-12-07 20:00:00,FrequenceCardiaque,79.0,Bon
OC-001442,PAT-00164,2023-12-08 08:00:00,SpO2,98.0,Bon
OC-001443,PAT-00164,2023-12-08 14:00:00,FrequenceCardiaque,79.0,Bon
OC-001444,PAT-00164,2023-12-08 20:00:00,ActivitePas,4955.0,Bon
OC-001445,PAT-00164,2023-12-09 08:00:00,Poids,84.0,Bon
OC-001446,PAT-00164,2023-12-09 20:00:00,SpO2,95.0,Bon
OC-001447,PAT-00164,2023-12-10 08:00:00,Poids,81.5,Bon
OC-001448,PAT-00164,2023-12-10 14:00:00,FrequenceCardiaque,60.0,Bon
OC-001449,PAT-00164,2023-12-10 20:00:00,ActivitePas,5240.0,Bon
OC-001450,PAT-00164,2023-12-11 08:00:00,FrequenceCardiaque,77.0,Bon
OC-001451,PAT-00164,2023-12-11 20:00:00,Poids,68.6,Gap
OC-001452,PAT-00343,2023-12-04 08:00:00,ActivitePas,3893.0,Bon
OC-001453,PAT-00343,2023-12-04 14:00:00,Poids,64.3,CapteurDefaillant
OC-001454,PAT-00343,2023-12-04 20:00:00,Poids,61.7,Bon
OC-001455,PAT-00343,2023-12-05 08:00:00,ActivitePas,4203.0,Gap
OC-001456,PAT-00343,2023-12-05 14:00:00,SpO2,95.0,Bon
OC-001457,PAT-00343,2023-12-05 20:00:00,Poids,69.9,Bon
OC-001458,PAT-00343,2023-12-06 08:00:00,FrequenceCardiaque,77.0,CapteurDefaillant
OC-001459,PAT-999999,2023-12-06 14:00:00,FrequenceCardiaque,87.0,Bon
OC-001460,PAT-00343,2023-12-06 20:00:00,FrequenceCardiaque,86.0,Bon
OC-001461,PAT-00343,2023-12-07 08:00:00,FrequenceCardiaque,74.0,Bon
OC-001462,PAT-00343,2023-12-07 14:00:00,FrequenceCardiaque,72.0,Bon
OC-001463,PAT-00343,2023-12-07 20:00:00,ActivitePas,4887.0,Bon
OC-001464,PAT-00343,2023-12-08 08:00:00,FrequenceCardiaque,80.0,Bon
OC-001465,PAT-00343,2023-12-08 14:00:00,FrequenceCardiaque,101.0,Bon
OC-001466,PAT-00343,2023-12-08 20:00:00,FrequenceCardiaque,79.0,Gap
OC-001467,PAT-00343,2023-12-09 08:00:00,FrequenceCardiaque,67.0,Bon
OC-001468,PAT-00343,2023-12-09 14:00:00,FrequenceCardiaque,91.0,CapteurDefaillant
OC-001469,PAT-00343,2023-12-09 20:00:00,ActivitePas,3361.0,Gap
OC-001470,PAT-00343,2023-12-10 08:00:00,ActivitePas,1103.0,Gap
OC-001471,PAT-00343,2023-12-10 20:00:00,ActivitePas,1996.0,Bon
OC-001472,PAT-00343,2023-12-11 14:00:00,Poids,83.4,Bon
OC-001473,PAT-00343,2023-12-11 20:00:00,FrequenceCardiaque,75.0,Bon
OC-001474,PAT-00343,2023-12-12 08:00:00,FrequenceCardiaque,76.0,Bon
OC-001475,PAT-00343,2023-12-12 14:00:00,FrequenceCardiaque,79.0,Bon
OC-001476,PAT-00343,2023-12-13 14:00:00,FrequenceCardiaque,72.0,Bon
OC-001477,PAT-00343,2023-12-13 20:00:00,FrequenceCardiaque,74.0,CapteurDefaillant
OC-001478,PAT-00343,2023-12-14 08:00:00,SpO2,92.0,Bon
OC-001479,PAT-00343,2023-12-14 14:00:00,FrequenceCardiaque,75.0,Bon
OC-001480,PAT-00343,2023-12-14 20:00:00,ActivitePas,1493.0,Gap
OC-001481,PAT-00343,2023-12-15 08:00:00,FrequenceCardiaque,68.0,Gap
OC-001482,PAT-00343,2023-12-15 14:00:00,SpO2,95.0,Bon
OC-001483,PAT-00343,2023-12-15 20:00:00,FrequenceCardiaque,65.0,Bon
OC-001484,PAT-00343,2023-12-16 20:00:00,FrequenceCardiaque,67.0,Bon
OC-001485,PAT-00343,2023-12-17 20:00:00,Poids,64.7,Bon
OC-001486,PAT-00154,2023-11-20 20:00:00,SpO2,94.0,Bon
OC-001487,PAT-00154,2023-11-21 08:00:00,SpO2,97.0,Bon
OC-001488,PAT-00154,2023-11-22 14:00:00,SpO2,94.0,Bon
OC-001489,PAT-00154,2023-11-22 20:00:00,FrequenceCardiaque,81.0,CapteurDefaillant
OC-001490,PAT-00154,2023-11-23 08:00:00,ActivitePas,5961.0,Bon
OC-001491,PAT-00154,2023-11-23 14:00:00,SpO2,92.0,Bon
OC-001492,PAT-999999,2023-11-23 20:00:00,ActivitePas,9464.0,Bon
OC-001493,PAT-00154,2023-11-24 08:00:00,ActivitePas,2235.0,CapteurDefaillant
OC-001494,PAT-999999,2023-11-24 14:00:00,SpO2,93.0,Bon
OC-001495,PAT-999999,2023-11-24 20:00:00,Poids,124.6,CapteurDefaillant
OC-001496,PAT-00154,2023-11-25 14:00:00,FrequenceCardiaque,76.0,Bon
OC-001497,PAT-00154,2023-11-25 20:00:00,FrequenceCardiaque,89.0,Bon
OC-001498,PAT-00154,2023-11-26 08:00:00,Poids,74.6,Bon
OC-001499,PAT-00154,2023-11-26 14:00:00,SpO2,93.0,Gap
OC-001500,PAT-00154,2023-11-27 08:00:00,SpO2,94.0,Gap
OC-001501,PAT-00154,2023-11-27 14:00:00,SpO2,97.0,Gap
OC-001502,PAT-00154,2023-11-27 20:00:00,SpO2,91.0,Bon
OC-001503,PAT-00154,2023-11-28 20:00:00,ActivitePas,6189.0,Bon
OC-001504,PAT-00154,2023-11-29 14:00:00,Poids,43.9,Bon
OC-001505,PAT-00154,2023-11-29 20:00:00,FrequenceCardiaque,68.0,Bon
OC-001506,PAT-00154,2023-11-30 08:00:00,FrequenceCardiaque,63.0,Bon
OC-001507,PAT-00154,2023-11-30 14:00:00,ActivitePas,2235.0,Bon
OC-001508,PAT-00154,2023-11-30 20:00:00,SpO2,94.0,Bon
OC-001509,PAT-00154,2023-12-01 14:00:00,FrequenceCardiaque,76.0,Bon
OC-001510,PAT-00154,2023-12-01 20:00:00,SpO2,95.0,Bon
OC-001511,PAT-00154,2023-12-02 08:00:00,SpO2,96.0,Bon
OC-001512,PAT-00154,2023-12-02 14:00:00,SpO2,94.0,Bon
OC-001513,PAT-00154,2023-12-02 20:00:00,Poids,61.9,CapteurDefaillant
OC-001514,PAT-00154,2023-12-03 08:00:00,ActivitePas,3852.0,Bon
OC-001515,PAT-00154,2023-12-03 14:00:00,FrequenceCardiaque,63.0,Bon
OC-001516,PAT-00154,2023-12-03 20:00:00,ActivitePas,2414.0,CapteurDefaillant
OC-001517,PAT-00008,2024-01-06 08:00:00,ActivitePas,5378.0,CapteurDefaillant
OC-001518,PAT-00008,2024-01-06 20:00:00,FrequenceCardiaque,81.0,Bon
OC-001519,PAT-00008,2024-01-07 08:00:00,SpO2,96.0,Gap
OC-001520,PAT-00008,2024-01-07 14:00:00,SpO2,93.0,Bon
OC-001521,PAT-00008,2024-01-08 14:00:00,ActivitePas,3951.0,Bon
OC-001522,PAT-00008,2024-01-08 20:00:00,SpO2,93.0,Bon
OC-001523,PAT-00008,2024-01-09 08:00:00,Poids,80.9,CapteurDefaillant
OC-001524,PAT-00008,2024-01-09 14:00:00,ActivitePas,3906.0,Bon
OC-001525,PAT-00008,2024-01-09 20:00:00,SpO2,92.0,Bon
OC-001526,PAT-00008,2024-01-10 08:00:00,ActivitePas,2135.0,Bon
OC-001527,PAT-00008,2024-01-10 14:00:00,SpO2,93.0,Bon
OC-001528,PAT-00008,2024-01-10 20:00:00,ActivitePas,4304.0,Bon
OC-001529,PAT-00008,2024-01-11 08:00:00,ActivitePas,5816.0,Bon
OC-001530,PAT-00008,2024-01-11 14:00:00,ActivitePas,4116.0,Bon
OC-001531,PAT-00008,2024-01-11 20:00:00,Poids,114.7,Bon
OC-001532,PAT-00008,2024-01-12 08:00:00,ActivitePas,3332.0,Bon
OC-001533,PAT-00008,2024-01-12 14:00:00,SpO2,100.0,Bon
OC-001534,PAT-00008,2024-01-13 08:00:00,ActivitePas,3885.0,Bon
OC-001535,PAT-00008,2024-01-13 14:00:00,SpO2,97.0,CapteurDefaillant
OC-001536,PAT-00008,2024-01-13 20:00:00,FrequenceCardiaque,79.0,Bon
OC-001537,PAT-00008,2024-01-14 14:00:00,SpO2,95.0,Bon
OC-001538,PAT-00008,2024-01-15 14:00:00,SpO2,89.0,Bon
OC-001539,PAT-00008,2024-01-15 20:00:00,Poids,40.9,Bon
OC-001540,PAT-00008,2024-01-16 08:00:00,FrequenceCardiaque,73.0,Bon
OC-001541,PAT-00008,2024-01-16 14:00:00,SpO2,96.0,Bon
OC-001542,PAT-00008,2024-01-16 20:00:00,Poids,64.5,Bon
OC-001543,PAT-00008,2024-01-17 08:00:00,ActivitePas,693.0,Bon
OC-001544,PAT-00008,2024-01-17 20:00:00,SpO2,94.0,Bon
OC-001545,PAT-00008,2024-01-18 08:00:00,SpO2,96.0,Bon
OC-001546,PAT-00008,2024-01-18 20:00:00,ActivitePas,2926.0,Bon
OC-001547,PAT-00008,2024-01-19 08:00:00,FrequenceCardiaque,72.0,Bon
OC-001548,PAT-00008,2024-01-19 20:00:00,SpO2,89.0,Bon
OC-001549,PAT-00373,2024-04-15 14:00:00,FrequenceCardiaque,68.0,Bon
OC-001550,PAT-00373,2024-04-15 20:00:00,FrequenceCardiaque,98.0,Bon
OC-001551,PAT-00373,2024-04-16 08:00:00,SpO2,90.0,Bon
OC-001552,PAT-00373,2024-04-16 20:00:00,Poids,92.8,CapteurDefaillant
OC-001553,PAT-00373,2024-04-17 08:00:00,SpO2,90.0,Bon
OC-001554,PAT-00373,2024-04-17 20:00:00,SpO2,98.0,Bon
OC-001555,PAT-00373,2024-04-18 08:00:00,SpO2,87.0,Bon
OC-001556,PAT-00373,2024-04-18 14:00:00,FrequenceCardiaque,90.0,Bon
OC-001557,PAT-00373,2024-04-18 20:00:00,Poids,52.6,Bon
OC-001558,PAT-00373,2024-04-19 08:00:00,Poids,82.0,Bon
OC-001559,PAT-00373,2024-04-19 20:00:00,FrequenceCardiaque,73.0,Gap
OC-001560,PAT-00373,2024-04-20 08:00:00,FrequenceCardiaque,78.0,Bon
OC-001561,PAT-00373,2024-04-20 14:00:00,FrequenceCardiaque,87.0,Bon
OC-001562,PAT-00373,2024-04-21 08:00:00,Poids,61.5,Bon
OC-001563,PAT-00373,2024-04-21 20:00:00,ActivitePas,6711.0,Bon
OC-001564,PAT-00373,2024-04-22 08:00:00,SpO2,92.0,CapteurDefaillant
OC-001565,PAT-00373,2024-04-22 14:00:00,ActivitePas,610.0,Bon
OC-001566,PAT-00373,2024-04-22 20:00:00,FrequenceCardiaque,86.0,Bon
OC-001567,PAT-00373,2024-04-23 08:00:00,Poids,80.8,Bon
OC-001568,PAT-00373,2024-04-23 14:00:00,ActivitePas,5851.0,Bon
OC-001569,PAT-00373,2024-04-23 20:00:00,Poids,124.4,Bon
OC-001570,PAT-00373,2024-04-24 08:00:00,SpO2,94.0,CapteurDefaillant
OC-001571,PAT-00373,2024-04-24 14:00:00,FrequenceCardiaque,96.0,Bon
OC-001572,PAT-00373,2024-04-24 20:00:00,ActivitePas,5344.0,Bon
OC-001573,PAT-00373,2024-04-25 08:00:00,SpO2,94.0,Bon
OC-001574,PAT-00373,2024-04-25 14:00:00,ActivitePas,4655.0,Bon
OC-001575,PAT-00373,2024-04-26 08:00:00,Poids,76.2,Bon
OC-001576,PAT-00373,2024-04-26 14:00:00,FrequenceCardiaque,72.0,Bon
OC-001577,PAT-00373,2024-04-27 08:00:00,Poids,98.3,Bon
OC-001578,PAT-00373,2024-04-27 14:00:00,FrequenceCardiaque,75.0,Bon
OC-001579,PAT-00373,2024-04-27 20:00:00,Poids,78.2,Bon
OC-001580,PAT-00373,2024-04-28 08:00:00,SpO2,96.0,CapteurDefaillant
OC-001581,PAT-00373,2024-04-28 14:00:00,ActivitePas,4846.0,Bon
OC-001582,PAT-00373,2024-04-28 20:00:00,SpO2,92.0,Bon
OC-001583,PAT-00040,2024-04-29 08:00:00,ActivitePas,3393.0,CapteurDefaillant
OC-001584,PAT-00040,2024-04-29 14:00:00,FrequenceCardiaque,101.0,Bon
OC-001585,PAT-00040,2024-04-29 20:00:00,Poids,64.9,Bon
OC-001586,PAT-00040,2024-04-30 08:00:00,FrequenceCardiaque,82.0,Bon
OC-001587,PAT-00040,2024-04-30 14:00:00,ActivitePas,5822.0,Bon
OC-001588,PAT-00040,2024-05-01 08:00:00,FrequenceCardiaque,65.0,Bon
OC-001589,PAT-00040,2024-05-01 14:00:00,SpO2,95.0,Gap
OC-001590,PAT-00040,2024-05-01 20:00:00,FrequenceCardiaque,95.0,Bon
OC-001591,PAT-00040,2024-05-02 08:00:00,FrequenceCardiaque,87.0,Gap
OC-001592,PAT-00040,2024-05-02 14:00:00,FrequenceCardiaque,70.0,Bon
OC-001593,PAT-00040,2024-05-02 20:00:00,FrequenceCardiaque,62.0,Bon
OC-001594,PAT-00040,2024-05-03 08:00:00,Poids,86.6,Bon
OC-001595,PAT-00040,2024-05-03 14:00:00,Poids,64.6,Bon
OC-001596,PAT-00040,2024-05-03 20:00:00,ActivitePas,3620.0,Bon
OC-001597,PAT-00040,2024-05-04 14:00:00,FrequenceCardiaque,65.0,Bon
OC-001598,PAT-00040,2024-05-04 20:00:00,SpO2,99.0,Bon
OC-001599,PAT-00040,2024-05-05 08:00:00,ActivitePas,3893.0,Bon
OC-001600,PAT-00040,2024-05-06 08:00:00,ActivitePas,1779.0,Bon
OC-001601,PAT-00040,2024-05-06 14:00:00,SpO2,90.0,Bon
OC-001602,PAT-00040,2024-05-07 08:00:00,Poids,78.4,Bon
OC-001603,PAT-00040,2024-05-07 14:00:00,FrequenceCardiaque,82.0,Bon
OC-001604,PAT-00040,2024-05-07 20:00:00,SpO2,95.0,CapteurDefaillant
OC-001605,PAT-00040,2024-05-08 14:00:00,SpO2,91.0,Bon
OC-001606,PAT-00040,2024-05-08 20:00:00,ActivitePas,5367.0,Bon
OC-001607,PAT-00040,2024-05-09 08:00:00,SpO2,96.0,Bon
OC-001608,PAT-00040,2024-05-09 14:00:00,ActivitePas,3512.0,Bon
OC-001609,PAT-00040,2024-05-09 20:00:00,Poids,52.8,Bon
OC-001610,PAT-00040,2024-05-10 08:00:00,Poids,73.3,Bon
OC-001611,PAT-00040,2024-05-10 14:00:00,ActivitePas,3008.0,Bon
OC-001612,PAT-00040,2024-05-11 08:00:00,ActivitePas,3390.0,Bon
OC-001613,PAT-00040,2024-05-11 14:00:00,FrequenceCardiaque,82.0,Bon
OC-001614,PAT-00040,2024-05-11 20:00:00,SpO2,100.0,Bon
OC-001615,PAT-00040,2024-05-12 08:00:00,ActivitePas,3407.0,Bon
OC-001616,PAT-00040,2024-05-12 20:00:00,FrequenceCardiaque,45.0,Bon
OC-001617,PAT-00084,2024-02-02 08:00:00,SpO2,95.0,Bon
OC-001618,PAT-00084,2024-02-02 14:00:00,FrequenceCardiaque,84.0,Bon
OC-001619,PAT-00084,2024-02-02 20:00:00,FrequenceCardiaque,79.0,Bon
OC-001620,PAT-00084,2024-02-03 08:00:00,ActivitePas,3136.0,CapteurDefaillant
OC-001621,PAT-00084,2024-02-03 14:00:00,Poids,65.7,Bon
OC-001622,PAT-00084,2024-02-03 20:00:00,SpO2,98.0,Bon
OC-001623,PAT-00084,2024-02-04 08:00:00,ActivitePas,6261.0,Bon
OC-001624,PAT-00084,2024-02-04 14:00:00,ActivitePas,4809.0,Bon
OC-001625,PAT-00084,2024-02-04 20:00:00,FrequenceCardiaque,81.0,Bon
OC-001626,PAT-00084,2024-02-05 14:00:00,ActivitePas,4281.0,Bon
OC-001627,PAT-00084,2024-02-06 08:00:00,FrequenceCardiaque,66.0,Bon
OC-001628,PAT-00084,2024-02-06 14:00:00,ActivitePas,2092.0,Bon
OC-001629,PAT-00084,2024-02-07 08:00:00,Poids,80.0,Bon
OC-001630,PAT-00084,2024-02-07 14:00:00,FrequenceCardiaque,77.0,Bon
OC-001631,PAT-00084,2024-02-08 14:00:00,ActivitePas,2386.0,Bon
OC-001632,PAT-00084,2024-02-09 08:00:00,ActivitePas,3661.0,Bon
OC-001633,PAT-00084,2024-02-09 14:00:00,FrequenceCardiaque,73.0,Bon
OC-001634,PAT-00084,2024-02-09 20:00:00,Poids,45.1,Bon
OC-001635,PAT-00084,2024-02-10 14:00:00,Poids,80.8,Bon
OC-001636,PAT-00084,2024-02-10 20:00:00,SpO2,94.0,Bon
OC-001637,PAT-00084,2024-02-11 08:00:00,ActivitePas,3373.0,Gap
OC-001638,PAT-00084,2024-02-11 14:00:00,SpO2,91.0,Bon
OC-001639,PAT-00084,2024-02-11 20:00:00,ActivitePas,1891.0,Bon
OC-001640,PAT-00084,2024-02-12 08:00:00,ActivitePas,6755.0,Bon
OC-001641,PAT-00084,2024-02-12 14:00:00,FrequenceCardiaque,60.0,Gap
OC-001642,PAT-00084,2024-02-13 08:00:00,ActivitePas,6153.0,Bon
OC-001643,PAT-00084,2024-02-13 14:00:00,FrequenceCardiaque,88.0,Bon
OC-001644,PAT-00084,2024-02-13 20:00:00,ActivitePas,4754.0,CapteurDefaillant
OC-001645,PAT-00084,2024-02-14 08:00:00,FrequenceCardiaque,101.0,Bon
OC-001646,PAT-00084,2024-02-14 14:00:00,Poids,77.2,Bon
OC-001647,PAT-00084,2024-02-15 08:00:00,SpO2,98.0,Bon
OC-001648,PAT-00084,2024-02-15 14:00:00,FrequenceCardiaque,86.0,Bon
OC-001649,PAT-00084,2024-02-15 20:00:00,SpO2,91.0,Bon
OC-001650,PAT-00033,2024-02-02 08:00:00,ActivitePas,4100.0,Bon
OC-001651,PAT-00033,2024-02-02 14:00:00,ActivitePas,4711.0,Bon
OC-001652,PAT-00033,2024-02-02 20:00:00,FrequenceCardiaque,71.0,Bon
OC-001653,PAT-00033,2024-02-03 08:00:00,ActivitePas,4768.0,Bon
OC-001654,PAT-999999,2024-02-03 14:00:00,ActivitePas,5312.0,Bon
OC-001655,PAT-00033,2024-02-03 20:00:00,SpO2,99.0,Bon
OC-001656,PAT-00033,2024-02-04 08:00:00,SpO2,96.0,Gap
OC-001657,PAT-00033,2024-02-04 14:00:00,SpO2,95.0,CapteurDefaillant
OC-001658,PAT-00033,2024-02-04 20:00:00,SpO2,92.0,Bon
OC-001659,PAT-00033,2024-02-05 08:00:00,SpO2,96.0,Bon
OC-001660,PAT-00033,2024-02-05 20:00:00,FrequenceCardiaque,92.0,Bon
OC-001661,PAT-00033,2024-02-06 08:00:00,Poids,57.3,Gap
OC-001662,PAT-00033,2024-02-06 14:00:00,ActivitePas,4342.0,Bon
OC-001663,PAT-00033,2024-02-06 20:00:00,ActivitePas,2645.0,Bon
OC-001664,PAT-00033,2024-02-07 08:00:00,FrequenceCardiaque,95.0,Bon
OC-001665,PAT-00033,2024-02-07 14:00:00,FrequenceCardiaque,78.0,Bon
OC-001666,PAT-00033,2024-02-07 20:00:00,FrequenceCardiaque,80.0,Bon
OC-001667,PAT-00033,2024-02-08 08:00:00,FrequenceCardiaque,78.0,Bon
OC-001668,PAT-00033,2024-02-08 14:00:00,ActivitePas,2987.0,Bon
OC-001669,PAT-00033,2024-02-08 20:00:00,Poids,79.5,Bon
OC-001670,PAT-00033,2024-02-09 08:00:00,FrequenceCardiaque,91.0,Bon
OC-001671,PAT-00033,2024-02-09 14:00:00,Poids,65.6,Bon
OC-001672,PAT-00033,2024-02-09 20:00:00,ActivitePas,4265.0,CapteurDefaillant
OC-001673,PAT-00033,2024-02-10 08:00:00,FrequenceCardiaque,76.0,Bon
OC-001674,PAT-00033,2024-02-10 14:00:00,FrequenceCardiaque,72.0,Bon
OC-001675,PAT-00033,2024-02-10 20:00:00,FrequenceCardiaque,70.0,Gap
OC-001676,PAT-00033,2024-02-11 08:00:00,Poids,110.0,Bon
OC-001677,PAT-00033,2024-02-11 20:00:00,Poids,102.3,Bon
OC-001678,PAT-00033,2024-02-12 08:00:00,ActivitePas,452.0,Bon
OC-001679,PAT-00033,2024-02-12 14:00:00,SpO2,91.0,Bon
OC-001680,PAT-00033,2024-02-12 20:00:00,FrequenceCardiaque,66.0,Bon
OC-001681,PAT-00033,2024-02-13 08:00:00,FrequenceCardiaque,63.0,CapteurDefaillant
OC-001682,PAT-00033,2024-02-13 14:00:00,FrequenceCardiaque,94.0,CapteurDefaillant
OC-001683,PAT-00033,2024-02-13 20:00:00,SpO2,95.0,Bon
OC-001684,PAT-00033,2024-02-14 08:00:00,SpO2,95.0,Bon
OC-001685,PAT-00033,2024-02-14 14:00:00,Poids,78.3,CapteurDefaillant
OC-001686,PAT-00033,2024-02-15 08:00:00,Poids,73.8,Bon
OC-001687,PAT-00033,2024-02-15 14:00:00,Poids,102.2,Bon
OC-001688,PAT-00436,2023-12-29 14:00:00,Poids,64.1,Bon
OC-001689,PAT-00436,2023-12-29 20:00:00,SpO2,96.0,Bon
OC-001690,PAT-00436,2023-12-30 08:00:00,FrequenceCardiaque,79.0,Bon
OC-001691,PAT-00436,2023-12-30 14:00:00,ActivitePas,6226.0,Bon
OC-001692,PAT-00436,2023-12-30 20:00:00,SpO2,96.0,Bon
OC-001693,PAT-00436,2023-12-31 08:00:00,SpO2,92.0,Bon
OC-001694,PAT-00436,2023-12-31 14:00:00,FrequenceCardiaque,72.0,Gap
OC-001695,PAT-00436,2023-12-31 20:00:00,ActivitePas,5444.0,Bon
OC-001696,PAT-00436,2024-01-01 08:00:00,ActivitePas,2937.0,Bon
OC-001697,PAT-00436,2024-01-01 14:00:00,SpO2,97.0,Bon
OC-001698,PAT-00436,2024-01-01 20:00:00,Poids,75.4,CapteurDefaillant
OC-001699,PAT-00436,2024-01-02 08:00:00,SpO2,99.0,Bon
OC-001700,PAT-00436,2024-01-03 20:00:00,ActivitePas,5344.0,Bon
OC-001701,PAT-00436,2024-01-04 08:00:00,ActivitePas,851.0,Bon
OC-001702,PAT-00436,2024-01-04 14:00:00,FrequenceCardiaque,86.0,Bon
OC-001703,PAT-00436,2024-01-04 20:00:00,ActivitePas,1673.0,Bon
OC-001704,PAT-00436,2024-01-05 08:00:00,ActivitePas,1887.0,Bon
OC-001705,PAT-00436,2024-01-05 14:00:00,FrequenceCardiaque,67.0,Bon
OC-001706,PAT-00436,2024-01-05 20:00:00,ActivitePas,3502.0,Bon
OC-001707,PAT-00436,2024-01-06 08:00:00,SpO2,95.0,Bon
OC-001708,PAT-00436,2024-01-06 14:00:00,SpO2,96.0,Bon
OC-001709,PAT-00436,2024-01-06 20:00:00,FrequenceCardiaque,80.0,Gap
OC-001710,PAT-00436,2024-01-07 08:00:00,SpO2,93.0,Bon
OC-001711,PAT-00436,2024-01-07 14:00:00,ActivitePas,3369.0,Bon
OC-001712,PAT-00436,2024-01-07 20:00:00,Poids,59.8,Bon
OC-001713,PAT-00436,2024-01-08 08:00:00,SpO2,96.0,Bon
OC-001714,PAT-00436,2024-01-08 14:00:00,Poids,46.2,CapteurDefaillant
OC-001715,PAT-00436,2024-01-08 20:00:00,SpO2,95.0,Bon
OC-001716,PAT-00436,2024-01-09 08:00:00,FrequenceCardiaque,73.0,Bon
OC-001717,PAT-00436,2024-01-09 14:00:00,ActivitePas,2761.0,Bon
OC-001718,PAT-00436,2024-01-09 20:00:00,ActivitePas,2280.0,Bon
OC-001719,PAT-00436,2024-01-10 08:00:00,SpO2,97.0,Bon
OC-001720,PAT-00436,2024-01-10 14:00:00,SpO2,96.0,Gap
OC-001721,PAT-00436,2024-01-10 20:00:00,FrequenceCardiaque,87.0,Bon
OC-001722,PAT-00436,2024-01-11 14:00:00,Poids,73.1,Bon
OC-001723,PAT-00436,2024-01-11 20:00:00,FrequenceCardiaque,57.0,Bon
OC-001724,PAT-00208,2024-04-12 08:00:00,FrequenceCardiaque,76.0,Bon
OC-001725,PAT-00208,2024-04-12 14:00:00,SpO2,94.0,Bon
OC-001726,PAT-00208,2024-04-13 14:00:00,ActivitePas,2501.0,Bon
OC-001727,PAT-00208,2024-04-14 08:00:00,SpO2,93.0,Bon
OC-001728,PAT-00208,2024-04-14 14:00:00,Poids,71.4,Bon
OC-001729,PAT-00208,2024-04-15 08:00:00,Poids,50.5,Bon
OC-001730,PAT-00208,2024-04-15 14:00:00,ActivitePas,3645.0,Bon
OC-001731,PAT-00208,2024-04-15 20:00:00,Poids,49.4,Bon
OC-001732,PAT-00208,2024-04-16 08:00:00,ActivitePas,4153.0,Bon
OC-001733,PAT-00208,2024-04-16 20:00:00,FrequenceCardiaque,88.0,Bon
OC-001734,PAT-00208,2024-04-17 08:00:00,SpO2,89.0,Bon
OC-001735,PAT-00208,2024-04-17 14:00:00,FrequenceCardiaque,82.0,Bon
OC-001736,PAT-00208,2024-04-17 20:00:00,ActivitePas,2087.0,Bon
OC-001737,PAT-00208,2024-04-18 08:00:00,SpO2,96.0,CapteurDefaillant
OC-001738,PAT-00208,2024-04-18 14:00:00,Poids,63.1,Bon
OC-001739,PAT-00208,2024-04-18 20:00:00,Poids,55.7,Bon
OC-001740,PAT-00208,2024-04-19 08:00:00,ActivitePas,5172.0,Bon
OC-001741,PAT-00208,2024-04-19 14:00:00,ActivitePas,4194.0,Bon
OC-001742,PAT-00208,2024-04-19 20:00:00,ActivitePas,1678.0,Bon
OC-001743,PAT-00208,2024-04-20 08:00:00,SpO2,100.0,CapteurDefaillant
OC-001744,PAT-00208,2024-04-20 14:00:00,FrequenceCardiaque,67.0,Bon
OC-001745,PAT-00208,2024-04-20 20:00:00,SpO2,92.0,Bon
OC-001746,PAT-00208,2024-04-21 08:00:00,Poids,57.3,Bon
OC-001747,PAT-00208,2024-04-21 14:00:00,FrequenceCardiaque,68.0,Bon
OC-001748,PAT-00208,2024-04-21 20:00:00,SpO2,94.0,Bon
OC-001749,PAT-00208,2024-04-22 08:00:00,Poids,85.5,Bon
OC-001750,PAT-00208,2024-04-22 14:00:00,FrequenceCardiaque,80.0,Bon
OC-001751,PAT-00208,2024-04-22 20:00:00,SpO2,91.0,Bon
OC-001752,PAT-00208,2024-04-23 08:00:00,FrequenceCardiaque,80.0,CapteurDefaillant
OC-001753,PAT-00208,2024-04-23 14:00:00,SpO2,94.0,Bon
OC-001754,PAT-00208,2024-04-23 20:00:00,FrequenceCardiaque,53.0,Bon
OC-001755,PAT-00208,2024-04-24 14:00:00,FrequenceCardiaque,45.0,Gap
OC-001756,PAT-00208,2024-04-24 20:00:00,ActivitePas,4118.0,Bon
OC-001757,PAT-00208,2024-04-25 08:00:00,ActivitePas,3598.0,Bon
OC-001758,PAT-00208,2024-04-25 20:00:00,ActivitePas,2412.0,Bon
OC-001759,PAT-00300,2024-05-08 08:00:00,FrequenceCardiaque,88.0,Bon
OC-001760,PAT-00300,2024-05-08 14:00:00,SpO2,94.0,Bon
OC-001761,PAT-00300,2024-05-08 20:00:00,Poids,90.3,CapteurDefaillant
OC-001762,PAT-00300,2024-05-09 08:00:00,Poids,62.4,Bon
OC-001763,PAT-00300,2024-05-09 14:00:00,Poids,84.3,Gap
OC-001764,PAT-00300,2024-05-09 20:00:00,ActivitePas,7463.0,Bon
OC-001765,PAT-00300,2024-05-10 08:00:00,FrequenceCardiaque,75.0,CapteurDefaillant
OC-001766,PAT-00300,2024-05-10 20:00:00,Poids,76.1,Bon
OC-001767,PAT-00300,2024-05-11 08:00:00,ActivitePas,5858.0,Bon
OC-001768,PAT-00300,2024-05-11 14:00:00,FrequenceCardiaque,72.0,CapteurDefaillant
OC-001769,PAT-00300,2024-05-11 20:00:00,Poids,81.9,Bon
OC-001770,PAT-00300,2024-05-12 14:00:00,FrequenceCardiaque,78.0,Bon
OC-001771,PAT-00300,2024-05-12 20:00:00,ActivitePas,6271.0,CapteurDefaillant
OC-001772,PAT-00300,2024-05-13 08:00:00,Poids,87.9,Bon
OC-001773,PAT-00300,2024-05-13 14:00:00,Poids,98.1,CapteurDefaillant
OC-001774,PAT-00300,2024-05-13 20:00:00,Poids,80.2,Bon
OC-001775,PAT-00300,2024-05-14 08:00:00,FrequenceCardiaque,93.0,CapteurDefaillant
OC-001776,PAT-00300,2024-05-14 14:00:00,SpO2,94.0,Bon
OC-001777,PAT-00300,2024-05-14 20:00:00,ActivitePas,2453.0,Gap
OC-001778,PAT-999999,2024-05-15 08:00:00,ActivitePas,6525.0,Bon
OC-001779,PAT-00300,2024-05-15 20:00:00,Poids,80.3,Bon
OC-001780,PAT-00300,2024-05-16 08:00:00,Poids,59.6,Bon
OC-001781,PAT-00300,2024-05-16 14:00:00,FrequenceCardiaque,72.0,Bon
OC-001782,PAT-00300,2024-05-17 08:00:00,SpO2,92.0,Bon
OC-001783,PAT-00300,2024-05-17 14:00:00,FrequenceCardiaque,61.0,Bon
OC-001784,PAT-00300,2024-05-17 20:00:00,SpO2,95.0,Gap
OC-001785,PAT-00300,2024-05-18 08:00:00,Poids,76.3,Bon
OC-001786,PAT-00300,2024-05-18 14:00:00,FrequenceCardiaque,104.0,Bon
OC-001787,PAT-00300,2024-05-18 20:00:00,ActivitePas,5171.0,CapteurDefaillant
OC-001788,PAT-00300,2024-05-19 08:00:00,FrequenceCardiaque,57.0,Bon
OC-001789,PAT-00300,2024-05-19 14:00:00,Poids,81.5,Bon
OC-001790,PAT-00300,2024-05-19 20:00:00,FrequenceCardiaque,82.0,Bon
OC-001791,PAT-00300,2024-05-20 08:00:00,FrequenceCardiaque,83.0,Bon
OC-001792,PAT-00300,2024-05-20 14:00:00,FrequenceCardiaque,75.0,CapteurDefaillant
OC-001793,PAT-00300,2024-05-20 20:00:00,FrequenceCardiaque,93.0,Bon
OC-001794,PAT-00300,2024-05-21 08:00:00,FrequenceCardiaque,74.0,Bon
OC-001795,PAT-00300,2024-05-21 14:00:00,SpO2,96.0,Bon
OC-001796,PAT-00300,2024-05-21 20:00:00,ActivitePas,3544.0,Bon
OC-001797,PAT-00201,2024-05-03 08:00:00,ActivitePas,3116.0,Bon
OC-001798,PAT-00201,2024-05-03 14:00:00,ActivitePas,4717.0,Bon
OC-001799,PAT-00201,2024-05-03 20:00:00,SpO2,93.0,Bon
OC-001800,PAT-00201,2024-05-04 08:00:00,FrequenceCardiaque,55.0,Gap
OC-001801,PAT-00201,2024-05-04 14:00:00,FrequenceCardiaque,77.0,Bon
OC-001802,PAT-00201,2024-05-04 20:00:00,FrequenceCardiaque,80.0,Bon
OC-001803,PAT-00201,2024-05-05 08:00:00,ActivitePas,3987.0,Bon
OC-001804,PAT-00201,2024-05-05 20:00:00,ActivitePas,2313.0,Bon
OC-001805,PAT-00201,2024-05-06 08:00:00,FrequenceCardiaque,80.0,CapteurDefaillant
OC-001806,PAT-00201,2024-05-06 14:00:00,SpO2,100.0,Bon
OC-001807,PAT-00201,2024-05-06 20:00:00,FrequenceCardiaque,58.0,Bon
OC-001808,PAT-00201,2024-05-07 08:00:00,Poids,92.5,Bon
OC-001809,PAT-00201,2024-05-07 14:00:00,ActivitePas,4076.0,Bon
OC-001810,PAT-00201,2024-05-07 20:00:00,ActivitePas,2512.0,Bon
OC-001811,PAT-00201,2024-05-08 14:00:00,ActivitePas,3104.0,Bon
OC-001812,PAT-00201,2024-05-08 20:00:00,Poids,89.2,CapteurDefaillant
OC-001813,PAT-00201,2024-05-09 08:00:00,Poids,62.4,Bon
OC-001814,PAT-00201,2024-05-09 14:00:00,SpO2,89.0,Bon
OC-001815,PAT-00201,2024-05-10 14:00:00,FrequenceCardiaque,74.0,Bon
OC-001816,PAT-00201,2024-05-10 20:00:00,ActivitePas,1854.0,Bon
OC-001817,PAT-999999,2024-05-11 08:00:00,Poids,69.3,Bon
OC-001818,PAT-00201,2024-05-11 20:00:00,Poids,71.9,Bon
OC-001819,PAT-00201,2024-05-12 08:00:00,Poids,64.6,Gap
OC-001820,PAT-00201,2024-05-12 14:00:00,ActivitePas,4723.0,Bon
OC-001821,PAT-00201,2024-05-12 20:00:00,ActivitePas,942.0,Bon
OC-001822,PAT-00201,2024-05-13 08:00:00,Poids,44.0,Bon
OC-001823,PAT-00201,2024-05-13 14:00:00,ActivitePas,2300.0,CapteurDefaillant
OC-001824,PAT-00201,2024-05-13 20:00:00,Poids,74.4,Bon
OC-001825,PAT-00201,2024-05-14 14:00:00,FrequenceCardiaque,83.0,Bon
OC-001826,PAT-00201,2024-05-14 20:00:00,FrequenceCardiaque,94.0,Bon
OC-001827,PAT-00201,2024-05-15 08:00:00,SpO2,93.0,CapteurDefaillant
OC-001828,PAT-00201,2024-05-15 20:00:00,ActivitePas,3884.0,Bon
OC-001829,PAT-00201,2024-05-16 14:00:00,SpO2,94.0,Bon
OC-001830,PAT-00201,2024-05-16 20:00:00,Poids,72.4,Bon
OC-001831,PAT-00318,2024-03-26 08:00:00,Poids,55.8,Bon
OC-001832,PAT-00318,2024-03-26 14:00:00,ActivitePas,4417.0,Bon
OC-001833,PAT-00318,2024-03-27 08:00:00,ActivitePas,3413.0,Bon
OC-001834,PAT-00318,2024-03-27 14:00:00,SpO2,95.0,Bon
OC-001835,PAT-00318,2024-03-27 20:00:00,ActivitePas,5729.0,CapteurDefaillant
OC-001836,PAT-00318,2024-03-28 08:00:00,ActivitePas,2847.0,Bon
OC-001837,PAT-00318,2024-03-28 20:00:00,FrequenceCardiaque,80.0,Bon
OC-001838,PAT-00318,2024-03-29 08:00:00,ActivitePas,2882.0,CapteurDefaillant
OC-001839,PAT-00318,2024-03-29 14:00:00,Poids,55.5,Bon
OC-001840,PAT-00318,2024-03-29 20:00:00,ActivitePas,104.0,CapteurDefaillant
OC-001841,PAT-00318,2024-03-30 08:00:00,SpO2,93.0,Bon
OC-001842,PAT-00318,2024-03-30 20:00:00,FrequenceCardiaque,83.0,Bon
OC-001843,PAT-00318,2024-03-31 08:00:00,FrequenceCardiaque,85.0,Bon
OC-001844,PAT-00318,2024-04-01 08:00:00,FrequenceCardiaque,73.0,Bon
OC-001845,PAT-00318,2024-04-01 14:00:00,ActivitePas,3836.0,Bon
OC-001846,PAT-00318,2024-04-01 20:00:00,SpO2,95.0,Bon
OC-001847,PAT-00318,2024-04-02 08:00:00,SpO2,97.0,Gap
OC-001848,PAT-00318,2024-04-02 20:00:00,ActivitePas,4330.0,Bon
OC-001849,PAT-00318,2024-04-03 08:00:00,ActivitePas,4873.0,Bon
OC-001850,PAT-00318,2024-04-03 20:00:00,FrequenceCardiaque,87.0,Gap
OC-001851,PAT-00318,2024-04-04 14:00:00,FrequenceCardiaque,75.0,Bon
OC-001852,PAT-00318,2024-04-04 20:00:00,SpO2,95.0,Bon
OC-001853,PAT-00318,2024-04-05 08:00:00,SpO2,93.0,Bon
OC-001854,PAT-00318,2024-04-05 14:00:00,FrequenceCardiaque,94.0,Bon
OC-001855,PAT-00318,2024-04-05 20:00:00,Poids,61.8,Bon
OC-001856,PAT-00318,2024-04-06 08:00:00,ActivitePas,5631.0,Bon
OC-001857,PAT-00318,2024-04-06 20:00:00,FrequenceCardiaque,89.0,Bon
OC-001858,PAT-00318,2024-04-07 08:00:00,ActivitePas,3216.0,Bon
OC-001859,PAT-00318,2024-04-07 14:00:00,Poids,65.9,Bon
OC-001860,PAT-00318,2024-04-07 20:00:00,FrequenceCardiaque,63.0,Bon
OC-001861,PAT-00318,2024-04-08 08:00:00,SpO2,100.0,Bon
OC-001862,PAT-00318,2024-04-08 14:00:00,ActivitePas,5016.0,Bon
OC-001863,PAT-00318,2024-04-08 20:00:00,SpO2,95.0,Bon
OC-001864,PAT-00005,2023-12-14 08:00:00,ActivitePas,7501.0,Bon
OC-001865,PAT-00005,2023-12-14 14:00:00,FrequenceCardiaque,59.0,Bon
OC-001866,PAT-00005,2023-12-14 20:00:00,SpO2,98.0,Bon
OC-001867,PAT-00005,2023-12-15 08:00:00,ActivitePas,367.0,Bon
OC-001868,PAT-00005,2023-12-15 14:00:00,Poids,68.0,Bon
OC-001869,PAT-00005,2023-12-15 20:00:00,FrequenceCardiaque,75.0,Gap
OC-001870,PAT-00005,2023-12-16 08:00:00,ActivitePas,1457.0,Bon
OC-001871,PAT-00005,2023-12-16 14:00:00,Poids,87.2,CapteurDefaillant
OC-001872,PAT-00005,2023-12-16 20:00:00,ActivitePas,2412.0,Bon
OC-001873,PAT-00005,2023-12-17 08:00:00,FrequenceCardiaque,74.0,Bon
OC-001874,PAT-00005,2023-12-17 14:00:00,FrequenceCardiaque,85.0,CapteurDefaillant
OC-001875,PAT-00005,2023-12-18 08:00:00,FrequenceCardiaque,81.0,Bon
OC-001876,PAT-00005,2023-12-18 20:00:00,FrequenceCardiaque,56.0,Bon
OC-001877,PAT-00005,2023-12-19 20:00:00,SpO2,100.0,Bon
OC-001878,PAT-00005,2023-12-20 08:00:00,Poids,85.5,Gap
OC-001879,PAT-00005,2023-12-20 14:00:00,SpO2,95.0,Bon
OC-001880,PAT-00005,2023-12-20 20:00:00,SpO2,94.0,Bon
OC-001881,PAT-00005,2023-12-21 08:00:00,SpO2,92.0,Gap
OC-001882,PAT-00005,2023-12-21 14:00:00,ActivitePas,3509.0,Bon
OC-001883,PAT-00005,2023-12-21 20:00:00,FrequenceCardiaque,85.0,Bon
OC-001884,PAT-00005,2023-12-22 08:00:00,Poids,71.4,Bon
OC-001885,PAT-00005,2023-12-22 14:00:00,FrequenceCardiaque,79.0,Bon
OC-001886,PAT-00005,2023-12-22 20:00:00,SpO2,99.0,Bon
OC-001887,PAT-00005,2023-12-23 08:00:00,FrequenceCardiaque,60.0,Gap
OC-001888,PAT-00005,2023-12-23 20:00:00,ActivitePas,5270.0,Bon
OC-001889,PAT-00005,2023-12-24 08:00:00,Poids,66.5,Bon
OC-001890,PAT-00005,2023-12-24 14:00:00,ActivitePas,3757.0,Bon
OC-001891,PAT-00005,2023-12-24 20:00:00,Poids,81.6,CapteurDefaillant
OC-001892,PAT-00005,2023-12-25 08:00:00,Poids,73.0,Bon
OC-001893,PAT-00005,2023-12-25 20:00:00,Poids,99.7,CapteurDefaillant
OC-001894,PAT-00005,2023-12-26 08:00:00,Poids,82.7,Bon
OC-001895,PAT-00005,2023-12-26 14:00:00,SpO2,93.0,Bon
OC-001896,PAT-00005,2023-12-27 08:00:00,Poids,81.7,Bon
OC-001897,PAT-00005,2023-12-27 14:00:00,SpO2,94.0,Bon
OC-001898,PAT-00005,2023-12-27 20:00:00,ActivitePas,4515.0,CapteurDefaillant
OC-001899,PAT-00181,2024-01-20 08:00:00,FrequenceCardiaque,109.0,Bon
OC-001900,PAT-00181,2024-01-20 14:00:00,SpO2,94.0,CapteurDefaillant
OC-001901,PAT-00181,2024-01-20 20:00:00,Poids,59.3,Gap
OC-001902,PAT-00181,2024-01-21 08:00:00,FrequenceCardiaque,66.0,Bon
OC-001903,PAT-00181,2024-01-21 14:00:00,ActivitePas,4007.0,Bon
OC-001904,PAT-00181,2024-01-22 08:00:00,SpO2,99.0,Bon
OC-001905,PAT-00181,2024-01-22 14:00:00,FrequenceCardiaque,77.0,Bon
OC-001906,PAT-00181,2024-01-22 20:00:00,ActivitePas,3176.0,Bon
OC-001907,PAT-00181,2024-01-23 14:00:00,ActivitePas,2827.0,Bon
OC-001908,PAT-00181,2024-01-23 20:00:00,SpO2,92.0,Bon
OC-001909,PAT-00181,2024-01-24 08:00:00,ActivitePas,4523.0,Bon
OC-001910,PAT-00181,2024-01-24 14:00:00,FrequenceCardiaque,90.0,Bon
OC-001911,PAT-00181,2024-01-24 20:00:00,FrequenceCardiaque,66.0,CapteurDefaillant
OC-001912,PAT-00181,2024-01-25 08:00:00,ActivitePas,3641.0,Bon
OC-001913,PAT-00181,2024-01-25 14:00:00,FrequenceCardiaque,82.0,Bon
OC-001914,PAT-00181,2024-01-25 20:00:00,ActivitePas,3321.0,Bon
OC-001915,PAT-00181,2024-01-26 08:00:00,FrequenceCardiaque,98.0,CapteurDefaillant
OC-001916,PAT-00181,2024-01-26 14:00:00,FrequenceCardiaque,64.0,Bon
OC-001917,PAT-00181,2024-01-26 20:00:00,Poids,47.0,Bon
OC-001918,PAT-00181,2024-01-27 08:00:00,ActivitePas,1292.0,Gap
OC-001919,PAT-00181,2024-01-27 14:00:00,FrequenceCardiaque,63.0,Bon
OC-001920,PAT-00181,2024-01-27 20:00:00,ActivitePas,2379.0,Bon
OC-001921,PAT-00181,2024-01-28 08:00:00,FrequenceCardiaque,75.0,Bon
OC-001922,PAT-00181,2024-01-28 20:00:00,FrequenceCardiaque,62.0,Bon
OC-001923,PAT-00181,2024-01-29 08:00:00,ActivitePas,4597.0,Gap
OC-001924,PAT-00181,2024-01-29 14:00:00,ActivitePas,4798.0,Bon
OC-001925,PAT-00181,2024-01-29 20:00:00,ActivitePas,3196.0,Bon
OC-001926,PAT-999999,2024-01-30 08:00:00,Poids,93.3,Bon
OC-001927,PAT-00181,2024-01-30 14:00:00,ActivitePas,7144.0,Bon
OC-001928,PAT-00181,2024-01-30 20:00:00,ActivitePas,5795.0,Bon
OC-001929,PAT-00181,2024-01-31 08:00:00,SpO2,94.0,Bon
OC-001930,PAT-00181,2024-01-31 20:00:00,Poids,61.4,Gap
OC-001931,PAT-00181,2024-02-01 08:00:00,FrequenceCardiaque,67.0,Bon
OC-001932,PAT-00181,2024-02-01 14:00:00,FrequenceCardiaque,86.0,Bon
OC-001933,PAT-00181,2024-02-01 20:00:00,FrequenceCardiaque,90.0,Bon
OC-001934,PAT-00181,2024-02-02 14:00:00,ActivitePas,2410.0,Bon
OC-001935,PAT-00181,2024-02-02 20:00:00,SpO2,95.0,Bon
OC-001936,PAT-00069,2023-11-17 08:00:00,SpO2,94.0,Bon
OC-001937,PAT-00069,2023-11-18 08:00:00,ActivitePas,2383.0,Bon
OC-001938,PAT-00069,2023-11-18 14:00:00,FrequenceCardiaque,93.0,CapteurDefaillant
OC-001939,PAT-00069,2023-11-18 20:00:00,FrequenceCardiaque,76.0,Bon
OC-001940,PAT-00069,2023-11-19 14:00:00,ActivitePas,3897.0,CapteurDefaillant
OC-001941,PAT-00069,2023-11-19 20:00:00,SpO2,93.0,Bon
OC-001942,PAT-999999,2023-11-20 08:00:00,SpO2,94.0,Bon
OC-001943,PAT-00069,2023-11-20 14:00:00,ActivitePas,1712.0,Bon
OC-001944,PAT-00069,2023-11-20 20:00:00,FrequenceCardiaque,71.0,Bon
OC-001945,PAT-00069,2023-11-21 08:00:00,FrequenceCardiaque,70.0,CapteurDefaillant
OC-001946,PAT-00069,2023-11-21 14:00:00,SpO2,93.0,Bon
OC-001947,PAT-00069,2023-11-21 20:00:00,Poids,63.8,Bon
OC-001948,PAT-00069,2023-11-22 08:00:00,ActivitePas,3457.0,CapteurDefaillant
OC-001949,PAT-00069,2023-11-22 14:00:00,ActivitePas,6731.0,Bon
OC-001950,PAT-00069,2023-11-22 20:00:00,FrequenceCardiaque,86.0,CapteurDefaillant
OC-001951,PAT-00069,2023-11-23 08:00:00,SpO2,89.0,CapteurDefaillant
OC-001952,PAT-00069,2023-11-23 14:00:00,SpO2,99.0,Bon
OC-001953,PAT-00069,2023-11-23 20:00:00,Poids,85.3,Gap
OC-001954,PAT-00069,2023-11-24 08:00:00,FrequenceCardiaque,84.0,Bon
OC-001955,PAT-00069,2023-11-24 14:00:00,SpO2,92.0,Bon
OC-001956,PAT-00069,2023-11-24 20:00:00,Poids,78.8,Bon
OC-001957,PAT-00069,2023-11-25 08:00:00,ActivitePas,2493.0,Bon
OC-001958,PAT-00069,2023-11-25 14:00:00,FrequenceCardiaque,79.0,Bon
OC-001959,PAT-00069,2023-11-25 20:00:00,FrequenceCardiaque,56.0,Bon
OC-001960,PAT-00069,2023-11-26 08:00:00,Poids,98.3,Gap
OC-001961,PAT-00069,2023-11-26 14:00:00,FrequenceCardiaque,57.0,Bon
OC-001962,PAT-00069,2023-11-27 14:00:00,Poids,77.7,Bon
OC-001963,PAT-00069,2023-11-27 20:00:00,Poids,73.4,Bon
OC-001964,PAT-00069,2023-11-28 08:00:00,SpO2,97.0,Bon
OC-001965,PAT-00069,2023-11-28 20:00:00,FrequenceCardiaque,71.0,Bon
OC-001966,PAT-00069,2023-11-29 08:00:00,FrequenceCardiaque,83.0,Bon
OC-001967,PAT-00069,2023-11-30 08:00:00,ActivitePas,4640.0,Bon
OC-001968,PAT-00069,2023-11-30 14:00:00,ActivitePas,3389.0,Bon
OC-001969,PAT-00069,2023-11-30 20:00:00,Poids,83.6,Bon
OC-001970,PAT-00430,2024-01-28 14:00:00,FrequenceCardiaque,83.0,Bon
OC-001971,PAT-00430,2024-01-28 20:00:00,FrequenceCardiaque,71.0,Bon
OC-001972,PAT-00430,2024-01-29 14:00:00,SpO2,92.0,Bon
OC-001973,PAT-00430,2024-01-29 20:00:00,FrequenceCardiaque,73.0,Bon
OC-001974,PAT-00430,2024-01-30 08:00:00,SpO2,93.0,Bon
OC-001975,PAT-00430,2024-01-31 08:00:00,Poids,86.7,Bon
OC-001976,PAT-00430,2024-01-31 14:00:00,Poids,79.4,Gap
OC-001977,PAT-00430,2024-01-31 20:00:00,ActivitePas,3585.0,Bon
OC-001978,PAT-00430,2024-02-01 08:00:00,Poids,89.9,Bon
OC-001979,PAT-00430,2024-02-01 14:00:00,ActivitePas,5249.0,Bon
OC-001980,PAT-00430,2024-02-01 20:00:00,Poids,75.3,Bon
OC-001981,PAT-00430,2024-02-02 08:00:00,ActivitePas,1936.0,Bon
OC-001982,PAT-00430,2024-02-02 20:00:00,FrequenceCardiaque,78.0,Bon
OC-001983,PAT-00430,2024-02-03 14:00:00,Poids,76.7,Bon
OC-001984,PAT-00430,2024-02-03 20:00:00,FrequenceCardiaque,75.0,Bon
OC-001985,PAT-00430,2024-02-04 08:00:00,FrequenceCardiaque,76.0,Gap
OC-001986,PAT-00430,2024-02-04 14:00:00,ActivitePas,2472.0,Bon
OC-001987,PAT-00430,2024-02-04 20:00:00,SpO2,92.0,Bon
OC-001988,PAT-00430,2024-02-05 08:00:00,FrequenceCardiaque,64.0,CapteurDefaillant
OC-001989,PAT-00430,2024-02-05 14:00:00,SpO2,94.0,Bon
OC-001990,PAT-00430,2024-02-05 20:00:00,Poids,59.6,Bon
OC-001991,PAT-00430,2024-02-06 08:00:00,FrequenceCardiaque,51.0,Bon
OC-001992,PAT-00430,2024-02-06 14:00:00,SpO2,89.0,Bon
OC-001993,PAT-00430,2024-02-06 20:00:00,ActivitePas,951.0,Gap
OC-001994,PAT-00430,2024-02-07 08:00:00,ActivitePas,4065.0,Bon
OC-001995,PAT-00430,2024-02-07 14:00:00,FrequenceCardiaque,59.0,Bon
OC-001996,PAT-00430,2024-02-07 20:00:00,ActivitePas,1948.0,Bon
OC-001997,PAT-00430,2024-02-08 08:00:00,SpO2,95.0,Bon
OC-001998,PAT-00430,2024-02-08 14:00:00,FrequenceCardiaque,76.0,Bon
OC-001999,PAT-00430,2024-02-08 20:00:00,ActivitePas,3580.0,Bon
OC-002000,PAT-00430,2024-02-09 08:00:00,SpO2,95.0,Bon
OC-002001,PAT-00430,2024-02-09 14:00:00,FrequenceCardiaque,85.0,Bon
OC-002002,PAT-00430,2024-02-09 20:00:00,Poids,106.5,Bon
OC-002003,PAT-00430,2024-02-10 08:00:00,SpO2,95.0,CapteurDefaillant
OC-002004,PAT-00297,2024-01-03 08:00:00,ActivitePas,3186.0,Bon
OC-002005,PAT-00297,2024-01-03 14:00:00,FrequenceCardiaque,78.0,Bon
OC-002006,PAT-00297,2024-01-03 20:00:00,Poids,96.1,Bon
OC-002007,PAT-00297,2024-01-04 08:00:00,ActivitePas,5140.0,Gap
OC-002008,PAT-00297,2024-01-04 14:00:00,FrequenceCardiaque,85.0,Gap
OC-002009,PAT-00297,2024-01-04 20:00:00,Poids,62.6,Bon
OC-002010,PAT-00297,2024-01-05 08:00:00,FrequenceCardiaque,79.0,Bon
OC-002011,PAT-00297,2024-01-05 14:00:00,Poids,73.8,Bon
OC-002012,PAT-00297,2024-01-06 08:00:00,Poids,55.3,Bon
OC-002013,PAT-00297,2024-01-06 14:00:00,SpO2,98.0,Bon
OC-002014,PAT-00297,2024-01-06 20:00:00,SpO2,94.0,Bon
OC-002015,PAT-00297,2024-01-07 08:00:00,Poids,70.6,Bon
OC-002016,PAT-00297,2024-01-07 14:00:00,ActivitePas,2227.0,Bon
OC-002017,PAT-00297,2024-01-07 20:00:00,FrequenceCardiaque,82.0,Bon
OC-002018,PAT-00297,2024-01-09 14:00:00,FrequenceCardiaque,68.0,Bon
OC-002019,PAT-00297,2024-01-09 20:00:00,SpO2,94.0,Gap
OC-002020,PAT-00297,2024-01-10 14:00:00,ActivitePas,4418.0,CapteurDefaillant
OC-002021,PAT-00297,2024-01-10 20:00:00,Poids,90.3,Bon
OC-002022,PAT-00297,2024-01-11 08:00:00,Poids,75.2,Bon
OC-002023,PAT-00297,2024-01-11 14:00:00,SpO2,92.0,Bon
OC-002024,PAT-00297,2024-01-11 20:00:00,FrequenceCardiaque,89.0,Bon
OC-002025,PAT-00297,2024-01-12 08:00:00,FrequenceCardiaque,102.0,CapteurDefaillant
OC-002026,PAT-00297,2024-01-12 14:00:00,FrequenceCardiaque,68.0,Bon
OC-002027,PAT-00297,2024-01-13 08:00:00,FrequenceCardiaque,45.0,Bon
OC-002028,PAT-00297,2024-01-13 14:00:00,ActivitePas,2647.0,Bon
OC-002029,PAT-00297,2024-01-13 20:00:00,SpO2,93.0,CapteurDefaillant
OC-002030,PAT-00297,2024-01-14 08:00:00,ActivitePas,1315.0,Bon
OC-002031,PAT-00297,2024-01-14 14:00:00,ActivitePas,933.0,Bon
OC-002032,PAT-00297,2024-01-14 20:00:00,Poids,83.0,Bon
OC-002033,PAT-00297,2024-01-15 14:00:00,SpO2,94.0,Bon
OC-002034,PAT-00297,2024-01-15 20:00:00,SpO2,96.0,Gap
OC-002035,PAT-00297,2024-01-16 08:00:00,FrequenceCardiaque,65.0,CapteurDefaillant
OC-002036,PAT-00297,2024-01-16 14:00:00,Poids,74.0,Bon
OC-002037,PAT-00186,2024-03-12 08:00:00,ActivitePas,874.0,CapteurDefaillant
OC-002038,PAT-00186,2024-03-12 14:00:00,FrequenceCardiaque,55.0,Bon
OC-002039,PAT-00186,2024-03-13 08:00:00,ActivitePas,2525.0,Bon
OC-002040,PAT-00186,2024-03-13 14:00:00,ActivitePas,0.0,CapteurDefaillant
OC-002041,PAT-00186,2024-03-13 20:00:00,ActivitePas,1797.0,Bon
OC-002042,PAT-00186,2024-03-14 08:00:00,Poids,93.0,Bon
OC-002043,PAT-00186,2024-03-14 14:00:00,FrequenceCardiaque,92.0,Bon
OC-002044,PAT-00186,2024-03-15 08:00:00,Poids,65.8,Bon
OC-002045,PAT-00186,2024-03-15 14:00:00,FrequenceCardiaque,82.0,Bon
OC-002046,PAT-00186,2024-03-15 20:00:00,SpO2,95.0,Bon
OC-002047,PAT-00186,2024-03-16 08:00:00,Poids,50.5,Bon
OC-002048,PAT-00186,2024-03-16 14:00:00,Poids,73.3,Bon
OC-002049,PAT-00186,2024-03-16 20:00:00,FrequenceCardiaque,95.0,Gap
OC-002050,PAT-00186,2024-03-17 14:00:00,FrequenceCardiaque,85.0,Bon
OC-002051,PAT-00186,2024-03-17 20:00:00,FrequenceCardiaque,71.0,Bon
OC-002052,PAT-00186,2024-03-18 14:00:00,ActivitePas,4117.0,Bon
OC-002053,PAT-00186,2024-03-20 08:00:00,Poids,67.7,Bon
OC-002054,PAT-00186,2024-03-20 14:00:00,ActivitePas,4060.0,Bon
OC-002055,PAT-00186,2024-03-20 20:00:00,ActivitePas,3638.0,Bon
OC-002056,PAT-00186,2024-03-21 08:00:00,FrequenceCardiaque,65.0,Bon
OC-002057,PAT-00186,2024-03-21 14:00:00,FrequenceCardiaque,88.0,Bon
OC-002058,PAT-00186,2024-03-22 20:00:00,ActivitePas,3263.0,Bon
OC-002059,PAT-00186,2024-03-23 08:00:00,Poids,77.6,Bon
OC-002060,PAT-00186,2024-03-23 14:00:00,SpO2,93.0,Bon
OC-002061,PAT-00186,2024-03-23 20:00:00,ActivitePas,5510.0,Bon
OC-002062,PAT-00186,2024-03-24 08:00:00,FrequenceCardiaque,97.0,CapteurDefaillant
OC-002063,PAT-00186,2024-03-24 14:00:00,FrequenceCardiaque,59.0,CapteurDefaillant
OC-002064,PAT-00186,2024-03-25 08:00:00,Poids,81.5,Bon
OC-002065,PAT-00186,2024-03-25 20:00:00,ActivitePas,1654.0,CapteurDefaillant
OC-002066,PAT-00599,2024-05-08 08:00:00,ActivitePas,688.0,Bon
OC-002067,PAT-00599,2024-05-08 14:00:00,ActivitePas,5620.0,Bon
OC-002068,PAT-00599,2024-05-08 20:00:00,SpO2,98.0,Bon
OC-002069,PAT-00599,2024-05-09 14:00:00,SpO2,92.0,Bon
OC-002070,PAT-00599,2024-05-09 20:00:00,Poids,72.1,Bon
OC-002071,PAT-00599,2024-05-10 08:00:00,ActivitePas,6853.0,Gap
OC-002072,PAT-00599,2024-05-10 14:00:00,FrequenceCardiaque,80.0,Gap
OC-002073,PAT-00599,2024-05-10 20:00:00,FrequenceCardiaque,95.0,CapteurDefaillant
OC-002074,PAT-00599,2024-05-11 08:00:00,ActivitePas,2146.0,Bon
OC-002075,PAT-00599,2024-05-11 14:00:00,Poids,59.8,Bon
OC-002076,PAT-00599,2024-05-11 20:00:00,FrequenceCardiaque,90.0,Bon
OC-002077,PAT-00599,2024-05-12 08:00:00,Poids,54.4,Bon
OC-002078,PAT-00599,2024-05-12 14:00:00,Poids,80.9,Gap
OC-002079,PAT-00599,2024-05-12 20:00:00,SpO2,97.0,Gap
OC-002080,PAT-00599,2024-05-13 20:00:00,FrequenceCardiaque,64.0,Bon
OC-002081,PAT-00599,2024-05-14 08:00:00,FrequenceCardiaque,74.0,Bon
OC-002082,PAT-00599,2024-05-14 14:00:00,ActivitePas,1045.0,Bon
OC-002083,PAT-00599,2024-05-14 20:00:00,ActivitePas,2874.0,Bon
OC-002084,PAT-00599,2024-05-15 08:00:00,Poids,76.8,Bon
OC-002085,PAT-00599,2024-05-15 14:00:00,ActivitePas,1561.0,Bon
OC-002086,PAT-00599,2024-05-15 20:00:00,FrequenceCardiaque,89.0,Bon
OC-002087,PAT-00599,2024-05-16 08:00:00,Poids,90.6,Bon
OC-002088,PAT-00599,2024-05-16 14:00:00,SpO2,94.0,Bon
OC-002089,PAT-00599,2024-05-17 14:00:00,ActivitePas,5127.0,Bon
OC-002090,PAT-00599,2024-05-17 20:00:00,SpO2,91.0,Bon
OC-002091,PAT-00599,2024-05-18 08:00:00,Poids,89.0,Bon
OC-002092,PAT-00599,2024-05-18 14:00:00,Poids,68.7,Bon
OC-002093,PAT-00599,2024-05-18 20:00:00,FrequenceCardiaque,79.0,Bon
OC-002094,PAT-00599,2024-05-19 08:00:00,Poids,74.8,Bon
OC-002095,PAT-00599,2024-05-19 14:00:00,Poids,80.5,Bon
OC-002096,PAT-00599,2024-05-19 20:00:00,SpO2,95.0,Bon
OC-002097,PAT-00599,2024-05-20 08:00:00,FrequenceCardiaque,68.0,Bon
OC-002098,PAT-00599,2024-05-20 14:00:00,Poids,67.9,Bon
OC-002099,PAT-00599,2024-05-20 20:00:00,ActivitePas,3276.0,Bon
OC-002100,PAT-00599,2024-05-21 08:00:00,FrequenceCardiaque,59.0,Bon
OC-002101,PAT-00599,2024-05-21 14:00:00,FrequenceCardiaque,61.0,Bon
OC-002102,PAT-00599,2024-05-21 20:00:00,ActivitePas,5011.0,Bon
OC-002103,PAT-00301,2024-01-26 08:00:00,SpO2,91.0,Bon
OC-002104,PAT-999999,2024-01-26 14:00:00,FrequenceCardiaque,62.0,Bon
OC-002105,PAT-00301,2024-01-26 20:00:00,FrequenceCardiaque,66.0,Bon
OC-002106,PAT-00301,2024-01-27 08:00:00,ActivitePas,1693.0,Bon
OC-002107,PAT-00301,2024-01-27 14:00:00,ActivitePas,2703.0,Bon
OC-002108,PAT-00301,2024-01-27 20:00:00,Poids,84.3,Gap
OC-002109,PAT-00301,2024-01-28 08:00:00,ActivitePas,3961.0,Bon
OC-002110,PAT-00301,2024-01-28 14:00:00,ActivitePas,2474.0,Bon
OC-002111,PAT-00301,2024-01-29 08:00:00,SpO2,96.0,Bon
OC-002112,PAT-00301,2024-01-29 14:00:00,SpO2,98.0,Bon
OC-002113,PAT-00301,2024-01-29 20:00:00,Poids,96.5,Bon
OC-002114,PAT-00301,2024-01-30 08:00:00,SpO2,98.0,Bon
OC-002115,PAT-00301,2024-01-30 20:00:00,FrequenceCardiaque,74.0,Bon
OC-002116,PAT-00301,2024-01-31 08:00:00,FrequenceCardiaque,68.0,Bon
OC-002117,PAT-00301,2024-01-31 14:00:00,FrequenceCardiaque,74.0,Gap
OC-002118,PAT-00301,2024-02-01 14:00:00,Poids,90.7,Bon
OC-002119,PAT-00301,2024-02-02 14:00:00,ActivitePas,3247.0,Bon
OC-002120,PAT-00301,2024-02-02 20:00:00,Poids,104.8,Bon
OC-002121,PAT-00301,2024-02-03 08:00:00,Poids,74.2,Bon
OC-002122,PAT-00301,2024-02-03 14:00:00,FrequenceCardiaque,87.0,Bon
OC-002123,PAT-00301,2024-02-03 20:00:00,FrequenceCardiaque,59.0,CapteurDefaillant
OC-002124,PAT-00301,2024-02-04 08:00:00,ActivitePas,2012.0,Bon
OC-002125,PAT-00301,2024-02-04 14:00:00,FrequenceCardiaque,82.0,Bon
OC-002126,PAT-999999,2024-02-04 20:00:00,SpO2,92.0,Bon
OC-002127,PAT-00301,2024-02-05 20:00:00,SpO2,93.0,Bon
OC-002128,PAT-00301,2024-02-06 08:00:00,FrequenceCardiaque,52.0,CapteurDefaillant
OC-002129,PAT-00301,2024-02-06 20:00:00,FrequenceCardiaque,79.0,Bon
OC-002130,PAT-00301,2024-02-07 08:00:00,ActivitePas,4091.0,Bon
OC-002131,PAT-00301,2024-02-07 14:00:00,Poids,56.2,Gap
OC-002132,PAT-00301,2024-02-07 20:00:00,FrequenceCardiaque,79.0,Bon
OC-002133,PAT-00301,2024-02-08 08:00:00,SpO2,96.0,Gap
OC-002134,PAT-00301,2024-02-08 14:00:00,ActivitePas,4420.0,Bon
OC-002135,PAT-00301,2024-02-08 20:00:00,ActivitePas,4901.0,Bon
OC-002136,PAT-00160,2023-12-31 14:00:00,ActivitePas,1773.0,Bon
OC-002137,PAT-00160,2023-12-31 20:00:00,SpO2,95.0,Bon
OC-002138,PAT-00160,2024-01-01 08:00:00,FrequenceCardiaque,80.0,CapteurDefaillant
OC-002139,PAT-00160,2024-01-01 14:00:00,ActivitePas,6083.0,Gap
OC-002140,PAT-00160,2024-01-01 20:00:00,ActivitePas,3173.0,Bon
OC-002141,PAT-00160,2024-01-02 08:00:00,FrequenceCardiaque,76.0,Bon
OC-002142,PAT-00160,2024-01-02 20:00:00,Poids,99.5,Bon
OC-002143,PAT-00160,2024-01-04 08:00:00,ActivitePas,2761.0,Bon
OC-002144,PAT-00160,2024-01-06 08:00:00,SpO2,95.0,Bon
OC-002145,PAT-00160,2024-01-06 14:00:00,Poids,73.6,Bon
OC-002146,PAT-00160,2024-01-06 20:00:00,Poids,73.1,Gap
OC-002147,PAT-00160,2024-01-07 14:00:00,Poids,88.4,Bon
OC-002148,PAT-00160,2024-01-07 20:00:00,Poids,80.0,Gap
OC-002149,PAT-00160,2024-01-08 08:00:00,Poids,99.5,Bon
OC-002150,PAT-00160,2024-01-08 14:00:00,FrequenceCardiaque,72.0,CapteurDefaillant
OC-002151,PAT-00160,2024-01-08 20:00:00,SpO2,97.0,Bon
OC-002152,PAT-00160,2024-01-09 08:00:00,SpO2,97.0,Bon
OC-002153,PAT-00160,2024-01-09 14:00:00,Poids,72.9,Bon
OC-002154,PAT-00160,2024-01-09 20:00:00,SpO2,100.0,Bon
OC-002155,PAT-00160,2024-01-10 08:00:00,ActivitePas,4674.0,Bon
OC-002156,PAT-00160,2024-01-10 20:00:00,SpO2,99.0,Bon
OC-002157,PAT-00160,2024-01-11 08:00:00,FrequenceCardiaque,68.0,CapteurDefaillant
OC-002158,PAT-00160,2024-01-12 20:00:00,ActivitePas,3740.0,Bon
OC-002159,PAT-00160,2024-01-13 08:00:00,ActivitePas,2569.0,CapteurDefaillant
OC-002160,PAT-00028,2024-01-20 08:00:00,FrequenceCardiaque,77.0,Bon
OC-002161,PAT-00028,2024-01-20 14:00:00,ActivitePas,5021.0,Bon
OC-002162,PAT-00028,2024-01-20 20:00:00,ActivitePas,2487.0,Bon
OC-002163,PAT-00028,2024-01-21 08:00:00,FrequenceCardiaque,84.0,Bon
OC-002164,PAT-00028,2024-01-21 14:00:00,FrequenceCardiaque,64.0,Bon
OC-002165,PAT-00028,2024-01-21 20:00:00,Poids,56.3,Bon
OC-002166,PAT-00028,2024-01-22 08:00:00,Poids,61.4,Bon
OC-002167,PAT-00028,2024-01-22 14:00:00,Poids,73.7,Bon
OC-002168,PAT-00028,2024-01-22 20:00:00,ActivitePas,3083.0,Bon
OC-002169,PAT-00028,2024-01-23 08:00:00,ActivitePas,4666.0,Bon
OC-002170,PAT-00028,2024-01-23 14:00:00,ActivitePas,3063.0,Bon
OC-002171,PAT-00028,2024-01-23 20:00:00,FrequenceCardiaque,92.0,Bon
OC-002172,PAT-00028,2024-01-24 08:00:00,SpO2,92.0,Bon
OC-002173,PAT-00028,2024-01-24 14:00:00,SpO2,90.0,Gap
OC-002174,PAT-00028,2024-01-25 08:00:00,Poids,62.5,CapteurDefaillant
OC-002175,PAT-00028,2024-01-25 14:00:00,FrequenceCardiaque,97.0,Bon
OC-002176,PAT-00028,2024-01-25 20:00:00,FrequenceCardiaque,72.0,Bon
OC-002177,PAT-00028,2024-01-26 08:00:00,Poids,91.0,Bon
OC-002178,PAT-00028,2024-01-26 14:00:00,FrequenceCardiaque,67.0,Bon
OC-002179,PAT-00028,2024-01-26 20:00:00,FrequenceCardiaque,82.0,Bon
OC-002180,PAT-00028,2024-01-27 08:00:00,ActivitePas,6189.0,Gap
OC-002181,PAT-00028,2024-01-27 20:00:00,Poids,77.3,Bon
OC-002182,PAT-00028,2024-01-28 08:00:00,Poids,83.0,Bon
OC-002183,PAT-00028,2024-01-28 14:00:00,FrequenceCardiaque,93.0,Gap
OC-002184,PAT-00028,2024-01-29 08:00:00,FrequenceCardiaque,61.0,Bon
OC-002185,PAT-00028,2024-01-29 14:00:00,ActivitePas,5457.0,Bon
OC-002186,PAT-00028,2024-01-29 20:00:00,SpO2,96.0,Bon
OC-002187,PAT-00028,2024-01-30 14:00:00,Poids,61.9,Bon
OC-002188,PAT-00028,2024-01-30 20:00:00,ActivitePas,3505.0,Bon
OC-002189,PAT-00028,2024-01-31 08:00:00,FrequenceCardiaque,67.0,Gap
OC-002190,PAT-00028,2024-01-31 14:00:00,SpO2,96.0,Bon
OC-002191,PAT-00028,2024-01-31 20:00:00,ActivitePas,4053.0,CapteurDefaillant
OC-002192,PAT-00028,2024-02-01 08:00:00,ActivitePas,2849.0,Bon
OC-002193,PAT-00028,2024-02-01 14:00:00,FrequenceCardiaque,98.0,Bon
OC-002194,PAT-00028,2024-02-01 20:00:00,ActivitePas,5983.0,Bon
OC-002195,PAT-00028,2024-02-02 08:00:00,FrequenceCardiaque,64.0,Bon
OC-002196,PAT-00028,2024-02-02 14:00:00,FrequenceCardiaque,51.0,CapteurDefaillant
OC-002197,PAT-00028,2024-02-02 20:00:00,Poids,68.9,Gap
OC-002198,PAT-00308,2024-04-07 08:00:00,FrequenceCardiaque,74.0,Bon
OC-002199,PAT-00308,2024-04-07 14:00:00,ActivitePas,4290.0,Bon
OC-002200,PAT-00308,2024-04-08 08:00:00,FrequenceCardiaque,95.0,Bon
OC-002201,PAT-00308,2024-04-08 14:00:00,FrequenceCardiaque,64.0,Bon
OC-002202,PAT-00308,2024-04-09 08:00:00,FrequenceCardiaque,99.0,Bon
OC-002203,PAT-00308,2024-04-09 14:00:00,ActivitePas,739.0,Bon
OC-002204,PAT-00308,2024-04-09 20:00:00,SpO2,91.0,Bon
OC-002205,PAT-00308,2024-04-10 08:00:00,SpO2,91.0,Bon
OC-002206,PAT-00308,2024-04-10 14:00:00,FrequenceCardiaque,69.0,Bon
OC-002207,PAT-00308,2024-04-10 20:00:00,ActivitePas,3497.0,Bon
OC-002208,PAT-00308,2024-04-11 14:00:00,SpO2,98.0,Bon
OC-002209,PAT-00308,2024-04-12 08:00:00,SpO2,93.0,CapteurDefaillant
OC-002210,PAT-00308,2024-04-12 14:00:00,FrequenceCardiaque,88.0,Bon
OC-002211,PAT-00308,2024-04-12 20:00:00,Poids,93.4,CapteurDefaillant
OC-002212,PAT-00308,2024-04-13 08:00:00,Poids,80.0,Bon
OC-002213,PAT-00308,2024-04-13 20:00:00,SpO2,94.0,Bon
OC-002214,PAT-00308,2024-04-14 08:00:00,SpO2,93.0,Bon
OC-002215,PAT-00308,2024-04-14 14:00:00,Poids,83.2,Bon
OC-002216,PAT-00308,2024-04-14 20:00:00,FrequenceCardiaque,76.0,Bon
OC-002217,PAT-00308,2024-04-15 08:00:00,Poids,46.2,CapteurDefaillant
OC-002218,PAT-00308,2024-04-15 14:00:00,Poids,75.1,Bon
OC-002219,PAT-00308,2024-04-15 20:00:00,FrequenceCardiaque,54.0,CapteurDefaillant
OC-002220,PAT-00308,2024-04-16 08:00:00,FrequenceCardiaque,80.0,Bon
OC-002221,PAT-00308,2024-04-16 14:00:00,FrequenceCardiaque,77.0,Bon
OC-002222,PAT-00308,2024-04-16 20:00:00,FrequenceCardiaque,72.0,Bon
OC-002223,PAT-00308,2024-04-17 08:00:00,ActivitePas,372.0,Bon
OC-002224,PAT-00308,2024-04-17 14:00:00,SpO2,96.0,Bon
OC-002225,PAT-00308,2024-04-17 20:00:00,ActivitePas,4508.0,Bon
OC-002226,PAT-00308,2024-04-18 14:00:00,Poids,77.2,Gap
OC-002227,PAT-00308,2024-04-18 20:00:00,ActivitePas,3568.0,Gap
OC-002228,PAT-00308,2024-04-19 08:00:00,SpO2,93.0,Bon
OC-002229,PAT-00308,2024-04-19 14:00:00,ActivitePas,6164.0,Bon
OC-002230,PAT-00308,2024-04-19 20:00:00,SpO2,90.0,Bon
OC-002231,PAT-00308,2024-04-20 08:00:00,SpO2,94.0,Bon
OC-002232,PAT-00308,2024-04-20 20:00:00,ActivitePas,3009.0,Gap
OC-002233,PAT-00307,2024-03-03 08:00:00,ActivitePas,1918.0,Bon
OC-002234,PAT-00307,2024-03-03 14:00:00,FrequenceCardiaque,57.0,Gap
OC-002235,PAT-999999,2024-03-03 20:00:00,ActivitePas,1806.0,Bon
OC-002236,PAT-00307,2024-03-04 08:00:00,ActivitePas,650.0,Bon
OC-002237,PAT-00307,2024-03-04 14:00:00,FrequenceCardiaque,92.0,CapteurDefaillant
OC-002238,PAT-00307,2024-03-04 20:00:00,FrequenceCardiaque,73.0,Gap
OC-002239,PAT-00307,2024-03-05 14:00:00,Poids,68.1,CapteurDefaillant
OC-002240,PAT-00307,2024-03-05 20:00:00,FrequenceCardiaque,79.0,Bon
OC-002241,PAT-00307,2024-03-06 14:00:00,ActivitePas,1884.0,Bon
OC-002242,PAT-00307,2024-03-06 20:00:00,FrequenceCardiaque,81.0,CapteurDefaillant
OC-002243,PAT-00307,2024-03-07 08:00:00,ActivitePas,0.0,Bon
OC-002244,PAT-00307,2024-03-07 14:00:00,FrequenceCardiaque,85.0,Bon
OC-002245,PAT-00307,2024-03-07 20:00:00,FrequenceCardiaque,67.0,Bon
OC-002246,PAT-00307,2024-03-08 14:00:00,FrequenceCardiaque,107.0,Bon
OC-002247,PAT-00307,2024-03-08 20:00:00,SpO2,95.0,CapteurDefaillant
OC-002248,PAT-00307,2024-03-09 08:00:00,FrequenceCardiaque,74.0,Bon
OC-002249,PAT-00307,2024-03-09 14:00:00,SpO2,90.0,Bon
OC-002250,PAT-00307,2024-03-09 20:00:00,Poids,57.7,CapteurDefaillant
OC-002251,PAT-00307,2024-03-10 08:00:00,ActivitePas,2560.0,Bon
OC-002252,PAT-00307,2024-03-10 14:00:00,Poids,42.6,Bon
OC-002253,PAT-00307,2024-03-10 20:00:00,ActivitePas,1173.0,Bon
OC-002254,PAT-00307,2024-03-11 08:00:00,FrequenceCardiaque,57.0,Gap
OC-002255,PAT-00307,2024-03-11 14:00:00,FrequenceCardiaque,95.0,Bon
OC-002256,PAT-00307,2024-03-12 08:00:00,SpO2,92.0,Bon
OC-002257,PAT-00307,2024-03-12 14:00:00,SpO2,91.0,Bon
OC-002258,PAT-00307,2024-03-12 20:00:00,FrequenceCardiaque,69.0,CapteurDefaillant
OC-002259,PAT-00307,2024-03-13 14:00:00,SpO2,96.0,Bon
OC-002260,PAT-00307,2024-03-13 20:00:00,ActivitePas,3723.0,Gap
OC-002261,PAT-00307,2024-03-14 08:00:00,SpO2,91.0,Bon
OC-002262,PAT-00307,2024-03-14 14:00:00,ActivitePas,3870.0,Bon
OC-002263,PAT-00307,2024-03-14 20:00:00,SpO2,95.0,Bon
OC-002264,PAT-00307,2024-03-15 08:00:00,ActivitePas,5387.0,Bon
OC-002265,PAT-00307,2024-03-15 14:00:00,FrequenceCardiaque,79.0,Bon
OC-002266,PAT-00307,2024-03-15 20:00:00,SpO2,93.0,Gap
OC-002267,PAT-00307,2024-03-16 08:00:00,Poids,77.6,Bon
OC-002268,PAT-00307,2024-03-16 14:00:00,ActivitePas,3012.0,Bon
OC-002269,PAT-00307,2024-03-16 20:00:00,SpO2,98.0,Bon
OC-002270,PAT-00062,2024-02-16 14:00:00,SpO2,95.0,Bon
OC-002271,PAT-00062,2024-02-16 20:00:00,FrequenceCardiaque,80.0,Bon
OC-002272,PAT-00062,2024-02-17 08:00:00,Poids,59.2,Bon
OC-002273,PAT-00062,2024-02-17 20:00:00,Poids,89.6,Bon
OC-002274,PAT-00062,2024-02-18 14:00:00,ActivitePas,2396.0,Bon
OC-002275,PAT-00062,2024-02-18 20:00:00,SpO2,96.0,Bon
OC-002276,PAT-00062,2024-02-19 14:00:00,SpO2,95.0,Bon
OC-002277,PAT-00062,2024-02-19 20:00:00,Poids,54.8,Gap
OC-002278,PAT-00062,2024-02-20 08:00:00,Poids,55.7,Bon
OC-002279,PAT-00062,2024-02-20 14:00:00,Poids,76.6,Bon
OC-002280,PAT-00062,2024-02-21 08:00:00,FrequenceCardiaque,101.0,Bon
OC-002281,PAT-00062,2024-02-21 14:00:00,ActivitePas,2253.0,Bon
OC-002282,PAT-00062,2024-02-22 08:00:00,FrequenceCardiaque,66.0,Bon
OC-002283,PAT-00062,2024-02-22 14:00:00,FrequenceCardiaque,82.0,Bon
OC-002284,PAT-00062,2024-02-22 20:00:00,SpO2,92.0,Bon
OC-002285,PAT-00062,2024-02-23 08:00:00,ActivitePas,1613.0,Bon
OC-002286,PAT-00062,2024-02-23 20:00:00,SpO2,94.0,Bon
OC-002287,PAT-00062,2024-02-24 08:00:00,ActivitePas,4312.0,Bon
OC-002288,PAT-00062,2024-02-24 14:00:00,Poids,67.5,Bon
OC-002289,PAT-00062,2024-02-24 20:00:00,SpO2,93.0,Bon
OC-002290,PAT-00062,2024-02-25 08:00:00,FrequenceCardiaque,65.0,Gap
OC-002291,PAT-00062,2024-02-25 14:00:00,FrequenceCardiaque,91.0,Bon
OC-002292,PAT-00062,2024-02-25 20:00:00,ActivitePas,5405.0,Bon
OC-002293,PAT-00062,2024-02-26 08:00:00,ActivitePas,4145.0,Bon
OC-002294,PAT-00062,2024-02-26 20:00:00,FrequenceCardiaque,82.0,Bon
OC-002295,PAT-00062,2024-02-27 08:00:00,FrequenceCardiaque,87.0,CapteurDefaillant
OC-002296,PAT-00062,2024-02-27 14:00:00,FrequenceCardiaque,102.0,Bon
OC-002297,PAT-00062,2024-02-28 14:00:00,SpO2,94.0,CapteurDefaillant
OC-002298,PAT-00062,2024-02-28 20:00:00,ActivitePas,3913.0,Bon
OC-002299,PAT-00062,2024-02-29 20:00:00,SpO2,90.0,Bon
OC-002300,PAT-00495,2023-12-25 08:00:00,FrequenceCardiaque,86.0,CapteurDefaillant
OC-002301,PAT-00495,2023-12-25 14:00:00,FrequenceCardiaque,66.0,Bon
OC-002302,PAT-00495,2023-12-25 20:00:00,Poids,80.1,Bon
OC-002303,PAT-00495,2023-12-26 08:00:00,FrequenceCardiaque,82.0,Bon
OC-002304,PAT-00495,2023-12-26 14:00:00,ActivitePas,5199.0,Bon
OC-002305,PAT-00495,2023-12-26 20:00:00,ActivitePas,3101.0,Bon
OC-002306,PAT-00495,2023-12-27 08:00:00,SpO2,93.0,Bon
OC-002307,PAT-00495,2023-12-27 14:00:00,FrequenceCardiaque,99.0,Bon
OC-002308,PAT-00495,2023-12-27 20:00:00,ActivitePas,3698.0,Gap
OC-002309,PAT-00495,2023-12-28 08:00:00,Poids,90.3,Bon
OC-002310,PAT-00495,2023-12-28 14:00:00,FrequenceCardiaque,77.0,Bon
OC-002311,PAT-00495,2023-12-29 08:00:00,SpO2,94.0,Bon
OC-002312,PAT-00495,2023-12-29 14:00:00,ActivitePas,1245.0,Bon
OC-002313,PAT-00495,2023-12-29 20:00:00,ActivitePas,1018.0,Bon
OC-002314,PAT-00495,2023-12-30 08:00:00,ActivitePas,1753.0,Bon
OC-002315,PAT-00495,2023-12-30 14:00:00,FrequenceCardiaque,77.0,Gap
OC-002316,PAT-00495,2023-12-30 20:00:00,ActivitePas,2437.0,Bon
OC-002317,PAT-00495,2023-12-31 08:00:00,FrequenceCardiaque,95.0,Bon
OC-002318,PAT-00495,2023-12-31 14:00:00,ActivitePas,3381.0,Bon
OC-002319,PAT-00495,2024-01-01 14:00:00,FrequenceCardiaque,74.0,CapteurDefaillant
OC-002320,PAT-00495,2024-01-01 20:00:00,FrequenceCardiaque,70.0,Bon
OC-002321,PAT-00495,2024-01-02 08:00:00,FrequenceCardiaque,68.0,Bon
OC-002322,PAT-00495,2024-01-03 08:00:00,Poids,41.6,Bon
OC-002323,PAT-00495,2024-01-04 08:00:00,SpO2,96.0,Bon
OC-002324,PAT-00495,2024-01-04 14:00:00,SpO2,100.0,Bon
OC-002325,PAT-00495,2024-01-04 20:00:00,ActivitePas,4675.0,Bon
OC-002326,PAT-00495,2024-01-05 08:00:00,FrequenceCardiaque,92.0,Bon
OC-002327,PAT-00495,2024-01-05 14:00:00,ActivitePas,5526.0,CapteurDefaillant
OC-002328,PAT-00495,2024-01-05 20:00:00,ActivitePas,1461.0,Bon
OC-002329,PAT-00495,2024-01-06 08:00:00,FrequenceCardiaque,86.0,CapteurDefaillant
OC-002330,PAT-00495,2024-01-06 14:00:00,ActivitePas,2638.0,Bon
OC-002331,PAT-00495,2024-01-06 20:00:00,FrequenceCardiaque,88.0,Bon
OC-002332,PAT-00495,2024-01-07 08:00:00,ActivitePas,4239.0,Gap
OC-002333,PAT-00495,2024-01-07 14:00:00,ActivitePas,3113.0,Bon
OC-002334,PAT-00495,2024-01-07 20:00:00,ActivitePas,3055.0,Bon
OC-002335,PAT-00097,2024-05-25 08:00:00,FrequenceCardiaque,74.0,Bon
OC-002336,PAT-00097,2024-05-25 14:00:00,Poids,76.5,Bon
OC-002337,PAT-00097,2024-05-25 20:00:00,ActivitePas,1736.0,Bon
OC-002338,PAT-00097,2024-05-26 08:00:00,FrequenceCardiaque,67.0,Bon
OC-002339,PAT-00097,2024-05-26 14:00:00,Poids,82.6,Bon
OC-002340,PAT-00097,2024-05-26 20:00:00,SpO2,95.0,Bon
OC-002341,PAT-00097,2024-05-27 08:00:00,Poids,91.8,Bon
OC-002342,PAT-00097,2024-05-27 14:00:00,ActivitePas,2552.0,Bon
OC-002343,PAT-00097,2024-05-27 20:00:00,Poids,116.5,CapteurDefaillant
OC-002344,PAT-00097,2024-05-28 08:00:00,Poids,104.1,CapteurDefaillant
OC-002345,PAT-00097,2024-05-28 14:00:00,ActivitePas,1141.0,Bon
OC-002346,PAT-00097,2024-05-28 20:00:00,ActivitePas,4726.0,Bon
OC-002347,PAT-00097,2024-05-29 08:00:00,ActivitePas,2832.0,Bon
OC-002348,PAT-00097,2024-05-29 14:00:00,FrequenceCardiaque,66.0,Bon
OC-002349,PAT-00097,2024-05-29 20:00:00,Poids,59.1,Bon
OC-002350,PAT-00097,2024-05-30 08:00:00,ActivitePas,3916.0,Bon
OC-002351,PAT-00097,2024-05-30 14:00:00,FrequenceCardiaque,88.0,Bon
OC-002352,PAT-00097,2024-05-30 20:00:00,ActivitePas,0.0,Bon
OC-002353,PAT-00097,2024-05-31 14:00:00,Poids,93.5,CapteurDefaillant
OC-002354,PAT-00097,2024-06-01 08:00:00,FrequenceCardiaque,93.0,Bon
OC-002355,PAT-00097,2024-06-01 14:00:00,SpO2,96.0,Bon
OC-002356,PAT-00097,2024-06-01 20:00:00,FrequenceCardiaque,68.0,Bon
OC-002357,PAT-00097,2024-06-02 08:00:00,Poids,60.7,Bon
OC-002358,PAT-00097,2024-06-02 14:00:00,FrequenceCardiaque,80.0,Bon
OC-002359,PAT-00097,2024-06-02 20:00:00,ActivitePas,3331.0,Bon
OC-002360,PAT-00097,2024-06-03 08:00:00,SpO2,95.0,Bon
OC-002361,PAT-00097,2024-06-03 14:00:00,ActivitePas,3391.0,Gap
OC-002362,PAT-00097,2024-06-03 20:00:00,ActivitePas,3496.0,Bon
OC-002363,PAT-00097,2024-06-04 08:00:00,FrequenceCardiaque,84.0,Bon
OC-002364,PAT-00097,2024-06-04 14:00:00,SpO2,98.0,Gap
OC-002365,PAT-00097,2024-06-04 20:00:00,ActivitePas,5715.0,Bon
OC-002366,PAT-00097,2024-06-05 08:00:00,SpO2,93.0,Bon
OC-002367,PAT-00097,2024-06-05 14:00:00,ActivitePas,6569.0,Bon
OC-002368,PAT-00097,2024-06-05 20:00:00,SpO2,99.0,Bon
OC-002369,PAT-00097,2024-06-06 08:00:00,Poids,79.0,Bon
OC-002370,PAT-00097,2024-06-06 14:00:00,FrequenceCardiaque,72.0,Bon
OC-002371,PAT-00097,2024-06-06 20:00:00,ActivitePas,3900.0,Gap
OC-002372,PAT-00097,2024-06-07 08:00:00,ActivitePas,2076.0,Bon
OC-002373,PAT-00097,2024-06-07 14:00:00,Poids,63.5,Bon
OC-002374,PAT-00097,2024-06-07 20:00:00,ActivitePas,5697.0,Bon
OC-002375,PAT-00237,2024-05-18 08:00:00,ActivitePas,3073.0,Bon
OC-002376,PAT-00237,2024-05-18 20:00:00,ActivitePas,1181.0,Bon
OC-002377,PAT-00237,2024-05-19 08:00:00,SpO2,96.0,Bon
OC-002378,PAT-00237,2024-05-19 14:00:00,Poids,61.8,Gap
OC-002379,PAT-00237,2024-05-20 08:00:00,Poids,60.9,CapteurDefaillant
OC-002380,PAT-00237,2024-05-20 14:00:00,FrequenceCardiaque,62.0,Bon
OC-002381,PAT-00237,2024-05-20 20:00:00,SpO2,92.0,CapteurDefaillant
OC-002382,PAT-00237,2024-05-21 08:00:00,ActivitePas,2814.0,Gap
OC-002383,PAT-00237,2024-05-21 14:00:00,ActivitePas,6315.0,Bon
OC-002384,PAT-00237,2024-05-21 20:00:00,SpO2,95.0,Bon
OC-002385,PAT-00237,2024-05-22 14:00:00,ActivitePas,3193.0,Bon
OC-002386,PAT-00237,2024-05-22 20:00:00,ActivitePas,4574.0,Bon
OC-002387,PAT-00237,2024-05-23 08:00:00,FrequenceCardiaque,86.0,Bon
OC-002388,PAT-00237,2024-05-23 14:00:00,SpO2,97.0,Bon
OC-002389,PAT-00237,2024-05-23 20:00:00,SpO2,95.0,Bon
OC-002390,PAT-00237,2024-05-24 08:00:00,ActivitePas,4898.0,Bon
OC-002391,PAT-00237,2024-05-24 14:00:00,FrequenceCardiaque,70.0,Bon
OC-002392,PAT-00237,2024-05-24 20:00:00,FrequenceCardiaque,79.0,Bon
OC-002393,PAT-00237,2024-05-25 08:00:00,SpO2,98.0,Bon
OC-002394,PAT-00237,2024-05-25 14:00:00,ActivitePas,5729.0,Bon
OC-002395,PAT-00237,2024-05-25 20:00:00,ActivitePas,4573.0,Bon
OC-002396,PAT-00237,2024-05-26 08:00:00,Poids,55.9,Bon
OC-002397,PAT-00237,2024-05-26 14:00:00,ActivitePas,2476.0,Bon
OC-002398,PAT-00237,2024-05-26 20:00:00,SpO2,95.0,Bon
OC-002399,PAT-00237,2024-05-27 08:00:00,Poids,59.3,Bon
OC-002400,PAT-00237,2024-05-27 14:00:00,SpO2,95.0,Bon
OC-002401,PAT-00237,2024-05-27 20:00:00,ActivitePas,2370.0,Bon
OC-002402,PAT-00237,2024-05-28 08:00:00,SpO2,89.0,Bon
OC-002403,PAT-00237,2024-05-28 14:00:00,ActivitePas,0.0,CapteurDefaillant
OC-002404,PAT-00237,2024-05-28 20:00:00,Poids,78.6,Bon
OC-002405,PAT-00237,2024-05-29 08:00:00,ActivitePas,3363.0,Bon
OC-002406,PAT-00237,2024-05-29 14:00:00,Poids,88.2,Bon
OC-002407,PAT-00237,2024-05-29 20:00:00,FrequenceCardiaque,91.0,Bon
OC-002408,PAT-00237,2024-05-30 08:00:00,FrequenceCardiaque,80.0,Bon
OC-002409,PAT-00237,2024-05-30 14:00:00,SpO2,91.0,Bon
OC-002410,PAT-00237,2024-05-30 20:00:00,ActivitePas,4385.0,Bon
OC-002411,PAT-00237,2024-05-31 08:00:00,ActivitePas,5694.0,Bon
OC-002412,PAT-00237,2024-05-31 14:00:00,SpO2,98.0,Bon
OC-002413,PAT-00237,2024-05-31 20:00:00,ActivitePas,2812.0,Bon
OC-002414,PAT-00509,2024-03-27 08:00:00,Poids,66.8,Bon
OC-002415,PAT-00509,2024-03-27 14:00:00,ActivitePas,337.0,Bon
OC-002416,PAT-00509,2024-03-27 20:00:00,ActivitePas,854.0,Bon
OC-002417,PAT-00509,2024-03-28 08:00:00,ActivitePas,2742.0,Bon
OC-002418,PAT-00509,2024-03-28 14:00:00,FrequenceCardiaque,83.0,Bon
OC-002419,PAT-00509,2024-03-29 08:00:00,FrequenceCardiaque,70.0,Bon
OC-002420,PAT-00509,2024-03-29 14:00:00,FrequenceCardiaque,72.0,Bon
OC-002421,PAT-00509,2024-03-29 20:00:00,SpO2,95.0,Bon
OC-002422,PAT-00509,2024-03-30 08:00:00,ActivitePas,1834.0,Bon
OC-002423,PAT-00509,2024-03-30 14:00:00,FrequenceCardiaque,96.0,Bon
OC-002424,PAT-00509,2024-03-30 20:00:00,Poids,98.0,Bon
OC-002425,PAT-00509,2024-03-31 08:00:00,FrequenceCardiaque,87.0,Bon
OC-002426,PAT-00509,2024-03-31 14:00:00,FrequenceCardiaque,86.0,CapteurDefaillant
OC-002427,PAT-00509,2024-03-31 20:00:00,FrequenceCardiaque,66.0,Bon
OC-002428,PAT-00509,2024-04-01 08:00:00,FrequenceCardiaque,73.0,Bon
OC-002429,PAT-00509,2024-04-02 08:00:00,SpO2,87.0,Bon
OC-002430,PAT-00509,2024-04-02 14:00:00,Poids,81.4,Bon
OC-002431,PAT-00509,2024-04-02 20:00:00,ActivitePas,3638.0,Bon
OC-002432,PAT-00509,2024-04-03 08:00:00,ActivitePas,4549.0,Bon
OC-002433,PAT-00509,2024-04-03 14:00:00,ActivitePas,3127.0,Bon
OC-002434,PAT-00509,2024-04-03 20:00:00,ActivitePas,3718.0,Bon
OC-002435,PAT-00509,2024-04-04 08:00:00,SpO2,95.0,Bon
OC-002436,PAT-00509,2024-04-04 14:00:00,SpO2,98.0,Bon
OC-002437,PAT-00509,2024-04-04 20:00:00,FrequenceCardiaque,92.0,Bon
OC-002438,PAT-00509,2024-04-05 08:00:00,ActivitePas,4211.0,Bon
OC-002439,PAT-00509,2024-04-05 14:00:00,SpO2,93.0,Bon
OC-002440,PAT-00509,2024-04-05 20:00:00,SpO2,97.0,Gap
OC-002441,PAT-00509,2024-04-06 08:00:00,Poids,82.0,Bon
OC-002442,PAT-00509,2024-04-06 14:00:00,Poids,64.5,Gap
OC-002443,PAT-00509,2024-04-06 20:00:00,Poids,89.6,Bon
OC-002444,PAT-00509,2024-04-07 14:00:00,FrequenceCardiaque,73.0,Bon
OC-002445,PAT-00509,2024-04-07 20:00:00,ActivitePas,6475.0,Bon
OC-002446,PAT-00509,2024-04-08 08:00:00,ActivitePas,3155.0,Bon
OC-002447,PAT-00509,2024-04-08 14:00:00,SpO2,92.0,Bon
OC-002448,PAT-00509,2024-04-08 20:00:00,ActivitePas,2208.0,Bon
OC-002449,PAT-00509,2024-04-09 08:00:00,ActivitePas,5349.0,Bon
OC-002450,PAT-00509,2024-04-09 14:00:00,ActivitePas,3657.0,Bon
OC-002451,PAT-00509,2024-04-09 20:00:00,SpO2,92.0,Bon
OC-002452,PAT-00296,2023-12-24 08:00:00,FrequenceCardiaque,75.0,Bon
OC-002453,PAT-00296,2023-12-24 14:00:00,SpO2,95.0,Bon
OC-002454,PAT-00296,2023-12-24 20:00:00,Poids,84.4,Bon
OC-002455,PAT-00296,2023-12-25 08:00:00,SpO2,97.0,Bon
OC-002456,PAT-00296,2023-12-25 14:00:00,ActivitePas,4947.0,Bon
OC-002457,PAT-00296,2023-12-25 20:00:00,ActivitePas,6113.0,Bon
OC-002458,PAT-00296,2023-12-26 08:00:00,ActivitePas,3851.0,Bon
OC-002459,PAT-00296,2023-12-26 14:00:00,FrequenceCardiaque,86.0,Bon
OC-002460,PAT-00296,2023-12-26 20:00:00,Poids,58.4,Bon
OC-002461,PAT-00296,2023-12-27 08:00:00,Poids,55.2,Bon
OC-002462,PAT-00296,2023-12-27 14:00:00,ActivitePas,2548.0,Gap
OC-002463,PAT-00296,2023-12-27 20:00:00,FrequenceCardiaque,55.0,Bon
OC-002464,PAT-00296,2023-12-28 08:00:00,ActivitePas,1471.0,Bon
OC-002465,PAT-00296,2023-12-28 20:00:00,SpO2,97.0,Bon
OC-002466,PAT-00296,2023-12-29 14:00:00,FrequenceCardiaque,68.0,Bon
OC-002467,PAT-00296,2023-12-29 20:00:00,Poids,62.5,Bon
OC-002468,PAT-00296,2023-12-30 08:00:00,SpO2,89.0,Bon
OC-002469,PAT-00296,2023-12-30 14:00:00,FrequenceCardiaque,83.0,Bon
OC-002470,PAT-00296,2023-12-30 20:00:00,FrequenceCardiaque,66.0,Bon
OC-002471,PAT-00296,2023-12-31 08:00:00,Poids,67.8,Bon
OC-002472,PAT-00296,2023-12-31 14:00:00,SpO2,90.0,Bon
OC-002473,PAT-00296,2023-12-31 20:00:00,SpO2,94.0,Bon
OC-002474,PAT-00296,2024-01-01 14:00:00,ActivitePas,3080.0,Bon
OC-002475,PAT-00296,2024-01-01 20:00:00,ActivitePas,5277.0,Bon
OC-002476,PAT-00296,2024-01-02 08:00:00,SpO2,92.0,Bon
OC-002477,PAT-00296,2024-01-02 14:00:00,FrequenceCardiaque,63.0,Bon
OC-002478,PAT-00296,2024-01-02 20:00:00,ActivitePas,5640.0,Gap
OC-002479,PAT-00296,2024-01-03 08:00:00,SpO2,97.0,Bon
OC-002480,PAT-00296,2024-01-03 14:00:00,ActivitePas,2536.0,CapteurDefaillant
OC-002481,PAT-00296,2024-01-03 20:00:00,ActivitePas,2149.0,Bon
OC-002482,PAT-00296,2024-01-04 14:00:00,ActivitePas,3288.0,Bon
OC-002483,PAT-00296,2024-01-04 20:00:00,ActivitePas,1326.0,Bon
OC-002484,PAT-00296,2024-01-05 08:00:00,ActivitePas,1944.0,Bon
OC-002485,PAT-00296,2024-01-05 14:00:00,ActivitePas,3608.0,Bon
OC-002486,PAT-00296,2024-01-05 20:00:00,Poids,81.8,Gap
OC-002487,PAT-00296,2024-01-06 14:00:00,FrequenceCardiaque,71.0,Gap
OC-002488,PAT-00419,2024-03-08 08:00:00,FrequenceCardiaque,91.0,Bon
OC-002489,PAT-00419,2024-03-08 14:00:00,FrequenceCardiaque,94.0,Bon
OC-002490,PAT-00419,2024-03-08 20:00:00,SpO2,96.0,Bon
OC-002491,PAT-00419,2024-03-09 08:00:00,SpO2,99.0,Bon
OC-002492,PAT-00419,2024-03-09 14:00:00,ActivitePas,2178.0,Bon
OC-002493,PAT-00419,2024-03-10 08:00:00,SpO2,93.0,Gap
OC-002494,PAT-00419,2024-03-10 14:00:00,FrequenceCardiaque,75.0,Bon
OC-002495,PAT-00419,2024-03-10 20:00:00,Poids,71.0,Bon
OC-002496,PAT-00419,2024-03-11 08:00:00,FrequenceCardiaque,72.0,Bon
OC-002497,PAT-00419,2024-03-11 20:00:00,ActivitePas,3505.0,Bon
OC-002498,PAT-00419,2024-03-12 08:00:00,ActivitePas,2631.0,Bon
OC-002499,PAT-00419,2024-03-12 14:00:00,Poids,69.7,Bon
OC-002500,PAT-00419,2024-03-12 20:00:00,SpO2,94.0,Bon
OC-002501,PAT-00419,2024-03-13 08:00:00,FrequenceCardiaque,73.0,Bon
OC-002502,PAT-00419,2024-03-13 14:00:00,Poids,46.0,Bon
OC-002503,PAT-00419,2024-03-13 20:00:00,ActivitePas,3075.0,Bon
OC-002504,PAT-00419,2024-03-14 14:00:00,ActivitePas,2126.0,Gap
OC-002505,PAT-00419,2024-03-14 20:00:00,FrequenceCardiaque,67.0,Bon
OC-002506,PAT-00419,2024-03-15 14:00:00,ActivitePas,5188.0,Bon
OC-002507,PAT-00419,2024-03-15 20:00:00,Poids,68.1,Bon
OC-002508,PAT-00419,2024-03-16 08:00:00,SpO2,89.0,Gap
OC-002509,PAT-999999,2024-03-16 14:00:00,FrequenceCardiaque,93.0,Gap
OC-002510,PAT-00419,2024-03-17 08:00:00,ActivitePas,6851.0,Bon
OC-002511,PAT-00419,2024-03-17 14:00:00,ActivitePas,1039.0,Bon
OC-002512,PAT-00419,2024-03-17 20:00:00,ActivitePas,3363.0,Bon
OC-002513,PAT-00419,2024-03-18 08:00:00,Poids,81.2,Bon
OC-002514,PAT-00419,2024-03-18 14:00:00,SpO2,97.0,CapteurDefaillant
OC-002515,PAT-00419,2024-03-18 20:00:00,ActivitePas,4283.0,Bon
OC-002516,PAT-00419,2024-03-19 08:00:00,ActivitePas,2483.0,Bon
OC-002517,PAT-00419,2024-03-19 14:00:00,Poids,93.6,Bon
OC-002518,PAT-00419,2024-03-19 20:00:00,Poids,49.0,Bon
OC-002519,PAT-00419,2024-03-20 08:00:00,ActivitePas,115.0,Gap
OC-002520,PAT-00419,2024-03-20 14:00:00,FrequenceCardiaque,64.0,Bon
OC-002521,PAT-00419,2024-03-20 20:00:00,FrequenceCardiaque,67.0,Bon
OC-002522,PAT-00419,2024-03-21 14:00:00,SpO2,98.0,Bon
OC-002523,PAT-00478,2024-04-07 08:00:00,FrequenceCardiaque,80.0,Bon
OC-002524,PAT-00478,2024-04-07 14:00:00,Poids,89.9,Bon
OC-002525,PAT-00478,2024-04-07 20:00:00,ActivitePas,5245.0,Bon
OC-002526,PAT-00478,2024-04-08 14:00:00,FrequenceCardiaque,90.0,Bon
OC-002527,PAT-00478,2024-04-08 20:00:00,ActivitePas,6638.0,Bon
OC-002528,PAT-00478,2024-04-09 14:00:00,SpO2,91.0,Bon
OC-002529,PAT-00478,2024-04-09 20:00:00,ActivitePas,3637.0,Bon
OC-002530,PAT-00478,2024-04-10 08:00:00,FrequenceCardiaque,74.0,Gap
OC-002531,PAT-00478,2024-04-10 14:00:00,ActivitePas,5037.0,Bon
OC-002532,PAT-00478,2024-04-10 20:00:00,ActivitePas,5939.0,CapteurDefaillant
OC-002533,PAT-00478,2024-04-11 08:00:00,FrequenceCardiaque,68.0,Bon
OC-002534,PAT-00478,2024-04-11 14:00:00,ActivitePas,6322.0,Bon
OC-002535,PAT-00478,2024-04-11 20:00:00,ActivitePas,3357.0,Bon
OC-002536,PAT-00478,2024-04-12 08:00:00,ActivitePas,851.0,CapteurDefaillant
OC-002537,PAT-00478,2024-04-12 14:00:00,ActivitePas,2705.0,Bon
OC-002538,PAT-00478,2024-04-13 08:00:00,ActivitePas,2269.0,Bon
OC-002539,PAT-00478,2024-04-13 20:00:00,FrequenceCardiaque,105.0,Bon
OC-002540,PAT-00478,2024-04-14 08:00:00,FrequenceCardiaque,64.0,Bon
OC-002541,PAT-999999,2024-04-14 14:00:00,SpO2,95.0,Bon
OC-002542,PAT-00478,2024-04-14 20:00:00,SpO2,94.0,Bon
OC-002543,PAT-00478,2024-04-15 08:00:00,ActivitePas,3077.0,Bon
OC-002544,PAT-00478,2024-04-15 14:00:00,ActivitePas,2122.0,CapteurDefaillant
OC-002545,PAT-00478,2024-04-15 20:00:00,FrequenceCardiaque,61.0,Bon
OC-002546,PAT-00478,2024-04-16 08:00:00,ActivitePas,2061.0,Bon
OC-002547,PAT-00478,2024-04-16 14:00:00,SpO2,100.0,Bon
OC-002548,PAT-00478,2024-04-16 20:00:00,ActivitePas,1224.0,Bon
OC-002549,PAT-00478,2024-04-17 08:00:00,SpO2,100.0,Bon
OC-002550,PAT-00478,2024-04-17 14:00:00,FrequenceCardiaque,100.0,Bon
OC-002551,PAT-00478,2024-04-17 20:00:00,FrequenceCardiaque,71.0,Bon
OC-002552,PAT-00478,2024-04-18 08:00:00,ActivitePas,4129.0,Bon
OC-002553,PAT-00478,2024-04-18 14:00:00,Poids,69.6,Bon
OC-002554,PAT-00478,2024-04-18 20:00:00,SpO2,92.0,Bon
OC-002555,PAT-00478,2024-04-19 08:00:00,ActivitePas,4203.0,Bon
OC-002556,PAT-00478,2024-04-19 14:00:00,ActivitePas,2261.0,Bon
OC-002557,PAT-00478,2024-04-19 20:00:00,SpO2,100.0,Bon
OC-002558,PAT-00478,2024-04-20 14:00:00,ActivitePas,2108.0,Bon
OC-002559,PAT-00478,2024-04-20 20:00:00,Poids,78.2,Bon
OC-002560,PAT-00535,2024-01-17 08:00:00,SpO2,93.0,Bon
OC-002561,PAT-00535,2024-01-17 14:00:00,ActivitePas,3240.0,Bon
OC-002562,PAT-00535,2024-01-17 20:00:00,FrequenceCardiaque,92.0,Bon
OC-002563,PAT-00535,2024-01-18 08:00:00,SpO2,89.0,Bon
OC-002564,PAT-00535,2024-01-18 14:00:00,Poids,71.0,Gap
OC-002565,PAT-00535,2024-01-18 20:00:00,SpO2,91.0,Bon
OC-002566,PAT-00535,2024-01-19 08:00:00,ActivitePas,7359.0,Bon
OC-002567,PAT-00535,2024-01-19 14:00:00,ActivitePas,3192.0,Bon
OC-002568,PAT-00535,2024-01-19 20:00:00,ActivitePas,5141.0,Bon
OC-002569,PAT-00535,2024-01-20 14:00:00,ActivitePas,3248.0,Bon
OC-002570,PAT-00535,2024-01-20 20:00:00,Poids,88.5,Bon
OC-002571,PAT-00535,2024-01-21 14:00:00,FrequenceCardiaque,77.0,Bon
OC-002572,PAT-00535,2024-01-21 20:00:00,FrequenceCardiaque,75.0,Bon
OC-002573,PAT-00535,2024-01-22 08:00:00,SpO2,95.0,CapteurDefaillant
OC-002574,PAT-00535,2024-01-22 20:00:00,SpO2,95.0,Gap
OC-002575,PAT-00535,2024-01-23 08:00:00,FrequenceCardiaque,92.0,Bon
OC-002576,PAT-00535,2024-01-23 14:00:00,FrequenceCardiaque,65.0,Bon
OC-002577,PAT-00535,2024-01-23 20:00:00,FrequenceCardiaque,55.0,Bon
OC-002578,PAT-00535,2024-01-24 14:00:00,Poids,117.6,CapteurDefaillant
OC-002579,PAT-00535,2024-01-24 20:00:00,Poids,73.3,Bon
OC-002580,PAT-00535,2024-01-25 08:00:00,ActivitePas,2095.0,Bon
OC-002581,PAT-00535,2024-01-25 20:00:00,FrequenceCardiaque,75.0,Bon
OC-002582,PAT-00535,2024-01-26 08:00:00,FrequenceCardiaque,63.0,Bon
OC-002583,PAT-00535,2024-01-26 14:00:00,SpO2,95.0,Bon
OC-002584,PAT-00535,2024-01-26 20:00:00,SpO2,98.0,Bon
OC-002585,PAT-00535,2024-01-27 14:00:00,ActivitePas,3686.0,Bon
OC-002586,PAT-00535,2024-01-27 20:00:00,FrequenceCardiaque,85.0,Bon
OC-002587,PAT-00535,2024-01-28 08:00:00,FrequenceCardiaque,76.0,Bon
OC-002588,PAT-00535,2024-01-28 14:00:00,SpO2,93.0,Bon
OC-002589,PAT-00535,2024-01-29 08:00:00,ActivitePas,1069.0,Bon
OC-002590,PAT-00535,2024-01-29 14:00:00,Poids,75.7,Bon
OC-002591,PAT-999999,2024-01-29 20:00:00,FrequenceCardiaque,77.0,Bon
OC-002592,PAT-00535,2024-01-30 08:00:00,FrequenceCardiaque,58.0,Bon
OC-002593,PAT-00535,2024-01-30 20:00:00,FrequenceCardiaque,65.0,Bon
OC-002594,PAT-00112,2024-02-01 08:00:00,ActivitePas,2469.0,Bon
OC-002595,PAT-00112,2024-02-01 14:00:00,FrequenceCardiaque,82.0,Bon
OC-002596,PAT-00112,2024-02-02 08:00:00,FrequenceCardiaque,69.0,Bon
OC-002597,PAT-00112,2024-02-02 20:00:00,Poids,74.2,Bon
OC-002598,PAT-999999,2024-02-03 08:00:00,SpO2,89.0,Bon
OC-002599,PAT-00112,2024-02-03 14:00:00,ActivitePas,2795.0,Bon
OC-002600,PAT-00112,2024-02-03 20:00:00,ActivitePas,5464.0,Bon
OC-002601,PAT-00112,2024-02-04 08:00:00,ActivitePas,1284.0,CapteurDefaillant
OC-002602,PAT-00112,2024-02-04 14:00:00,SpO2,95.0,Bon
OC-002603,PAT-00112,2024-02-04 20:00:00,Poids,72.4,Bon
OC-002604,PAT-999999,2024-02-05 08:00:00,SpO2,93.0,Bon
OC-002605,PAT-00112,2024-02-05 14:00:00,Poids,89.4,Bon
OC-002606,PAT-00112,2024-02-05 20:00:00,SpO2,96.0,Gap
OC-002607,PAT-00112,2024-02-06 08:00:00,SpO2,91.0,Bon
OC-002608,PAT-00112,2024-02-06 20:00:00,Poids,74.0,Bon
OC-002609,PAT-00112,2024-02-07 08:00:00,FrequenceCardiaque,87.0,Bon
OC-002610,PAT-00112,2024-02-07 14:00:00,FrequenceCardiaque,93.0,Bon
OC-002611,PAT-00112,2024-02-07 20:00:00,Poids,66.6,Bon
OC-002612,PAT-00112,2024-02-08 08:00:00,SpO2,98.0,Bon
OC-002613,PAT-00112,2024-02-08 14:00:00,FrequenceCardiaque,79.0,Bon
OC-002614,PAT-00112,2024-02-08 20:00:00,FrequenceCardiaque,84.0,Bon
OC-002615,PAT-00112,2024-02-09 08:00:00,ActivitePas,3496.0,Bon
OC-002616,PAT-00112,2024-02-09 14:00:00,FrequenceCardiaque,95.0,Bon
OC-002617,PAT-00112,2024-02-09 20:00:00,ActivitePas,3190.0,Bon
OC-002618,PAT-00112,2024-02-10 08:00:00,SpO2,94.0,Bon
OC-002619,PAT-00112,2024-02-10 14:00:00,ActivitePas,3619.0,Bon
OC-002620,PAT-00112,2024-02-10 20:00:00,ActivitePas,3819.0,Bon
OC-002621,PAT-00112,2024-02-11 08:00:00,Poids,79.6,Bon
OC-002622,PAT-00112,2024-02-11 14:00:00,Poids,89.3,Bon
OC-002623,PAT-999999,2024-02-11 20:00:00,SpO2,98.0,Bon
OC-002624,PAT-00112,2024-02-12 14:00:00,SpO2,95.0,Bon
OC-002625,PAT-00112,2024-02-12 20:00:00,FrequenceCardiaque,64.0,Bon
OC-002626,PAT-00112,2024-02-13 08:00:00,FrequenceCardiaque,66.0,Bon
OC-002627,PAT-00112,2024-02-13 14:00:00,ActivitePas,3320.0,Bon
OC-002628,PAT-00112,2024-02-13 20:00:00,ActivitePas,5489.0,Bon
OC-002629,PAT-00112,2024-02-14 08:00:00,SpO2,93.0,Bon
OC-002630,PAT-00112,2024-02-14 14:00:00,FrequenceCardiaque,70.0,Bon
OC-002631,PAT-00112,2024-02-14 20:00:00,SpO2,94.0,Bon
OC-002632,PAT-00075,2023-11-19 08:00:00,SpO2,97.0,Bon
OC-002633,PAT-00075,2023-11-19 14:00:00,FrequenceCardiaque,54.0,Bon
OC-002634,PAT-00075,2023-11-20 14:00:00,FrequenceCardiaque,64.0,Bon
OC-002635,PAT-00075,2023-11-20 20:00:00,SpO2,100.0,Bon
OC-002636,PAT-00075,2023-11-21 08:00:00,FrequenceCardiaque,94.0,Bon
OC-002637,PAT-00075,2023-11-21 14:00:00,ActivitePas,0.0,Bon
OC-002638,PAT-999999,2023-11-22 08:00:00,SpO2,91.0,Bon
OC-002639,PAT-00075,2023-11-22 20:00:00,FrequenceCardiaque,72.0,Bon
OC-002640,PAT-00075,2023-11-23 14:00:00,ActivitePas,0.0,Bon
OC-002641,PAT-00075,2023-11-23 20:00:00,SpO2,89.0,Bon
OC-002642,PAT-00075,2023-11-24 14:00:00,FrequenceCardiaque,73.0,Gap
OC-002643,PAT-999999,2023-11-24 20:00:00,FrequenceCardiaque,51.0,Bon
OC-002644,PAT-00075,2023-11-25 08:00:00,ActivitePas,3888.0,CapteurDefaillant
OC-002645,PAT-00075,2023-11-25 20:00:00,ActivitePas,6984.0,Gap
OC-002646,PAT-00075,2023-11-26 08:00:00,Poids,55.6,Bon
OC-002647,PAT-00075,2023-11-26 14:00:00,SpO2,91.0,Bon
OC-002648,PAT-00075,2023-11-26 20:00:00,FrequenceCardiaque,70.0,Gap
OC-002649,PAT-00075,2023-11-27 14:00:00,SpO2,88.0,CapteurDefaillant
OC-002650,PAT-00075,2023-11-27 20:00:00,ActivitePas,2097.0,Gap
OC-002651,PAT-00075,2023-11-28 08:00:00,Poids,70.6,Bon
OC-002652,PAT-00075,2023-11-28 14:00:00,SpO2,92.0,Bon
OC-002653,PAT-00075,2023-11-28 20:00:00,FrequenceCardiaque,93.0,Bon
OC-002654,PAT-00075,2023-11-29 08:00:00,FrequenceCardiaque,80.0,Bon
OC-002655,PAT-00075,2023-11-30 08:00:00,FrequenceCardiaque,80.0,Bon
OC-002656,PAT-00075,2023-11-30 14:00:00,Poids,89.6,Bon
OC-002657,PAT-00075,2023-11-30 20:00:00,FrequenceCardiaque,49.0,Bon
OC-002658,PAT-00075,2023-12-01 08:00:00,ActivitePas,2508.0,Bon
OC-002659,PAT-00075,2023-12-01 20:00:00,SpO2,100.0,Bon
OC-002660,PAT-00075,2023-12-02 08:00:00,ActivitePas,2428.0,Bon
OC-002661,PAT-00075,2023-12-02 14:00:00,SpO2,94.0,Bon
OC-002662,PAT-00075,2023-12-02 20:00:00,FrequenceCardiaque,73.0,CapteurDefaillant
OC-002663,PAT-00066,2024-05-13 08:00:00,Poids,111.4,Gap
OC-002664,PAT-00066,2024-05-13 14:00:00,Poids,89.6,CapteurDefaillant
OC-002665,PAT-00066,2024-05-14 08:00:00,ActivitePas,1891.0,Bon
OC-002666,PAT-00066,2024-05-14 14:00:00,SpO2,92.0,Bon
OC-002667,PAT-00066,2024-05-14 20:00:00,SpO2,88.0,Bon
OC-002668,PAT-00066,2024-05-15 08:00:00,Poids,57.8,Bon
OC-002669,PAT-00066,2024-05-15 14:00:00,Poids,66.5,Bon
OC-002670,PAT-00066,2024-05-15 20:00:00,SpO2,93.0,Bon
OC-002671,PAT-00066,2024-05-16 08:00:00,Poids,77.3,Bon
OC-002672,PAT-00066,2024-05-16 20:00:00,ActivitePas,4404.0,Bon
OC-002673,PAT-00066,2024-05-17 08:00:00,Poids,74.3,Bon
OC-002674,PAT-00066,2024-05-17 20:00:00,FrequenceCardiaque,91.0,Bon
OC-002675,PAT-00066,2024-05-18 08:00:00,FrequenceCardiaque,83.0,Bon
OC-002676,PAT-00066,2024-05-18 14:00:00,SpO2,93.0,Bon
OC-002677,PAT-00066,2024-05-18 20:00:00,ActivitePas,8682.0,CapteurDefaillant
OC-002678,PAT-00066,2024-05-19 08:00:00,FrequenceCardiaque,84.0,Bon
OC-002679,PAT-00066,2024-05-19 14:00:00,SpO2,98.0,Bon
OC-002680,PAT-00066,2024-05-19 20:00:00,SpO2,89.0,Bon
OC-002681,PAT-00066,2024-05-20 14:00:00,FrequenceCardiaque,76.0,Bon
OC-002682,PAT-00066,2024-05-20 20:00:00,SpO2,94.0,Bon
OC-002683,PAT-00066,2024-05-21 08:00:00,FrequenceCardiaque,80.0,Bon
OC-002684,PAT-00066,2024-05-21 14:00:00,ActivitePas,2808.0,Bon
OC-002685,PAT-00066,2024-05-21 20:00:00,FrequenceCardiaque,59.0,Gap
OC-002686,PAT-00066,2024-05-22 08:00:00,FrequenceCardiaque,75.0,Bon
OC-002687,PAT-00066,2024-05-22 14:00:00,ActivitePas,864.0,Bon
OC-002688,PAT-00066,2024-05-22 20:00:00,ActivitePas,4020.0,Bon
OC-002689,PAT-00066,2024-05-23 08:00:00,SpO2,98.0,Bon
OC-002690,PAT-00066,2024-05-23 14:00:00,FrequenceCardiaque,86.0,Bon
OC-002691,PAT-00066,2024-05-23 20:00:00,ActivitePas,4159.0,Bon
OC-002692,PAT-00066,2024-05-24 20:00:00,SpO2,96.0,Bon
OC-002693,PAT-00066,2024-05-25 08:00:00,FrequenceCardiaque,73.0,Bon
OC-002694,PAT-00066,2024-05-25 14:00:00,ActivitePas,4412.0,Bon
OC-002695,PAT-00066,2024-05-25 20:00:00,FrequenceCardiaque,78.0,Bon
OC-002696,PAT-00066,2024-05-26 14:00:00,SpO2,94.0,Bon
OC-002697,PAT-00066,2024-05-26 20:00:00,SpO2,95.0,Bon
OC-002698,PAT-999999,2023-11-16 08:00:00,FrequenceCardiaque,79.0,Bon
OC-002699,PAT-00531,2023-11-16 20:00:00,SpO2,99.0,Bon
OC-002700,PAT-00531,2023-11-17 08:00:00,Poids,68.4,Bon
OC-002701,PAT-00531,2023-11-17 14:00:00,Poids,89.1,Bon
OC-002702,PAT-999999,2023-11-17 20:00:00,FrequenceCardiaque,66.0,CapteurDefaillant
OC-002703,PAT-00531,2023-11-18 08:00:00,ActivitePas,6364.0,Bon
OC-002704,PAT-00531,2023-11-18 14:00:00,FrequenceCardiaque,66.0,Bon
OC-002705,PAT-00531,2023-11-18 20:00:00,FrequenceCardiaque,94.0,Gap
OC-002706,PAT-00531,2023-11-19 08:00:00,Poids,110.5,Bon
OC-002707,PAT-00531,2023-11-19 14:00:00,ActivitePas,4236.0,Bon
OC-002708,PAT-00531,2023-11-20 08:00:00,FrequenceCardiaque,77.0,Bon
OC-002709,PAT-00531,2023-11-20 14:00:00,FrequenceCardiaque,94.0,CapteurDefaillant
OC-002710,PAT-00531,2023-11-20 20:00:00,Poids,60.6,Bon
OC-002711,PAT-00531,2023-11-21 08:00:00,ActivitePas,0.0,Bon
OC-002712,PAT-00531,2023-11-21 14:00:00,SpO2,100.0,Bon
OC-002713,PAT-00531,2023-11-21 20:00:00,ActivitePas,4750.0,Bon
OC-002714,PAT-00531,2023-11-22 14:00:00,FrequenceCardiaque,79.0,Bon
OC-002715,PAT-00531,2023-11-22 20:00:00,Poids,64.0,Bon
OC-002716,PAT-00531,2023-11-23 08:00:00,ActivitePas,3166.0,Bon
OC-002717,PAT-00531,2023-11-23 14:00:00,ActivitePas,268.0,Bon
OC-002718,PAT-00531,2023-11-23 20:00:00,ActivitePas,2266.0,Bon
OC-002719,PAT-00531,2023-11-24 08:00:00,ActivitePas,5770.0,Bon
OC-002720,PAT-00531,2023-11-24 14:00:00,ActivitePas,2454.0,Bon
OC-002721,PAT-00531,2023-11-24 20:00:00,Poids,79.8,Bon
OC-002722,PAT-00531,2023-11-25 08:00:00,ActivitePas,4182.0,Bon
OC-002723,PAT-00531,2023-11-25 14:00:00,SpO2,97.0,Bon
OC-002724,PAT-00531,2023-11-26 08:00:00,FrequenceCardiaque,66.0,CapteurDefaillant
OC-002725,PAT-00531,2023-11-26 14:00:00,SpO2,98.0,Bon
OC-002726,PAT-00531,2023-11-26 20:00:00,SpO2,94.0,Bon
OC-002727,PAT-00531,2023-11-27 08:00:00,ActivitePas,3023.0,Bon
OC-002728,PAT-00531,2023-11-27 14:00:00,FrequenceCardiaque,92.0,Gap
OC-002729,PAT-00531,2023-11-27 20:00:00,FrequenceCardiaque,71.0,Bon
OC-002730,PAT-00531,2023-11-28 14:00:00,ActivitePas,3382.0,Bon
OC-002731,PAT-00531,2023-11-28 20:00:00,FrequenceCardiaque,55.0,Bon
OC-002732,PAT-00531,2023-11-29 08:00:00,ActivitePas,3217.0,Gap
OC-002733,PAT-00531,2023-11-29 14:00:00,SpO2,95.0,Bon
OC-002734,PAT-00531,2023-11-29 20:00:00,SpO2,96.0,Bon
OC-002735,PAT-00263,2024-01-12 08:00:00,SpO2,96.0,Bon
OC-002736,PAT-00263,2024-01-12 14:00:00,ActivitePas,2869.0,Bon
OC-002737,PAT-00263,2024-01-12 20:00:00,SpO2,98.0,Bon
OC-002738,PAT-00263,2024-01-13 14:00:00,Poids,56.5,Bon
OC-002739,PAT-00263,2024-01-14 08:00:00,FrequenceCardiaque,96.0,Bon
OC-002740,PAT-00263,2024-01-14 20:00:00,FrequenceCardiaque,56.0,Bon
OC-002741,PAT-00263,2024-01-15 08:00:00,ActivitePas,5198.0,CapteurDefaillant
OC-002742,PAT-00263,2024-01-15 14:00:00,FrequenceCardiaque,55.0,Bon
OC-002743,PAT-999999,2024-01-16 20:00:00,ActivitePas,41.0,CapteurDefaillant
OC-002744,PAT-00263,2024-01-17 08:00:00,SpO2,92.0,Gap
OC-002745,PAT-00263,2024-01-17 14:00:00,FrequenceCardiaque,91.0,Bon
OC-002746,PAT-00263,2024-01-17 20:00:00,Poids,59.4,Bon
OC-002747,PAT-00263,2024-01-18 08:00:00,FrequenceCardiaque,72.0,Gap
OC-002748,PAT-00263,2024-01-18 14:00:00,SpO2,96.0,Bon
OC-002749,PAT-00263,2024-01-18 20:00:00,Poids,80.7,Bon
OC-002750,PAT-00263,2024-01-19 08:00:00,FrequenceCardiaque,71.0,Bon
OC-002751,PAT-00263,2024-01-19 14:00:00,ActivitePas,3038.0,Bon
OC-002752,PAT-00263,2024-01-19 20:00:00,ActivitePas,6222.0,Gap
OC-002753,PAT-00263,2024-01-20 14:00:00,FrequenceCardiaque,86.0,Bon
OC-002754,PAT-00263,2024-01-21 08:00:00,Poids,81.1,Bon
OC-002755,PAT-00263,2024-01-21 14:00:00,ActivitePas,3608.0,Bon
OC-002756,PAT-00263,2024-01-21 20:00:00,ActivitePas,835.0,Bon
OC-002757,PAT-00263,2024-01-22 08:00:00,ActivitePas,4554.0,Gap
OC-002758,PAT-00263,2024-01-22 20:00:00,ActivitePas,4562.0,Bon
OC-002759,PAT-00263,2024-01-23 08:00:00,Poids,59.9,Bon
OC-002760,PAT-00263,2024-01-23 14:00:00,ActivitePas,1082.0,Bon
OC-002761,PAT-00263,2024-01-23 20:00:00,ActivitePas,5277.0,Bon
OC-002762,PAT-00263,2024-01-24 20:00:00,Poids,69.6,Bon
OC-002763,PAT-00263,2024-01-25 20:00:00,Poids,75.7,Bon
OC-002764,PAT-00420,2023-11-16 08:00:00,SpO2,96.0,Bon
OC-002765,PAT-00420,2023-11-16 20:00:00,FrequenceCardiaque,81.0,Bon
OC-002766,PAT-00420,2023-11-17 08:00:00,ActivitePas,4241.0,Bon
OC-002767,PAT-00420,2023-11-17 14:00:00,ActivitePas,2576.0,Bon
OC-002768,PAT-00420,2023-11-18 08:00:00,FrequenceCardiaque,97.0,Bon
OC-002769,PAT-00420,2023-11-18 20:00:00,SpO2,91.0,Bon
OC-002770,PAT-00420,2023-11-19 08:00:00,Poids,74.1,Bon
OC-002771,PAT-00420,2023-11-19 14:00:00,Poids,97.8,Bon
OC-002772,PAT-00420,2023-11-20 08:00:00,ActivitePas,3991.0,Bon
OC-002773,PAT-00420,2023-11-20 20:00:00,Poids,62.5,Bon
OC-002774,PAT-00420,2023-11-21 14:00:00,FrequenceCardiaque,91.0,Bon
OC-002775,PAT-999999,2023-11-22 08:00:00,Poids,78.2,Bon
OC-002776,PAT-00420,2023-11-22 14:00:00,FrequenceCardiaque,81.0,Bon
OC-002777,PAT-00420,2023-11-22 20:00:00,SpO2,96.0,Bon
OC-002778,PAT-00420,2023-11-23 08:00:00,ActivitePas,6074.0,Bon
OC-002779,PAT-00420,2023-11-23 14:00:00,ActivitePas,1985.0,Bon
OC-002780,PAT-00420,2023-11-23 20:00:00,FrequenceCardiaque,95.0,Gap
OC-002781,PAT-00420,2023-11-24 08:00:00,FrequenceCardiaque,76.0,Bon
OC-002782,PAT-00420,2023-11-24 20:00:00,Poids,63.2,Bon
OC-002783,PAT-00420,2023-11-25 14:00:00,Poids,47.4,Bon
OC-002784,PAT-00420,2023-11-25 20:00:00,ActivitePas,4142.0,Bon
OC-002785,PAT-00420,2023-11-26 08:00:00,SpO2,95.0,Gap
OC-002786,PAT-00420,2023-11-26 14:00:00,SpO2,95.0,Bon
OC-002787,PAT-00420,2023-11-26 20:00:00,SpO2,98.0,Bon
OC-002788,PAT-00420,2023-11-27 08:00:00,ActivitePas,3632.0,Bon
OC-002789,PAT-00420,2023-11-27 14:00:00,ActivitePas,6941.0,Bon
OC-002790,PAT-00420,2023-11-27 20:00:00,Poids,70.6,Bon
OC-002791,PAT-00420,2023-11-28 08:00:00,SpO2,98.0,Bon
OC-002792,PAT-00420,2023-11-29 08:00:00,SpO2,96.0,Bon
OC-002793,PAT-00420,2023-11-29 20:00:00,Poids,103.1,Bon
OC-002794,PAT-00537,2024-03-03 08:00:00,Poids,62.0,Bon
OC-002795,PAT-00537,2024-03-03 14:00:00,ActivitePas,4434.0,Bon
OC-002796,PAT-00537,2024-03-04 08:00:00,Poids,82.1,Bon
OC-002797,PAT-00537,2024-03-04 14:00:00,FrequenceCardiaque,72.0,Bon
OC-002798,PAT-00537,2024-03-04 20:00:00,FrequenceCardiaque,61.0,Bon
OC-002799,PAT-00537,2024-03-05 08:00:00,FrequenceCardiaque,82.0,Bon
OC-002800,PAT-00537,2024-03-05 14:00:00,FrequenceCardiaque,70.0,Bon
OC-002801,PAT-00537,2024-03-05 20:00:00,ActivitePas,2968.0,Bon
OC-002802,PAT-999999,2024-03-06 08:00:00,FrequenceCardiaque,74.0,CapteurDefaillant
OC-002803,PAT-00537,2024-03-06 14:00:00,FrequenceCardiaque,75.0,Bon
OC-002804,PAT-00537,2024-03-07 08:00:00,FrequenceCardiaque,83.0,Bon
OC-002805,PAT-00537,2024-03-07 14:00:00,FrequenceCardiaque,70.0,Bon
OC-002806,PAT-00537,2024-03-08 08:00:00,FrequenceCardiaque,86.0,Bon
OC-002807,PAT-00537,2024-03-08 14:00:00,SpO2,96.0,Bon
OC-002808,PAT-00537,2024-03-08 20:00:00,Poids,70.2,Gap
OC-002809,PAT-00537,2024-03-09 14:00:00,SpO2,95.0,Bon
OC-002810,PAT-00537,2024-03-09 20:00:00,FrequenceCardiaque,72.0,Bon
OC-002811,PAT-00537,2024-03-10 08:00:00,SpO2,94.0,Bon
OC-002812,PAT-00537,2024-03-10 20:00:00,SpO2,96.0,Bon
OC-002813,PAT-00537,2024-03-11 08:00:00,Poids,78.9,Bon
OC-002814,PAT-00537,2024-03-11 14:00:00,FrequenceCardiaque,76.0,Bon
OC-002815,PAT-00537,2024-03-11 20:00:00,ActivitePas,2928.0,Bon
OC-002816,PAT-00537,2024-03-12 08:00:00,Poids,83.9,Gap
OC-002817,PAT-00537,2024-03-12 14:00:00,FrequenceCardiaque,75.0,Gap
OC-002818,PAT-00537,2024-03-12 20:00:00,ActivitePas,0.0,Bon
OC-002819,PAT-00537,2024-03-13 08:00:00,Poids,78.0,Bon
OC-002820,PAT-00537,2024-03-13 20:00:00,ActivitePas,5053.0,Gap
OC-002821,PAT-00537,2024-03-14 08:00:00,SpO2,93.0,Bon
OC-002822,PAT-00537,2024-03-14 14:00:00,SpO2,90.0,Bon
OC-002823,PAT-00537,2024-03-14 20:00:00,Poids,69.5,Bon
OC-002824,PAT-00537,2024-03-15 08:00:00,SpO2,91.0,Bon
OC-002825,PAT-00537,2024-03-15 14:00:00,FrequenceCardiaque,57.0,Bon
OC-002826,PAT-00537,2024-03-15 20:00:00,Poids,58.8,Bon
OC-002827,PAT-00537,2024-03-16 08:00:00,ActivitePas,3030.0,Bon
OC-002828,PAT-00537,2024-03-16 14:00:00,FrequenceCardiaque,89.0,Bon
OC-002829,PAT-00537,2024-03-16 20:00:00,FrequenceCardiaque,68.0,Bon
OC-002830,PAT-00384,2024-03-01 08:00:00,ActivitePas,5672.0,Bon
OC-002831,PAT-00384,2024-03-01 14:00:00,Poids,80.5,CapteurDefaillant
OC-002832,PAT-00384,2024-03-01 20:00:00,ActivitePas,5617.0,Bon
OC-002833,PAT-00384,2024-03-02 14:00:00,ActivitePas,4181.0,Bon
OC-002834,PAT-00384,2024-03-02 20:00:00,ActivitePas,6190.0,Bon
OC-002835,PAT-00384,2024-03-03 14:00:00,ActivitePas,4368.0,Bon
OC-002836,PAT-00384,2024-03-03 20:00:00,ActivitePas,4500.0,Bon
OC-002837,PAT-00384,2024-03-04 08:00:00,ActivitePas,9703.0,Bon
OC-002838,PAT-999999,2024-03-04 14:00:00,FrequenceCardiaque,79.0,Bon
OC-002839,PAT-00384,2024-03-04 20:00:00,ActivitePas,4491.0,Gap
OC-002840,PAT-00384,2024-03-05 08:00:00,ActivitePas,1974.0,Bon
OC-002841,PAT-00384,2024-03-05 14:00:00,SpO2,93.0,CapteurDefaillant
OC-002842,PAT-00384,2024-03-05 20:00:00,FrequenceCardiaque,74.0,Bon
OC-002843,PAT-00384,2024-03-06 08:00:00,Poids,81.3,CapteurDefaillant
OC-002844,PAT-00384,2024-03-06 14:00:00,ActivitePas,3324.0,Bon
OC-002845,PAT-00384,2024-03-06 20:00:00,Poids,91.3,Bon
OC-002846,PAT-00384,2024-03-07 08:00:00,Poids,65.6,Bon
OC-002847,PAT-00384,2024-03-07 14:00:00,SpO2,88.0,Bon
OC-002848,PAT-00384,2024-03-07 20:00:00,Poids,85.2,Bon
OC-002849,PAT-00384,2024-03-08 08:00:00,ActivitePas,5836.0,Bon
OC-002850,PAT-00384,2024-03-08 14:00:00,ActivitePas,4880.0,Bon
OC-002851,PAT-00384,2024-03-08 20:00:00,FrequenceCardiaque,70.0,Gap
OC-002852,PAT-00384,2024-03-09 08:00:00,ActivitePas,3847.0,Bon
OC-002853,PAT-00384,2024-03-09 14:00:00,FrequenceCardiaque,49.0,Bon
OC-002854,PAT-00384,2024-03-09 20:00:00,FrequenceCardiaque,71.0,Bon
OC-002855,PAT-00384,2024-03-10 08:00:00,SpO2,94.0,Bon
OC-002856,PAT-00384,2024-03-10 14:00:00,FrequenceCardiaque,95.0,Bon
OC-002857,PAT-00384,2024-03-10 20:00:00,SpO2,96.0,Bon
OC-002858,PAT-00384,2024-03-11 08:00:00,FrequenceCardiaque,69.0,Bon
OC-002859,PAT-00384,2024-03-11 20:00:00,FrequenceCardiaque,54.0,Bon
OC-002860,PAT-00384,2024-03-12 14:00:00,ActivitePas,1914.0,Bon
OC-002861,PAT-00384,2024-03-12 20:00:00,ActivitePas,1139.0,Bon
OC-002862,PAT-00384,2024-03-13 08:00:00,ActivitePas,546.0,CapteurDefaillant
OC-002863,PAT-00384,2024-03-13 14:00:00,ActivitePas,3385.0,Bon
OC-002864,PAT-00384,2024-03-13 20:00:00,FrequenceCardiaque,75.0,Bon
OC-002865,PAT-00384,2024-03-14 08:00:00,Poids,60.8,Bon
OC-002866,PAT-00384,2024-03-14 14:00:00,SpO2,95.0,Bon
OC-002867,PAT-00384,2024-03-14 20:00:00,ActivitePas,3404.0,Bon
OC-002868,PAT-00368,2023-11-27 08:00:00,Poids,46.5,Bon
OC-002869,PAT-00368,2023-11-27 14:00:00,FrequenceCardiaque,79.0,Bon
OC-002870,PAT-00368,2023-11-27 20:00:00,ActivitePas,3641.0,Bon
OC-002871,PAT-00368,2023-11-28 08:00:00,ActivitePas,3483.0,CapteurDefaillant
OC-002872,PAT-00368,2023-11-28 14:00:00,FrequenceCardiaque,76.0,Bon
OC-002873,PAT-00368,2023-11-28 20:00:00,SpO2,96.0,Bon
OC-002874,PAT-00368,2023-11-29 14:00:00,FrequenceCardiaque,79.0,Bon
OC-002875,PAT-00368,2023-11-29 20:00:00,SpO2,91.0,CapteurDefaillant
OC-002876,PAT-00368,2023-11-30 08:00:00,FrequenceCardiaque,75.0,Bon
OC-002877,PAT-00368,2023-11-30 14:00:00,SpO2,96.0,Bon
OC-002878,PAT-00368,2023-11-30 20:00:00,SpO2,97.0,Bon
OC-002879,PAT-00368,2023-12-01 08:00:00,SpO2,95.0,Bon
OC-002880,PAT-00368,2023-12-02 08:00:00,SpO2,91.0,Bon
OC-002881,PAT-00368,2023-12-02 14:00:00,FrequenceCardiaque,96.0,CapteurDefaillant
OC-002882,PAT-00368,2023-12-02 20:00:00,FrequenceCardiaque,93.0,Bon
OC-002883,PAT-00368,2023-12-03 08:00:00,FrequenceCardiaque,61.0,Bon
OC-002884,PAT-00368,2023-12-03 14:00:00,FrequenceCardiaque,87.0,Gap
OC-002885,PAT-00368,2023-12-03 20:00:00,ActivitePas,5297.0,Bon
OC-002886,PAT-00368,2023-12-04 08:00:00,ActivitePas,1392.0,Bon
OC-002887,PAT-00368,2023-12-04 14:00:00,SpO2,99.0,Bon
OC-002888,PAT-999999,2023-12-04 20:00:00,FrequenceCardiaque,59.0,CapteurDefaillant
OC-002889,PAT-999999,2023-12-05 08:00:00,FrequenceCardiaque,99.0,CapteurDefaillant
OC-002890,PAT-00368,2023-12-05 14:00:00,SpO2,97.0,Bon
OC-002891,PAT-00368,2023-12-05 20:00:00,Poids,82.9,Bon
OC-002892,PAT-00368,2023-12-06 08:00:00,FrequenceCardiaque,98.0,Bon
OC-002893,PAT-00368,2023-12-06 14:00:00,Poids,64.9,Bon
OC-002894,PAT-00368,2023-12-06 20:00:00,Poids,63.7,Bon
OC-002895,PAT-00368,2023-12-07 08:00:00,FrequenceCardiaque,81.0,Bon
OC-002896,PAT-00368,2023-12-07 14:00:00,Poids,102.8,CapteurDefaillant
OC-002897,PAT-00368,2023-12-07 20:00:00,ActivitePas,5453.0,Bon
OC-002898,PAT-00368,2023-12-08 08:00:00,SpO2,96.0,Bon
OC-002899,PAT-00368,2023-12-08 14:00:00,Poids,75.0,Bon
OC-002900,PAT-00368,2023-12-08 20:00:00,ActivitePas,2714.0,Bon
OC-002901,PAT-00368,2023-12-09 08:00:00,ActivitePas,3546.0,Bon
OC-002902,PAT-00368,2023-12-09 20:00:00,Poids,51.9,Bon
OC-002903,PAT-00368,2023-12-10 08:00:00,Poids,65.7,Gap
OC-002904,PAT-00368,2023-12-10 20:00:00,ActivitePas,545.0,Bon
OC-002905,PAT-00456,2023-11-30 08:00:00,SpO2,99.0,CapteurDefaillant
OC-002906,PAT-00456,2023-11-30 20:00:00,FrequenceCardiaque,79.0,Bon
OC-002907,PAT-00456,2023-12-01 14:00:00,ActivitePas,4770.0,Bon
OC-002908,PAT-00456,2023-12-01 20:00:00,ActivitePas,2910.0,Bon
OC-002909,PAT-00456,2023-12-02 08:00:00,SpO2,97.0,Bon
OC-002910,PAT-00456,2023-12-02 14:00:00,FrequenceCardiaque,100.0,CapteurDefaillant
OC-002911,PAT-00456,2023-12-02 20:00:00,ActivitePas,5546.0,Bon
OC-002912,PAT-00456,2023-12-03 08:00:00,ActivitePas,3710.0,Bon
OC-002913,PAT-00456,2023-12-03 14:00:00,Poids,86.1,Bon
OC-002914,PAT-00456,2023-12-03 20:00:00,Poids,102.2,Bon
OC-002915,PAT-00456,2023-12-04 08:00:00,ActivitePas,1879.0,Bon
OC-002916,PAT-00456,2023-12-04 14:00:00,FrequenceCardiaque,60.0,Bon
OC-002917,PAT-00456,2023-12-04 20:00:00,FrequenceCardiaque,84.0,Bon
OC-002918,PAT-00456,2023-12-05 08:00:00,SpO2,93.0,Bon
OC-002919,PAT-00456,2023-12-05 14:00:00,Poids,80.3,Bon
OC-002920,PAT-00456,2023-12-05 20:00:00,Poids,71.0,Bon
OC-002921,PAT-00456,2023-12-06 14:00:00,FrequenceCardiaque,72.0,Bon
OC-002922,PAT-00456,2023-12-06 20:00:00,FrequenceCardiaque,83.0,Bon
OC-002923,PAT-00456,2023-12-07 08:00:00,SpO2,93.0,Bon
OC-002924,PAT-00456,2023-12-07 14:00:00,FrequenceCardiaque,96.0,Bon
OC-002925,PAT-00456,2023-12-07 20:00:00,Poids,86.5,Bon
OC-002926,PAT-00456,2023-12-08 08:00:00,ActivitePas,2175.0,CapteurDefaillant
OC-002927,PAT-00456,2023-12-08 14:00:00,Poids,58.4,Bon
OC-002928,PAT-00456,2023-12-08 20:00:00,SpO2,95.0,Bon
OC-002929,PAT-00456,2023-12-09 08:00:00,ActivitePas,5951.0,Bon
OC-002930,PAT-00456,2023-12-09 14:00:00,ActivitePas,4012.0,Gap
OC-002931,PAT-00456,2023-12-09 20:00:00,FrequenceCardiaque,87.0,Bon
OC-002932,PAT-00456,2023-12-10 08:00:00,Poids,75.0,Bon
OC-002933,PAT-00456,2023-12-10 20:00:00,ActivitePas,3095.0,Bon
OC-002934,PAT-00456,2023-12-11 14:00:00,FrequenceCardiaque,65.0,Bon
OC-002935,PAT-00456,2023-12-11 20:00:00,Poids,105.2,Bon
OC-002936,PAT-00456,2023-12-12 14:00:00,ActivitePas,2931.0,Bon
OC-002937,PAT-00456,2023-12-12 20:00:00,ActivitePas,4908.0,Bon
OC-002938,PAT-00456,2023-12-13 08:00:00,ActivitePas,2778.0,CapteurDefaillant
OC-002939,PAT-00456,2023-12-13 20:00:00,FrequenceCardiaque,91.0,Bon
OC-002940,PAT-00342,2024-03-04 08:00:00,SpO2,93.0,Bon
OC-002941,PAT-00342,2024-03-04 14:00:00,ActivitePas,3515.0,Bon
OC-002942,PAT-00342,2024-03-04 20:00:00,Poids,83.2,Bon
OC-002943,PAT-00342,2024-03-05 08:00:00,Poids,79.2,Bon
OC-002944,PAT-00342,2024-03-05 14:00:00,ActivitePas,1387.0,Bon
OC-002945,PAT-00342,2024-03-06 14:00:00,FrequenceCardiaque,79.0,Bon
OC-002946,PAT-00342,2024-03-06 20:00:00,FrequenceCardiaque,108.0,Bon
OC-002947,PAT-00342,2024-03-07 08:00:00,SpO2,92.0,Bon
OC-002948,PAT-00342,2024-03-07 20:00:00,FrequenceCardiaque,93.0,Bon
OC-002949,PAT-00342,2024-03-08 08:00:00,ActivitePas,4124.0,Bon
OC-002950,PAT-00342,2024-03-08 14:00:00,ActivitePas,5605.0,Bon
OC-002951,PAT-00342,2024-03-08 20:00:00,FrequenceCardiaque,78.0,Bon
OC-002952,PAT-00342,2024-03-09 08:00:00,ActivitePas,4431.0,Bon
OC-002953,PAT-00342,2024-03-09 14:00:00,FrequenceCardiaque,71.0,Bon
OC-002954,PAT-00342,2024-03-09 20:00:00,ActivitePas,3681.0,Bon
OC-002955,PAT-00342,2024-03-10 08:00:00,ActivitePas,2682.0,CapteurDefaillant
OC-002956,PAT-00342,2024-03-10 14:00:00,Poids,88.2,CapteurDefaillant
OC-002957,PAT-00342,2024-03-10 20:00:00,FrequenceCardiaque,68.0,Bon
OC-002958,PAT-00342,2024-03-11 08:00:00,ActivitePas,6664.0,CapteurDefaillant
OC-002959,PAT-00342,2024-03-11 14:00:00,SpO2,92.0,Bon
OC-002960,PAT-00342,2024-03-11 20:00:00,ActivitePas,3286.0,Bon
OC-002961,PAT-00342,2024-03-12 08:00:00,ActivitePas,5546.0,Bon
OC-002962,PAT-00342,2024-03-12 14:00:00,ActivitePas,4930.0,Bon
OC-002963,PAT-00342,2024-03-12 20:00:00,FrequenceCardiaque,85.0,Bon
OC-002964,PAT-00342,2024-03-13 14:00:00,FrequenceCardiaque,86.0,Bon
OC-002965,PAT-00342,2024-03-13 20:00:00,FrequenceCardiaque,100.0,Bon
OC-002966,PAT-00342,2024-03-14 14:00:00,ActivitePas,1883.0,Bon
OC-002967,PAT-00342,2024-03-14 20:00:00,FrequenceCardiaque,95.0,Bon
OC-002968,PAT-00342,2024-03-15 08:00:00,Poids,86.3,CapteurDefaillant
OC-002969,PAT-00342,2024-03-15 14:00:00,SpO2,96.0,Bon
OC-002970,PAT-00342,2024-03-15 20:00:00,FrequenceCardiaque,81.0,Bon
OC-002971,PAT-00342,2024-03-16 08:00:00,FrequenceCardiaque,75.0,Bon
OC-002972,PAT-00342,2024-03-16 14:00:00,FrequenceCardiaque,79.0,Bon
OC-002973,PAT-00342,2024-03-17 08:00:00,ActivitePas,3842.0,Bon
OC-002974,PAT-00342,2024-03-17 14:00:00,ActivitePas,1341.0,Bon
OC-002975,PAT-00342,2024-03-17 20:00:00,FrequenceCardiaque,67.0,Bon
OC-002976,PAT-00337,2024-02-22 08:00:00,ActivitePas,6474.0,Bon
OC-002977,PAT-00337,2024-02-22 14:00:00,ActivitePas,1241.0,Bon
OC-002978,PAT-00337,2024-02-22 20:00:00,FrequenceCardiaque,73.0,Bon
OC-002979,PAT-00337,2024-02-23 08:00:00,SpO2,97.0,Bon
OC-002980,PAT-00337,2024-02-23 14:00:00,FrequenceCardiaque,71.0,Bon
OC-002981,PAT-00337,2024-02-23 20:00:00,ActivitePas,3282.0,Gap
OC-002982,PAT-00337,2024-02-24 14:00:00,SpO2,94.0,Bon
OC-002983,PAT-00337,2024-02-24 20:00:00,Poids,77.5,CapteurDefaillant
OC-002984,PAT-00337,2024-02-25 08:00:00,SpO2,95.0,Bon
OC-002985,PAT-00337,2024-02-25 14:00:00,SpO2,97.0,Gap
OC-002986,PAT-00337,2024-02-26 08:00:00,SpO2,87.0,Bon
OC-002987,PAT-00337,2024-02-26 14:00:00,FrequenceCardiaque,87.0,Gap
OC-002988,PAT-00337,2024-02-26 20:00:00,ActivitePas,3521.0,Bon
OC-002989,PAT-00337,2024-02-27 08:00:00,SpO2,96.0,Bon
OC-002990,PAT-00337,2024-02-27 14:00:00,FrequenceCardiaque,88.0,Bon
OC-002991,PAT-00337,2024-02-28 08:00:00,ActivitePas,4131.0,Bon
OC-002992,PAT-00337,2024-02-28 14:00:00,SpO2,93.0,Bon
OC-002993,PAT-00337,2024-02-29 08:00:00,FrequenceCardiaque,79.0,Gap
OC-002994,PAT-00337,2024-02-29 14:00:00,SpO2,88.0,Bon
OC-002995,PAT-00337,2024-02-29 20:00:00,Poids,81.7,Bon
OC-002996,PAT-00337,2024-03-01 08:00:00,ActivitePas,3277.0,Bon
OC-002997,PAT-00337,2024-03-01 14:00:00,ActivitePas,1259.0,Gap
OC-002998,PAT-00337,2024-03-01 20:00:00,FrequenceCardiaque,86.0,Bon
OC-002999,PAT-00337,2024-03-02 08:00:00,FrequenceCardiaque,59.0,CapteurDefaillant
OC-003000,PAT-00337,2024-03-02 14:00:00,Poids,59.5,Bon
OC-003001,PAT-00337,2024-03-02 20:00:00,ActivitePas,3610.0,Bon
OC-003002,PAT-00337,2024-03-03 14:00:00,FrequenceCardiaque,96.0,Bon
OC-003003,PAT-00337,2024-03-03 20:00:00,SpO2,90.0,CapteurDefaillant
OC-003004,PAT-00337,2024-03-04 14:00:00,Poids,69.5,Bon
OC-003005,PAT-00337,2024-03-04 20:00:00,ActivitePas,541.0,Bon
OC-003006,PAT-00337,2024-03-05 08:00:00,ActivitePas,6901.0,Bon
OC-003007,PAT-00337,2024-03-05 14:00:00,FrequenceCardiaque,63.0,Bon
OC-003008,PAT-00337,2024-03-05 20:00:00,Poids,60.0,Bon
OC-003009,PAT-00337,2024-03-06 08:00:00,FrequenceCardiaque,56.0,Bon
OC-003010,PAT-00337,2024-03-06 14:00:00,SpO2,93.0,CapteurDefaillant
OC-003011,PAT-999999,2024-03-06 20:00:00,Poids,59.4,Bon
OC-003012,PAT-00039,2024-04-18 08:00:00,FrequenceCardiaque,82.0,Bon
OC-003013,PAT-00039,2024-04-18 14:00:00,SpO2,96.0,Bon
OC-003014,PAT-00039,2024-04-18 20:00:00,FrequenceCardiaque,54.0,CapteurDefaillant
OC-003015,PAT-00039,2024-04-19 08:00:00,ActivitePas,2443.0,Bon
OC-003016,PAT-00039,2024-04-19 14:00:00,ActivitePas,2039.0,Bon
OC-003017,PAT-00039,2024-04-19 20:00:00,FrequenceCardiaque,72.0,Bon
OC-003018,PAT-00039,2024-04-20 08:00:00,FrequenceCardiaque,54.0,Bon
OC-003019,PAT-00039,2024-04-20 14:00:00,SpO2,95.0,CapteurDefaillant
OC-003020,PAT-00039,2024-04-21 08:00:00,FrequenceCardiaque,55.0,Bon
OC-003021,PAT-00039,2024-04-21 14:00:00,ActivitePas,2322.0,Bon
OC-003022,PAT-00039,2024-04-22 20:00:00,SpO2,90.0,Bon
OC-003023,PAT-00039,2024-04-23 08:00:00,FrequenceCardiaque,91.0,Bon
OC-003024,PAT-00039,2024-04-23 14:00:00,ActivitePas,4646.0,Bon
OC-003025,PAT-00039,2024-04-23 20:00:00,ActivitePas,2678.0,Bon
OC-003026,PAT-00039,2024-04-24 08:00:00,ActivitePas,4602.0,Bon
OC-003027,PAT-00039,2024-04-24 14:00:00,FrequenceCardiaque,80.0,Gap
OC-003028,PAT-00039,2024-04-24 20:00:00,FrequenceCardiaque,60.0,Bon
OC-003029,PAT-00039,2024-04-25 08:00:00,ActivitePas,3393.0,CapteurDefaillant
OC-003030,PAT-00039,2024-04-25 20:00:00,FrequenceCardiaque,86.0,Bon
OC-003031,PAT-00039,2024-04-26 08:00:00,Poids,44.3,CapteurDefaillant
OC-003032,PAT-00039,2024-04-26 14:00:00,SpO2,96.0,CapteurDefaillant
OC-003033,PAT-00039,2024-04-26 20:00:00,SpO2,97.0,Bon
OC-003034,PAT-00039,2024-04-27 08:00:00,Poids,63.0,Bon
OC-003035,PAT-00039,2024-04-27 20:00:00,FrequenceCardiaque,78.0,Bon
OC-003036,PAT-00039,2024-04-28 08:00:00,ActivitePas,444.0,Bon
OC-003037,PAT-00039,2024-04-29 08:00:00,Poids,67.6,Gap
OC-003038,PAT-00039,2024-04-29 14:00:00,ActivitePas,2351.0,Bon
OC-003039,PAT-00039,2024-04-29 20:00:00,FrequenceCardiaque,85.0,Bon
OC-003040,PAT-00039,2024-04-30 08:00:00,FrequenceCardiaque,51.0,Bon
OC-003041,PAT-00039,2024-04-30 14:00:00,SpO2,91.0,Bon
OC-003042,PAT-00039,2024-04-30 20:00:00,Poids,81.8,Bon
OC-003043,PAT-00039,2024-05-01 08:00:00,Poids,78.5,Bon
OC-003044,PAT-00039,2024-05-01 14:00:00,SpO2,96.0,Bon
OC-003045,PAT-00039,2024-05-01 20:00:00,ActivitePas,6228.0,Bon
OC-003046,PAT-00260,2024-01-22 08:00:00,Poids,78.5,Bon
OC-003047,PAT-00260,2024-01-22 14:00:00,FrequenceCardiaque,75.0,Bon
OC-003048,PAT-00260,2024-01-22 20:00:00,ActivitePas,3609.0,Bon
OC-003049,PAT-00260,2024-01-23 08:00:00,SpO2,93.0,Bon
OC-003050,PAT-00260,2024-01-23 14:00:00,Poids,87.0,CapteurDefaillant
OC-003051,PAT-00260,2024-01-23 20:00:00,ActivitePas,692.0,Bon
OC-003052,PAT-00260,2024-01-24 08:00:00,SpO2,93.0,CapteurDefaillant
OC-003053,PAT-00260,2024-01-24 14:00:00,ActivitePas,1624.0,CapteurDefaillant
OC-003054,PAT-00260,2024-01-24 20:00:00,FrequenceCardiaque,77.0,Gap
OC-003055,PAT-00260,2024-01-25 08:00:00,Poids,89.5,Bon
OC-003056,PAT-00260,2024-01-25 14:00:00,FrequenceCardiaque,58.0,Gap
OC-003057,PAT-00260,2024-01-26 20:00:00,ActivitePas,4363.0,Bon
OC-003058,PAT-00260,2024-01-27 08:00:00,SpO2,98.0,Bon
OC-003059,PAT-00260,2024-01-27 14:00:00,FrequenceCardiaque,45.0,Bon
OC-003060,PAT-00260,2024-01-27 20:00:00,FrequenceCardiaque,104.0,Bon
OC-003061,PAT-00260,2024-01-28 08:00:00,SpO2,93.0,Gap
OC-003062,PAT-00260,2024-01-28 14:00:00,Poids,66.5,CapteurDefaillant
OC-003063,PAT-00260,2024-01-29 08:00:00,FrequenceCardiaque,74.0,Bon
OC-003064,PAT-00260,2024-01-29 14:00:00,SpO2,100.0,Bon
OC-003065,PAT-00260,2024-01-29 20:00:00,Poids,80.8,Bon
OC-003066,PAT-00260,2024-01-30 08:00:00,FrequenceCardiaque,79.0,Bon
OC-003067,PAT-00260,2024-01-30 14:00:00,ActivitePas,269.0,Bon
OC-003068,PAT-00260,2024-01-31 14:00:00,SpO2,93.0,Bon
OC-003069,PAT-00260,2024-01-31 20:00:00,FrequenceCardiaque,64.0,Bon
OC-003070,PAT-00260,2024-02-01 08:00:00,SpO2,92.0,Gap
OC-003071,PAT-00260,2024-02-01 14:00:00,SpO2,96.0,Bon
OC-003072,PAT-00260,2024-02-01 20:00:00,FrequenceCardiaque,83.0,Bon
OC-003073,PAT-00260,2024-02-02 08:00:00,ActivitePas,5464.0,Bon
OC-003074,PAT-00260,2024-02-02 14:00:00,Poids,60.7,Bon
OC-003075,PAT-00260,2024-02-02 20:00:00,FrequenceCardiaque,75.0,Bon
OC-003076,PAT-00260,2024-02-03 08:00:00,FrequenceCardiaque,86.0,Bon
OC-003077,PAT-00260,2024-02-03 14:00:00,SpO2,93.0,Bon
OC-003078,PAT-00260,2024-02-03 20:00:00,Poids,68.1,Bon
OC-003079,PAT-00260,2024-02-04 08:00:00,Poids,88.3,Bon
OC-003080,PAT-00260,2024-02-04 14:00:00,FrequenceCardiaque,78.0,Gap
OC-003081,PAT-00051,2024-01-28 08:00:00,Poids,79.7,Bon
OC-003082,PAT-00051,2024-01-28 14:00:00,SpO2,97.0,Bon
OC-003083,PAT-00051,2024-01-28 20:00:00,FrequenceCardiaque,49.0,Bon
OC-003084,PAT-00051,2024-01-29 08:00:00,Poids,111.5,Bon
OC-003085,PAT-00051,2024-01-29 14:00:00,FrequenceCardiaque,86.0,Bon
OC-003086,PAT-00051,2024-01-29 20:00:00,Poids,90.2,Bon
OC-003087,PAT-00051,2024-01-30 08:00:00,FrequenceCardiaque,95.0,Bon
OC-003088,PAT-00051,2024-01-30 14:00:00,FrequenceCardiaque,81.0,Bon
OC-003089,PAT-00051,2024-01-30 20:00:00,SpO2,93.0,Bon
OC-003090,PAT-00051,2024-01-31 14:00:00,ActivitePas,5408.0,Bon
OC-003091,PAT-00051,2024-01-31 20:00:00,FrequenceCardiaque,75.0,Bon
OC-003092,PAT-00051,2024-02-01 08:00:00,SpO2,94.0,Bon
OC-003093,PAT-00051,2024-02-01 14:00:00,SpO2,93.0,CapteurDefaillant
OC-003094,PAT-00051,2024-02-01 20:00:00,FrequenceCardiaque,52.0,Bon
OC-003095,PAT-00051,2024-02-02 08:00:00,Poids,71.6,Bon
OC-003096,PAT-00051,2024-02-02 14:00:00,ActivitePas,6438.0,Gap
OC-003097,PAT-00051,2024-02-02 20:00:00,ActivitePas,5247.0,Bon
OC-003098,PAT-00051,2024-02-03 08:00:00,FrequenceCardiaque,95.0,Bon
OC-003099,PAT-00051,2024-02-03 14:00:00,FrequenceCardiaque,92.0,Bon
OC-003100,PAT-00051,2024-02-03 20:00:00,FrequenceCardiaque,86.0,Bon
OC-003101,PAT-00051,2024-02-04 08:00:00,Poids,64.7,Bon
OC-003102,PAT-00051,2024-02-04 14:00:00,ActivitePas,3609.0,Bon
OC-003103,PAT-00051,2024-02-04 20:00:00,Poids,84.2,Bon
OC-003104,PAT-00051,2024-02-05 08:00:00,FrequenceCardiaque,59.0,Bon
OC-003105,PAT-00051,2024-02-05 14:00:00,SpO2,97.0,Bon
OC-003106,PAT-00051,2024-02-05 20:00:00,ActivitePas,2281.0,Bon
OC-003107,PAT-00051,2024-02-06 08:00:00,FrequenceCardiaque,81.0,Bon
OC-003108,PAT-00051,2024-02-06 14:00:00,Poids,86.4,Bon
OC-003109,PAT-00051,2024-02-06 20:00:00,ActivitePas,3825.0,Bon
OC-003110,PAT-00051,2024-02-07 08:00:00,ActivitePas,3316.0,Bon
OC-003111,PAT-00051,2024-02-07 14:00:00,FrequenceCardiaque,87.0,Bon
OC-003112,PAT-00051,2024-02-07 20:00:00,ActivitePas,2748.0,Bon
OC-003113,PAT-00051,2024-02-08 08:00:00,SpO2,92.0,Bon
OC-003114,PAT-999999,2024-02-08 14:00:00,Poids,60.7,Gap
OC-003115,PAT-00051,2024-02-08 20:00:00,ActivitePas,3981.0,Bon
OC-003116,PAT-00051,2024-02-09 14:00:00,Poids,85.0,Bon
OC-003117,PAT-00051,2024-02-10 08:00:00,Poids,85.9,Bon
OC-003118,PAT-00051,2024-02-10 14:00:00,Poids,70.6,Bon
OC-003119,PAT-00051,2024-02-10 20:00:00,Poids,86.7,Bon
OC-003120,PAT-00315,2024-05-17 14:00:00,FrequenceCardiaque,92.0,Bon
OC-003121,PAT-00315,2024-05-17 20:00:00,Poids,73.2,Bon
OC-003122,PAT-00315,2024-05-18 08:00:00,FrequenceCardiaque,72.0,Bon
OC-003123,PAT-00315,2024-05-18 14:00:00,Poids,75.6,Bon
OC-003124,PAT-00315,2024-05-18 20:00:00,FrequenceCardiaque,101.0,Bon
OC-003125,PAT-00315,2024-05-19 08:00:00,FrequenceCardiaque,88.0,Bon
OC-003126,PAT-00315,2024-05-19 20:00:00,SpO2,95.0,Gap
OC-003127,PAT-00315,2024-05-20 08:00:00,ActivitePas,3142.0,Bon
OC-003128,PAT-00315,2024-05-20 14:00:00,ActivitePas,2969.0,Bon
OC-003129,PAT-00315,2024-05-20 20:00:00,SpO2,98.0,CapteurDefaillant
OC-003130,PAT-00315,2024-05-21 08:00:00,SpO2,99.0,Gap
OC-003131,PAT-00315,2024-05-21 14:00:00,Poids,85.1,Bon
OC-003132,PAT-00315,2024-05-21 20:00:00,SpO2,93.0,Bon
OC-003133,PAT-00315,2024-05-22 08:00:00,Poids,94.2,Bon
OC-003134,PAT-00315,2024-05-22 14:00:00,SpO2,99.0,Bon
OC-003135,PAT-00315,2024-05-23 08:00:00,SpO2,92.0,Bon
OC-003136,PAT-00315,2024-05-23 14:00:00,SpO2,94.0,CapteurDefaillant
OC-003137,PAT-00315,2024-05-23 20:00:00,FrequenceCardiaque,67.0,Bon
OC-003138,PAT-00315,2024-05-24 14:00:00,Poids,66.3,Bon
OC-003139,PAT-00315,2024-05-24 20:00:00,FrequenceCardiaque,75.0,CapteurDefaillant
OC-003140,PAT-00315,2024-05-25 08:00:00,SpO2,90.0,Bon
OC-003141,PAT-00315,2024-05-25 14:00:00,ActivitePas,6591.0,Bon
OC-003142,PAT-00315,2024-05-25 20:00:00,ActivitePas,0.0,Bon
OC-003143,PAT-00315,2024-05-26 08:00:00,ActivitePas,4938.0,Bon
OC-003144,PAT-00315,2024-05-26 14:00:00,SpO2,95.0,Bon
OC-003145,PAT-00315,2024-05-26 20:00:00,FrequenceCardiaque,108.0,Gap
OC-003146,PAT-00315,2024-05-27 08:00:00,FrequenceCardiaque,89.0,Bon
OC-003147,PAT-00315,2024-05-27 14:00:00,ActivitePas,1879.0,CapteurDefaillant
OC-003148,PAT-00315,2024-05-27 20:00:00,ActivitePas,3048.0,Bon
OC-003149,PAT-00315,2024-05-28 14:00:00,SpO2,94.0,Bon
OC-003150,PAT-00315,2024-05-28 20:00:00,ActivitePas,3698.0,Bon
OC-003151,PAT-00315,2024-05-29 08:00:00,FrequenceCardiaque,73.0,Bon
OC-003152,PAT-00315,2024-05-29 14:00:00,SpO2,94.0,CapteurDefaillant
OC-003153,PAT-00315,2024-05-29 20:00:00,ActivitePas,2456.0,CapteurDefaillant
OC-003154,PAT-00315,2024-05-30 08:00:00,Poids,74.7,Gap
OC-003155,PAT-00315,2024-05-30 14:00:00,SpO2,94.0,Bon
OC-003156,PAT-00315,2024-05-30 20:00:00,SpO2,87.0,Bon
OC-003157,PAT-00302,2024-02-03 14:00:00,FrequenceCardiaque,69.0,CapteurDefaillant
OC-003158,PAT-00302,2024-02-03 20:00:00,Poids,82.8,Gap
OC-003159,PAT-00302,2024-02-04 08:00:00,Poids,64.2,Bon
OC-003160,PAT-00302,2024-02-04 14:00:00,ActivitePas,1435.0,Bon
OC-003161,PAT-00302,2024-02-04 20:00:00,ActivitePas,6135.0,Bon
OC-003162,PAT-00302,2024-02-05 08:00:00,Poids,40.0,Bon
OC-003163,PAT-00302,2024-02-05 14:00:00,FrequenceCardiaque,79.0,Bon
OC-003164,PAT-00302,2024-02-05 20:00:00,Poids,90.8,Bon
OC-003165,PAT-00302,2024-02-06 14:00:00,SpO2,90.0,CapteurDefaillant
OC-003166,PAT-00302,2024-02-07 14:00:00,Poids,99.4,Bon
OC-003167,PAT-00302,2024-02-07 20:00:00,ActivitePas,5284.0,Bon
OC-003168,PAT-00302,2024-02-08 14:00:00,FrequenceCardiaque,71.0,Bon
OC-003169,PAT-00302,2024-02-08 20:00:00,ActivitePas,2054.0,Bon
OC-003170,PAT-00302,2024-02-09 14:00:00,FrequenceCardiaque,82.0,Bon
OC-003171,PAT-00302,2024-02-09 20:00:00,FrequenceCardiaque,92.0,Bon
OC-003172,PAT-00302,2024-02-10 08:00:00,FrequenceCardiaque,71.0,Gap
OC-003173,PAT-00302,2024-02-10 14:00:00,Poids,69.6,Gap
OC-003174,PAT-00302,2024-02-10 20:00:00,FrequenceCardiaque,74.0,Bon
OC-003175,PAT-00302,2024-02-11 08:00:00,ActivitePas,2073.0,Bon
OC-003176,PAT-00302,2024-02-11 14:00:00,FrequenceCardiaque,80.0,Bon
OC-003177,PAT-00302,2024-02-11 20:00:00,SpO2,89.0,Bon
OC-003178,PAT-00302,2024-02-12 08:00:00,FrequenceCardiaque,80.0,Bon
OC-003179,PAT-00302,2024-02-12 14:00:00,SpO2,95.0,CapteurDefaillant
OC-003180,PAT-00302,2024-02-12 20:00:00,ActivitePas,2543.0,Bon
OC-003181,PAT-00302,2024-02-13 08:00:00,Poids,88.0,Bon
OC-003182,PAT-00302,2024-02-13 20:00:00,ActivitePas,6521.0,Bon
OC-003183,PAT-00302,2024-02-14 08:00:00,FrequenceCardiaque,68.0,Bon
OC-003184,PAT-00302,2024-02-14 14:00:00,FrequenceCardiaque,81.0,Bon
OC-003185,PAT-00302,2024-02-14 20:00:00,FrequenceCardiaque,65.0,Bon
OC-003186,PAT-00302,2024-02-15 08:00:00,Poids,59.0,Bon
OC-003187,PAT-00302,2024-02-15 14:00:00,FrequenceCardiaque,70.0,Bon
OC-003188,PAT-00302,2024-02-15 20:00:00,ActivitePas,2983.0,Bon
OC-003189,PAT-00302,2024-02-16 08:00:00,Poids,69.9,Bon
OC-003190,PAT-00302,2024-02-16 14:00:00,Poids,97.5,Bon
OC-003191,PAT-00302,2024-02-16 20:00:00,FrequenceCardiaque,61.0,Bon
OC-003192,PAT-00204,2024-05-26 14:00:00,ActivitePas,6116.0,Bon
OC-003193,PAT-00204,2024-05-26 20:00:00,FrequenceCardiaque,75.0,Bon
OC-003194,PAT-00204,2024-05-27 08:00:00,ActivitePas,4698.0,CapteurDefaillant
OC-003195,PAT-00204,2024-05-27 14:00:00,ActivitePas,7913.0,Bon
OC-003196,PAT-00204,2024-05-27 20:00:00,ActivitePas,1555.0,Bon
OC-003197,PAT-00204,2024-05-28 08:00:00,FrequenceCardiaque,71.0,CapteurDefaillant
OC-003198,PAT-00204,2024-05-28 14:00:00,Poids,109.3,Bon
OC-003199,PAT-00204,2024-05-28 20:00:00,Poids,96.6,Bon
OC-003200,PAT-00204,2024-05-29 08:00:00,FrequenceCardiaque,101.0,Bon
OC-003201,PAT-00204,2024-05-29 20:00:00,ActivitePas,4242.0,Bon
OC-003202,PAT-00204,2024-05-30 08:00:00,FrequenceCardiaque,58.0,Bon
OC-003203,PAT-00204,2024-05-30 14:00:00,FrequenceCardiaque,66.0,Bon
OC-003204,PAT-00204,2024-05-30 20:00:00,ActivitePas,3971.0,Bon
OC-003205,PAT-00204,2024-05-31 08:00:00,FrequenceCardiaque,86.0,Bon
OC-003206,PAT-00204,2024-05-31 20:00:00,Poids,83.9,CapteurDefaillant
OC-003207,PAT-00204,2024-06-01 08:00:00,FrequenceCardiaque,75.0,CapteurDefaillant
OC-003208,PAT-00204,2024-06-01 14:00:00,SpO2,88.0,Bon
OC-003209,PAT-00204,2024-06-02 08:00:00,FrequenceCardiaque,92.0,Bon
OC-003210,PAT-00204,2024-06-02 14:00:00,ActivitePas,4145.0,Bon
OC-003211,PAT-00204,2024-06-02 20:00:00,SpO2,95.0,CapteurDefaillant
OC-003212,PAT-00204,2024-06-03 20:00:00,SpO2,90.0,Bon
OC-003213,PAT-00204,2024-06-04 08:00:00,FrequenceCardiaque,84.0,Gap
OC-003214,PAT-00204,2024-06-04 14:00:00,ActivitePas,4934.0,Bon
OC-003215,PAT-00204,2024-06-05 20:00:00,Poids,72.7,Bon
OC-003216,PAT-00204,2024-06-06 14:00:00,ActivitePas,0.0,Bon
OC-003217,PAT-00204,2024-06-06 20:00:00,SpO2,93.0,Bon
OC-003218,PAT-00204,2024-06-07 08:00:00,ActivitePas,4909.0,Bon
OC-003219,PAT-00204,2024-06-07 14:00:00,FrequenceCardiaque,64.0,Bon
OC-003220,PAT-00204,2024-06-07 20:00:00,SpO2,97.0,Bon
OC-003221,PAT-00204,2024-06-08 08:00:00,Poids,94.2,Bon
OC-003222,PAT-00204,2024-06-08 14:00:00,Poids,80.2,Bon
OC-003223,PAT-00204,2024-06-08 20:00:00,SpO2,93.0,Bon
OC-003224,PAT-00184,2023-12-23 08:00:00,ActivitePas,5398.0,Bon
OC-003225,PAT-00184,2023-12-23 14:00:00,ActivitePas,3249.0,Bon
OC-003226,PAT-00184,2023-12-24 14:00:00,SpO2,94.0,Bon
OC-003227,PAT-00184,2023-12-25 14:00:00,ActivitePas,3398.0,Bon
OC-003228,PAT-00184,2023-12-25 20:00:00,SpO2,95.0,Bon
OC-003229,PAT-00184,2023-12-26 08:00:00,ActivitePas,3530.0,Bon
OC-003230,PAT-00184,2023-12-26 14:00:00,Poids,58.7,Bon
OC-003231,PAT-00184,2023-12-26 20:00:00,ActivitePas,3656.0,Bon
OC-003232,PAT-00184,2023-12-27 08:00:00,FrequenceCardiaque,69.0,Bon
OC-003233,PAT-00184,2023-12-27 14:00:00,ActivitePas,4952.0,CapteurDefaillant
OC-003234,PAT-00184,2023-12-27 20:00:00,SpO2,95.0,Bon
OC-003235,PAT-00184,2023-12-28 08:00:00,SpO2,98.0,Bon
OC-003236,PAT-00184,2023-12-28 14:00:00,Poids,77.6,Bon
OC-003237,PAT-00184,2023-12-28 20:00:00,Poids,72.1,Gap
OC-003238,PAT-00184,2023-12-29 08:00:00,Poids,78.2,Bon
OC-003239,PAT-00184,2023-12-29 14:00:00,FrequenceCardiaque,86.0,Bon
OC-003240,PAT-00184,2023-12-29 20:00:00,SpO2,90.0,CapteurDefaillant
OC-003241,PAT-00184,2023-12-30 14:00:00,Poids,81.8,Bon
OC-003242,PAT-00184,2023-12-30 20:00:00,Poids,89.5,Bon
OC-003243,PAT-00184,2023-12-31 08:00:00,FrequenceCardiaque,72.0,Bon
OC-003244,PAT-00184,2023-12-31 14:00:00,FrequenceCardiaque,75.0,Bon
OC-003245,PAT-00184,2023-12-31 20:00:00,Poids,81.3,Bon
OC-003246,PAT-00184,2024-01-01 08:00:00,Poids,50.2,Bon
OC-003247,PAT-00184,2024-01-01 20:00:00,FrequenceCardiaque,81.0,Bon
OC-003248,PAT-00184,2024-01-02 08:00:00,FrequenceCardiaque,67.0,Gap
OC-003249,PAT-999999,2024-01-02 20:00:00,ActivitePas,2313.0,CapteurDefaillant
OC-003250,PAT-00184,2024-01-03 20:00:00,ActivitePas,4472.0,Bon
OC-003251,PAT-00184,2024-01-04 08:00:00,ActivitePas,3054.0,Bon
OC-003252,PAT-00184,2024-01-04 14:00:00,Poids,73.8,Bon
OC-003253,PAT-00184,2024-01-04 20:00:00,ActivitePas,3093.0,CapteurDefaillant
OC-003254,PAT-00184,2024-01-05 08:00:00,Poids,59.9,Bon
OC-003255,PAT-00184,2024-01-05 14:00:00,FrequenceCardiaque,83.0,Bon
OC-003256,PAT-00541,2024-01-30 08:00:00,FrequenceCardiaque,93.0,Bon
OC-003257,PAT-00541,2024-01-30 14:00:00,FrequenceCardiaque,50.0,Bon
OC-003258,PAT-999999,2024-01-30 20:00:00,ActivitePas,1841.0,Bon
OC-003259,PAT-00541,2024-01-31 08:00:00,FrequenceCardiaque,87.0,Bon
OC-003260,PAT-00541,2024-01-31 14:00:00,ActivitePas,3071.0,Bon
OC-003261,PAT-00541,2024-01-31 20:00:00,FrequenceCardiaque,78.0,CapteurDefaillant
OC-003262,PAT-00541,2024-02-01 14:00:00,ActivitePas,5820.0,Gap
OC-003263,PAT-999999,2024-02-01 20:00:00,ActivitePas,2738.0,Gap
OC-003264,PAT-00541,2024-02-02 14:00:00,SpO2,97.0,Bon
OC-003265,PAT-00541,2024-02-02 20:00:00,ActivitePas,5996.0,Bon
OC-003266,PAT-00541,2024-02-03 14:00:00,ActivitePas,5163.0,Bon
OC-003267,PAT-00541,2024-02-03 20:00:00,ActivitePas,5415.0,Bon
OC-003268,PAT-00541,2024-02-04 08:00:00,ActivitePas,3831.0,Bon
OC-003269,PAT-00541,2024-02-04 14:00:00,SpO2,96.0,Bon
OC-003270,PAT-00541,2024-02-04 20:00:00,ActivitePas,2303.0,Bon
OC-003271,PAT-00541,2024-02-05 08:00:00,FrequenceCardiaque,73.0,Bon
OC-003272,PAT-00541,2024-02-05 14:00:00,SpO2,93.0,Bon
OC-003273,PAT-00541,2024-02-06 08:00:00,FrequenceCardiaque,65.0,Bon
OC-003274,PAT-00541,2024-02-06 14:00:00,Poids,79.9,Bon
OC-003275,PAT-00541,2024-02-06 20:00:00,Poids,67.3,Bon
OC-003276,PAT-00541,2024-02-07 08:00:00,FrequenceCardiaque,78.0,Bon
OC-003277,PAT-00541,2024-02-07 14:00:00,ActivitePas,4905.0,Bon
OC-003278,PAT-00541,2024-02-08 08:00:00,FrequenceCardiaque,73.0,Bon
OC-003279,PAT-00541,2024-02-08 14:00:00,Poids,47.1,Bon
OC-003280,PAT-00541,2024-02-08 20:00:00,SpO2,91.0,Bon
OC-003281,PAT-00541,2024-02-09 08:00:00,ActivitePas,2349.0,Bon
OC-003282,PAT-00541,2024-02-09 14:00:00,SpO2,100.0,CapteurDefaillant
OC-003283,PAT-00541,2024-02-09 20:00:00,SpO2,92.0,Bon
OC-003284,PAT-00541,2024-02-10 08:00:00,FrequenceCardiaque,73.0,Gap
OC-003285,PAT-00541,2024-02-10 14:00:00,Poids,61.8,Bon
OC-003286,PAT-00541,2024-02-10 20:00:00,FrequenceCardiaque,67.0,Bon
OC-003287,PAT-00541,2024-02-11 08:00:00,ActivitePas,6990.0,Bon
OC-003288,PAT-00541,2024-02-12 08:00:00,FrequenceCardiaque,73.0,Gap
OC-003289,PAT-00541,2024-02-12 14:00:00,SpO2,93.0,Gap
OC-003290,PAT-00541,2024-02-12 20:00:00,SpO2,96.0,Bon
OC-003291,PAT-00110,2024-04-23 08:00:00,Poids,64.8,Bon
OC-003292,PAT-00110,2024-04-23 14:00:00,SpO2,95.0,CapteurDefaillant
OC-003293,PAT-00110,2024-04-23 20:00:00,FrequenceCardiaque,81.0,Bon
OC-003294,PAT-00110,2024-04-24 08:00:00,ActivitePas,1660.0,Bon
OC-003295,PAT-00110,2024-04-24 14:00:00,SpO2,97.0,Bon
OC-003296,PAT-00110,2024-04-25 08:00:00,Poids,81.6,Bon
OC-003297,PAT-00110,2024-04-25 14:00:00,ActivitePas,8207.0,Bon
OC-003298,PAT-00110,2024-04-26 08:00:00,Poids,84.7,Bon
OC-003299,PAT-00110,2024-04-27 08:00:00,Poids,83.3,Bon
OC-003300,PAT-00110,2024-04-27 14:00:00,ActivitePas,8962.0,Bon
OC-003301,PAT-00110,2024-04-28 08:00:00,FrequenceCardiaque,75.0,Bon
OC-003302,PAT-00110,2024-04-28 14:00:00,FrequenceCardiaque,77.0,CapteurDefaillant
OC-003303,PAT-00110,2024-04-28 20:00:00,FrequenceCardiaque,76.0,Gap
OC-003304,PAT-00110,2024-04-29 14:00:00,ActivitePas,1593.0,Bon
OC-003305,PAT-00110,2024-04-30 08:00:00,Poids,104.2,Gap
OC-003306,PAT-00110,2024-04-30 20:00:00,FrequenceCardiaque,71.0,Bon
OC-003307,PAT-00110,2024-05-01 08:00:00,FrequenceCardiaque,49.0,Bon
OC-003308,PAT-00110,2024-05-01 14:00:00,SpO2,95.0,Bon
OC-003309,PAT-00110,2024-05-02 08:00:00,FrequenceCardiaque,56.0,Bon
OC-003310,PAT-00110,2024-05-02 14:00:00,ActivitePas,4235.0,Gap
OC-003311,PAT-999999,2024-05-02 20:00:00,FrequenceCardiaque,53.0,Bon
OC-003312,PAT-00110,2024-05-03 08:00:00,Poids,93.6,Gap
OC-003313,PAT-00110,2024-05-03 14:00:00,ActivitePas,6279.0,CapteurDefaillant
OC-003314,PAT-00110,2024-05-04 08:00:00,FrequenceCardiaque,85.0,Bon
OC-003315,PAT-00110,2024-05-04 20:00:00,Poids,67.2,Bon
OC-003316,PAT-00110,2024-05-05 08:00:00,FrequenceCardiaque,76.0,CapteurDefaillant
OC-003317,PAT-00110,2024-05-05 20:00:00,Poids,89.0,Bon
OC-003318,PAT-00110,2024-05-06 08:00:00,FrequenceCardiaque,88.0,Bon
OC-003319,PAT-00110,2024-05-06 14:00:00,SpO2,97.0,Gap
OC-003320,PAT-00110,2024-05-06 20:00:00,SpO2,95.0,Bon
OC-003321,PAT-00277,2024-04-12 08:00:00,FrequenceCardiaque,64.0,Bon
OC-003322,PAT-00277,2024-04-12 14:00:00,ActivitePas,2707.0,Gap
OC-003323,PAT-00277,2024-04-13 14:00:00,ActivitePas,4616.0,Bon
OC-003324,PAT-00277,2024-04-13 20:00:00,SpO2,97.0,Bon
OC-003325,PAT-00277,2024-04-14 08:00:00,Poids,86.8,Bon
OC-003326,PAT-00277,2024-04-14 14:00:00,SpO2,93.0,Bon
OC-003327,PAT-999999,2024-04-14 20:00:00,ActivitePas,4042.0,Bon
OC-003328,PAT-00277,2024-04-15 08:00:00,FrequenceCardiaque,64.0,Gap
OC-003329,PAT-00277,2024-04-15 14:00:00,Poids,90.6,Bon
OC-003330,PAT-00277,2024-04-15 20:00:00,ActivitePas,3911.0,Gap
OC-003331,PAT-00277,2024-04-16 08:00:00,Poids,76.7,Bon
OC-003332,PAT-00277,2024-04-16 14:00:00,ActivitePas,4472.0,Bon
OC-003333,PAT-00277,2024-04-16 20:00:00,FrequenceCardiaque,100.0,CapteurDefaillant
OC-003334,PAT-00277,2024-04-17 08:00:00,SpO2,91.0,Bon
OC-003335,PAT-00277,2024-04-17 20:00:00,Poids,75.6,Bon
OC-003336,PAT-00277,2024-04-18 08:00:00,FrequenceCardiaque,87.0,Bon
OC-003337,PAT-00277,2024-04-18 14:00:00,SpO2,93.0,Bon
OC-003338,PAT-00277,2024-04-18 20:00:00,FrequenceCardiaque,65.0,Gap
OC-003339,PAT-00277,2024-04-19 14:00:00,FrequenceCardiaque,72.0,Bon
OC-003340,PAT-00277,2024-04-19 20:00:00,FrequenceCardiaque,91.0,Bon
OC-003341,PAT-00277,2024-04-20 14:00:00,FrequenceCardiaque,58.0,Bon
OC-003342,PAT-00277,2024-04-20 20:00:00,FrequenceCardiaque,78.0,Bon
OC-003343,PAT-00277,2024-04-21 08:00:00,ActivitePas,3203.0,Bon
OC-003344,PAT-00277,2024-04-22 08:00:00,FrequenceCardiaque,99.0,Bon
OC-003345,PAT-00277,2024-04-22 14:00:00,FrequenceCardiaque,101.0,Bon
OC-003346,PAT-00277,2024-04-22 20:00:00,SpO2,95.0,CapteurDefaillant
OC-003347,PAT-00277,2024-04-23 08:00:00,FrequenceCardiaque,77.0,Bon
OC-003348,PAT-00277,2024-04-23 20:00:00,FrequenceCardiaque,100.0,CapteurDefaillant
OC-003349,PAT-00277,2024-04-24 08:00:00,Poids,86.9,Gap
OC-003350,PAT-00277,2024-04-24 14:00:00,ActivitePas,2201.0,Bon
OC-003351,PAT-00277,2024-04-24 20:00:00,ActivitePas,2008.0,Bon
OC-003352,PAT-00277,2024-04-25 08:00:00,ActivitePas,189.0,Gap
OC-003353,PAT-00293,2024-01-17 20:00:00,ActivitePas,2003.0,Bon
OC-003354,PAT-00293,2024-01-18 08:00:00,ActivitePas,3885.0,Bon
OC-003355,PAT-00293,2024-01-18 14:00:00,ActivitePas,3200.0,Bon
OC-003356,PAT-00293,2024-01-19 14:00:00,ActivitePas,5160.0,Bon
OC-003357,PAT-00293,2024-01-19 20:00:00,FrequenceCardiaque,106.0,Bon
OC-003358,PAT-00293,2024-01-20 08:00:00,SpO2,93.0,Bon
OC-003359,PAT-00293,2024-01-20 14:00:00,ActivitePas,7060.0,Bon
OC-003360,PAT-00293,2024-01-20 20:00:00,SpO2,98.0,Gap
OC-003361,PAT-00293,2024-01-21 08:00:00,FrequenceCardiaque,79.0,CapteurDefaillant
OC-003362,PAT-00293,2024-01-21 14:00:00,FrequenceCardiaque,84.0,Bon
OC-003363,PAT-00293,2024-01-21 20:00:00,FrequenceCardiaque,73.0,Bon
OC-003364,PAT-00293,2024-01-22 08:00:00,ActivitePas,6614.0,Bon
OC-003365,PAT-00293,2024-01-22 14:00:00,ActivitePas,1383.0,Bon
OC-003366,PAT-00293,2024-01-22 20:00:00,Poids,82.3,CapteurDefaillant
OC-003367,PAT-00293,2024-01-23 08:00:00,Poids,64.6,Bon
OC-003368,PAT-00293,2024-01-23 14:00:00,ActivitePas,3366.0,Bon
OC-003369,PAT-00293,2024-01-23 20:00:00,ActivitePas,886.0,Bon
OC-003370,PAT-00293,2024-01-24 14:00:00,ActivitePas,3986.0,Gap
OC-003371,PAT-00293,2024-01-24 20:00:00,ActivitePas,1095.0,CapteurDefaillant
OC-003372,PAT-999999,2024-01-25 08:00:00,SpO2,96.0,Bon
OC-003373,PAT-00293,2024-01-25 14:00:00,FrequenceCardiaque,63.0,Bon
OC-003374,PAT-999999,2024-01-26 08:00:00,Poids,76.4,Bon
OC-003375,PAT-00293,2024-01-26 14:00:00,ActivitePas,646.0,Gap
OC-003376,PAT-00293,2024-01-26 20:00:00,SpO2,95.0,Bon
OC-003377,PAT-00293,2024-01-27 08:00:00,Poids,78.4,Bon
OC-003378,PAT-00293,2024-01-27 14:00:00,SpO2,95.0,Bon
OC-003379,PAT-00293,2024-01-27 20:00:00,ActivitePas,2060.0,Bon
OC-003380,PAT-00293,2024-01-28 08:00:00,Poids,62.8,Bon
OC-003381,PAT-00293,2024-01-28 20:00:00,SpO2,98.0,Bon
OC-003382,PAT-00293,2024-01-29 08:00:00,Poids,47.6,Bon
OC-003383,PAT-00293,2024-01-29 14:00:00,SpO2,100.0,Bon
OC-003384,PAT-00293,2024-01-30 08:00:00,Poids,74.1,Bon
OC-003385,PAT-00293,2024-01-30 14:00:00,Poids,88.4,Bon
OC-003386,PAT-00293,2024-01-30 20:00:00,Poids,73.8,Bon
OC-003387,PAT-00350,2024-02-27 08:00:00,FrequenceCardiaque,80.0,Bon
OC-003388,PAT-00350,2024-02-27 14:00:00,FrequenceCardiaque,104.0,Bon
OC-003389,PAT-00350,2024-02-27 20:00:00,SpO2,94.0,Bon
OC-003390,PAT-00350,2024-02-28 08:00:00,FrequenceCardiaque,80.0,Bon
OC-003391,PAT-00350,2024-02-28 20:00:00,SpO2,100.0,Bon
OC-003392,PAT-00350,2024-02-29 14:00:00,SpO2,97.0,CapteurDefaillant
OC-003393,PAT-00350,2024-02-29 20:00:00,Poids,68.2,Bon
OC-003394,PAT-00350,2024-03-01 08:00:00,Poids,70.9,Bon
OC-003395,PAT-00350,2024-03-01 14:00:00,ActivitePas,2352.0,Bon
OC-003396,PAT-00350,2024-03-02 08:00:00,FrequenceCardiaque,60.0,Bon
OC-003397,PAT-00350,2024-03-02 14:00:00,Poids,94.4,Bon
OC-003398,PAT-00350,2024-03-02 20:00:00,FrequenceCardiaque,63.0,Gap
OC-003399,PAT-00350,2024-03-03 08:00:00,ActivitePas,198.0,Bon
OC-003400,PAT-00350,2024-03-03 14:00:00,ActivitePas,3802.0,Bon
OC-003401,PAT-00350,2024-03-03 20:00:00,FrequenceCardiaque,59.0,Gap
OC-003402,PAT-00350,2024-03-04 08:00:00,ActivitePas,4063.0,Bon
OC-003403,PAT-00350,2024-03-04 14:00:00,FrequenceCardiaque,69.0,Gap
OC-003404,PAT-00350,2024-03-04 20:00:00,ActivitePas,1910.0,Bon
OC-003405,PAT-00350,2024-03-05 14:00:00,ActivitePas,1144.0,Bon
OC-003406,PAT-00350,2024-03-05 20:00:00,ActivitePas,4210.0,Bon
OC-003407,PAT-00350,2024-03-06 08:00:00,Poids,87.7,Bon
OC-003408,PAT-00350,2024-03-06 14:00:00,FrequenceCardiaque,68.0,Bon
OC-003409,PAT-00350,2024-03-06 20:00:00,FrequenceCardiaque,77.0,Bon
OC-003410,PAT-00350,2024-03-07 08:00:00,FrequenceCardiaque,98.0,Bon
OC-003411,PAT-00350,2024-03-07 14:00:00,FrequenceCardiaque,94.0,Bon
OC-003412,PAT-00350,2024-03-07 20:00:00,Poids,68.2,CapteurDefaillant
OC-003413,PAT-00350,2024-03-08 14:00:00,FrequenceCardiaque,99.0,Bon
OC-003414,PAT-00350,2024-03-08 20:00:00,ActivitePas,2411.0,Bon
OC-003415,PAT-00350,2024-03-09 08:00:00,FrequenceCardiaque,60.0,Bon
OC-003416,PAT-00350,2024-03-09 14:00:00,FrequenceCardiaque,67.0,Bon
OC-003417,PAT-00350,2024-03-09 20:00:00,FrequenceCardiaque,60.0,Bon
OC-003418,PAT-00350,2024-03-10 08:00:00,Poids,99.5,CapteurDefaillant
OC-003419,PAT-00350,2024-03-10 14:00:00,SpO2,93.0,Bon
OC-003420,PAT-00350,2024-03-10 20:00:00,FrequenceCardiaque,89.0,Bon
OC-003421,PAT-00350,2024-03-11 08:00:00,SpO2,94.0,Bon
OC-003422,PAT-00350,2024-03-11 14:00:00,Poids,83.4,Bon
OC-003423,PAT-00068,2024-03-19 08:00:00,ActivitePas,4645.0,Bon
OC-003424,PAT-999999,2024-03-19 14:00:00,ActivitePas,5938.0,Bon
OC-003425,PAT-00068,2024-03-19 20:00:00,Poids,70.7,Bon
OC-003426,PAT-00068,2024-03-20 08:00:00,FrequenceCardiaque,69.0,Bon
OC-003427,PAT-00068,2024-03-20 14:00:00,ActivitePas,4268.0,Bon
OC-003428,PAT-00068,2024-03-20 20:00:00,SpO2,94.0,Gap
OC-003429,PAT-00068,2024-03-21 08:00:00,Poids,82.2,Gap
OC-003430,PAT-00068,2024-03-21 14:00:00,ActivitePas,1538.0,Bon
OC-003431,PAT-00068,2024-03-21 20:00:00,ActivitePas,2009.0,CapteurDefaillant
OC-003432,PAT-00068,2024-03-22 08:00:00,Poids,79.7,Bon
OC-003433,PAT-00068,2024-03-22 14:00:00,FrequenceCardiaque,79.0,Bon
OC-003434,PAT-00068,2024-03-22 20:00:00,SpO2,93.0,CapteurDefaillant
OC-003435,PAT-00068,2024-03-23 08:00:00,SpO2,99.0,Bon
OC-003436,PAT-999999,2024-03-23 14:00:00,FrequenceCardiaque,60.0,Bon
OC-003437,PAT-00068,2024-03-24 08:00:00,Poids,65.5,Bon
OC-003438,PAT-00068,2024-03-24 14:00:00,ActivitePas,3280.0,CapteurDefaillant
OC-003439,PAT-00068,2024-03-24 20:00:00,ActivitePas,4452.0,Bon
OC-003440,PAT-00068,2024-03-25 08:00:00,FrequenceCardiaque,72.0,Bon
OC-003441,PAT-00068,2024-03-25 14:00:00,ActivitePas,6363.0,Bon
OC-003442,PAT-00068,2024-03-25 20:00:00,FrequenceCardiaque,74.0,Bon
OC-003443,PAT-00068,2024-03-26 08:00:00,Poids,88.0,Bon
OC-003444,PAT-00068,2024-03-26 14:00:00,ActivitePas,4976.0,Bon
OC-003445,PAT-00068,2024-03-26 20:00:00,SpO2,92.0,Bon
OC-003446,PAT-00068,2024-03-27 08:00:00,ActivitePas,2516.0,Bon
OC-003447,PAT-00068,2024-03-27 20:00:00,SpO2,100.0,Bon
OC-003448,PAT-00068,2024-03-28 08:00:00,ActivitePas,2373.0,Bon
OC-003449,PAT-00068,2024-03-28 14:00:00,SpO2,99.0,CapteurDefaillant
OC-003450,PAT-00068,2024-03-28 20:00:00,SpO2,90.0,Bon
OC-003451,PAT-00068,2024-03-29 08:00:00,Poids,68.0,Bon
OC-003452,PAT-00068,2024-03-29 14:00:00,Poids,64.2,Bon
OC-003453,PAT-00068,2024-03-29 20:00:00,SpO2,95.0,Bon
OC-003454,PAT-00068,2024-03-30 08:00:00,ActivitePas,7280.0,Bon
OC-003455,PAT-00068,2024-03-30 14:00:00,FrequenceCardiaque,73.0,Bon
OC-003456,PAT-00068,2024-03-31 14:00:00,FrequenceCardiaque,101.0,Bon
OC-003457,PAT-00068,2024-03-31 20:00:00,SpO2,98.0,CapteurDefaillant
OC-003458,PAT-00068,2024-04-01 08:00:00,FrequenceCardiaque,65.0,Bon
OC-003459,PAT-00068,2024-04-01 14:00:00,SpO2,91.0,Bon
OC-003460,PAT-00068,2024-04-01 20:00:00,ActivitePas,2893.0,Bon
OC-003461,PAT-00251,2023-12-02 08:00:00,ActivitePas,4073.0,CapteurDefaillant
OC-003462,PAT-00251,2023-12-02 14:00:00,ActivitePas,2122.0,Bon
OC-003463,PAT-00251,2023-12-02 20:00:00,ActivitePas,4351.0,Bon
OC-003464,PAT-00251,2023-12-03 08:00:00,Poids,62.1,Bon
OC-003465,PAT-00251,2023-12-03 14:00:00,Poids,84.5,Bon
OC-003466,PAT-00251,2023-12-03 20:00:00,FrequenceCardiaque,87.0,Bon
OC-003467,PAT-00251,2023-12-04 20:00:00,ActivitePas,3975.0,Gap
OC-003468,PAT-00251,2023-12-05 08:00:00,SpO2,94.0,Bon
OC-003469,PAT-00251,2023-12-05 14:00:00,ActivitePas,5723.0,Bon
OC-003470,PAT-00251,2023-12-06 08:00:00,ActivitePas,1546.0,CapteurDefaillant
OC-003471,PAT-00251,2023-12-06 14:00:00,Poids,68.2,Bon
OC-003472,PAT-00251,2023-12-06 20:00:00,Poids,65.9,Bon
OC-003473,PAT-00251,2023-12-07 08:00:00,ActivitePas,4932.0,Bon
OC-003474,PAT-00251,2023-12-07 14:00:00,FrequenceCardiaque,75.0,Bon
OC-003475,PAT-00251,2023-12-07 20:00:00,ActivitePas,5088.0,Bon
OC-003476,PAT-00251,2023-12-08 08:00:00,SpO2,91.0,Bon
OC-003477,PAT-999999,2023-12-08 20:00:00,SpO2,92.0,Gap
OC-003478,PAT-00251,2023-12-09 14:00:00,SpO2,93.0,Gap
OC-003479,PAT-00251,2023-12-09 20:00:00,ActivitePas,0.0,Bon
OC-003480,PAT-00251,2023-12-10 08:00:00,FrequenceCardiaque,84.0,Bon
OC-003481,PAT-00251,2023-12-10 14:00:00,ActivitePas,1807.0,Bon
OC-003482,PAT-00251,2023-12-10 20:00:00,Poids,62.4,Bon
OC-003483,PAT-00251,2023-12-11 08:00:00,Poids,87.8,Bon
OC-003484,PAT-00251,2023-12-11 20:00:00,SpO2,94.0,Bon
OC-003485,PAT-00251,2023-12-12 08:00:00,ActivitePas,1582.0,Bon
OC-003486,PAT-00251,2023-12-12 14:00:00,SpO2,93.0,Bon
OC-003487,PAT-00251,2023-12-12 20:00:00,ActivitePas,5951.0,CapteurDefaillant
OC-003488,PAT-00251,2023-12-13 20:00:00,FrequenceCardiaque,75.0,Bon
OC-003489,PAT-00251,2023-12-14 14:00:00,Poids,63.0,Gap
OC-003490,PAT-00251,2023-12-15 08:00:00,SpO2,93.0,Bon
OC-003491,PAT-00251,2023-12-15 14:00:00,Poids,59.1,Bon
OC-003492,PAT-00251,2023-12-15 20:00:00,ActivitePas,6687.0,CapteurDefaillant
OC-003493,PAT-00226,2024-04-02 20:00:00,FrequenceCardiaque,89.0,Bon
OC-003494,PAT-00226,2024-04-03 14:00:00,Poids,79.1,Bon
OC-003495,PAT-00226,2024-04-03 20:00:00,ActivitePas,1510.0,Bon
OC-003496,PAT-00226,2024-04-04 14:00:00,SpO2,92.0,Bon
OC-003497,PAT-00226,2024-04-04 20:00:00,SpO2,93.0,Bon
OC-003498,PAT-00226,2024-04-05 08:00:00,SpO2,90.0,Bon
OC-003499,PAT-00226,2024-04-05 14:00:00,ActivitePas,2991.0,Bon
OC-003500,PAT-00226,2024-04-05 20:00:00,ActivitePas,3863.0,CapteurDefaillant
OC-003501,PAT-00226,2024-04-06 08:00:00,Poids,75.4,Bon
OC-003502,PAT-00226,2024-04-06 20:00:00,Poids,93.4,Bon
OC-003503,PAT-00226,2024-04-07 08:00:00,ActivitePas,3596.0,Bon
OC-003504,PAT-00226,2024-04-07 14:00:00,Poids,71.1,Bon
OC-003505,PAT-00226,2024-04-07 20:00:00,ActivitePas,2816.0,Bon
OC-003506,PAT-00226,2024-04-08 08:00:00,Poids,101.4,CapteurDefaillant
OC-003507,PAT-00226,2024-04-08 14:00:00,FrequenceCardiaque,96.0,CapteurDefaillant
OC-003508,PAT-00226,2024-04-08 20:00:00,FrequenceCardiaque,76.0,Bon
OC-003509,PAT-00226,2024-04-09 08:00:00,ActivitePas,2984.0,Bon
OC-003510,PAT-00226,2024-04-09 14:00:00,Poids,67.3,Bon
OC-003511,PAT-00226,2024-04-09 20:00:00,SpO2,97.0,Bon
OC-003512,PAT-00226,2024-04-10 08:00:00,ActivitePas,4604.0,Bon
OC-003513,PAT-00226,2024-04-10 14:00:00,Poids,66.0,CapteurDefaillant
OC-003514,PAT-00226,2024-04-11 08:00:00,FrequenceCardiaque,70.0,Bon
OC-003515,PAT-00226,2024-04-11 14:00:00,SpO2,95.0,Bon
OC-003516,PAT-00226,2024-04-11 20:00:00,ActivitePas,3827.0,Bon
OC-003517,PAT-00226,2024-04-12 14:00:00,Poids,84.5,Bon
OC-003518,PAT-00226,2024-04-12 20:00:00,SpO2,92.0,Bon
OC-003519,PAT-00226,2024-04-13 08:00:00,ActivitePas,2524.0,Gap
OC-003520,PAT-00226,2024-04-13 14:00:00,FrequenceCardiaque,68.0,Bon
OC-003521,PAT-00226,2024-04-13 20:00:00,FrequenceCardiaque,75.0,Bon
OC-003522,PAT-00226,2024-04-14 08:00:00,FrequenceCardiaque,81.0,Bon
OC-003523,PAT-00226,2024-04-14 14:00:00,SpO2,91.0,Bon
OC-003524,PAT-999999,2024-04-14 20:00:00,ActivitePas,4117.0,Bon
OC-003525,PAT-00226,2024-04-15 08:00:00,ActivitePas,5514.0,Bon
OC-003526,PAT-00226,2024-04-15 14:00:00,FrequenceCardiaque,102.0,Bon
OC-003527,PAT-00226,2024-04-15 20:00:00,Poids,88.4,Bon
OC-003528,PAT-00472,2024-01-15 08:00:00,ActivitePas,0.0,Bon
OC-003529,PAT-00472,2024-01-15 14:00:00,FrequenceCardiaque,70.0,Bon
OC-003530,PAT-00472,2024-01-15 20:00:00,SpO2,95.0,Gap
OC-003531,PAT-00472,2024-01-16 08:00:00,ActivitePas,4572.0,Bon
OC-003532,PAT-00472,2024-01-16 14:00:00,Poids,89.3,Bon
OC-003533,PAT-00472,2024-01-17 08:00:00,Poids,90.1,Bon
OC-003534,PAT-00472,2024-01-17 14:00:00,ActivitePas,3846.0,Bon
OC-003535,PAT-00472,2024-01-17 20:00:00,ActivitePas,4395.0,Bon
OC-003536,PAT-00472,2024-01-18 08:00:00,SpO2,100.0,Bon
OC-003537,PAT-00472,2024-01-18 14:00:00,ActivitePas,3858.0,Bon
OC-003538,PAT-00472,2024-01-19 08:00:00,FrequenceCardiaque,84.0,Bon
OC-003539,PAT-00472,2024-01-19 20:00:00,FrequenceCardiaque,74.0,Bon
OC-003540,PAT-00472,2024-01-20 08:00:00,ActivitePas,4135.0,CapteurDefaillant
OC-003541,PAT-00472,2024-01-20 14:00:00,SpO2,94.0,CapteurDefaillant
OC-003542,PAT-00472,2024-01-20 20:00:00,FrequenceCardiaque,81.0,Bon
OC-003543,PAT-00472,2024-01-21 08:00:00,FrequenceCardiaque,90.0,Bon
OC-003544,PAT-00472,2024-01-21 20:00:00,Poids,64.2,Bon
OC-003545,PAT-00472,2024-01-22 08:00:00,SpO2,93.0,Bon
OC-003546,PAT-00472,2024-01-22 14:00:00,FrequenceCardiaque,91.0,CapteurDefaillant
OC-003547,PAT-00472,2024-01-22 20:00:00,FrequenceCardiaque,80.0,Bon
OC-003548,PAT-00472,2024-01-23 14:00:00,FrequenceCardiaque,87.0,Bon
OC-003549,PAT-00472,2024-01-23 20:00:00,FrequenceCardiaque,74.0,Bon
OC-003550,PAT-00472,2024-01-24 08:00:00,Poids,65.7,Bon
OC-003551,PAT-00472,2024-01-24 14:00:00,ActivitePas,5044.0,Bon
OC-003552,PAT-00472,2024-01-24 20:00:00,SpO2,92.0,Bon
OC-003553,PAT-00472,2024-01-25 08:00:00,SpO2,95.0,Bon
OC-003554,PAT-00472,2024-01-25 20:00:00,FrequenceCardiaque,75.0,Bon
OC-003555,PAT-00472,2024-01-26 08:00:00,Poids,74.9,Gap
OC-003556,PAT-00472,2024-01-26 14:00:00,SpO2,96.0,Bon
OC-003557,PAT-00472,2024-01-26 20:00:00,Poids,63.0,Bon
OC-003558,PAT-00472,2024-01-27 08:00:00,FrequenceCardiaque,55.0,Bon
OC-003559,PAT-00472,2024-01-27 14:00:00,FrequenceCardiaque,79.0,Gap
OC-003560,PAT-00472,2024-01-27 20:00:00,FrequenceCardiaque,71.0,Bon
OC-003561,PAT-00472,2024-01-28 08:00:00,Poids,71.3,Bon
OC-003562,PAT-00472,2024-01-28 14:00:00,FrequenceCardiaque,96.0,Bon
OC-003563,PAT-00472,2024-01-28 20:00:00,ActivitePas,4424.0,Bon
OC-003564,PAT-00485,2024-05-23 08:00:00,ActivitePas,2041.0,Bon
OC-003565,PAT-00485,2024-05-23 14:00:00,Poids,80.6,Bon
OC-003566,PAT-00485,2024-05-23 20:00:00,Poids,67.8,Bon
OC-003567,PAT-00485,2024-05-24 20:00:00,SpO2,97.0,Bon
OC-003568,PAT-00485,2024-05-25 08:00:00,ActivitePas,4149.0,Bon
OC-003569,PAT-00485,2024-05-25 14:00:00,Poids,74.1,Bon
OC-003570,PAT-00485,2024-05-25 20:00:00,SpO2,97.0,Bon
OC-003571,PAT-00485,2024-05-26 08:00:00,FrequenceCardiaque,70.0,Bon
OC-003572,PAT-00485,2024-05-26 14:00:00,SpO2,89.0,Bon
OC-003573,PAT-00485,2024-05-26 20:00:00,ActivitePas,4422.0,Bon
OC-003574,PAT-00485,2024-05-27 08:00:00,FrequenceCardiaque,70.0,Bon
OC-003575,PAT-00485,2024-05-27 14:00:00,FrequenceCardiaque,76.0,Gap
OC-003576,PAT-00485,2024-05-27 20:00:00,FrequenceCardiaque,87.0,Bon
OC-003577,PAT-00485,2024-05-28 20:00:00,FrequenceCardiaque,83.0,Gap
OC-003578,PAT-00485,2024-05-29 08:00:00,Poids,63.2,Bon
OC-003579,PAT-00485,2024-05-29 14:00:00,FrequenceCardiaque,84.0,Bon
OC-003580,PAT-00485,2024-05-29 20:00:00,SpO2,97.0,Bon
OC-003581,PAT-00485,2024-05-30 08:00:00,Poids,80.1,Bon
OC-003582,PAT-00485,2024-05-30 14:00:00,SpO2,93.0,Bon
OC-003583,PAT-00485,2024-05-31 08:00:00,ActivitePas,1956.0,Bon
OC-003584,PAT-00485,2024-05-31 14:00:00,Poids,55.6,Bon
OC-003585,PAT-00485,2024-05-31 20:00:00,SpO2,99.0,Gap
OC-003586,PAT-00485,2024-06-01 08:00:00,SpO2,90.0,Bon
OC-003587,PAT-00485,2024-06-01 20:00:00,ActivitePas,4784.0,Bon
OC-003588,PAT-00485,2024-06-02 08:00:00,SpO2,97.0,Bon
OC-003589,PAT-00485,2024-06-02 20:00:00,FrequenceCardiaque,64.0,Gap
OC-003590,PAT-00485,2024-06-03 08:00:00,ActivitePas,3173.0,Bon
OC-003591,PAT-00485,2024-06-03 14:00:00,SpO2,96.0,Bon
OC-003592,PAT-00485,2024-06-03 20:00:00,FrequenceCardiaque,78.0,Bon
OC-003593,PAT-00485,2024-06-04 08:00:00,Poids,66.6,Bon
OC-003594,PAT-00485,2024-06-04 14:00:00,ActivitePas,3752.0,Bon
OC-003595,PAT-00485,2024-06-04 20:00:00,ActivitePas,2762.0,Gap
OC-003596,PAT-00485,2024-06-05 14:00:00,SpO2,90.0,Bon
OC-003597,PAT-00485,2024-06-05 20:00:00,FrequenceCardiaque,61.0,Bon
OC-003598,PAT-00248,2023-12-18 08:00:00,SpO2,93.0,Bon
OC-003599,PAT-00248,2023-12-18 14:00:00,Poids,73.1,Bon
OC-003600,PAT-00248,2023-12-18 20:00:00,FrequenceCardiaque,57.0,Bon
OC-003601,PAT-00248,2023-12-19 08:00:00,ActivitePas,2904.0,Bon
OC-003602,PAT-00248,2023-12-19 14:00:00,SpO2,94.0,Bon
OC-003603,PAT-00248,2023-12-20 08:00:00,Poids,76.2,Bon
OC-003604,PAT-00248,2023-12-20 14:00:00,ActivitePas,3711.0,Gap
OC-003605,PAT-00248,2023-12-20 20:00:00,FrequenceCardiaque,84.0,Bon
OC-003606,PAT-00248,2023-12-21 08:00:00,ActivitePas,2926.0,Bon
OC-003607,PAT-00248,2023-12-21 20:00:00,FrequenceCardiaque,45.0,Bon
OC-003608,PAT-00248,2023-12-22 14:00:00,SpO2,96.0,Bon
OC-003609,PAT-00248,2023-12-23 08:00:00,FrequenceCardiaque,88.0,Bon
OC-003610,PAT-00248,2023-12-23 20:00:00,SpO2,91.0,Bon
OC-003611,PAT-999999,2023-12-24 14:00:00,SpO2,98.0,CapteurDefaillant
OC-003612,PAT-00248,2023-12-25 08:00:00,FrequenceCardiaque,94.0,CapteurDefaillant
OC-003613,PAT-00248,2023-12-25 20:00:00,SpO2,96.0,Bon
OC-003614,PAT-00248,2023-12-26 08:00:00,FrequenceCardiaque,71.0,CapteurDefaillant
OC-003615,PAT-00248,2023-12-27 14:00:00,SpO2,96.0,Bon
OC-003616,PAT-00248,2023-12-28 08:00:00,Poids,74.3,Gap
OC-003617,PAT-00248,2023-12-28 14:00:00,FrequenceCardiaque,75.0,Bon
OC-003618,PAT-00248,2023-12-28 20:00:00,Poids,88.8,CapteurDefaillant
OC-003619,PAT-00248,2023-12-29 08:00:00,SpO2,94.0,Gap
OC-003620,PAT-00248,2023-12-29 20:00:00,Poids,63.4,Bon
OC-003621,PAT-00248,2023-12-30 08:00:00,ActivitePas,5468.0,Bon
OC-003622,PAT-00248,2023-12-30 14:00:00,Poids,86.7,Bon
OC-003623,PAT-00248,2023-12-31 20:00:00,ActivitePas,2040.0,Bon
OC-003624,PAT-00205,2024-01-03 14:00:00,ActivitePas,1123.0,Bon
OC-003625,PAT-00205,2024-01-03 20:00:00,FrequenceCardiaque,58.0,Gap
OC-003626,PAT-00205,2024-01-04 08:00:00,SpO2,98.0,CapteurDefaillant
OC-003627,PAT-00205,2024-01-04 14:00:00,FrequenceCardiaque,86.0,Bon
OC-003628,PAT-00205,2024-01-04 20:00:00,Poids,64.1,Bon
OC-003629,PAT-00205,2024-01-05 08:00:00,Poids,83.9,Bon
OC-003630,PAT-00205,2024-01-05 14:00:00,FrequenceCardiaque,80.0,Bon
OC-003631,PAT-00205,2024-01-05 20:00:00,Poids,93.9,Bon
OC-003632,PAT-00205,2024-01-06 08:00:00,SpO2,93.0,Bon
OC-003633,PAT-00205,2024-01-06 14:00:00,ActivitePas,4547.0,Bon
OC-003634,PAT-00205,2024-01-06 20:00:00,SpO2,93.0,Bon
OC-003635,PAT-00205,2024-01-07 14:00:00,FrequenceCardiaque,69.0,Bon
OC-003636,PAT-00205,2024-01-07 20:00:00,SpO2,98.0,Bon
OC-003637,PAT-00205,2024-01-08 08:00:00,ActivitePas,2442.0,Bon
OC-003638,PAT-00205,2024-01-09 08:00:00,FrequenceCardiaque,53.0,Bon
OC-003639,PAT-00205,2024-01-09 14:00:00,SpO2,98.0,Bon
OC-003640,PAT-00205,2024-01-09 20:00:00,Poids,78.4,CapteurDefaillant
OC-003641,PAT-00205,2024-01-10 08:00:00,ActivitePas,1970.0,Bon
OC-003642,PAT-00205,2024-01-11 08:00:00,Poids,59.7,Bon
OC-003643,PAT-00205,2024-01-11 14:00:00,FrequenceCardiaque,56.0,Bon
OC-003644,PAT-00205,2024-01-11 20:00:00,ActivitePas,2041.0,Gap
OC-003645,PAT-00205,2024-01-12 08:00:00,SpO2,98.0,Bon
OC-003646,PAT-999999,2024-01-12 14:00:00,FrequenceCardiaque,93.0,Bon
OC-003647,PAT-00205,2024-01-12 20:00:00,Poids,71.0,Bon
OC-003648,PAT-00205,2024-01-13 14:00:00,Poids,95.2,CapteurDefaillant
OC-003649,PAT-00205,2024-01-13 20:00:00,ActivitePas,6694.0,Gap
OC-003650,PAT-00205,2024-01-14 20:00:00,ActivitePas,4979.0,Bon
OC-003651,PAT-00205,2024-01-15 08:00:00,SpO2,99.0,Gap
OC-003652,PAT-00205,2024-01-15 14:00:00,SpO2,93.0,Bon
OC-003653,PAT-00205,2024-01-15 20:00:00,SpO2,96.0,Bon
OC-003654,PAT-00205,2024-01-16 08:00:00,FrequenceCardiaque,84.0,CapteurDefaillant
OC-003655,PAT-00205,2024-01-16 14:00:00,SpO2,94.0,Bon
OC-003656,PAT-00205,2024-01-16 20:00:00,SpO2,93.0,Bon
OC-003657,PAT-00317,2024-05-16 08:00:00,FrequenceCardiaque,77.0,Bon
OC-003658,PAT-00317,2024-05-16 14:00:00,Poids,59.7,CapteurDefaillant
OC-003659,PAT-00317,2024-05-17 08:00:00,FrequenceCardiaque,79.0,Bon
OC-003660,PAT-00317,2024-05-17 14:00:00,FrequenceCardiaque,97.0,Bon
OC-003661,PAT-00317,2024-05-18 14:00:00,ActivitePas,5386.0,Bon
OC-003662,PAT-00317,2024-05-19 14:00:00,ActivitePas,3500.0,Bon
OC-003663,PAT-00317,2024-05-19 20:00:00,FrequenceCardiaque,72.0,Bon
OC-003664,PAT-00317,2024-05-20 08:00:00,Poids,98.8,Bon
OC-003665,PAT-00317,2024-05-20 14:00:00,FrequenceCardiaque,78.0,Gap
OC-003666,PAT-00317,2024-05-20 20:00:00,Poids,105.4,Gap
OC-003667,PAT-00317,2024-05-21 14:00:00,ActivitePas,1827.0,Bon
OC-003668,PAT-00317,2024-05-21 20:00:00,FrequenceCardiaque,71.0,Bon
OC-003669,PAT-00317,2024-05-22 08:00:00,ActivitePas,3738.0,Bon
OC-003670,PAT-00317,2024-05-22 14:00:00,FrequenceCardiaque,80.0,Bon
OC-003671,PAT-00317,2024-05-22 20:00:00,SpO2,90.0,Gap
OC-003672,PAT-00317,2024-05-23 08:00:00,FrequenceCardiaque,75.0,CapteurDefaillant
OC-003673,PAT-00317,2024-05-23 14:00:00,FrequenceCardiaque,92.0,Bon
OC-003674,PAT-00317,2024-05-23 20:00:00,ActivitePas,2561.0,Bon
OC-003675,PAT-00317,2024-05-24 08:00:00,Poids,52.5,Bon
OC-003676,PAT-00317,2024-05-24 14:00:00,Poids,95.8,Bon
OC-003677,PAT-00317,2024-05-24 20:00:00,FrequenceCardiaque,88.0,Bon
OC-003678,PAT-00317,2024-05-25 08:00:00,FrequenceCardiaque,88.0,CapteurDefaillant
OC-003679,PAT-00317,2024-05-25 14:00:00,FrequenceCardiaque,73.0,Bon
OC-003680,PAT-00317,2024-05-25 20:00:00,ActivitePas,3041.0,Gap
OC-003681,PAT-00317,2024-05-26 08:00:00,Poids,75.3,Bon
OC-003682,PAT-00317,2024-05-26 14:00:00,SpO2,96.0,Bon
OC-003683,PAT-00317,2024-05-26 20:00:00,ActivitePas,3815.0,CapteurDefaillant
OC-003684,PAT-00317,2024-05-27 08:00:00,Poids,102.8,Bon
OC-003685,PAT-00317,2024-05-27 20:00:00,SpO2,97.0,Bon
OC-003686,PAT-00317,2024-05-28 08:00:00,ActivitePas,5473.0,Bon
OC-003687,PAT-00317,2024-05-28 14:00:00,FrequenceCardiaque,71.0,Bon
OC-003688,PAT-00317,2024-05-28 20:00:00,SpO2,96.0,Bon
OC-003689,PAT-00317,2024-05-29 08:00:00,FrequenceCardiaque,96.0,Bon
OC-003690,PAT-00317,2024-05-29 20:00:00,ActivitePas,3029.0,Bon
OC-003691,PAT-00445,2024-01-14 14:00:00,ActivitePas,4496.0,Bon
OC-003692,PAT-999999,2024-01-14 20:00:00,Poids,66.4,Gap
OC-003693,PAT-00445,2024-01-15 08:00:00,SpO2,98.0,Bon
OC-003694,PAT-00445,2024-01-15 14:00:00,FrequenceCardiaque,83.0,Bon
OC-003695,PAT-00445,2024-01-15 20:00:00,FrequenceCardiaque,78.0,Bon
OC-003696,PAT-00445,2024-01-16 08:00:00,FrequenceCardiaque,72.0,Bon
OC-003697,PAT-00445,2024-01-16 14:00:00,SpO2,98.0,Bon
OC-003698,PAT-00445,2024-01-16 20:00:00,FrequenceCardiaque,88.0,Bon
OC-003699,PAT-00445,2024-01-17 14:00:00,ActivitePas,5735.0,Bon
OC-003700,PAT-00445,2024-01-17 20:00:00,ActivitePas,2464.0,Bon
OC-003701,PAT-00445,2024-01-18 08:00:00,ActivitePas,6238.0,Bon
OC-003702,PAT-00445,2024-01-18 20:00:00,SpO2,90.0,Bon
OC-003703,PAT-00445,2024-01-19 08:00:00,Poids,59.5,CapteurDefaillant
OC-003704,PAT-00445,2024-01-19 14:00:00,Poids,75.6,Bon
OC-003705,PAT-00445,2024-01-19 20:00:00,Poids,80.7,Bon
OC-003706,PAT-00445,2024-01-20 08:00:00,Poids,55.6,Bon
OC-003707,PAT-00445,2024-01-20 14:00:00,ActivitePas,971.0,Bon
OC-003708,PAT-00445,2024-01-20 20:00:00,ActivitePas,4656.0,Bon
OC-003709,PAT-00445,2024-01-21 08:00:00,FrequenceCardiaque,86.0,Bon
OC-003710,PAT-00445,2024-01-21 14:00:00,ActivitePas,1608.0,Bon
OC-003711,PAT-00445,2024-01-21 20:00:00,ActivitePas,4422.0,Bon
OC-003712,PAT-00445,2024-01-22 08:00:00,SpO2,95.0,Bon
OC-003713,PAT-00445,2024-01-22 14:00:00,SpO2,91.0,Bon
OC-003714,PAT-00445,2024-01-22 20:00:00,FrequenceCardiaque,88.0,Bon
OC-003715,PAT-00445,2024-01-23 14:00:00,ActivitePas,4792.0,Bon
OC-003716,PAT-00445,2024-01-23 20:00:00,FrequenceCardiaque,64.0,Bon
OC-003717,PAT-00445,2024-01-24 08:00:00,FrequenceCardiaque,69.0,Bon
OC-003718,PAT-00445,2024-01-24 14:00:00,SpO2,95.0,Bon
OC-003719,PAT-00445,2024-01-24 20:00:00,FrequenceCardiaque,64.0,Bon
OC-003720,PAT-00445,2024-01-25 08:00:00,SpO2,97.0,Bon
OC-003721,PAT-00445,2024-01-25 20:00:00,FrequenceCardiaque,66.0,Bon
OC-003722,PAT-00445,2024-01-26 08:00:00,FrequenceCardiaque,87.0,Bon
OC-003723,PAT-00445,2024-01-26 14:00:00,ActivitePas,4003.0,Bon
OC-003724,PAT-00445,2024-01-26 20:00:00,SpO2,100.0,Bon
OC-003725,PAT-00445,2024-01-27 08:00:00,ActivitePas,0.0,Bon
OC-003726,PAT-00366,2024-01-04 08:00:00,Poids,80.3,Bon
OC-003727,PAT-00366,2024-01-04 14:00:00,ActivitePas,4304.0,Bon
OC-003728,PAT-00366,2024-01-04 20:00:00,ActivitePas,1926.0,Bon
OC-003729,PAT-00366,2024-01-05 14:00:00,SpO2,95.0,Bon
OC-003730,PAT-00366,2024-01-06 08:00:00,FrequenceCardiaque,68.0,Bon
OC-003731,PAT-00366,2024-01-06 14:00:00,FrequenceCardiaque,63.0,CapteurDefaillant
OC-003732,PAT-00366,2024-01-07 08:00:00,Poids,71.6,Bon
OC-003733,PAT-00366,2024-01-07 14:00:00,ActivitePas,1890.0,CapteurDefaillant
OC-003734,PAT-00366,2024-01-07 20:00:00,ActivitePas,5118.0,Bon
OC-003735,PAT-00366,2024-01-08 14:00:00,FrequenceCardiaque,86.0,Bon
OC-003736,PAT-00366,2024-01-08 20:00:00,FrequenceCardiaque,74.0,Bon
OC-003737,PAT-00366,2024-01-09 08:00:00,FrequenceCardiaque,98.0,Bon
OC-003738,PAT-00366,2024-01-09 14:00:00,SpO2,96.0,Bon
OC-003739,PAT-00366,2024-01-09 20:00:00,ActivitePas,6378.0,Bon
OC-003740,PAT-00366,2024-01-10 08:00:00,SpO2,89.0,CapteurDefaillant
OC-003741,PAT-00366,2024-01-10 20:00:00,ActivitePas,2913.0,Bon
OC-003742,PAT-00366,2024-01-11 14:00:00,Poids,93.3,Bon
OC-003743,PAT-00366,2024-01-11 20:00:00,SpO2,91.0,Bon
OC-003744,PAT-00366,2024-01-12 08:00:00,ActivitePas,1686.0,Bon
OC-003745,PAT-00366,2024-01-12 14:00:00,SpO2,99.0,Bon
OC-003746,PAT-00366,2024-01-12 20:00:00,FrequenceCardiaque,79.0,Bon
OC-003747,PAT-00366,2024-01-13 14:00:00,FrequenceCardiaque,79.0,Bon
OC-003748,PAT-00366,2024-01-13 20:00:00,ActivitePas,2218.0,Bon
OC-003749,PAT-00366,2024-01-14 08:00:00,FrequenceCardiaque,83.0,Bon
OC-003750,PAT-00366,2024-01-14 20:00:00,ActivitePas,6265.0,Bon
OC-003751,PAT-00366,2024-01-15 08:00:00,Poids,72.5,Bon
OC-003752,PAT-00366,2024-01-15 14:00:00,Poids,92.3,Bon
OC-003753,PAT-00366,2024-01-16 08:00:00,SpO2,99.0,Bon
OC-003754,PAT-00366,2024-01-16 14:00:00,ActivitePas,6366.0,Bon
OC-003755,PAT-00366,2024-01-17 14:00:00,FrequenceCardiaque,93.0,Bon
OC-003756,PAT-00366,2024-01-17 20:00:00,Poids,83.2,Bon
OC-003757,PAT-00462,2024-03-13 08:00:00,SpO2,95.0,Bon
OC-003758,PAT-00462,2024-03-13 14:00:00,FrequenceCardiaque,82.0,Bon
OC-003759,PAT-00462,2024-03-14 08:00:00,ActivitePas,2906.0,Bon
OC-003760,PAT-00462,2024-03-14 20:00:00,FrequenceCardiaque,63.0,Bon
OC-003761,PAT-00462,2024-03-15 08:00:00,Poids,54.2,Bon
OC-003762,PAT-00462,2024-03-15 14:00:00,SpO2,96.0,Bon
OC-003763,PAT-00462,2024-03-15 20:00:00,FrequenceCardiaque,89.0,Bon
OC-003764,PAT-00462,2024-03-16 08:00:00,ActivitePas,2747.0,Bon
OC-003765,PAT-00462,2024-03-16 14:00:00,FrequenceCardiaque,97.0,Gap
OC-003766,PAT-00462,2024-03-16 20:00:00,Poids,109.3,Bon
OC-003767,PAT-00462,2024-03-17 08:00:00,ActivitePas,5432.0,Bon
OC-003768,PAT-00462,2024-03-17 14:00:00,ActivitePas,3545.0,Gap
OC-003769,PAT-00462,2024-03-17 20:00:00,ActivitePas,7733.0,Bon
OC-003770,PAT-00462,2024-03-18 08:00:00,FrequenceCardiaque,87.0,Bon
OC-003771,PAT-00462,2024-03-18 20:00:00,FrequenceCardiaque,95.0,CapteurDefaillant
OC-003772,PAT-00462,2024-03-19 08:00:00,Poids,50.9,Bon
OC-003773,PAT-00462,2024-03-19 20:00:00,ActivitePas,3359.0,Bon
OC-003774,PAT-00462,2024-03-20 08:00:00,Poids,69.2,Bon
OC-003775,PAT-00462,2024-03-20 14:00:00,ActivitePas,3388.0,Bon
OC-003776,PAT-00462,2024-03-21 08:00:00,FrequenceCardiaque,84.0,CapteurDefaillant
OC-003777,PAT-00462,2024-03-21 14:00:00,FrequenceCardiaque,107.0,Bon
OC-003778,PAT-00462,2024-03-21 20:00:00,FrequenceCardiaque,83.0,Bon
OC-003779,PAT-00462,2024-03-22 08:00:00,SpO2,92.0,Gap
OC-003780,PAT-00462,2024-03-22 14:00:00,Poids,114.7,CapteurDefaillant
OC-003781,PAT-00462,2024-03-22 20:00:00,ActivitePas,4066.0,Bon
OC-003782,PAT-00462,2024-03-23 08:00:00,Poids,78.1,CapteurDefaillant
OC-003783,PAT-00462,2024-03-23 14:00:00,Poids,68.7,Bon
OC-003784,PAT-00462,2024-03-23 20:00:00,SpO2,90.0,Bon
OC-003785,PAT-00462,2024-03-24 08:00:00,Poids,70.3,Gap
OC-003786,PAT-00462,2024-03-24 14:00:00,Poids,52.4,CapteurDefaillant
OC-003787,PAT-00462,2024-03-24 20:00:00,FrequenceCardiaque,76.0,Bon
OC-003788,PAT-00462,2024-03-25 08:00:00,FrequenceCardiaque,65.0,Bon
OC-003789,PAT-00462,2024-03-25 20:00:00,ActivitePas,5569.0,Bon
OC-003790,PAT-00462,2024-03-26 14:00:00,FrequenceCardiaque,78.0,Bon
OC-003791,PAT-00462,2024-03-26 20:00:00,Poids,77.0,Bon
OC-003792,PAT-00270,2024-04-18 08:00:00,ActivitePas,5616.0,Bon
OC-003793,PAT-00270,2024-04-18 14:00:00,FrequenceCardiaque,76.0,CapteurDefaillant
OC-003794,PAT-00270,2024-04-19 08:00:00,ActivitePas,0.0,Bon
OC-003795,PAT-00270,2024-04-20 08:00:00,ActivitePas,3247.0,Bon
OC-003796,PAT-00270,2024-04-20 20:00:00,SpO2,99.0,Bon
OC-003797,PAT-00270,2024-04-21 14:00:00,SpO2,94.0,Bon
OC-003798,PAT-00270,2024-04-21 20:00:00,Poids,59.9,Bon
OC-003799,PAT-00270,2024-04-22 14:00:00,SpO2,100.0,Bon
OC-003800,PAT-00270,2024-04-22 20:00:00,ActivitePas,6497.0,Gap
OC-003801,PAT-999999,2024-04-23 14:00:00,ActivitePas,4944.0,Bon
OC-003802,PAT-00270,2024-04-23 20:00:00,Poids,73.3,Bon
OC-003803,PAT-00270,2024-04-24 14:00:00,SpO2,91.0,Bon
OC-003804,PAT-00270,2024-04-24 20:00:00,FrequenceCardiaque,86.0,Bon
OC-003805,PAT-00270,2024-04-25 08:00:00,FrequenceCardiaque,63.0,Bon
OC-003806,PAT-00270,2024-04-25 14:00:00,Poids,78.4,Bon
OC-003807,PAT-00270,2024-04-26 08:00:00,ActivitePas,2477.0,Bon
OC-003808,PAT-00270,2024-04-26 14:00:00,FrequenceCardiaque,81.0,Bon
OC-003809,PAT-999999,2024-04-26 20:00:00,ActivitePas,5467.0,CapteurDefaillant
OC-003810,PAT-00270,2024-04-27 14:00:00,ActivitePas,3115.0,Bon
OC-003811,PAT-00270,2024-04-27 20:00:00,ActivitePas,270.0,Bon
OC-003812,PAT-00270,2024-04-28 08:00:00,SpO2,99.0,Bon
OC-003813,PAT-00270,2024-04-28 14:00:00,Poids,79.1,Bon
OC-003814,PAT-00270,2024-04-29 08:00:00,FrequenceCardiaque,68.0,Bon
OC-003815,PAT-00270,2024-04-29 14:00:00,FrequenceCardiaque,85.0,Bon
OC-003816,PAT-00270,2024-04-29 20:00:00,ActivitePas,1308.0,Bon
OC-003817,PAT-00270,2024-04-30 08:00:00,SpO2,95.0,Bon
OC-003818,PAT-00270,2024-04-30 14:00:00,FrequenceCardiaque,97.0,Bon
OC-003819,PAT-00270,2024-04-30 20:00:00,FrequenceCardiaque,81.0,Bon
OC-003820,PAT-00270,2024-05-01 08:00:00,SpO2,96.0,Bon
OC-003821,PAT-00270,2024-05-01 20:00:00,Poids,86.2,Gap
OC-003822,PAT-00533,2024-01-20 14:00:00,FrequenceCardiaque,87.0,Bon
OC-003823,PAT-00533,2024-01-20 20:00:00,FrequenceCardiaque,89.0,Bon
OC-003824,PAT-00533,2024-01-21 08:00:00,ActivitePas,4005.0,Bon
OC-003825,PAT-00533,2024-01-21 14:00:00,ActivitePas,1865.0,Bon
OC-003826,PAT-00533,2024-01-21 20:00:00,ActivitePas,1740.0,Gap
OC-003827,PAT-00533,2024-01-22 08:00:00,ActivitePas,1469.0,Bon
OC-003828,PAT-00533,2024-01-22 14:00:00,Poids,62.6,Bon
OC-003829,PAT-00533,2024-01-23 14:00:00,ActivitePas,2106.0,Bon
OC-003830,PAT-999999,2024-01-24 14:00:00,ActivitePas,3785.0,CapteurDefaillant
OC-003831,PAT-00533,2024-01-24 20:00:00,ActivitePas,1668.0,Bon
OC-003832,PAT-00533,2024-01-25 08:00:00,FrequenceCardiaque,79.0,Bon
OC-003833,PAT-00533,2024-01-25 14:00:00,FrequenceCardiaque,94.0,CapteurDefaillant
OC-003834,PAT-00533,2024-01-26 08:00:00,FrequenceCardiaque,84.0,Bon
OC-003835,PAT-00533,2024-01-26 14:00:00,SpO2,94.0,Bon
OC-003836,PAT-00533,2024-01-26 20:00:00,FrequenceCardiaque,81.0,Bon
OC-003837,PAT-00533,2024-01-27 08:00:00,FrequenceCardiaque,58.0,Bon
OC-003838,PAT-00533,2024-01-27 14:00:00,FrequenceCardiaque,72.0,Bon
OC-003839,PAT-00533,2024-01-27 20:00:00,SpO2,99.0,Bon
OC-003840,PAT-00533,2024-01-28 14:00:00,ActivitePas,3810.0,Bon
OC-003841,PAT-00533,2024-01-28 20:00:00,FrequenceCardiaque,82.0,Bon
OC-003842,PAT-00533,2024-01-29 08:00:00,ActivitePas,1554.0,Bon
OC-003843,PAT-00533,2024-01-29 20:00:00,FrequenceCardiaque,88.0,Bon
OC-003844,PAT-00533,2024-01-30 08:00:00,ActivitePas,2611.0,Bon
OC-003845,PAT-00533,2024-01-30 14:00:00,FrequenceCardiaque,82.0,CapteurDefaillant
OC-003846,PAT-00533,2024-01-30 20:00:00,SpO2,97.0,CapteurDefaillant
OC-003847,PAT-00533,2024-01-31 14:00:00,ActivitePas,701.0,Bon
OC-003848,PAT-00533,2024-01-31 20:00:00,FrequenceCardiaque,88.0,Bon
OC-003849,PAT-00533,2024-02-01 08:00:00,Poids,105.1,Bon
OC-003850,PAT-00533,2024-02-01 14:00:00,SpO2,93.0,Bon
OC-003851,PAT-00533,2024-02-01 20:00:00,FrequenceCardiaque,81.0,Bon
OC-003852,PAT-00533,2024-02-02 08:00:00,Poids,97.2,Bon
OC-003853,PAT-00533,2024-02-02 14:00:00,SpO2,100.0,Bon
OC-003854,PAT-00533,2024-02-02 20:00:00,Poids,73.5,Bon
OC-003855,PAT-00019,2024-04-29 08:00:00,FrequenceCardiaque,68.0,Bon
OC-003856,PAT-00019,2024-04-29 14:00:00,ActivitePas,5713.0,Bon
OC-003857,PAT-00019,2024-04-29 20:00:00,FrequenceCardiaque,58.0,Gap
OC-003858,PAT-00019,2024-04-30 08:00:00,SpO2,96.0,Bon
OC-003859,PAT-00019,2024-04-30 14:00:00,ActivitePas,2363.0,Bon
OC-003860,PAT-00019,2024-04-30 20:00:00,ActivitePas,2899.0,Bon
OC-003861,PAT-00019,2024-05-01 14:00:00,FrequenceCardiaque,68.0,Gap
OC-003862,PAT-00019,2024-05-01 20:00:00,FrequenceCardiaque,76.0,Bon
OC-003863,PAT-00019,2024-05-02 08:00:00,FrequenceCardiaque,75.0,Bon
OC-003864,PAT-00019,2024-05-02 14:00:00,ActivitePas,6065.0,Bon
OC-003865,PAT-00019,2024-05-02 20:00:00,ActivitePas,5300.0,Bon
OC-003866,PAT-00019,2024-05-03 08:00:00,ActivitePas,6661.0,Bon
OC-003867,PAT-00019,2024-05-03 14:00:00,FrequenceCardiaque,60.0,Bon
OC-003868,PAT-00019,2024-05-03 20:00:00,SpO2,100.0,Bon
OC-003869,PAT-00019,2024-05-04 08:00:00,SpO2,95.0,Bon
OC-003870,PAT-00019,2024-05-04 14:00:00,FrequenceCardiaque,84.0,CapteurDefaillant
OC-003871,PAT-00019,2024-05-04 20:00:00,FrequenceCardiaque,80.0,Bon
OC-003872,PAT-00019,2024-05-05 20:00:00,ActivitePas,3905.0,Bon
OC-003873,PAT-00019,2024-05-06 14:00:00,SpO2,95.0,Bon
OC-003874,PAT-00019,2024-05-06 20:00:00,Poids,85.4,CapteurDefaillant
OC-003875,PAT-00019,2024-05-07 08:00:00,SpO2,97.0,Bon
OC-003876,PAT-00019,2024-05-07 14:00:00,SpO2,98.0,Bon
OC-003877,PAT-00019,2024-05-07 20:00:00,SpO2,95.0,Bon
OC-003878,PAT-00019,2024-05-08 14:00:00,Poids,64.6,Bon
OC-003879,PAT-00019,2024-05-09 08:00:00,ActivitePas,2063.0,Bon
OC-003880,PAT-00019,2024-05-09 14:00:00,ActivitePas,3196.0,Bon
OC-003881,PAT-00019,2024-05-09 20:00:00,SpO2,95.0,Bon
OC-003882,PAT-00019,2024-05-10 08:00:00,FrequenceCardiaque,71.0,Bon
OC-003883,PAT-00019,2024-05-10 14:00:00,SpO2,98.0,CapteurDefaillant
OC-003884,PAT-00019,2024-05-11 08:00:00,Poids,79.1,Bon
OC-003885,PAT-00019,2024-05-11 14:00:00,ActivitePas,5413.0,Bon
OC-003886,PAT-00019,2024-05-12 14:00:00,FrequenceCardiaque,71.0,Bon
OC-003887,PAT-00019,2024-05-12 20:00:00,SpO2,97.0,Bon
OC-003888,PAT-00534,2024-01-13 08:00:00,ActivitePas,3394.0,Bon
OC-003889,PAT-00534,2024-01-13 14:00:00,ActivitePas,2109.0,Bon
OC-003890,PAT-00534,2024-01-13 20:00:00,SpO2,91.0,Bon
OC-003891,PAT-00534,2024-01-14 08:00:00,FrequenceCardiaque,89.0,Bon
OC-003892,PAT-00534,2024-01-14 14:00:00,FrequenceCardiaque,108.0,Bon
OC-003893,PAT-00534,2024-01-14 20:00:00,Poids,54.3,Bon
OC-003894,PAT-00534,2024-01-15 14:00:00,FrequenceCardiaque,100.0,Bon
OC-003895,PAT-00534,2024-01-15 20:00:00,FrequenceCardiaque,95.0,Bon
OC-003896,PAT-00534,2024-01-16 08:00:00,SpO2,93.0,Bon
OC-003897,PAT-999999,2024-01-17 08:00:00,FrequenceCardiaque,66.0,Bon
OC-003898,PAT-00534,2024-01-17 14:00:00,ActivitePas,2485.0,Bon
OC-003899,PAT-00534,2024-01-17 20:00:00,ActivitePas,4407.0,Bon
OC-003900,PAT-00534,2024-01-18 08:00:00,SpO2,97.0,CapteurDefaillant
OC-003901,PAT-00534,2024-01-18 14:00:00,FrequenceCardiaque,87.0,Bon
OC-003902,PAT-00534,2024-01-18 20:00:00,SpO2,91.0,Bon
OC-003903,PAT-00534,2024-01-19 08:00:00,Poids,51.0,Bon
OC-003904,PAT-00534,2024-01-19 14:00:00,ActivitePas,4404.0,Bon
OC-003905,PAT-00534,2024-01-19 20:00:00,ActivitePas,6017.0,CapteurDefaillant
OC-003906,PAT-00534,2024-01-20 08:00:00,FrequenceCardiaque,75.0,Bon
OC-003907,PAT-00534,2024-01-20 14:00:00,Poids,66.7,CapteurDefaillant
OC-003908,PAT-00534,2024-01-20 20:00:00,SpO2,100.0,Bon
OC-003909,PAT-00534,2024-01-21 08:00:00,Poids,90.3,Bon
OC-003910,PAT-00534,2024-01-21 14:00:00,Poids,94.5,Bon
OC-003911,PAT-00534,2024-01-21 20:00:00,Poids,90.7,Gap
OC-003912,PAT-00534,2024-01-22 08:00:00,SpO2,98.0,Bon
OC-003913,PAT-00534,2024-01-22 14:00:00,SpO2,88.0,Bon
OC-003914,PAT-00534,2024-01-22 20:00:00,ActivitePas,1862.0,Bon
OC-003915,PAT-00534,2024-01-23 08:00:00,Poids,77.0,Bon
OC-003916,PAT-00534,2024-01-23 14:00:00,SpO2,95.0,CapteurDefaillant
OC-003917,PAT-00534,2024-01-23 20:00:00,Poids,89.1,Bon
OC-003918,PAT-00534,2024-01-24 08:00:00,ActivitePas,2226.0,Bon
OC-003919,PAT-00534,2024-01-24 20:00:00,SpO2,97.0,Bon
OC-003920,PAT-00534,2024-01-25 08:00:00,ActivitePas,2537.0,Bon
OC-003921,PAT-00534,2024-01-25 14:00:00,SpO2,93.0,Bon
OC-003922,PAT-00534,2024-01-25 20:00:00,ActivitePas,6205.0,Bon
OC-003923,PAT-00534,2024-01-26 14:00:00,FrequenceCardiaque,85.0,Bon
OC-003924,PAT-00534,2024-01-26 20:00:00,Poids,81.3,Bon
OC-003925,PAT-00580,2024-02-15 08:00:00,FrequenceCardiaque,86.0,CapteurDefaillant
OC-003926,PAT-00580,2024-02-15 20:00:00,FrequenceCardiaque,75.0,Bon
OC-003927,PAT-00580,2024-02-16 08:00:00,SpO2,95.0,Bon
OC-003928,PAT-00580,2024-02-16 14:00:00,FrequenceCardiaque,79.0,Bon
OC-003929,PAT-00580,2024-02-16 20:00:00,ActivitePas,2138.0,Bon
OC-003930,PAT-00580,2024-02-17 14:00:00,Poids,70.9,Bon
OC-003931,PAT-00580,2024-02-17 20:00:00,FrequenceCardiaque,70.0,CapteurDefaillant
OC-003932,PAT-00580,2024-02-18 08:00:00,SpO2,100.0,Bon
OC-003933,PAT-00580,2024-02-18 14:00:00,FrequenceCardiaque,80.0,Bon
OC-003934,PAT-00580,2024-02-19 08:00:00,FrequenceCardiaque,64.0,Bon
OC-003935,PAT-00580,2024-02-19 20:00:00,ActivitePas,4364.0,CapteurDefaillant
OC-003936,PAT-00580,2024-02-20 08:00:00,Poids,78.0,Bon
OC-003937,PAT-00580,2024-02-20 14:00:00,FrequenceCardiaque,80.0,Bon
OC-003938,PAT-00580,2024-02-20 20:00:00,FrequenceCardiaque,62.0,Bon
OC-003939,PAT-00580,2024-02-21 08:00:00,Poids,70.8,Bon
OC-003940,PAT-00580,2024-02-21 14:00:00,ActivitePas,3256.0,Bon
OC-003941,PAT-00580,2024-02-21 20:00:00,ActivitePas,2526.0,Bon
OC-003942,PAT-00580,2024-02-22 08:00:00,SpO2,94.0,Bon
OC-003943,PAT-00580,2024-02-22 14:00:00,Poids,66.5,Bon
OC-003944,PAT-00580,2024-02-22 20:00:00,ActivitePas,3163.0,Gap
OC-003945,PAT-00580,2024-02-23 14:00:00,ActivitePas,2857.0,Bon
OC-003946,PAT-00580,2024-02-23 20:00:00,SpO2,97.0,Bon
OC-003947,PAT-00580,2024-02-24 08:00:00,FrequenceCardiaque,65.0,Gap
OC-003948,PAT-00580,2024-02-24 14:00:00,ActivitePas,1287.0,Bon
OC-003949,PAT-00580,2024-02-24 20:00:00,FrequenceCardiaque,60.0,Bon
OC-003950,PAT-00580,2024-02-25 08:00:00,Poids,91.0,Bon
OC-003951,PAT-00580,2024-02-25 14:00:00,FrequenceCardiaque,90.0,Bon
OC-003952,PAT-00580,2024-02-25 20:00:00,SpO2,96.0,Bon
OC-003953,PAT-00580,2024-02-26 08:00:00,FrequenceCardiaque,66.0,Bon
OC-003954,PAT-00580,2024-02-26 14:00:00,ActivitePas,3483.0,CapteurDefaillant
OC-003955,PAT-00580,2024-02-26 20:00:00,FrequenceCardiaque,74.0,CapteurDefaillant
OC-003956,PAT-00580,2024-02-27 08:00:00,SpO2,98.0,Bon
OC-003957,PAT-00580,2024-02-27 14:00:00,FrequenceCardiaque,57.0,CapteurDefaillant
OC-003958,PAT-00580,2024-02-27 20:00:00,Poids,79.0,Bon
OC-003959,PAT-00580,2024-02-28 08:00:00,FrequenceCardiaque,84.0,Bon
OC-003960,PAT-00580,2024-02-28 20:00:00,FrequenceCardiaque,76.0,Bon
OC-003961,PAT-00085,2024-04-20 08:00:00,FrequenceCardiaque,73.0,Bon
OC-003962,PAT-00085,2024-04-20 14:00:00,ActivitePas,2101.0,Gap
OC-003963,PAT-00085,2024-04-20 20:00:00,SpO2,95.0,Gap
OC-003964,PAT-00085,2024-04-21 08:00:00,ActivitePas,2944.0,Bon
OC-003965,PAT-00085,2024-04-21 14:00:00,FrequenceCardiaque,97.0,Bon
OC-003966,PAT-00085,2024-04-22 08:00:00,Poids,66.3,Bon
OC-003967,PAT-00085,2024-04-22 14:00:00,ActivitePas,2160.0,Gap
OC-003968,PAT-00085,2024-04-23 08:00:00,FrequenceCardiaque,61.0,Bon
OC-003969,PAT-00085,2024-04-23 20:00:00,SpO2,96.0,Bon
OC-003970,PAT-00085,2024-04-24 08:00:00,SpO2,96.0,Bon
OC-003971,PAT-00085,2024-04-24 14:00:00,SpO2,91.0,Gap
OC-003972,PAT-00085,2024-04-24 20:00:00,ActivitePas,7971.0,Bon
OC-003973,PAT-00085,2024-04-25 08:00:00,ActivitePas,6465.0,Bon
OC-003974,PAT-00085,2024-04-25 14:00:00,ActivitePas,2811.0,CapteurDefaillant
OC-003975,PAT-00085,2024-04-25 20:00:00,FrequenceCardiaque,74.0,Gap
OC-003976,PAT-00085,2024-04-26 08:00:00,Poids,96.1,Bon
OC-003977,PAT-00085,2024-04-26 20:00:00,SpO2,95.0,Bon
OC-003978,PAT-00085,2024-04-27 08:00:00,SpO2,99.0,Bon
OC-003979,PAT-00085,2024-04-27 14:00:00,FrequenceCardiaque,73.0,Bon
OC-003980,PAT-00085,2024-04-27 20:00:00,SpO2,99.0,Bon
OC-003981,PAT-00085,2024-04-28 08:00:00,FrequenceCardiaque,71.0,Bon
OC-003982,PAT-00085,2024-04-28 14:00:00,Poids,73.9,Bon
OC-003983,PAT-00085,2024-04-28 20:00:00,ActivitePas,4500.0,Bon
OC-003984,PAT-00085,2024-04-29 08:00:00,ActivitePas,1720.0,Gap
OC-003985,PAT-00085,2024-04-29 14:00:00,ActivitePas,2911.0,Bon
OC-003986,PAT-00085,2024-04-29 20:00:00,Poids,66.8,Bon
OC-003987,PAT-00085,2024-04-30 08:00:00,ActivitePas,2219.0,Bon
OC-003988,PAT-00085,2024-04-30 14:00:00,SpO2,93.0,Gap
OC-003989,PAT-00085,2024-04-30 20:00:00,ActivitePas,5569.0,Bon
OC-003990,PAT-00085,2024-05-01 08:00:00,ActivitePas,4930.0,Bon
OC-003991,PAT-00085,2024-05-01 14:00:00,ActivitePas,1480.0,Bon
OC-003992,PAT-00085,2024-05-01 20:00:00,SpO2,91.0,Bon
OC-003993,PAT-00085,2024-05-02 08:00:00,FrequenceCardiaque,78.0,CapteurDefaillant
OC-003994,PAT-00085,2024-05-02 14:00:00,Poids,61.7,Bon
OC-003995,PAT-00085,2024-05-02 20:00:00,SpO2,92.0,Bon
OC-003996,PAT-00085,2024-05-03 08:00:00,FrequenceCardiaque,71.0,Bon
OC-003997,PAT-00085,2024-05-03 14:00:00,SpO2,93.0,Bon
OC-003998,PAT-00106,2024-04-23 08:00:00,ActivitePas,4671.0,Bon
OC-003999,PAT-00106,2024-04-23 14:00:00,ActivitePas,0.0,Bon
OC-004000,PAT-00106,2024-04-23 20:00:00,FrequenceCardiaque,90.0,Bon
OC-004001,PAT-00106,2024-04-24 08:00:00,FrequenceCardiaque,88.0,Bon
OC-004002,PAT-00106,2024-04-24 14:00:00,Poids,86.6,Bon
OC-004003,PAT-00106,2024-04-25 08:00:00,ActivitePas,5618.0,Bon
OC-004004,PAT-00106,2024-04-25 14:00:00,Poids,90.3,Bon
OC-004005,PAT-00106,2024-04-25 20:00:00,ActivitePas,2680.0,Gap
OC-004006,PAT-999999,2024-04-26 08:00:00,ActivitePas,4224.0,Bon
OC-004007,PAT-00106,2024-04-26 14:00:00,ActivitePas,1987.0,Bon
OC-004008,PAT-00106,2024-04-26 20:00:00,FrequenceCardiaque,77.0,Bon
OC-004009,PAT-00106,2024-04-27 08:00:00,FrequenceCardiaque,72.0,Bon
OC-004010,PAT-00106,2024-04-27 14:00:00,ActivitePas,5364.0,Bon
OC-004011,PAT-00106,2024-04-27 20:00:00,FrequenceCardiaque,84.0,Bon
OC-004012,PAT-00106,2024-04-28 08:00:00,FrequenceCardiaque,74.0,Bon
OC-004013,PAT-00106,2024-04-28 14:00:00,FrequenceCardiaque,80.0,Bon
OC-004014,PAT-00106,2024-04-29 08:00:00,SpO2,92.0,Bon
OC-004015,PAT-00106,2024-04-29 14:00:00,FrequenceCardiaque,71.0,Bon
OC-004016,PAT-00106,2024-04-29 20:00:00,Poids,81.8,Gap
OC-004017,PAT-00106,2024-04-30 08:00:00,ActivitePas,4291.0,Bon
OC-004018,PAT-00106,2024-04-30 14:00:00,FrequenceCardiaque,100.0,CapteurDefaillant
OC-004019,PAT-00106,2024-04-30 20:00:00,ActivitePas,3569.0,CapteurDefaillant
OC-004020,PAT-00106,2024-05-01 14:00:00,ActivitePas,2483.0,Bon
OC-004021,PAT-00106,2024-05-01 20:00:00,Poids,90.4,Bon
OC-004022,PAT-00106,2024-05-02 08:00:00,Poids,83.5,Bon
OC-004023,PAT-00106,2024-05-02 14:00:00,FrequenceCardiaque,49.0,CapteurDefaillant
OC-004024,PAT-00106,2024-05-02 20:00:00,ActivitePas,5648.0,Bon
OC-004025,PAT-00106,2024-05-03 08:00:00,FrequenceCardiaque,73.0,Bon
OC-004026,PAT-00106,2024-05-03 14:00:00,FrequenceCardiaque,71.0,Bon
OC-004027,PAT-00106,2024-05-03 20:00:00,FrequenceCardiaque,63.0,Bon
OC-004028,PAT-00106,2024-05-04 08:00:00,FrequenceCardiaque,77.0,Bon
OC-004029,PAT-00106,2024-05-04 14:00:00,Poids,78.3,CapteurDefaillant
OC-004030,PAT-00106,2024-05-04 20:00:00,FrequenceCardiaque,71.0,Gap
OC-004031,PAT-00106,2024-05-05 08:00:00,Poids,85.8,Bon
OC-004032,PAT-00106,2024-05-05 14:00:00,SpO2,92.0,Gap
OC-004033,PAT-00106,2024-05-05 20:00:00,SpO2,98.0,CapteurDefaillant
OC-004034,PAT-00106,2024-05-06 08:00:00,ActivitePas,5449.0,CapteurDefaillant
OC-004035,PAT-00106,2024-05-06 14:00:00,Poids,59.0,Bon
OC-004036,PAT-00106,2024-05-06 20:00:00,FrequenceCardiaque,58.0,CapteurDefaillant
OC-004037,PAT-00370,2023-12-30 08:00:00,FrequenceCardiaque,63.0,Bon
OC-004038,PAT-00370,2023-12-30 14:00:00,SpO2,92.0,Bon
OC-004039,PAT-00370,2023-12-30 20:00:00,SpO2,87.0,Bon
OC-004040,PAT-00370,2023-12-31 08:00:00,FrequenceCardiaque,72.0,Bon
OC-004041,PAT-00370,2023-12-31 14:00:00,FrequenceCardiaque,88.0,CapteurDefaillant
OC-004042,PAT-00370,2023-12-31 20:00:00,SpO2,97.0,Bon
OC-004043,PAT-999999,2024-01-01 08:00:00,FrequenceCardiaque,65.0,CapteurDefaillant
OC-004044,PAT-00370,2024-01-01 14:00:00,SpO2,92.0,Bon
OC-004045,PAT-00370,2024-01-01 20:00:00,SpO2,98.0,CapteurDefaillant
OC-004046,PAT-00370,2024-01-02 08:00:00,ActivitePas,5070.0,Gap
OC-004047,PAT-00370,2024-01-02 14:00:00,ActivitePas,2257.0,Bon
OC-004048,PAT-00370,2024-01-02 20:00:00,SpO2,98.0,Bon
OC-004049,PAT-00370,2024-01-03 08:00:00,FrequenceCardiaque,63.0,Bon
OC-004050,PAT-00370,2024-01-03 14:00:00,FrequenceCardiaque,72.0,CapteurDefaillant
OC-004051,PAT-00370,2024-01-04 08:00:00,ActivitePas,4335.0,Bon
OC-004052,PAT-00370,2024-01-04 14:00:00,FrequenceCardiaque,87.0,Bon
OC-004053,PAT-00370,2024-01-04 20:00:00,ActivitePas,1065.0,CapteurDefaillant
OC-004054,PAT-00370,2024-01-05 08:00:00,ActivitePas,1186.0,Bon
OC-004055,PAT-00370,2024-01-05 14:00:00,FrequenceCardiaque,78.0,Bon
OC-004056,PAT-00370,2024-01-05 20:00:00,Poids,77.7,Bon
OC-004057,PAT-00370,2024-01-06 08:00:00,FrequenceCardiaque,82.0,Bon
OC-004058,PAT-00370,2024-01-06 14:00:00,ActivitePas,2088.0,Bon
OC-004059,PAT-00370,2024-01-06 20:00:00,SpO2,93.0,CapteurDefaillant
OC-004060,PAT-00370,2024-01-07 08:00:00,ActivitePas,6007.0,Bon
OC-004061,PAT-00370,2024-01-07 14:00:00,Poids,80.4,Bon
OC-004062,PAT-00370,2024-01-07 20:00:00,Poids,60.8,Bon
OC-004063,PAT-00370,2024-01-08 08:00:00,FrequenceCardiaque,50.0,Bon
OC-004064,PAT-00370,2024-01-08 14:00:00,FrequenceCardiaque,101.0,Gap
OC-004065,PAT-00370,2024-01-09 08:00:00,Poids,87.9,Bon
OC-004066,PAT-00370,2024-01-09 14:00:00,ActivitePas,5477.0,Bon
OC-004067,PAT-00370,2024-01-09 20:00:00,Poids,73.8,Bon
OC-004068,PAT-00370,2024-01-10 08:00:00,ActivitePas,3390.0,Bon
OC-004069,PAT-00370,2024-01-10 14:00:00,SpO2,93.0,Bon
OC-004070,PAT-00370,2024-01-10 20:00:00,SpO2,94.0,Bon
OC-004071,PAT-00370,2024-01-11 08:00:00,FrequenceCardiaque,79.0,Bon
OC-004072,PAT-00370,2024-01-11 20:00:00,Poids,114.4,Bon
OC-004073,PAT-00370,2024-01-12 08:00:00,Poids,71.8,Bon
OC-004074,PAT-00370,2024-01-12 14:00:00,SpO2,98.0,Bon
OC-004075,PAT-00370,2024-01-12 20:00:00,SpO2,89.0,Bon
OC-004076,PAT-00544,2024-04-02 08:00:00,ActivitePas,3565.0,Bon
OC-004077,PAT-00544,2024-04-02 20:00:00,FrequenceCardiaque,77.0,Bon
OC-004078,PAT-00544,2024-04-03 08:00:00,SpO2,95.0,CapteurDefaillant
OC-004079,PAT-00544,2024-04-03 14:00:00,ActivitePas,3537.0,Bon
OC-004080,PAT-00544,2024-04-03 20:00:00,ActivitePas,5676.0,Bon
OC-004081,PAT-00544,2024-04-04 20:00:00,Poids,78.4,Bon
OC-004082,PAT-00544,2024-04-05 08:00:00,FrequenceCardiaque,87.0,Bon
OC-004083,PAT-00544,2024-04-05 14:00:00,Poids,76.1,Bon
OC-004084,PAT-00544,2024-04-06 14:00:00,Poids,76.7,Bon
OC-004085,PAT-00544,2024-04-06 20:00:00,Poids,102.6,Bon
OC-004086,PAT-00544,2024-04-07 08:00:00,FrequenceCardiaque,90.0,Gap
OC-004087,PAT-00544,2024-04-07 14:00:00,ActivitePas,1234.0,Bon
OC-004088,PAT-00544,2024-04-07 20:00:00,Poids,70.2,Bon
OC-004089,PAT-00544,2024-04-08 14:00:00,Poids,91.3,CapteurDefaillant
OC-004090,PAT-00544,2024-04-08 20:00:00,FrequenceCardiaque,74.0,CapteurDefaillant
OC-004091,PAT-00544,2024-04-09 08:00:00,SpO2,98.0,Bon
OC-004092,PAT-00544,2024-04-09 14:00:00,SpO2,96.0,Bon
OC-004093,PAT-00544,2024-04-09 20:00:00,SpO2,91.0,Bon
OC-004094,PAT-00544,2024-04-10 08:00:00,FrequenceCardiaque,52.0,Bon
OC-004095,PAT-00544,2024-04-10 14:00:00,FrequenceCardiaque,83.0,Bon
OC-004096,PAT-00544,2024-04-10 20:00:00,Poids,69.7,Bon
OC-004097,PAT-00544,2024-04-11 08:00:00,ActivitePas,3237.0,CapteurDefaillant
OC-004098,PAT-00544,2024-04-11 14:00:00,FrequenceCardiaque,74.0,Bon
OC-004099,PAT-00544,2024-04-11 20:00:00,ActivitePas,7123.0,Bon
OC-004100,PAT-00544,2024-04-12 14:00:00,ActivitePas,6583.0,Bon
OC-004101,PAT-00544,2024-04-13 08:00:00,FrequenceCardiaque,96.0,Bon
OC-004102,PAT-00544,2024-04-13 14:00:00,FrequenceCardiaque,68.0,CapteurDefaillant
OC-004103,PAT-00544,2024-04-13 20:00:00,ActivitePas,3014.0,Bon
OC-004104,PAT-00544,2024-04-14 14:00:00,FrequenceCardiaque,57.0,Bon
OC-004105,PAT-00544,2024-04-14 20:00:00,SpO2,98.0,Bon
OC-004106,PAT-00544,2024-04-15 08:00:00,SpO2,93.0,Bon
OC-004107,PAT-00544,2024-04-15 14:00:00,Poids,94.3,Bon
OC-004108,PAT-00544,2024-04-15 20:00:00,SpO2,98.0,Bon
OC-004109,PAT-00538,2024-02-27 08:00:00,FrequenceCardiaque,73.0,Bon
OC-004110,PAT-00538,2024-02-27 14:00:00,SpO2,93.0,CapteurDefaillant
OC-004111,PAT-00538,2024-02-27 20:00:00,Poids,75.7,Bon
OC-004112,PAT-00538,2024-02-28 08:00:00,FrequenceCardiaque,64.0,Bon
OC-004113,PAT-00538,2024-02-28 14:00:00,ActivitePas,723.0,Bon
OC-004114,PAT-00538,2024-02-28 20:00:00,FrequenceCardiaque,91.0,Bon
OC-004115,PAT-00538,2024-02-29 08:00:00,ActivitePas,4687.0,Bon
OC-004116,PAT-00538,2024-03-01 08:00:00,FrequenceCardiaque,74.0,Bon
OC-004117,PAT-00538,2024-03-01 20:00:00,FrequenceCardiaque,80.0,Bon
OC-004118,PAT-00538,2024-03-02 08:00:00,SpO2,90.0,Bon
OC-004119,PAT-00538,2024-03-02 20:00:00,FrequenceCardiaque,63.0,Bon
OC-004120,PAT-00538,2024-03-03 20:00:00,FrequenceCardiaque,90.0,Bon
OC-004121,PAT-00538,2024-03-04 08:00:00,ActivitePas,2724.0,Bon
OC-004122,PAT-00538,2024-03-04 14:00:00,SpO2,97.0,Bon
OC-004123,PAT-00538,2024-03-05 08:00:00,FrequenceCardiaque,79.0,Bon
OC-004124,PAT-00538,2024-03-05 14:00:00,FrequenceCardiaque,76.0,Bon
OC-004125,PAT-00538,2024-03-05 20:00:00,SpO2,98.0,Bon
OC-004126,PAT-00538,2024-03-06 08:00:00,ActivitePas,1325.0,CapteurDefaillant
OC-004127,PAT-00538,2024-03-06 14:00:00,ActivitePas,2785.0,Bon
OC-004128,PAT-00538,2024-03-06 20:00:00,SpO2,97.0,Bon
OC-004129,PAT-00538,2024-03-07 08:00:00,FrequenceCardiaque,67.0,Bon
OC-004130,PAT-00538,2024-03-07 14:00:00,Poids,81.7,Bon
OC-004131,PAT-00538,2024-03-08 20:00:00,Poids,83.2,Bon
OC-004132,PAT-00538,2024-03-09 08:00:00,ActivitePas,2670.0,Bon
OC-004133,PAT-00538,2024-03-09 14:00:00,FrequenceCardiaque,70.0,Bon
OC-004134,PAT-00538,2024-03-10 20:00:00,FrequenceCardiaque,57.0,Bon
OC-004135,PAT-00538,2024-03-11 08:00:00,SpO2,91.0,Bon
OC-004136,PAT-00538,2024-03-11 14:00:00,ActivitePas,6599.0,Bon
OC-004137,PAT-00238,2024-03-19 08:00:00,ActivitePas,3918.0,Bon
OC-004138,PAT-00238,2024-03-19 14:00:00,FrequenceCardiaque,70.0,Gap
OC-004139,PAT-00238,2024-03-19 20:00:00,ActivitePas,3215.0,CapteurDefaillant
OC-004140,PAT-00238,2024-03-20 08:00:00,SpO2,93.0,Bon
OC-004141,PAT-00238,2024-03-20 20:00:00,FrequenceCardiaque,70.0,Gap
OC-004142,PAT-00238,2024-03-21 08:00:00,SpO2,95.0,CapteurDefaillant
OC-004143,PAT-00238,2024-03-21 14:00:00,FrequenceCardiaque,107.0,Bon
OC-004144,PAT-00238,2024-03-21 20:00:00,SpO2,98.0,Bon
OC-004145,PAT-00238,2024-03-22 08:00:00,FrequenceCardiaque,67.0,CapteurDefaillant
OC-004146,PAT-00238,2024-03-22 14:00:00,ActivitePas,3791.0,CapteurDefaillant
OC-004147,PAT-00238,2024-03-22 20:00:00,Poids,101.5,CapteurDefaillant
OC-004148,PAT-00238,2024-03-23 08:00:00,FrequenceCardiaque,86.0,Gap
OC-004149,PAT-00238,2024-03-23 14:00:00,Poids,87.5,Bon
OC-004150,PAT-00238,2024-03-24 08:00:00,SpO2,92.0,Bon
OC-004151,PAT-00238,2024-03-24 14:00:00,Poids,67.9,Bon
OC-004152,PAT-999999,2024-03-24 20:00:00,FrequenceCardiaque,78.0,Bon
OC-004153,PAT-00238,2024-03-25 08:00:00,ActivitePas,3745.0,Bon
OC-004154,PAT-00238,2024-03-25 14:00:00,SpO2,95.0,Bon
OC-004155,PAT-00238,2024-03-25 20:00:00,Poids,67.1,Bon
OC-004156,PAT-00238,2024-03-26 08:00:00,FrequenceCardiaque,82.0,Bon
OC-004157,PAT-00238,2024-03-26 14:00:00,FrequenceCardiaque,83.0,Bon
OC-004158,PAT-00238,2024-03-26 20:00:00,Poids,71.7,CapteurDefaillant
OC-004159,PAT-00238,2024-03-27 08:00:00,Poids,62.6,Bon
OC-004160,PAT-00238,2024-03-27 14:00:00,Poids,67.5,Bon
OC-004161,PAT-00238,2024-03-27 20:00:00,Poids,83.5,Bon
OC-004162,PAT-00238,2024-03-28 08:00:00,FrequenceCardiaque,75.0,Bon
OC-004163,PAT-00238,2024-03-28 14:00:00,ActivitePas,1064.0,Bon
OC-004164,PAT-00238,2024-03-28 20:00:00,ActivitePas,1452.0,Bon
OC-004165,PAT-00238,2024-03-29 14:00:00,ActivitePas,5705.0,Bon
OC-004166,PAT-00238,2024-03-30 08:00:00,Poids,82.1,Bon
OC-004167,PAT-00238,2024-03-30 14:00:00,Poids,99.9,Bon
OC-004168,PAT-00238,2024-03-31 08:00:00,ActivitePas,5994.0,Bon
OC-004169,PAT-00238,2024-03-31 14:00:00,FrequenceCardiaque,77.0,Gap
OC-004170,PAT-999999,2024-03-31 20:00:00,ActivitePas,3734.0,Bon
OC-004171,PAT-00238,2024-04-01 08:00:00,FrequenceCardiaque,72.0,Bon
OC-004172,PAT-00238,2024-04-01 14:00:00,ActivitePas,3280.0,Bon
OC-004173,PAT-00238,2024-04-01 20:00:00,SpO2,94.0,Bon
OC-004174,PAT-00329,2024-01-23 08:00:00,ActivitePas,2624.0,Bon
OC-004175,PAT-00329,2024-01-23 14:00:00,FrequenceCardiaque,93.0,Gap
OC-004176,PAT-00329,2024-01-23 20:00:00,FrequenceCardiaque,82.0,Bon
OC-004177,PAT-00329,2024-01-24 14:00:00,ActivitePas,2439.0,Bon
OC-004178,PAT-00329,2024-01-25 14:00:00,FrequenceCardiaque,83.0,Bon
OC-004179,PAT-00329,2024-01-25 20:00:00,Poids,82.1,Bon
OC-004180,PAT-00329,2024-01-26 08:00:00,Poids,46.1,Bon
OC-004181,PAT-00329,2024-01-26 14:00:00,ActivitePas,4681.0,Gap
OC-004182,PAT-00329,2024-01-26 20:00:00,FrequenceCardiaque,80.0,Bon
OC-004183,PAT-00329,2024-01-27 08:00:00,FrequenceCardiaque,72.0,Bon
OC-004184,PAT-00329,2024-01-27 14:00:00,ActivitePas,3196.0,Gap
OC-004185,PAT-00329,2024-01-27 20:00:00,ActivitePas,5478.0,Bon
OC-004186,PAT-00329,2024-01-28 14:00:00,FrequenceCardiaque,73.0,Bon
OC-004187,PAT-00329,2024-01-28 20:00:00,SpO2,95.0,Bon
OC-004188,PAT-00329,2024-01-29 14:00:00,ActivitePas,3269.0,CapteurDefaillant
OC-004189,PAT-00329,2024-01-30 14:00:00,FrequenceCardiaque,68.0,Bon
OC-004190,PAT-00329,2024-01-30 20:00:00,FrequenceCardiaque,76.0,Gap
OC-004191,PAT-00329,2024-01-31 08:00:00,ActivitePas,2769.0,Bon
OC-004192,PAT-00329,2024-01-31 14:00:00,Poids,72.7,Bon
OC-004193,PAT-00329,2024-01-31 20:00:00,ActivitePas,3133.0,Bon
OC-004194,PAT-00329,2024-02-01 08:00:00,ActivitePas,6359.0,Bon
OC-004195,PAT-00329,2024-02-01 14:00:00,ActivitePas,3024.0,Bon
OC-004196,PAT-00329,2024-02-01 20:00:00,SpO2,97.0,Bon
OC-004197,PAT-00329,2024-02-02 08:00:00,ActivitePas,5104.0,Bon
OC-004198,PAT-00329,2024-02-02 14:00:00,FrequenceCardiaque,83.0,Bon
OC-004199,PAT-00329,2024-02-02 20:00:00,ActivitePas,4460.0,CapteurDefaillant
OC-004200,PAT-00329,2024-02-03 14:00:00,ActivitePas,5924.0,CapteurDefaillant
OC-004201,PAT-00329,2024-02-03 20:00:00,FrequenceCardiaque,88.0,Bon
OC-004202,PAT-00329,2024-02-04 08:00:00,FrequenceCardiaque,99.0,Bon
OC-004203,PAT-00329,2024-02-04 14:00:00,ActivitePas,6222.0,Bon
OC-004204,PAT-00329,2024-02-04 20:00:00,FrequenceCardiaque,73.0,Gap
OC-004205,PAT-00329,2024-02-05 08:00:00,SpO2,100.0,Bon
OC-004206,PAT-00329,2024-02-05 14:00:00,Poids,86.7,Bon
OC-004207,PAT-00329,2024-02-05 20:00:00,ActivitePas,3420.0,Bon
OC-004208,PAT-00369,2023-12-30 08:00:00,SpO2,90.0,Bon
OC-004209,PAT-00369,2023-12-30 14:00:00,FrequenceCardiaque,66.0,CapteurDefaillant
OC-004210,PAT-00369,2023-12-30 20:00:00,ActivitePas,1240.0,CapteurDefaillant
OC-004211,PAT-00369,2023-12-31 08:00:00,ActivitePas,2393.0,Bon
OC-004212,PAT-00369,2023-12-31 14:00:00,Poids,100.8,Bon
OC-004213,PAT-00369,2023-12-31 20:00:00,ActivitePas,5966.0,Bon
OC-004214,PAT-00369,2024-01-01 08:00:00,Poids,99.1,Bon
OC-004215,PAT-00369,2024-01-01 14:00:00,ActivitePas,2598.0,Bon
OC-004216,PAT-00369,2024-01-01 20:00:00,ActivitePas,3633.0,CapteurDefaillant
OC-004217,PAT-00369,2024-01-02 08:00:00,FrequenceCardiaque,69.0,Bon
OC-004218,PAT-00369,2024-01-02 14:00:00,ActivitePas,3652.0,Bon
OC-004219,PAT-00369,2024-01-02 20:00:00,SpO2,94.0,Bon
OC-004220,PAT-00369,2024-01-03 14:00:00,SpO2,94.0,Bon
OC-004221,PAT-00369,2024-01-04 14:00:00,Poids,82.8,Bon
OC-004222,PAT-00369,2024-01-05 08:00:00,ActivitePas,7472.0,Bon
OC-004223,PAT-00369,2024-01-05 14:00:00,FrequenceCardiaque,97.0,CapteurDefaillant
OC-004224,PAT-00369,2024-01-05 20:00:00,SpO2,99.0,CapteurDefaillant
OC-004225,PAT-00369,2024-01-06 08:00:00,Poids,67.6,Bon
OC-004226,PAT-00369,2024-01-06 20:00:00,SpO2,94.0,Bon
OC-004227,PAT-00369,2024-01-07 08:00:00,ActivitePas,2229.0,Bon
OC-004228,PAT-00369,2024-01-07 14:00:00,Poids,67.1,Bon
OC-004229,PAT-00369,2024-01-07 20:00:00,Poids,77.9,Bon
OC-004230,PAT-00369,2024-01-08 08:00:00,FrequenceCardiaque,62.0,Bon
OC-004231,PAT-00369,2024-01-08 14:00:00,FrequenceCardiaque,90.0,Bon
OC-004232,PAT-00369,2024-01-08 20:00:00,SpO2,97.0,Bon
OC-004233,PAT-00369,2024-01-09 08:00:00,FrequenceCardiaque,90.0,Bon
OC-004234,PAT-00369,2024-01-09 14:00:00,ActivitePas,2812.0,Bon
OC-004235,PAT-00369,2024-01-09 20:00:00,ActivitePas,4512.0,Bon
OC-004236,PAT-00369,2024-01-10 08:00:00,FrequenceCardiaque,78.0,Bon
OC-004237,PAT-00369,2024-01-10 20:00:00,SpO2,94.0,Gap
OC-004238,PAT-00369,2024-01-11 08:00:00,SpO2,98.0,Bon
OC-004239,PAT-00369,2024-01-11 14:00:00,FrequenceCardiaque,93.0,Bon
OC-004240,PAT-00369,2024-01-11 20:00:00,SpO2,98.0,Bon
OC-004241,PAT-00369,2024-01-12 08:00:00,Poids,62.7,Bon
OC-004242,PAT-00369,2024-01-12 14:00:00,ActivitePas,3746.0,Bon
OC-004243,PAT-00369,2024-01-12 20:00:00,Poids,108.5,Bon
OC-004244,PAT-00586,2024-04-19 08:00:00,Poids,49.9,Bon
OC-004245,PAT-00586,2024-04-19 14:00:00,ActivitePas,5749.0,Bon
OC-004246,PAT-00586,2024-04-19 20:00:00,ActivitePas,1690.0,Bon
OC-004247,PAT-00586,2024-04-20 08:00:00,SpO2,96.0,CapteurDefaillant
OC-004248,PAT-00586,2024-04-20 14:00:00,Poids,77.6,Gap
OC-004249,PAT-00586,2024-04-20 20:00:00,SpO2,93.0,Bon
OC-004250,PAT-00586,2024-04-21 08:00:00,Poids,70.4,Bon
OC-004251,PAT-00586,2024-04-21 14:00:00,Poids,88.2,Gap
OC-004252,PAT-00586,2024-04-21 20:00:00,ActivitePas,2765.0,Bon
OC-004253,PAT-00586,2024-04-22 08:00:00,ActivitePas,4209.0,Bon
OC-004254,PAT-00586,2024-04-22 14:00:00,FrequenceCardiaque,73.0,Gap
OC-004255,PAT-00586,2024-04-22 20:00:00,SpO2,98.0,Bon
OC-004256,PAT-00586,2024-04-23 08:00:00,FrequenceCardiaque,93.0,Bon
OC-004257,PAT-00586,2024-04-23 14:00:00,FrequenceCardiaque,70.0,Bon
OC-004258,PAT-00586,2024-04-23 20:00:00,Poids,76.1,Bon
OC-004259,PAT-00586,2024-04-24 08:00:00,SpO2,92.0,Bon
OC-004260,PAT-00586,2024-04-24 14:00:00,ActivitePas,6690.0,Bon
OC-004261,PAT-00586,2024-04-24 20:00:00,FrequenceCardiaque,97.0,Bon
OC-004262,PAT-00586,2024-04-25 08:00:00,FrequenceCardiaque,82.0,Bon
OC-004263,PAT-00586,2024-04-25 14:00:00,ActivitePas,5392.0,Bon
OC-004264,PAT-00586,2024-04-25 20:00:00,SpO2,93.0,Bon
OC-004265,PAT-00586,2024-04-26 08:00:00,FrequenceCardiaque,78.0,CapteurDefaillant
OC-004266,PAT-00586,2024-04-26 14:00:00,Poids,79.9,Bon
OC-004267,PAT-00586,2024-04-26 20:00:00,Poids,94.6,Bon
OC-004268,PAT-00586,2024-04-27 08:00:00,FrequenceCardiaque,70.0,Bon
OC-004269,PAT-00586,2024-04-27 20:00:00,SpO2,93.0,Bon
OC-004270,PAT-00586,2024-04-28 08:00:00,Poids,60.8,Bon
OC-004271,PAT-00586,2024-04-28 14:00:00,FrequenceCardiaque,77.0,Bon
OC-004272,PAT-00586,2024-04-28 20:00:00,FrequenceCardiaque,79.0,CapteurDefaillant
OC-004273,PAT-00586,2024-04-29 08:00:00,ActivitePas,4845.0,Bon
OC-004274,PAT-00586,2024-04-29 14:00:00,FrequenceCardiaque,58.0,Bon
OC-004275,PAT-00586,2024-04-29 20:00:00,ActivitePas,7088.0,Bon
OC-004276,PAT-00586,2024-04-30 08:00:00,FrequenceCardiaque,77.0,Gap
OC-004277,PAT-00586,2024-04-30 14:00:00,Poids,86.0,Gap
OC-004278,PAT-00586,2024-04-30 20:00:00,FrequenceCardiaque,70.0,CapteurDefaillant
OC-004279,PAT-00586,2024-05-01 08:00:00,ActivitePas,5482.0,Bon
OC-004280,PAT-00586,2024-05-01 14:00:00,ActivitePas,4732.0,Bon
OC-004281,PAT-00586,2024-05-01 20:00:00,Poids,69.7,Bon
OC-004282,PAT-00586,2024-05-02 08:00:00,SpO2,92.0,Bon
OC-004283,PAT-00586,2024-05-02 14:00:00,SpO2,91.0,Bon
OC-004284,PAT-00586,2024-05-02 20:00:00,ActivitePas,6474.0,Bon
OC-004285,PAT-00483,2024-05-17 08:00:00,ActivitePas,3143.0,Gap
OC-004286,PAT-00483,2024-05-17 14:00:00,FrequenceCardiaque,82.0,Bon
OC-004287,PAT-00483,2024-05-17 20:00:00,ActivitePas,1495.0,Bon
OC-004288,PAT-00483,2024-05-18 08:00:00,FrequenceCardiaque,91.0,Bon
OC-004289,PAT-00483,2024-05-18 14:00:00,ActivitePas,2011.0,Bon
OC-004290,PAT-00483,2024-05-18 20:00:00,FrequenceCardiaque,97.0,Bon
OC-004291,PAT-00483,2024-05-19 08:00:00,FrequenceCardiaque,82.0,Bon
OC-004292,PAT-00483,2024-05-19 14:00:00,ActivitePas,4407.0,Bon
OC-004293,PAT-00483,2024-05-19 20:00:00,SpO2,97.0,Bon
OC-004294,PAT-00483,2024-05-20 08:00:00,Poids,63.3,Gap
OC-004295,PAT-00483,2024-05-20 14:00:00,ActivitePas,4552.0,Bon
OC-004296,PAT-00483,2024-05-20 20:00:00,SpO2,94.0,Bon
OC-004297,PAT-00483,2024-05-21 20:00:00,ActivitePas,2991.0,Bon
OC-004298,PAT-00483,2024-05-22 08:00:00,SpO2,91.0,Bon
OC-004299,PAT-00483,2024-05-22 14:00:00,FrequenceCardiaque,53.0,Bon
OC-004300,PAT-00483,2024-05-22 20:00:00,FrequenceCardiaque,64.0,CapteurDefaillant
OC-004301,PAT-00483,2024-05-23 14:00:00,SpO2,93.0,Bon
OC-004302,PAT-00483,2024-05-23 20:00:00,FrequenceCardiaque,92.0,CapteurDefaillant
OC-004303,PAT-00483,2024-05-24 08:00:00,Poids,81.9,Bon
OC-004304,PAT-00483,2024-05-24 14:00:00,ActivitePas,2547.0,Bon
OC-004305,PAT-00483,2024-05-24 20:00:00,Poids,58.2,Bon
OC-004306,PAT-00483,2024-05-25 08:00:00,FrequenceCardiaque,75.0,Bon
OC-004307,PAT-00483,2024-05-25 14:00:00,FrequenceCardiaque,82.0,Bon
OC-004308,PAT-00483,2024-05-25 20:00:00,Poids,61.4,Bon
OC-004309,PAT-00483,2024-05-26 14:00:00,SpO2,91.0,Gap
OC-004310,PAT-00483,2024-05-27 08:00:00,ActivitePas,2091.0,Bon
OC-004311,PAT-00483,2024-05-27 14:00:00,SpO2,91.0,Bon
OC-004312,PAT-00483,2024-05-27 20:00:00,FrequenceCardiaque,74.0,Bon
OC-004313,PAT-00483,2024-05-28 08:00:00,SpO2,91.0,Bon
OC-004314,PAT-999999,2024-05-28 14:00:00,ActivitePas,1380.0,Bon
OC-004315,PAT-00483,2024-05-28 20:00:00,ActivitePas,1931.0,Bon
OC-004316,PAT-00483,2024-05-29 08:00:00,ActivitePas,4434.0,CapteurDefaillant
OC-004317,PAT-00483,2024-05-29 20:00:00,FrequenceCardiaque,45.0,Bon
OC-004318,PAT-00483,2024-05-30 08:00:00,ActivitePas,4067.0,Bon
OC-004319,PAT-00483,2024-05-30 14:00:00,FrequenceCardiaque,72.0,CapteurDefaillant
OC-004320,PAT-00483,2024-05-30 20:00:00,ActivitePas,4678.0,Bon
OC-004321,PAT-00043,2024-03-23 08:00:00,FrequenceCardiaque,94.0,Bon
OC-004322,PAT-00043,2024-03-23 14:00:00,ActivitePas,1178.0,CapteurDefaillant
OC-004323,PAT-00043,2024-03-23 20:00:00,FrequenceCardiaque,70.0,Gap
OC-004324,PAT-00043,2024-03-24 14:00:00,SpO2,93.0,Bon
OC-004325,PAT-00043,2024-03-25 08:00:00,ActivitePas,6425.0,CapteurDefaillant
OC-004326,PAT-00043,2024-03-25 14:00:00,SpO2,96.0,Bon
OC-004327,PAT-00043,2024-03-26 08:00:00,SpO2,99.0,Bon
OC-004328,PAT-999999,2024-03-26 14:00:00,SpO2,99.0,Bon
OC-004329,PAT-999999,2024-03-26 20:00:00,FrequenceCardiaque,80.0,Bon
OC-004330,PAT-00043,2024-03-27 08:00:00,Poids,74.4,Bon
OC-004331,PAT-00043,2024-03-28 20:00:00,Poids,96.2,Bon
OC-004332,PAT-00043,2024-03-29 08:00:00,FrequenceCardiaque,77.0,Bon
OC-004333,PAT-00043,2024-03-29 14:00:00,ActivitePas,1326.0,Bon
OC-004334,PAT-00043,2024-03-30 14:00:00,FrequenceCardiaque,61.0,Bon
OC-004335,PAT-00043,2024-03-31 08:00:00,FrequenceCardiaque,94.0,Bon
OC-004336,PAT-00043,2024-03-31 14:00:00,SpO2,90.0,Gap
OC-004337,PAT-00043,2024-03-31 20:00:00,FrequenceCardiaque,70.0,Bon
OC-004338,PAT-00043,2024-04-01 08:00:00,ActivitePas,1406.0,Bon
OC-004339,PAT-00043,2024-04-01 14:00:00,SpO2,88.0,CapteurDefaillant
OC-004340,PAT-00043,2024-04-01 20:00:00,SpO2,95.0,Bon
OC-004341,PAT-999999,2024-04-02 08:00:00,ActivitePas,1900.0,Gap
OC-004342,PAT-999999,2024-04-02 20:00:00,SpO2,93.0,Bon
OC-004343,PAT-00043,2024-04-03 08:00:00,Poids,83.4,Bon
OC-004344,PAT-00043,2024-04-03 14:00:00,SpO2,97.0,Bon
OC-004345,PAT-00043,2024-04-03 20:00:00,ActivitePas,5613.0,Bon
OC-004346,PAT-00043,2024-04-04 08:00:00,FrequenceCardiaque,103.0,Gap
OC-004347,PAT-00043,2024-04-05 08:00:00,FrequenceCardiaque,84.0,Bon
OC-004348,PAT-00043,2024-04-05 14:00:00,ActivitePas,4870.0,Bon
OC-004349,PAT-00043,2024-04-05 20:00:00,SpO2,96.0,Bon
OC-004350,PAT-00545,2024-03-15 08:00:00,Poids,84.2,Bon
OC-004351,PAT-00545,2024-03-15 14:00:00,FrequenceCardiaque,81.0,Bon
OC-004352,PAT-00545,2024-03-15 20:00:00,FrequenceCardiaque,81.0,Bon
OC-004353,PAT-00545,2024-03-16 08:00:00,ActivitePas,3914.0,Bon
OC-004354,PAT-00545,2024-03-17 08:00:00,ActivitePas,5174.0,Bon
OC-004355,PAT-00545,2024-03-17 14:00:00,SpO2,96.0,Bon
OC-004356,PAT-00545,2024-03-17 20:00:00,ActivitePas,301.0,Bon
OC-004357,PAT-00545,2024-03-18 08:00:00,FrequenceCardiaque,76.0,Bon
OC-004358,PAT-00545,2024-03-18 14:00:00,FrequenceCardiaque,87.0,Bon
OC-004359,PAT-00545,2024-03-18 20:00:00,ActivitePas,2872.0,Gap
OC-004360,PAT-00545,2024-03-19 08:00:00,ActivitePas,3709.0,Bon
OC-004361,PAT-00545,2024-03-19 14:00:00,Poids,51.7,Bon
OC-004362,PAT-00545,2024-03-19 20:00:00,FrequenceCardiaque,95.0,Bon
OC-004363,PAT-00545,2024-03-20 08:00:00,FrequenceCardiaque,66.0,Bon
OC-004364,PAT-00545,2024-03-20 14:00:00,Poids,67.2,Bon
OC-004365,PAT-00545,2024-03-20 20:00:00,FrequenceCardiaque,63.0,Bon
OC-004366,PAT-00545,2024-03-21 08:00:00,FrequenceCardiaque,70.0,Bon
OC-004367,PAT-00545,2024-03-21 14:00:00,FrequenceCardiaque,93.0,Gap
OC-004368,PAT-00545,2024-03-21 20:00:00,FrequenceCardiaque,67.0,Gap
OC-004369,PAT-00545,2024-03-22 14:00:00,Poids,88.7,Bon
OC-004370,PAT-00545,2024-03-22 20:00:00,SpO2,94.0,Bon
OC-004371,PAT-00545,2024-03-23 08:00:00,ActivitePas,2087.0,Bon
OC-004372,PAT-999999,2024-03-23 14:00:00,FrequenceCardiaque,66.0,Bon
OC-004373,PAT-00545,2024-03-23 20:00:00,Poids,66.4,Bon
OC-004374,PAT-00545,2024-03-24 08:00:00,ActivitePas,4032.0,Bon
OC-004375,PAT-00545,2024-03-24 14:00:00,Poids,81.9,Bon
OC-004376,PAT-00545,2024-03-24 20:00:00,ActivitePas,4774.0,Bon
OC-004377,PAT-00545,2024-03-25 14:00:00,FrequenceCardiaque,76.0,Bon
OC-004378,PAT-00545,2024-03-25 20:00:00,FrequenceCardiaque,86.0,Bon
OC-004379,PAT-999999,2024-03-26 08:00:00,Poids,58.6,Bon
OC-004380,PAT-00545,2024-03-26 14:00:00,Poids,68.6,CapteurDefaillant
OC-004381,PAT-00545,2024-03-26 20:00:00,SpO2,93.0,Gap
OC-004382,PAT-00545,2024-03-27 08:00:00,ActivitePas,5071.0,Bon
OC-004383,PAT-00545,2024-03-27 14:00:00,FrequenceCardiaque,67.0,Bon
OC-004384,PAT-00545,2024-03-27 20:00:00,FrequenceCardiaque,61.0,Bon
OC-004385,PAT-00038,2024-04-19 14:00:00,ActivitePas,5609.0,Bon
OC-004386,PAT-00038,2024-04-19 20:00:00,ActivitePas,4032.0,Bon
OC-004387,PAT-00038,2024-04-20 08:00:00,FrequenceCardiaque,105.0,Bon
OC-004388,PAT-00038,2024-04-20 14:00:00,Poids,75.0,Bon
OC-004389,PAT-00038,2024-04-20 20:00:00,SpO2,95.0,Bon
OC-004390,PAT-00038,2024-04-21 08:00:00,SpO2,94.0,Bon
OC-004391,PAT-00038,2024-04-22 08:00:00,Poids,105.1,Bon
OC-004392,PAT-00038,2024-04-22 14:00:00,FrequenceCardiaque,71.0,Bon
OC-004393,PAT-00038,2024-04-22 20:00:00,Poids,47.4,Bon
OC-004394,PAT-00038,2024-04-23 08:00:00,Poids,70.1,Bon
OC-004395,PAT-00038,2024-04-23 20:00:00,Poids,83.1,Bon
OC-004396,PAT-00038,2024-04-24 08:00:00,FrequenceCardiaque,62.0,CapteurDefaillant
OC-004397,PAT-00038,2024-04-24 14:00:00,SpO2,98.0,CapteurDefaillant
OC-004398,PAT-00038,2024-04-24 20:00:00,Poids,104.2,Bon
OC-004399,PAT-00038,2024-04-25 08:00:00,SpO2,91.0,Bon
OC-004400,PAT-00038,2024-04-25 20:00:00,FrequenceCardiaque,78.0,Bon
OC-004401,PAT-00038,2024-04-26 14:00:00,FrequenceCardiaque,73.0,Bon
OC-004402,PAT-00038,2024-04-26 20:00:00,FrequenceCardiaque,71.0,Bon
OC-004403,PAT-00038,2024-04-27 08:00:00,FrequenceCardiaque,72.0,Gap
OC-004404,PAT-00038,2024-04-27 14:00:00,FrequenceCardiaque,66.0,Bon
OC-004405,PAT-00038,2024-04-27 20:00:00,FrequenceCardiaque,74.0,Gap
OC-004406,PAT-00038,2024-04-28 08:00:00,Poids,82.0,CapteurDefaillant
OC-004407,PAT-00038,2024-04-28 14:00:00,ActivitePas,1881.0,Bon
OC-004408,PAT-00038,2024-04-28 20:00:00,SpO2,91.0,CapteurDefaillant
OC-004409,PAT-00038,2024-04-29 14:00:00,ActivitePas,2835.0,Gap
OC-004410,PAT-00038,2024-04-29 20:00:00,Poids,59.7,Bon
OC-004411,PAT-00038,2024-04-30 08:00:00,FrequenceCardiaque,77.0,Bon
OC-004412,PAT-00038,2024-04-30 14:00:00,Poids,78.5,Bon
OC-004413,PAT-00038,2024-04-30 20:00:00,FrequenceCardiaque,75.0,Bon
OC-004414,PAT-00038,2024-05-01 08:00:00,SpO2,96.0,Bon
OC-004415,PAT-00038,2024-05-01 14:00:00,ActivitePas,3557.0,Bon
OC-004416,PAT-00038,2024-05-01 20:00:00,FrequenceCardiaque,76.0,Bon
OC-004417,PAT-00038,2024-05-02 08:00:00,SpO2,96.0,Bon
OC-004418,PAT-00038,2024-05-02 14:00:00,ActivitePas,6125.0,CapteurDefaillant
OC-004419,PAT-00038,2024-05-02 20:00:00,FrequenceCardiaque,83.0,Bon
OC-004420,PAT-00320,2024-02-04 14:00:00,SpO2,100.0,Bon
OC-004421,PAT-00320,2024-02-04 20:00:00,ActivitePas,5314.0,Bon
OC-004422,PAT-00320,2024-02-05 08:00:00,SpO2,96.0,CapteurDefaillant
OC-004423,PAT-00320,2024-02-05 14:00:00,ActivitePas,4361.0,Bon
OC-004424,PAT-00320,2024-02-05 20:00:00,ActivitePas,3692.0,Bon
OC-004425,PAT-00320,2024-02-06 08:00:00,ActivitePas,3645.0,Bon
OC-004426,PAT-00320,2024-02-06 14:00:00,FrequenceCardiaque,103.0,CapteurDefaillant
OC-004427,PAT-00320,2024-02-06 20:00:00,ActivitePas,7071.0,Bon
OC-004428,PAT-00320,2024-02-07 08:00:00,SpO2,94.0,CapteurDefaillant
OC-004429,PAT-00320,2024-02-07 14:00:00,Poids,74.9,Bon
OC-004430,PAT-00320,2024-02-07 20:00:00,SpO2,90.0,Bon
OC-004431,PAT-00320,2024-02-08 08:00:00,Poids,71.9,Bon
OC-004432,PAT-00320,2024-02-08 14:00:00,FrequenceCardiaque,84.0,Bon
OC-004433,PAT-00320,2024-02-08 20:00:00,ActivitePas,4455.0,Gap
OC-004434,PAT-00320,2024-02-09 08:00:00,ActivitePas,4387.0,Bon
OC-004435,PAT-00320,2024-02-09 14:00:00,ActivitePas,3800.0,Bon
OC-004436,PAT-00320,2024-02-09 20:00:00,FrequenceCardiaque,74.0,CapteurDefaillant
OC-004437,PAT-00320,2024-02-10 08:00:00,Poids,59.4,Bon
OC-004438,PAT-00320,2024-02-10 14:00:00,Poids,66.0,Bon
OC-004439,PAT-00320,2024-02-10 20:00:00,ActivitePas,2790.0,Bon
OC-004440,PAT-00320,2024-02-11 08:00:00,Poids,87.4,Bon
OC-004441,PAT-00320,2024-02-11 14:00:00,ActivitePas,7591.0,Bon
OC-004442,PAT-00320,2024-02-11 20:00:00,Poids,65.8,Bon
OC-004443,PAT-00320,2024-02-12 14:00:00,FrequenceCardiaque,80.0,Bon
OC-004444,PAT-999999,2024-02-12 20:00:00,ActivitePas,3455.0,Bon
OC-004445,PAT-00320,2024-02-13 14:00:00,Poids,76.6,Bon
OC-004446,PAT-00320,2024-02-13 20:00:00,ActivitePas,4147.0,Bon
OC-004447,PAT-00320,2024-02-14 08:00:00,ActivitePas,237.0,Bon
OC-004448,PAT-00320,2024-02-14 14:00:00,Poids,89.1,Bon
OC-004449,PAT-00320,2024-02-14 20:00:00,FrequenceCardiaque,88.0,Gap
OC-004450,PAT-00320,2024-02-15 08:00:00,ActivitePas,3476.0,Bon
OC-004451,PAT-00320,2024-02-15 20:00:00,Poids,69.6,CapteurDefaillant
OC-004452,PAT-00320,2024-02-16 08:00:00,Poids,50.3,Bon
OC-004453,PAT-00320,2024-02-16 14:00:00,FrequenceCardiaque,84.0,Bon
OC-004454,PAT-00320,2024-02-16 20:00:00,SpO2,97.0,Bon
OC-004455,PAT-00320,2024-02-17 14:00:00,Poids,93.4,CapteurDefaillant
OC-004456,PAT-00320,2024-02-17 20:00:00,Poids,84.7,Bon
OC-004457,PAT-00153,2024-02-01 08:00:00,ActivitePas,2939.0,Gap
OC-004458,PAT-00153,2024-02-01 14:00:00,ActivitePas,3860.0,Bon
OC-004459,PAT-00153,2024-02-01 20:00:00,ActivitePas,4458.0,CapteurDefaillant
OC-004460,PAT-00153,2024-02-02 08:00:00,FrequenceCardiaque,104.0,CapteurDefaillant
OC-004461,PAT-00153,2024-02-02 20:00:00,Poids,76.9,Gap
OC-004462,PAT-00153,2024-02-03 08:00:00,Poids,82.4,Bon
OC-004463,PAT-00153,2024-02-03 14:00:00,SpO2,97.0,Gap
OC-004464,PAT-00153,2024-02-04 08:00:00,FrequenceCardiaque,70.0,Bon
OC-004465,PAT-00153,2024-02-04 14:00:00,FrequenceCardiaque,52.0,Bon
OC-004466,PAT-00153,2024-02-04 20:00:00,Poids,79.9,Bon
OC-004467,PAT-00153,2024-02-05 08:00:00,Poids,65.2,Bon
OC-004468,PAT-00153,2024-02-05 14:00:00,ActivitePas,3321.0,Bon
OC-004469,PAT-00153,2024-02-05 20:00:00,Poids,75.1,Bon
OC-004470,PAT-00153,2024-02-06 20:00:00,FrequenceCardiaque,95.0,Bon
OC-004471,PAT-00153,2024-02-07 08:00:00,Poids,92.7,Bon
OC-004472,PAT-00153,2024-02-07 14:00:00,FrequenceCardiaque,77.0,Bon
OC-004473,PAT-00153,2024-02-08 08:00:00,Poids,94.7,Bon
OC-004474,PAT-00153,2024-02-08 20:00:00,ActivitePas,4369.0,Bon
OC-004475,PAT-00153,2024-02-09 14:00:00,FrequenceCardiaque,94.0,Bon
OC-004476,PAT-00153,2024-02-09 20:00:00,SpO2,99.0,Bon
OC-004477,PAT-00153,2024-02-10 08:00:00,FrequenceCardiaque,79.0,Bon
OC-004478,PAT-00153,2024-02-10 14:00:00,FrequenceCardiaque,100.0,Bon
OC-004479,PAT-00153,2024-02-10 20:00:00,Poids,83.3,Bon
OC-004480,PAT-00153,2024-02-11 08:00:00,FrequenceCardiaque,45.0,Bon
OC-004481,PAT-00153,2024-02-11 20:00:00,FrequenceCardiaque,97.0,Bon
OC-004482,PAT-00153,2024-02-12 08:00:00,SpO2,93.0,Bon
OC-004483,PAT-00153,2024-02-12 14:00:00,FrequenceCardiaque,78.0,CapteurDefaillant
OC-004484,PAT-00153,2024-02-13 08:00:00,SpO2,93.0,Bon
OC-004485,PAT-00153,2024-02-13 14:00:00,SpO2,91.0,Bon
OC-004486,PAT-00153,2024-02-13 20:00:00,Poids,81.1,Bon
OC-004487,PAT-00153,2024-02-14 08:00:00,ActivitePas,4344.0,Bon
OC-004488,PAT-00153,2024-02-14 14:00:00,ActivitePas,4999.0,Bon
OC-004489,PAT-00255,2023-11-26 08:00:00,ActivitePas,3642.0,Bon
OC-004490,PAT-00255,2023-11-26 14:00:00,Poids,62.8,Bon
OC-004491,PAT-00255,2023-11-26 20:00:00,Poids,86.2,Bon
OC-004492,PAT-00255,2023-11-27 08:00:00,SpO2,99.0,Bon
OC-004493,PAT-00255,2023-11-27 14:00:00,FrequenceCardiaque,83.0,Bon
OC-004494,PAT-00255,2023-11-27 20:00:00,ActivitePas,228.0,Bon
OC-004495,PAT-00255,2023-11-28 08:00:00,ActivitePas,3915.0,Gap
OC-004496,PAT-00255,2023-11-28 14:00:00,SpO2,93.0,Bon
OC-004497,PAT-00255,2023-11-28 20:00:00,Poids,65.3,Bon
OC-004498,PAT-00255,2023-11-29 08:00:00,SpO2,96.0,Bon
OC-004499,PAT-00255,2023-11-29 14:00:00,FrequenceCardiaque,70.0,Bon
OC-004500,PAT-00255,2023-11-29 20:00:00,SpO2,96.0,Bon
OC-004501,PAT-00255,2023-11-30 08:00:00,SpO2,96.0,Bon
OC-004502,PAT-00255,2023-11-30 14:00:00,Poids,65.8,Gap
OC-004503,PAT-00255,2023-11-30 20:00:00,ActivitePas,3995.0,Bon
OC-004504,PAT-00255,2023-12-01 20:00:00,ActivitePas,2141.0,Bon
OC-004505,PAT-00255,2023-12-02 08:00:00,ActivitePas,2049.0,Bon
OC-004506,PAT-00255,2023-12-02 14:00:00,Poids,81.9,Bon
OC-004507,PAT-00255,2023-12-03 08:00:00,SpO2,93.0,Bon
OC-004508,PAT-00255,2023-12-03 20:00:00,Poids,95.9,Bon
OC-004509,PAT-00255,2023-12-04 14:00:00,FrequenceCardiaque,90.0,Bon
OC-004510,PAT-00255,2023-12-04 20:00:00,FrequenceCardiaque,70.0,Bon
OC-004511,PAT-00255,2023-12-05 14:00:00,SpO2,92.0,Bon
OC-004512,PAT-00255,2023-12-05 20:00:00,Poids,47.2,Bon
OC-004513,PAT-00255,2023-12-06 08:00:00,ActivitePas,4140.0,Bon
OC-004514,PAT-00255,2023-12-06 14:00:00,SpO2,89.0,Bon
OC-004515,PAT-00255,2023-12-07 08:00:00,SpO2,96.0,Bon
OC-004516,PAT-00255,2023-12-07 14:00:00,Poids,106.2,CapteurDefaillant
OC-004517,PAT-00255,2023-12-07 20:00:00,ActivitePas,1300.0,CapteurDefaillant
OC-004518,PAT-00255,2023-12-08 08:00:00,ActivitePas,3220.0,Bon
OC-004519,PAT-00255,2023-12-08 14:00:00,FrequenceCardiaque,84.0,CapteurDefaillant
OC-004520,PAT-999999,2023-12-08 20:00:00,Poids,66.7,Bon
OC-004521,PAT-00255,2023-12-09 08:00:00,FrequenceCardiaque,84.0,Bon
OC-004522,PAT-00255,2023-12-09 20:00:00,Poids,72.5,Bon
OC-004523,PAT-00371,2023-11-17 08:00:00,SpO2,98.0,Bon
OC-004524,PAT-999999,2023-11-17 14:00:00,Poids,47.7,Bon
OC-004525,PAT-00371,2023-11-17 20:00:00,SpO2,99.0,Bon
OC-004526,PAT-00371,2023-11-18 08:00:00,SpO2,92.0,Bon
OC-004527,PAT-00371,2023-11-18 14:00:00,SpO2,88.0,Bon
OC-004528,PAT-999999,2023-11-18 20:00:00,ActivitePas,3399.0,Bon
OC-004529,PAT-00371,2023-11-19 14:00:00,ActivitePas,1863.0,CapteurDefaillant
OC-004530,PAT-00371,2023-11-19 20:00:00,ActivitePas,309.0,Bon
OC-004531,PAT-00371,2023-11-20 08:00:00,Poids,83.7,Bon
OC-004532,PAT-00371,2023-11-20 14:00:00,ActivitePas,2291.0,CapteurDefaillant
OC-004533,PAT-00371,2023-11-20 20:00:00,ActivitePas,3366.0,Gap
OC-004534,PAT-00371,2023-11-21 08:00:00,SpO2,96.0,Bon
OC-004535,PAT-00371,2023-11-21 20:00:00,SpO2,93.0,Bon
OC-004536,PAT-00371,2023-11-22 08:00:00,FrequenceCardiaque,62.0,Bon
OC-004537,PAT-00371,2023-11-22 14:00:00,ActivitePas,1726.0,Bon
OC-004538,PAT-00371,2023-11-23 08:00:00,ActivitePas,7681.0,Bon
OC-004539,PAT-00371,2023-11-23 14:00:00,FrequenceCardiaque,81.0,Bon
OC-004540,PAT-00371,2023-11-23 20:00:00,SpO2,99.0,Bon
OC-004541,PAT-00371,2023-11-24 08:00:00,SpO2,93.0,Gap
OC-004542,PAT-00371,2023-11-24 14:00:00,FrequenceCardiaque,64.0,Bon
OC-004543,PAT-00371,2023-11-24 20:00:00,ActivitePas,2107.0,Bon
OC-004544,PAT-00371,2023-11-25 14:00:00,SpO2,95.0,Gap
OC-004545,PAT-00371,2023-11-25 20:00:00,SpO2,94.0,CapteurDefaillant
OC-004546,PAT-00371,2023-11-26 08:00:00,FrequenceCardiaque,88.0,Bon
OC-004547,PAT-00371,2023-11-26 20:00:00,FrequenceCardiaque,69.0,Bon
OC-004548,PAT-00371,2023-11-27 08:00:00,ActivitePas,5369.0,Bon
OC-004549,PAT-00371,2023-11-27 14:00:00,Poids,72.3,Bon
OC-004550,PAT-00371,2023-11-27 20:00:00,FrequenceCardiaque,69.0,Bon
OC-004551,PAT-00371,2023-11-28 08:00:00,ActivitePas,3092.0,Bon
OC-004552,PAT-00371,2023-11-28 14:00:00,FrequenceCardiaque,84.0,Bon
OC-004553,PAT-00371,2023-11-28 20:00:00,FrequenceCardiaque,71.0,Gap
OC-004554,PAT-00371,2023-11-29 08:00:00,FrequenceCardiaque,105.0,Bon
OC-004555,PAT-00371,2023-11-29 14:00:00,SpO2,100.0,Bon
OC-004556,PAT-00371,2023-11-29 20:00:00,ActivitePas,716.0,Bon
OC-004557,PAT-00392,2024-02-07 08:00:00,FrequenceCardiaque,74.0,Bon
OC-004558,PAT-00392,2024-02-07 14:00:00,Poids,85.6,Bon
OC-004559,PAT-00392,2024-02-07 20:00:00,FrequenceCardiaque,73.0,Bon
OC-004560,PAT-00392,2024-02-08 08:00:00,ActivitePas,6580.0,Bon
OC-004561,PAT-00392,2024-02-08 14:00:00,Poids,68.0,CapteurDefaillant
OC-004562,PAT-00392,2024-02-08 20:00:00,ActivitePas,2428.0,Bon
OC-004563,PAT-00392,2024-02-09 08:00:00,Poids,76.2,Bon
OC-004564,PAT-00392,2024-02-09 20:00:00,ActivitePas,3309.0,Bon
OC-004565,PAT-00392,2024-02-10 14:00:00,ActivitePas,1872.0,CapteurDefaillant
OC-004566,PAT-00392,2024-02-10 20:00:00,Poids,90.1,Bon
OC-004567,PAT-00392,2024-02-11 08:00:00,ActivitePas,5781.0,Bon
OC-004568,PAT-00392,2024-02-11 14:00:00,FrequenceCardiaque,86.0,Bon
OC-004569,PAT-00392,2024-02-12 08:00:00,SpO2,92.0,Bon
OC-004570,PAT-00392,2024-02-12 14:00:00,FrequenceCardiaque,95.0,Bon
OC-004571,PAT-00392,2024-02-12 20:00:00,SpO2,97.0,Bon
OC-004572,PAT-00392,2024-02-13 08:00:00,FrequenceCardiaque,86.0,Bon
OC-004573,PAT-00392,2024-02-13 14:00:00,FrequenceCardiaque,58.0,CapteurDefaillant
OC-004574,PAT-999999,2024-02-13 20:00:00,ActivitePas,2415.0,Bon
OC-004575,PAT-999999,2024-02-14 14:00:00,FrequenceCardiaque,71.0,Bon
OC-004576,PAT-00392,2024-02-14 20:00:00,Poids,67.6,Bon
OC-004577,PAT-00392,2024-02-15 08:00:00,FrequenceCardiaque,54.0,Bon
OC-004578,PAT-00392,2024-02-15 14:00:00,ActivitePas,1832.0,Bon
OC-004579,PAT-00392,2024-02-15 20:00:00,ActivitePas,6102.0,Bon
OC-004580,PAT-00392,2024-02-16 08:00:00,FrequenceCardiaque,73.0,Bon
OC-004581,PAT-00392,2024-02-16 14:00:00,Poids,73.8,Bon
OC-004582,PAT-00392,2024-02-16 20:00:00,Poids,84.4,CapteurDefaillant
OC-004583,PAT-00392,2024-02-17 08:00:00,FrequenceCardiaque,60.0,CapteurDefaillant
OC-004584,PAT-00392,2024-02-17 14:00:00,ActivitePas,4584.0,Bon
OC-004585,PAT-00392,2024-02-18 08:00:00,FrequenceCardiaque,75.0,Bon
OC-004586,PAT-00392,2024-02-18 14:00:00,SpO2,97.0,Bon
OC-004587,PAT-00392,2024-02-19 08:00:00,Poids,61.3,Bon
OC-004588,PAT-00392,2024-02-19 14:00:00,ActivitePas,1906.0,Bon
OC-004589,PAT-00392,2024-02-19 20:00:00,ActivitePas,5560.0,Bon
OC-004590,PAT-00392,2024-02-20 14:00:00,Poids,74.8,Bon
OC-004591,PAT-00392,2024-02-20 20:00:00,Poids,75.0,Bon
OC-004592,PAT-00528,2024-03-02 14:00:00,SpO2,89.0,CapteurDefaillant
OC-004593,PAT-999999,2024-03-02 20:00:00,Poids,104.0,Bon
OC-004594,PAT-00528,2024-03-03 08:00:00,FrequenceCardiaque,79.0,Bon
OC-004595,PAT-00528,2024-03-03 14:00:00,Poids,59.7,Bon
OC-004596,PAT-00528,2024-03-03 20:00:00,ActivitePas,5264.0,CapteurDefaillant
OC-004597,PAT-00528,2024-03-04 08:00:00,FrequenceCardiaque,91.0,Bon
OC-004598,PAT-00528,2024-03-04 20:00:00,ActivitePas,1663.0,Gap
OC-004599,PAT-00528,2024-03-05 14:00:00,FrequenceCardiaque,90.0,Bon
OC-004600,PAT-00528,2024-03-06 08:00:00,Poids,46.9,Bon
OC-004601,PAT-00528,2024-03-06 20:00:00,ActivitePas,4109.0,Bon
OC-004602,PAT-00528,2024-03-07 08:00:00,SpO2,93.0,Bon
OC-004603,PAT-00528,2024-03-07 14:00:00,ActivitePas,4687.0,Bon
OC-004604,PAT-00528,2024-03-07 20:00:00,Poids,67.5,Gap
OC-004605,PAT-00528,2024-03-08 08:00:00,SpO2,89.0,CapteurDefaillant
OC-004606,PAT-00528,2024-03-08 14:00:00,Poids,80.1,Bon
OC-004607,PAT-00528,2024-03-08 20:00:00,ActivitePas,2975.0,Bon
OC-004608,PAT-00528,2024-03-09 08:00:00,Poids,87.6,CapteurDefaillant
OC-004609,PAT-00528,2024-03-09 14:00:00,Poids,74.5,Bon
OC-004610,PAT-00528,2024-03-09 20:00:00,ActivitePas,1108.0,Bon
OC-004611,PAT-00528,2024-03-10 08:00:00,FrequenceCardiaque,69.0,Bon
OC-004612,PAT-00528,2024-03-10 14:00:00,ActivitePas,4499.0,Gap
OC-004613,PAT-00528,2024-03-10 20:00:00,ActivitePas,4317.0,CapteurDefaillant
OC-004614,PAT-00528,2024-03-11 14:00:00,SpO2,97.0,Bon
OC-004615,PAT-00528,2024-03-11 20:00:00,Poids,46.8,Bon
OC-004616,PAT-00528,2024-03-12 08:00:00,FrequenceCardiaque,106.0,Bon
OC-004617,PAT-00528,2024-03-12 14:00:00,FrequenceCardiaque,90.0,Bon
OC-004618,PAT-00528,2024-03-12 20:00:00,Poids,96.3,Gap
OC-004619,PAT-00528,2024-03-13 08:00:00,FrequenceCardiaque,87.0,CapteurDefaillant
OC-004620,PAT-00528,2024-03-13 14:00:00,SpO2,95.0,Bon
OC-004621,PAT-00528,2024-03-14 08:00:00,ActivitePas,3292.0,Bon
OC-004622,PAT-00528,2024-03-14 14:00:00,FrequenceCardiaque,77.0,Bon
OC-004623,PAT-00528,2024-03-14 20:00:00,Poids,59.7,Bon
OC-004624,PAT-00528,2024-03-15 08:00:00,FrequenceCardiaque,67.0,CapteurDefaillant
OC-004625,PAT-00528,2024-03-15 14:00:00,FrequenceCardiaque,87.0,Bon
OC-004626,PAT-00528,2024-03-15 20:00:00,SpO2,94.0,CapteurDefaillant
OC-004627,PAT-00166,2023-12-25 08:00:00,ActivitePas,3827.0,Bon
OC-004628,PAT-00166,2023-12-25 14:00:00,ActivitePas,4251.0,Bon
OC-004629,PAT-999999,2023-12-25 20:00:00,ActivitePas,770.0,Bon
OC-004630,PAT-00166,2023-12-26 08:00:00,Poids,80.8,CapteurDefaillant
OC-004631,PAT-00166,2023-12-26 20:00:00,FrequenceCardiaque,69.0,Bon
OC-004632,PAT-00166,2023-12-27 08:00:00,SpO2,97.0,Bon
OC-004633,PAT-00166,2023-12-28 08:00:00,Poids,60.8,Bon
OC-004634,PAT-00166,2023-12-28 20:00:00,Poids,82.7,Bon
OC-004635,PAT-00166,2023-12-29 14:00:00,FrequenceCardiaque,86.0,Bon
OC-004636,PAT-00166,2023-12-29 20:00:00,Poids,71.3,Bon
OC-004637,PAT-00166,2023-12-30 14:00:00,ActivitePas,5672.0,Bon
OC-004638,PAT-00166,2023-12-30 20:00:00,ActivitePas,418.0,Bon
OC-004639,PAT-00166,2023-12-31 08:00:00,FrequenceCardiaque,77.0,Bon
OC-004640,PAT-00166,2023-12-31 14:00:00,FrequenceCardiaque,58.0,CapteurDefaillant
OC-004641,PAT-00166,2024-01-01 08:00:00,SpO2,93.0,Bon
OC-004642,PAT-00166,2024-01-01 14:00:00,ActivitePas,4974.0,Bon
OC-004643,PAT-00166,2024-01-01 20:00:00,FrequenceCardiaque,70.0,Bon
OC-004644,PAT-00166,2024-01-03 08:00:00,FrequenceCardiaque,80.0,Bon
OC-004645,PAT-00166,2024-01-03 20:00:00,FrequenceCardiaque,74.0,Bon
OC-004646,PAT-00166,2024-01-04 08:00:00,Poids,74.2,Bon
OC-004647,PAT-00166,2024-01-04 14:00:00,ActivitePas,2274.0,Bon
OC-004648,PAT-00166,2024-01-04 20:00:00,ActivitePas,2348.0,Gap
OC-004649,PAT-00166,2024-01-05 08:00:00,ActivitePas,4043.0,Gap
OC-004650,PAT-00166,2024-01-05 14:00:00,SpO2,96.0,Bon
OC-004651,PAT-00166,2024-01-05 20:00:00,FrequenceCardiaque,67.0,Bon
OC-004652,PAT-00166,2024-01-06 08:00:00,SpO2,95.0,Bon
OC-004653,PAT-00166,2024-01-06 14:00:00,ActivitePas,5792.0,Bon
OC-004654,PAT-00166,2024-01-07 08:00:00,SpO2,91.0,Bon
OC-004655,PAT-00166,2024-01-07 14:00:00,ActivitePas,5631.0,Bon
OC-004656,PAT-00166,2024-01-07 20:00:00,ActivitePas,2473.0,Bon
OC-004657,PAT-00404,2024-03-15 08:00:00,SpO2,92.0,Bon
OC-004658,PAT-00404,2024-03-15 14:00:00,FrequenceCardiaque,67.0,Bon
OC-004659,PAT-00404,2024-03-15 20:00:00,ActivitePas,2931.0,Bon
OC-004660,PAT-00404,2024-03-16 08:00:00,FrequenceCardiaque,82.0,Bon
OC-004661,PAT-00404,2024-03-16 14:00:00,SpO2,96.0,Bon
OC-004662,PAT-00404,2024-03-17 08:00:00,FrequenceCardiaque,81.0,Bon
OC-004663,PAT-00404,2024-03-17 14:00:00,FrequenceCardiaque,77.0,Bon
OC-004664,PAT-00404,2024-03-17 20:00:00,ActivitePas,3525.0,Bon
OC-004665,PAT-00404,2024-03-18 08:00:00,FrequenceCardiaque,61.0,Bon
OC-004666,PAT-00404,2024-03-18 14:00:00,FrequenceCardiaque,80.0,Bon
OC-004667,PAT-00404,2024-03-18 20:00:00,SpO2,94.0,Bon
OC-004668,PAT-00404,2024-03-19 08:00:00,ActivitePas,4160.0,Bon
OC-004669,PAT-00404,2024-03-19 14:00:00,ActivitePas,5283.0,Bon
OC-004670,PAT-00404,2024-03-19 20:00:00,FrequenceCardiaque,68.0,Bon
OC-004671,PAT-00404,2024-03-20 14:00:00,FrequenceCardiaque,54.0,Bon
OC-004672,PAT-00404,2024-03-21 08:00:00,ActivitePas,2353.0,Bon
OC-004673,PAT-00404,2024-03-21 14:00:00,SpO2,97.0,Bon
OC-004674,PAT-999999,2024-03-21 20:00:00,ActivitePas,586.0,Bon
OC-004675,PAT-00404,2024-03-22 08:00:00,ActivitePas,2286.0,Bon
OC-004676,PAT-00404,2024-03-22 14:00:00,SpO2,99.0,Gap
OC-004677,PAT-00404,2024-03-22 20:00:00,FrequenceCardiaque,66.0,Bon
OC-004678,PAT-00404,2024-03-23 08:00:00,Poids,96.3,Bon
OC-004679,PAT-00404,2024-03-23 20:00:00,ActivitePas,5670.0,Bon
OC-004680,PAT-00404,2024-03-24 08:00:00,FrequenceCardiaque,67.0,Bon
OC-004681,PAT-00404,2024-03-24 14:00:00,FrequenceCardiaque,61.0,Bon
OC-004682,PAT-00404,2024-03-24 20:00:00,Poids,84.6,Bon
OC-004683,PAT-00404,2024-03-25 08:00:00,Poids,91.4,Bon
OC-004684,PAT-00404,2024-03-25 14:00:00,Poids,61.1,Bon
OC-004685,PAT-00404,2024-03-25 20:00:00,FrequenceCardiaque,76.0,CapteurDefaillant
OC-004686,PAT-00404,2024-03-26 08:00:00,FrequenceCardiaque,54.0,CapteurDefaillant
OC-004687,PAT-00404,2024-03-26 14:00:00,Poids,55.0,Bon
OC-004688,PAT-00404,2024-03-26 20:00:00,SpO2,96.0,Bon
OC-004689,PAT-00404,2024-03-27 08:00:00,SpO2,93.0,Bon
OC-004690,PAT-00404,2024-03-27 14:00:00,FrequenceCardiaque,58.0,Bon
OC-004691,PAT-00404,2024-03-27 20:00:00,FrequenceCardiaque,84.0,Bon
OC-004692,PAT-00404,2024-03-28 08:00:00,ActivitePas,890.0,Bon
OC-004693,PAT-00404,2024-03-28 14:00:00,FrequenceCardiaque,65.0,Bon
OC-004694,PAT-00254,2024-01-14 08:00:00,SpO2,95.0,Gap
OC-004695,PAT-00254,2024-01-14 14:00:00,FrequenceCardiaque,67.0,Bon
OC-004696,PAT-00254,2024-01-15 08:00:00,FrequenceCardiaque,70.0,Bon
OC-004697,PAT-00254,2024-01-15 14:00:00,Poids,108.0,CapteurDefaillant
OC-004698,PAT-00254,2024-01-15 20:00:00,ActivitePas,1485.0,Bon
OC-004699,PAT-00254,2024-01-16 08:00:00,ActivitePas,5141.0,Bon
OC-004700,PAT-00254,2024-01-16 14:00:00,FrequenceCardiaque,83.0,Bon
OC-004701,PAT-00254,2024-01-17 08:00:00,FrequenceCardiaque,72.0,Bon
OC-004702,PAT-00254,2024-01-17 14:00:00,Poids,87.6,Bon
OC-004703,PAT-00254,2024-01-17 20:00:00,ActivitePas,3240.0,Bon
OC-004704,PAT-00254,2024-01-18 08:00:00,FrequenceCardiaque,67.0,CapteurDefaillant
OC-004705,PAT-00254,2024-01-18 14:00:00,Poids,68.6,Bon
OC-004706,PAT-00254,2024-01-19 08:00:00,SpO2,86.0,Bon
OC-004707,PAT-00254,2024-01-19 14:00:00,ActivitePas,1409.0,Bon
OC-004708,PAT-00254,2024-01-19 20:00:00,ActivitePas,8743.0,CapteurDefaillant
OC-004709,PAT-00254,2024-01-20 08:00:00,Poids,73.1,Gap
OC-004710,PAT-00254,2024-01-20 14:00:00,Poids,80.6,Bon
OC-004711,PAT-00254,2024-01-20 20:00:00,Poids,68.3,Bon
OC-004712,PAT-00254,2024-01-21 08:00:00,ActivitePas,4189.0,Bon
OC-004713,PAT-00254,2024-01-21 14:00:00,ActivitePas,4891.0,Bon
OC-004714,PAT-00254,2024-01-21 20:00:00,FrequenceCardiaque,68.0,Bon
OC-004715,PAT-00254,2024-01-22 08:00:00,FrequenceCardiaque,77.0,Bon
OC-004716,PAT-00254,2024-01-22 14:00:00,FrequenceCardiaque,83.0,Bon
OC-004717,PAT-00254,2024-01-23 08:00:00,FrequenceCardiaque,68.0,Bon
OC-004718,PAT-00254,2024-01-23 14:00:00,FrequenceCardiaque,74.0,CapteurDefaillant
OC-004719,PAT-00254,2024-01-23 20:00:00,SpO2,100.0,Bon
OC-004720,PAT-00254,2024-01-24 08:00:00,ActivitePas,3096.0,Bon
OC-004721,PAT-00254,2024-01-24 14:00:00,ActivitePas,4575.0,Bon
OC-004722,PAT-00254,2024-01-24 20:00:00,FrequenceCardiaque,71.0,Bon
OC-004723,PAT-00254,2024-01-25 08:00:00,FrequenceCardiaque,70.0,Bon
OC-004724,PAT-00254,2024-01-25 14:00:00,FrequenceCardiaque,86.0,CapteurDefaillant
OC-004725,PAT-00254,2024-01-25 20:00:00,Poids,94.0,Gap
OC-004726,PAT-00254,2024-01-26 08:00:00,SpO2,97.0,CapteurDefaillant
OC-004727,PAT-00254,2024-01-26 14:00:00,ActivitePas,3306.0,Bon
OC-004728,PAT-00254,2024-01-26 20:00:00,Poids,80.5,Bon
OC-004729,PAT-00254,2024-01-27 08:00:00,SpO2,98.0,CapteurDefaillant
OC-004730,PAT-00254,2024-01-27 14:00:00,FrequenceCardiaque,71.0,Gap
OC-004731,PAT-00092,2024-05-26 08:00:00,FrequenceCardiaque,104.0,Gap
OC-004732,PAT-00092,2024-05-26 20:00:00,SpO2,93.0,Gap
OC-004733,PAT-999999,2024-05-27 08:00:00,SpO2,94.0,Bon
OC-004734,PAT-00092,2024-05-27 14:00:00,SpO2,96.0,Bon
OC-004735,PAT-00092,2024-05-27 20:00:00,Poids,80.2,Gap
OC-004736,PAT-00092,2024-05-28 08:00:00,ActivitePas,2642.0,CapteurDefaillant
OC-004737,PAT-00092,2024-05-28 14:00:00,FrequenceCardiaque,93.0,Gap
OC-004738,PAT-00092,2024-05-28 20:00:00,FrequenceCardiaque,99.0,Bon
OC-004739,PAT-00092,2024-05-29 14:00:00,FrequenceCardiaque,92.0,Bon
OC-004740,PAT-00092,2024-05-29 20:00:00,FrequenceCardiaque,71.0,Gap
OC-004741,PAT-00092,2024-05-30 14:00:00,FrequenceCardiaque,82.0,Bon
OC-004742,PAT-00092,2024-05-30 20:00:00,FrequenceCardiaque,91.0,Bon
OC-004743,PAT-00092,2024-05-31 08:00:00,FrequenceCardiaque,57.0,Gap
OC-004744,PAT-00092,2024-05-31 20:00:00,ActivitePas,5467.0,Bon
OC-004745,PAT-00092,2024-06-01 14:00:00,SpO2,91.0,Bon
OC-004746,PAT-00092,2024-06-01 20:00:00,ActivitePas,3692.0,Bon
OC-004747,PAT-00092,2024-06-02 08:00:00,ActivitePas,4573.0,Bon
OC-004748,PAT-00092,2024-06-02 14:00:00,SpO2,91.0,Bon
OC-004749,PAT-00092,2024-06-02 20:00:00,FrequenceCardiaque,74.0,Gap
OC-004750,PAT-00092,2024-06-03 08:00:00,ActivitePas,3993.0,Bon
OC-004751,PAT-00092,2024-06-03 14:00:00,ActivitePas,4085.0,Bon
OC-004752,PAT-00092,2024-06-04 14:00:00,Poids,87.2,Bon
OC-004753,PAT-00092,2024-06-04 20:00:00,FrequenceCardiaque,76.0,Bon
OC-004754,PAT-00092,2024-06-05 08:00:00,ActivitePas,4838.0,Bon
OC-004755,PAT-00092,2024-06-05 14:00:00,ActivitePas,1603.0,Gap
OC-004756,PAT-00092,2024-06-05 20:00:00,Poids,79.4,Bon
OC-004757,PAT-00092,2024-06-06 14:00:00,SpO2,100.0,CapteurDefaillant
OC-004758,PAT-00092,2024-06-06 20:00:00,FrequenceCardiaque,81.0,Bon
OC-004759,PAT-999999,2024-06-07 14:00:00,ActivitePas,3203.0,Bon
OC-004760,PAT-00092,2024-06-07 20:00:00,SpO2,93.0,Bon
OC-004761,PAT-00092,2024-06-08 08:00:00,FrequenceCardiaque,76.0,Bon
OC-004762,PAT-00092,2024-06-08 20:00:00,FrequenceCardiaque,69.0,Bon
OC-004763,PAT-00004,2024-02-10 08:00:00,Poids,83.7,Bon
OC-004764,PAT-00004,2024-02-10 14:00:00,Poids,80.8,Bon
OC-004765,PAT-00004,2024-02-11 08:00:00,SpO2,99.0,Bon
OC-004766,PAT-00004,2024-02-11 14:00:00,FrequenceCardiaque,74.0,CapteurDefaillant
OC-004767,PAT-00004,2024-02-11 20:00:00,ActivitePas,3117.0,Bon
OC-004768,PAT-00004,2024-02-12 08:00:00,ActivitePas,6169.0,Bon
OC-004769,PAT-00004,2024-02-12 14:00:00,ActivitePas,3291.0,CapteurDefaillant
OC-004770,PAT-00004,2024-02-12 20:00:00,SpO2,98.0,Bon
OC-004771,PAT-00004,2024-02-13 14:00:00,SpO2,94.0,Gap
OC-004772,PAT-00004,2024-02-13 20:00:00,ActivitePas,5417.0,Bon
OC-004773,PAT-00004,2024-02-14 08:00:00,Poids,69.6,Bon
OC-004774,PAT-00004,2024-02-14 14:00:00,Poids,70.3,CapteurDefaillant
OC-004775,PAT-999999,2024-02-14 20:00:00,SpO2,96.0,Bon
OC-004776,PAT-00004,2024-02-15 20:00:00,ActivitePas,2657.0,Bon
OC-004777,PAT-00004,2024-02-16 08:00:00,FrequenceCardiaque,97.0,CapteurDefaillant
OC-004778,PAT-00004,2024-02-16 20:00:00,FrequenceCardiaque,82.0,Bon
OC-004779,PAT-00004,2024-02-17 08:00:00,ActivitePas,3870.0,Bon
OC-004780,PAT-00004,2024-02-18 08:00:00,ActivitePas,4821.0,Gap
OC-004781,PAT-00004,2024-02-18 14:00:00,SpO2,95.0,Bon
OC-004782,PAT-00004,2024-02-18 20:00:00,ActivitePas,3335.0,Bon
OC-004783,PAT-00004,2024-02-19 08:00:00,Poids,66.6,CapteurDefaillant
OC-004784,PAT-00004,2024-02-19 14:00:00,SpO2,97.0,Bon
OC-004785,PAT-00004,2024-02-19 20:00:00,ActivitePas,3791.0,Gap
OC-004786,PAT-00004,2024-02-20 08:00:00,Poids,76.9,Bon
OC-004787,PAT-00004,2024-02-20 20:00:00,Poids,79.9,Bon
OC-004788,PAT-00004,2024-02-21 08:00:00,SpO2,99.0,Bon
OC-004789,PAT-00004,2024-02-21 14:00:00,SpO2,94.0,Bon
OC-004790,PAT-00004,2024-02-22 08:00:00,FrequenceCardiaque,93.0,Bon
OC-004791,PAT-00004,2024-02-22 14:00:00,FrequenceCardiaque,89.0,Bon
OC-004792,PAT-00004,2024-02-22 20:00:00,ActivitePas,4984.0,Bon
OC-004793,PAT-00004,2024-02-23 14:00:00,SpO2,95.0,Bon
OC-004794,PAT-00268,2024-03-24 08:00:00,ActivitePas,3057.0,Bon
OC-004795,PAT-00268,2024-03-24 20:00:00,SpO2,99.0,Bon
OC-004796,PAT-00268,2024-03-25 08:00:00,Poids,60.6,Bon
OC-004797,PAT-00268,2024-03-25 14:00:00,ActivitePas,3012.0,Gap
OC-004798,PAT-00268,2024-03-26 08:00:00,ActivitePas,1056.0,Bon
OC-004799,PAT-00268,2024-03-26 14:00:00,FrequenceCardiaque,66.0,Gap
OC-004800,PAT-00268,2024-03-26 20:00:00,FrequenceCardiaque,62.0,CapteurDefaillant
OC-004801,PAT-00268,2024-03-27 08:00:00,FrequenceCardiaque,90.0,Bon
OC-004802,PAT-00268,2024-03-27 20:00:00,Poids,64.8,Bon
OC-004803,PAT-00268,2024-03-28 20:00:00,Poids,56.7,CapteurDefaillant
OC-004804,PAT-00268,2024-03-29 08:00:00,ActivitePas,1003.0,CapteurDefaillant
OC-004805,PAT-999999,2024-03-29 14:00:00,FrequenceCardiaque,73.0,Bon
OC-004806,PAT-00268,2024-03-29 20:00:00,SpO2,96.0,Bon
OC-004807,PAT-00268,2024-03-30 08:00:00,Poids,80.2,Bon
OC-004808,PAT-00268,2024-03-30 14:00:00,ActivitePas,491.0,Bon
OC-004809,PAT-00268,2024-03-30 20:00:00,FrequenceCardiaque,96.0,Bon
OC-004810,PAT-00268,2024-03-31 14:00:00,SpO2,95.0,Bon
OC-004811,PAT-00268,2024-03-31 20:00:00,ActivitePas,2664.0,Bon
OC-004812,PAT-00268,2024-04-01 08:00:00,Poids,62.3,Bon
OC-004813,PAT-00268,2024-04-01 14:00:00,FrequenceCardiaque,72.0,Bon
OC-004814,PAT-00268,2024-04-01 20:00:00,Poids,83.2,Bon
OC-004815,PAT-00268,2024-04-02 08:00:00,Poids,64.8,Bon
OC-004816,PAT-00268,2024-04-02 14:00:00,ActivitePas,2660.0,Bon
OC-004817,PAT-00268,2024-04-02 20:00:00,FrequenceCardiaque,78.0,Bon
OC-004818,PAT-00268,2024-04-03 08:00:00,FrequenceCardiaque,81.0,Bon
OC-004819,PAT-00268,2024-04-03 14:00:00,Poids,95.9,Bon
OC-004820,PAT-00268,2024-04-03 20:00:00,FrequenceCardiaque,78.0,Bon
OC-004821,PAT-00268,2024-04-04 08:00:00,FrequenceCardiaque,92.0,Bon
OC-004822,PAT-00268,2024-04-04 14:00:00,FrequenceCardiaque,47.0,Gap
OC-004823,PAT-00268,2024-04-04 20:00:00,ActivitePas,2951.0,Bon
OC-004824,PAT-00268,2024-04-05 08:00:00,SpO2,90.0,Bon
OC-004825,PAT-00268,2024-04-05 14:00:00,Poids,87.7,Bon
OC-004826,PAT-00268,2024-04-06 20:00:00,Poids,48.7,Bon
OC-004827,PAT-00357,2023-11-17 08:00:00,Poids,62.7,Bon
OC-004828,PAT-00357,2023-11-17 14:00:00,Poids,95.8,Bon
OC-004829,PAT-00357,2023-11-17 20:00:00,FrequenceCardiaque,79.0,Bon
OC-004830,PAT-00357,2023-11-18 08:00:00,Poids,115.0,Bon
OC-004831,PAT-00357,2023-11-18 14:00:00,SpO2,99.0,CapteurDefaillant
OC-004832,PAT-00357,2023-11-18 20:00:00,SpO2,94.0,Bon
OC-004833,PAT-00357,2023-11-19 08:00:00,Poids,40.4,Gap
OC-004834,PAT-00357,2023-11-19 14:00:00,FrequenceCardiaque,83.0,Bon
OC-004835,PAT-00357,2023-11-19 20:00:00,Poids,80.7,Bon
OC-004836,PAT-00357,2023-11-20 08:00:00,Poids,82.7,Bon
OC-004837,PAT-00357,2023-11-20 14:00:00,ActivitePas,3139.0,Gap
OC-004838,PAT-00357,2023-11-20 20:00:00,SpO2,96.0,Bon
OC-004839,PAT-00357,2023-11-21 08:00:00,ActivitePas,4047.0,Gap
OC-004840,PAT-00357,2023-11-21 20:00:00,FrequenceCardiaque,86.0,Bon
OC-004841,PAT-00357,2023-11-22 14:00:00,FrequenceCardiaque,75.0,Bon
OC-004842,PAT-00357,2023-11-22 20:00:00,SpO2,96.0,Bon
OC-004843,PAT-00357,2023-11-23 08:00:00,Poids,81.0,Bon
OC-004844,PAT-00357,2023-11-23 14:00:00,Poids,85.2,Bon
OC-004845,PAT-00357,2023-11-23 20:00:00,ActivitePas,3802.0,Bon
OC-004846,PAT-00357,2023-11-24 08:00:00,Poids,78.6,Bon
OC-004847,PAT-00357,2023-11-24 20:00:00,FrequenceCardiaque,74.0,Bon
OC-004848,PAT-00357,2023-11-25 08:00:00,FrequenceCardiaque,71.0,Bon
OC-004849,PAT-00357,2023-11-25 14:00:00,FrequenceCardiaque,68.0,Bon
OC-004850,PAT-00357,2023-11-26 08:00:00,SpO2,100.0,Gap
OC-004851,PAT-00357,2023-11-26 14:00:00,SpO2,94.0,CapteurDefaillant
OC-004852,PAT-999999,2023-11-26 20:00:00,Poids,76.0,CapteurDefaillant
OC-004853,PAT-00357,2023-11-27 08:00:00,Poids,70.8,Bon
OC-004854,PAT-00357,2023-11-27 14:00:00,Poids,84.9,Bon
OC-004855,PAT-00357,2023-11-27 20:00:00,SpO2,99.0,Bon
OC-004856,PAT-00357,2023-11-28 08:00:00,ActivitePas,3674.0,Bon
OC-004857,PAT-00357,2023-11-28 14:00:00,FrequenceCardiaque,81.0,Bon
OC-004858,PAT-00357,2023-11-28 20:00:00,FrequenceCardiaque,79.0,Bon
OC-004859,PAT-00357,2023-11-29 14:00:00,FrequenceCardiaque,79.0,Bon
OC-004860,PAT-00357,2023-11-29 20:00:00,Poids,68.2,Bon
OC-004861,PAT-00357,2023-11-30 08:00:00,Poids,84.3,Bon
OC-004862,PAT-00357,2023-11-30 20:00:00,ActivitePas,3562.0,Bon
OC-004863,PAT-00188,2024-01-16 08:00:00,Poids,91.6,Bon
OC-004864,PAT-00188,2024-01-16 14:00:00,FrequenceCardiaque,73.0,Bon
OC-004865,PAT-00188,2024-01-16 20:00:00,FrequenceCardiaque,83.0,Bon
OC-004866,PAT-00188,2024-01-17 08:00:00,SpO2,90.0,Bon
OC-004867,PAT-00188,2024-01-17 14:00:00,FrequenceCardiaque,75.0,CapteurDefaillant
OC-004868,PAT-00188,2024-01-18 08:00:00,ActivitePas,2708.0,Bon
OC-004869,PAT-00188,2024-01-18 14:00:00,FrequenceCardiaque,79.0,Bon
OC-004870,PAT-00188,2024-01-18 20:00:00,FrequenceCardiaque,85.0,Bon
OC-004871,PAT-00188,2024-01-19 08:00:00,ActivitePas,4912.0,Bon
OC-004872,PAT-00188,2024-01-19 14:00:00,Poids,86.0,Bon
OC-004873,PAT-00188,2024-01-19 20:00:00,Poids,86.5,Bon
OC-004874,PAT-00188,2024-01-20 08:00:00,SpO2,96.0,Bon
OC-004875,PAT-00188,2024-01-20 14:00:00,ActivitePas,3400.0,CapteurDefaillant
OC-004876,PAT-00188,2024-01-20 20:00:00,ActivitePas,3929.0,Bon
OC-004877,PAT-00188,2024-01-22 08:00:00,FrequenceCardiaque,71.0,Bon
OC-004878,PAT-00188,2024-01-22 14:00:00,ActivitePas,3726.0,Bon
OC-004879,PAT-00188,2024-01-23 08:00:00,SpO2,91.0,Bon
OC-004880,PAT-00188,2024-01-23 14:00:00,FrequenceCardiaque,73.0,Bon
OC-004881,PAT-00188,2024-01-23 20:00:00,FrequenceCardiaque,77.0,CapteurDefaillant
OC-004882,PAT-00188,2024-01-24 08:00:00,ActivitePas,4363.0,Bon
OC-004883,PAT-00188,2024-01-25 08:00:00,Poids,62.2,Bon
OC-004884,PAT-00188,2024-01-25 14:00:00,Poids,79.0,Bon
OC-004885,PAT-00188,2024-01-25 20:00:00,FrequenceCardiaque,61.0,Gap
OC-004886,PAT-00188,2024-01-26 08:00:00,Poids,65.7,Bon
OC-004887,PAT-00188,2024-01-26 14:00:00,SpO2,90.0,Bon
OC-004888,PAT-00188,2024-01-26 20:00:00,SpO2,96.0,Gap
OC-004889,PAT-00188,2024-01-27 08:00:00,ActivitePas,2808.0,Gap
OC-004890,PAT-00188,2024-01-27 14:00:00,FrequenceCardiaque,91.0,Bon
OC-004891,PAT-999999,2024-01-27 20:00:00,SpO2,92.0,Bon
OC-004892,PAT-00188,2024-01-28 08:00:00,FrequenceCardiaque,99.0,Bon
OC-004893,PAT-00188,2024-01-28 14:00:00,FrequenceCardiaque,65.0,Bon
OC-004894,PAT-00188,2024-01-28 20:00:00,ActivitePas,3189.0,Gap
OC-004895,PAT-00188,2024-01-29 08:00:00,Poids,107.3,Bon
OC-004896,PAT-00188,2024-01-29 14:00:00,Poids,65.9,Bon
OC-004897,PAT-00188,2024-01-29 20:00:00,Poids,52.0,Bon
OC-004898,PAT-00073,2024-02-28 08:00:00,Poids,83.8,Bon
OC-004899,PAT-00073,2024-02-29 08:00:00,FrequenceCardiaque,91.0,Bon
OC-004900,PAT-00073,2024-02-29 20:00:00,SpO2,89.0,Bon
OC-004901,PAT-00073,2024-03-01 08:00:00,ActivitePas,1827.0,Bon
OC-004902,PAT-00073,2024-03-01 20:00:00,ActivitePas,6076.0,Bon
OC-004903,PAT-00073,2024-03-02 08:00:00,SpO2,92.0,Gap
OC-004904,PAT-00073,2024-03-02 14:00:00,ActivitePas,4003.0,Gap
OC-004905,PAT-00073,2024-03-02 20:00:00,FrequenceCardiaque,79.0,Bon
OC-004906,PAT-00073,2024-03-03 08:00:00,FrequenceCardiaque,59.0,Bon
OC-004907,PAT-00073,2024-03-03 14:00:00,ActivitePas,4177.0,CapteurDefaillant
OC-004908,PAT-00073,2024-03-04 08:00:00,FrequenceCardiaque,66.0,CapteurDefaillant
OC-004909,PAT-00073,2024-03-04 14:00:00,FrequenceCardiaque,60.0,Bon
OC-004910,PAT-00073,2024-03-05 08:00:00,SpO2,95.0,Bon
OC-004911,PAT-00073,2024-03-05 14:00:00,ActivitePas,5492.0,Bon
OC-004912,PAT-00073,2024-03-05 20:00:00,SpO2,92.0,Bon
OC-004913,PAT-00073,2024-03-06 08:00:00,FrequenceCardiaque,74.0,Bon
OC-004914,PAT-00073,2024-03-06 14:00:00,ActivitePas,3347.0,Bon
OC-004915,PAT-00073,2024-03-06 20:00:00,SpO2,95.0,Bon
OC-004916,PAT-00073,2024-03-07 14:00:00,FrequenceCardiaque,80.0,Bon
OC-004917,PAT-00073,2024-03-07 20:00:00,SpO2,94.0,Bon
OC-004918,PAT-00073,2024-03-08 08:00:00,SpO2,87.0,Bon
OC-004919,PAT-00073,2024-03-08 14:00:00,FrequenceCardiaque,83.0,Bon
OC-004920,PAT-00073,2024-03-08 20:00:00,Poids,92.3,Bon
OC-004921,PAT-00073,2024-03-09 08:00:00,Poids,82.9,Bon
OC-004922,PAT-00073,2024-03-09 14:00:00,Poids,83.4,CapteurDefaillant
OC-004923,PAT-00073,2024-03-09 20:00:00,Poids,50.2,Bon
OC-004924,PAT-00073,2024-03-10 08:00:00,SpO2,94.0,Bon
OC-004925,PAT-00073,2024-03-10 14:00:00,FrequenceCardiaque,78.0,Bon
OC-004926,PAT-00073,2024-03-10 20:00:00,FrequenceCardiaque,96.0,Bon
OC-004927,PAT-00073,2024-03-11 08:00:00,Poids,64.7,Bon
OC-004928,PAT-00073,2024-03-11 14:00:00,ActivitePas,3584.0,Bon
OC-004929,PAT-00073,2024-03-12 14:00:00,SpO2,96.0,Bon
OC-004930,PAT-00073,2024-03-12 20:00:00,Poids,93.6,Bon
OC-004931,PAT-00615,2024-02-19 08:00:00,ActivitePas,1527.0,Gap
OC-004932,PAT-00615,2024-02-19 14:00:00,Poids,87.9,Bon
OC-004933,PAT-00615,2024-02-19 20:00:00,FrequenceCardiaque,89.0,Bon
OC-004934,PAT-00615,2024-02-20 08:00:00,Poids,70.5,CapteurDefaillant
OC-004935,PAT-00615,2024-02-20 14:00:00,FrequenceCardiaque,72.0,Bon
OC-004936,PAT-00615,2024-02-20 20:00:00,FrequenceCardiaque,88.0,CapteurDefaillant
OC-004937,PAT-00615,2024-02-21 14:00:00,SpO2,98.0,Bon
OC-004938,PAT-00615,2024-02-21 20:00:00,ActivitePas,4047.0,Bon
OC-004939,PAT-00615,2024-02-22 08:00:00,Poids,58.7,Bon
OC-004940,PAT-00615,2024-02-22 14:00:00,FrequenceCardiaque,88.0,Bon
OC-004941,PAT-00615,2024-02-22 20:00:00,FrequenceCardiaque,67.0,Bon
OC-004942,PAT-00615,2024-02-23 08:00:00,SpO2,93.0,CapteurDefaillant
OC-004943,PAT-00615,2024-02-23 14:00:00,SpO2,96.0,Gap
OC-004944,PAT-00615,2024-02-24 08:00:00,FrequenceCardiaque,106.0,Bon
OC-004945,PAT-00615,2024-02-24 14:00:00,FrequenceCardiaque,92.0,Bon
OC-004946,PAT-00615,2024-02-25 08:00:00,SpO2,88.0,Gap
OC-004947,PAT-00615,2024-02-25 14:00:00,SpO2,89.0,Bon
OC-004948,PAT-00615,2024-02-25 20:00:00,Poids,76.1,Bon
OC-004949,PAT-00615,2024-02-26 08:00:00,FrequenceCardiaque,77.0,Bon
OC-004950,PAT-00615,2024-02-26 14:00:00,FrequenceCardiaque,72.0,Bon
OC-004951,PAT-00615,2024-02-26 20:00:00,SpO2,93.0,Bon
OC-004952,PAT-00615,2024-02-27 08:00:00,SpO2,97.0,Gap
OC-004953,PAT-00615,2024-02-27 20:00:00,SpO2,96.0,Bon
OC-004954,PAT-00615,2024-02-28 14:00:00,ActivitePas,3542.0,Gap
OC-004955,PAT-00615,2024-02-28 20:00:00,Poids,85.7,Bon
OC-004956,PAT-00615,2024-02-29 08:00:00,FrequenceCardiaque,79.0,Bon
OC-004957,PAT-00615,2024-02-29 14:00:00,SpO2,97.0,Bon
OC-004958,PAT-00615,2024-03-01 08:00:00,FrequenceCardiaque,72.0,Bon
OC-004959,PAT-00615,2024-03-01 20:00:00,ActivitePas,3368.0,Bon
OC-004960,PAT-00615,2024-03-02 14:00:00,FrequenceCardiaque,64.0,Bon
OC-004961,PAT-00615,2024-03-02 20:00:00,ActivitePas,5279.0,Bon
OC-004962,PAT-00615,2024-03-03 08:00:00,FrequenceCardiaque,60.0,CapteurDefaillant
OC-004963,PAT-00199,2024-02-23 08:00:00,ActivitePas,2924.0,Bon
OC-004964,PAT-00199,2024-02-23 14:00:00,FrequenceCardiaque,73.0,Bon
OC-004965,PAT-00199,2024-02-24 08:00:00,SpO2,96.0,Bon
OC-004966,PAT-00199,2024-02-24 14:00:00,Poids,65.2,Gap
OC-004967,PAT-00199,2024-02-24 20:00:00,SpO2,94.0,Bon
OC-004968,PAT-00199,2024-02-25 08:00:00,SpO2,98.0,Bon
OC-004969,PAT-00199,2024-02-25 14:00:00,ActivitePas,4123.0,Bon
OC-004970,PAT-00199,2024-02-25 20:00:00,ActivitePas,2030.0,CapteurDefaillant
OC-004971,PAT-00199,2024-02-26 08:00:00,FrequenceCardiaque,67.0,Bon
OC-004972,PAT-00199,2024-02-26 14:00:00,ActivitePas,3965.0,Bon
OC-004973,PAT-999999,2024-02-26 20:00:00,ActivitePas,2327.0,Bon
OC-004974,PAT-00199,2024-02-27 08:00:00,ActivitePas,4782.0,Bon
OC-004975,PAT-00199,2024-02-27 14:00:00,FrequenceCardiaque,76.0,Bon
OC-004976,PAT-00199,2024-02-27 20:00:00,FrequenceCardiaque,70.0,Bon
OC-004977,PAT-00199,2024-02-28 08:00:00,FrequenceCardiaque,82.0,Bon
OC-004978,PAT-00199,2024-02-28 14:00:00,ActivitePas,5585.0,Bon
OC-004979,PAT-00199,2024-02-28 20:00:00,FrequenceCardiaque,68.0,Bon
OC-004980,PAT-00199,2024-02-29 08:00:00,FrequenceCardiaque,59.0,Bon
OC-004981,PAT-00199,2024-02-29 14:00:00,FrequenceCardiaque,59.0,Bon
OC-004982,PAT-00199,2024-03-01 08:00:00,FrequenceCardiaque,69.0,Gap
OC-004983,PAT-00199,2024-03-01 14:00:00,Poids,84.0,Bon
OC-004984,PAT-00199,2024-03-01 20:00:00,SpO2,97.0,Bon
OC-004985,PAT-00199,2024-03-02 08:00:00,FrequenceCardiaque,82.0,Bon
OC-004986,PAT-00199,2024-03-02 14:00:00,FrequenceCardiaque,73.0,Bon
OC-004987,PAT-00199,2024-03-02 20:00:00,ActivitePas,1034.0,Gap
OC-004988,PAT-00199,2024-03-03 08:00:00,ActivitePas,2850.0,Bon
OC-004989,PAT-00199,2024-03-03 14:00:00,SpO2,97.0,Bon
OC-004990,PAT-00199,2024-03-03 20:00:00,FrequenceCardiaque,55.0,Bon
OC-004991,PAT-00199,2024-03-04 20:00:00,FrequenceCardiaque,88.0,Gap
OC-004992,PAT-00199,2024-03-05 08:00:00,FrequenceCardiaque,83.0,Bon
OC-004993,PAT-00199,2024-03-05 14:00:00,SpO2,89.0,Bon
OC-004994,PAT-00199,2024-03-06 08:00:00,ActivitePas,5538.0,Bon
OC-004995,PAT-00199,2024-03-06 14:00:00,FrequenceCardiaque,76.0,Bon
OC-004996,PAT-00199,2024-03-06 20:00:00,FrequenceCardiaque,78.0,Bon
OC-004997,PAT-00199,2024-03-07 08:00:00,ActivitePas,3460.0,Bon
OC-004998,PAT-00199,2024-03-07 14:00:00,ActivitePas,4458.0,Bon
OC-004999,PAT-00199,2024-03-07 20:00:00,FrequenceCardiaque,76.0,Bon
OC-005000,PAT-00595,2023-12-04 08:00:00,FrequenceCardiaque,64.0,Bon
OC-005001,PAT-00595,2023-12-04 14:00:00,Poids,71.8,Bon
OC-005002,PAT-00595,2023-12-04 20:00:00,SpO2,96.0,Bon
OC-005003,PAT-00595,2023-12-05 14:00:00,ActivitePas,376.0,Bon
OC-005004,PAT-00595,2023-12-05 20:00:00,SpO2,94.0,Gap
OC-005005,PAT-00595,2023-12-06 08:00:00,FrequenceCardiaque,80.0,Bon
OC-005006,PAT-00595,2023-12-06 14:00:00,Poids,93.5,Bon
OC-005007,PAT-00595,2023-12-06 20:00:00,Poids,104.5,Bon
OC-005008,PAT-00595,2023-12-07 08:00:00,Poids,68.9,Bon
OC-005009,PAT-00595,2023-12-07 14:00:00,ActivitePas,5103.0,Bon
OC-005010,PAT-00595,2023-12-08 08:00:00,FrequenceCardiaque,76.0,Bon
OC-005011,PAT-00595,2023-12-08 20:00:00,SpO2,93.0,Bon
OC-005012,PAT-00595,2023-12-09 08:00:00,SpO2,96.0,Bon
OC-005013,PAT-00595,2023-12-09 14:00:00,ActivitePas,2468.0,Bon
OC-005014,PAT-00595,2023-12-09 20:00:00,Poids,95.9,Bon
OC-005015,PAT-00595,2023-12-10 08:00:00,FrequenceCardiaque,90.0,Bon
OC-005016,PAT-00595,2023-12-10 14:00:00,SpO2,94.0,Bon
OC-005017,PAT-00595,2023-12-10 20:00:00,Poids,64.3,Bon
OC-005018,PAT-00595,2023-12-11 08:00:00,Poids,89.8,Bon
OC-005019,PAT-00595,2023-12-11 14:00:00,SpO2,98.0,Bon
OC-005020,PAT-00595,2023-12-12 08:00:00,SpO2,95.0,Gap
OC-005021,PAT-00595,2023-12-12 14:00:00,ActivitePas,2421.0,Bon
OC-005022,PAT-00595,2023-12-12 20:00:00,FrequenceCardiaque,63.0,Bon
OC-005023,PAT-00595,2023-12-13 08:00:00,ActivitePas,6458.0,Bon
OC-005024,PAT-00595,2023-12-13 14:00:00,FrequenceCardiaque,93.0,CapteurDefaillant
OC-005025,PAT-00595,2023-12-13 20:00:00,FrequenceCardiaque,95.0,CapteurDefaillant
OC-005026,PAT-00595,2023-12-14 08:00:00,ActivitePas,1933.0,CapteurDefaillant
OC-005027,PAT-00595,2023-12-14 14:00:00,Poids,54.7,Gap
OC-005028,PAT-00595,2023-12-14 20:00:00,ActivitePas,4607.0,Bon
OC-005029,PAT-00595,2023-12-15 08:00:00,ActivitePas,2702.0,Bon
OC-005030,PAT-00595,2023-12-15 20:00:00,SpO2,92.0,Bon
OC-005031,PAT-00595,2023-12-16 08:00:00,SpO2,95.0,Bon
OC-005032,PAT-00595,2023-12-16 14:00:00,FrequenceCardiaque,108.0,Bon
OC-005033,PAT-00595,2023-12-16 20:00:00,SpO2,94.0,Bon
OC-005034,PAT-00595,2023-12-17 08:00:00,ActivitePas,563.0,Bon
OC-005035,PAT-00595,2023-12-17 14:00:00,FrequenceCardiaque,74.0,Bon
OC-005036,PAT-00595,2023-12-17 20:00:00,Poids,55.5,Bon
OC-005037,PAT-00527,2024-02-28 08:00:00,ActivitePas,556.0,CapteurDefaillant
OC-005038,PAT-00527,2024-02-28 14:00:00,Poids,82.1,CapteurDefaillant
OC-005039,PAT-00527,2024-02-28 20:00:00,ActivitePas,5954.0,CapteurDefaillant
OC-005040,PAT-00527,2024-02-29 08:00:00,ActivitePas,5020.0,Bon
OC-005041,PAT-00527,2024-02-29 20:00:00,ActivitePas,3000.0,CapteurDefaillant
OC-005042,PAT-00527,2024-03-01 08:00:00,Poids,71.5,Bon
OC-005043,PAT-00527,2024-03-01 14:00:00,SpO2,89.0,Bon
OC-005044,PAT-00527,2024-03-02 08:00:00,ActivitePas,0.0,Bon
OC-005045,PAT-00527,2024-03-02 14:00:00,SpO2,93.0,Bon
OC-005046,PAT-00527,2024-03-02 20:00:00,Poids,84.3,Bon
OC-005047,PAT-00527,2024-03-03 08:00:00,ActivitePas,3627.0,Bon
OC-005048,PAT-00527,2024-03-03 14:00:00,SpO2,93.0,Bon
OC-005049,PAT-00527,2024-03-03 20:00:00,ActivitePas,0.0,Bon
OC-005050,PAT-00527,2024-03-04 08:00:00,FrequenceCardiaque,107.0,CapteurDefaillant
OC-005051,PAT-00527,2024-03-04 14:00:00,FrequenceCardiaque,87.0,Bon
OC-005052,PAT-00527,2024-03-05 08:00:00,FrequenceCardiaque,79.0,Bon
OC-005053,PAT-00527,2024-03-05 14:00:00,SpO2,98.0,Bon
OC-005054,PAT-00527,2024-03-05 20:00:00,FrequenceCardiaque,95.0,Bon
OC-005055,PAT-00527,2024-03-06 08:00:00,ActivitePas,4172.0,Bon
OC-005056,PAT-00527,2024-03-06 14:00:00,ActivitePas,6016.0,Bon
OC-005057,PAT-00527,2024-03-07 08:00:00,FrequenceCardiaque,93.0,CapteurDefaillant
OC-005058,PAT-00527,2024-03-07 14:00:00,Poids,96.9,Bon
OC-005059,PAT-00527,2024-03-08 08:00:00,SpO2,96.0,Bon
OC-005060,PAT-00527,2024-03-08 14:00:00,Poids,72.2,Bon
OC-005061,PAT-00527,2024-03-08 20:00:00,SpO2,94.0,CapteurDefaillant
OC-005062,PAT-00527,2024-03-09 08:00:00,ActivitePas,4939.0,Bon
OC-005063,PAT-00527,2024-03-09 14:00:00,FrequenceCardiaque,65.0,Bon
OC-005064,PAT-00527,2024-03-09 20:00:00,SpO2,95.0,Bon
OC-005065,PAT-00527,2024-03-10 08:00:00,FrequenceCardiaque,80.0,Bon
OC-005066,PAT-00527,2024-03-10 20:00:00,ActivitePas,104.0,Bon
OC-005067,PAT-00527,2024-03-11 14:00:00,FrequenceCardiaque,65.0,Bon
OC-005068,PAT-00527,2024-03-11 20:00:00,Poids,91.8,Bon
OC-005069,PAT-00527,2024-03-12 08:00:00,SpO2,91.0,Bon
OC-005070,PAT-00527,2024-03-12 14:00:00,ActivitePas,3792.0,Bon
OC-005071,PAT-00527,2024-03-12 20:00:00,Poids,80.7,Bon
OC-005072,PAT-00015,2024-01-13 08:00:00,FrequenceCardiaque,76.0,Bon
OC-005073,PAT-00015,2024-01-13 14:00:00,FrequenceCardiaque,58.0,Bon
OC-005074,PAT-00015,2024-01-13 20:00:00,FrequenceCardiaque,52.0,Bon
OC-005075,PAT-00015,2024-01-14 08:00:00,ActivitePas,7059.0,Gap
OC-005076,PAT-00015,2024-01-14 14:00:00,Poids,70.8,Bon
OC-005077,PAT-00015,2024-01-14 20:00:00,FrequenceCardiaque,80.0,Bon
OC-005078,PAT-00015,2024-01-15 08:00:00,FrequenceCardiaque,70.0,Bon
OC-005079,PAT-00015,2024-01-15 20:00:00,SpO2,92.0,Bon
OC-005080,PAT-00015,2024-01-16 08:00:00,FrequenceCardiaque,85.0,Bon
OC-005081,PAT-00015,2024-01-16 14:00:00,Poids,82.6,Bon
OC-005082,PAT-00015,2024-01-16 20:00:00,ActivitePas,4567.0,Bon
OC-005083,PAT-999999,2024-01-17 08:00:00,FrequenceCardiaque,77.0,CapteurDefaillant
OC-005084,PAT-00015,2024-01-17 14:00:00,Poids,101.1,Bon
OC-005085,PAT-00015,2024-01-17 20:00:00,FrequenceCardiaque,97.0,Bon
OC-005086,PAT-00015,2024-01-18 14:00:00,SpO2,92.0,Bon
OC-005087,PAT-00015,2024-01-19 08:00:00,ActivitePas,2710.0,Bon
OC-005088,PAT-00015,2024-01-19 14:00:00,SpO2,91.0,Bon
OC-005089,PAT-00015,2024-01-19 20:00:00,SpO2,93.0,Bon
OC-005090,PAT-00015,2024-01-20 08:00:00,SpO2,94.0,Bon
OC-005091,PAT-999999,2024-01-20 14:00:00,Poids,48.9,Gap
OC-005092,PAT-00015,2024-01-20 20:00:00,Poids,55.2,Bon
OC-005093,PAT-00015,2024-01-21 08:00:00,FrequenceCardiaque,69.0,Bon
OC-005094,PAT-00015,2024-01-21 14:00:00,FrequenceCardiaque,85.0,Bon
OC-005095,PAT-00015,2024-01-21 20:00:00,ActivitePas,2907.0,Bon
OC-005096,PAT-00015,2024-01-22 08:00:00,Poids,64.8,Bon
OC-005097,PAT-00015,2024-01-22 14:00:00,ActivitePas,4560.0,Gap
OC-005098,PAT-00015,2024-01-23 08:00:00,ActivitePas,5602.0,Bon
OC-005099,PAT-00015,2024-01-23 14:00:00,FrequenceCardiaque,85.0,Bon
OC-005100,PAT-00015,2024-01-23 20:00:00,SpO2,92.0,Bon
OC-005101,PAT-00015,2024-01-24 08:00:00,SpO2,96.0,CapteurDefaillant
OC-005102,PAT-00015,2024-01-24 14:00:00,Poids,77.5,Bon
OC-005103,PAT-00015,2024-01-24 20:00:00,SpO2,95.0,Bon
OC-005104,PAT-00015,2024-01-25 14:00:00,ActivitePas,2725.0,Gap
OC-005105,PAT-00015,2024-01-25 20:00:00,ActivitePas,3597.0,Bon
OC-005106,PAT-00015,2024-01-26 08:00:00,FrequenceCardiaque,72.0,Bon
OC-005107,PAT-00015,2024-01-26 14:00:00,SpO2,98.0,Bon
OC-005108,PAT-00015,2024-01-26 20:00:00,Poids,60.7,Gap
OC-005109,PAT-00376,2024-03-18 08:00:00,Poids,96.2,Bon
OC-005110,PAT-00376,2024-03-18 14:00:00,SpO2,94.0,Bon
OC-005111,PAT-999999,2024-03-18 20:00:00,SpO2,96.0,Bon
OC-005112,PAT-00376,2024-03-19 08:00:00,Poids,65.0,Bon
OC-005113,PAT-00376,2024-03-19 14:00:00,FrequenceCardiaque,60.0,Bon
OC-005114,PAT-00376,2024-03-19 20:00:00,ActivitePas,2921.0,Bon
OC-005115,PAT-00376,2024-03-20 14:00:00,FrequenceCardiaque,84.0,Bon
OC-005116,PAT-00376,2024-03-20 20:00:00,ActivitePas,4004.0,Bon
OC-005117,PAT-00376,2024-03-21 08:00:00,ActivitePas,3684.0,Bon
OC-005118,PAT-00376,2024-03-21 14:00:00,FrequenceCardiaque,65.0,Bon
OC-005119,PAT-00376,2024-03-21 20:00:00,ActivitePas,0.0,Bon
OC-005120,PAT-00376,2024-03-22 08:00:00,SpO2,91.0,Bon
OC-005121,PAT-00376,2024-03-22 20:00:00,SpO2,93.0,CapteurDefaillant
OC-005122,PAT-00376,2024-03-23 08:00:00,FrequenceCardiaque,91.0,Bon
OC-005123,PAT-00376,2024-03-23 20:00:00,ActivitePas,5047.0,Bon
OC-005124,PAT-00376,2024-03-24 08:00:00,SpO2,95.0,Bon
OC-005125,PAT-00376,2024-03-24 14:00:00,SpO2,96.0,Bon
OC-005126,PAT-00376,2024-03-25 08:00:00,SpO2,98.0,Bon
OC-005127,PAT-00376,2024-03-25 14:00:00,ActivitePas,2526.0,Bon
OC-005128,PAT-00376,2024-03-25 20:00:00,SpO2,88.0,Bon
OC-005129,PAT-00376,2024-03-26 08:00:00,Poids,82.7,Bon
OC-005130,PAT-00376,2024-03-26 14:00:00,ActivitePas,1859.0,Bon
OC-005131,PAT-00376,2024-03-27 08:00:00,FrequenceCardiaque,66.0,Bon
OC-005132,PAT-00376,2024-03-27 14:00:00,SpO2,97.0,Bon
OC-005133,PAT-00376,2024-03-27 20:00:00,FrequenceCardiaque,75.0,Bon
OC-005134,PAT-00376,2024-03-28 08:00:00,SpO2,94.0,Bon
OC-005135,PAT-00376,2024-03-28 14:00:00,ActivitePas,5584.0,Gap
OC-005136,PAT-00376,2024-03-28 20:00:00,FrequenceCardiaque,84.0,Bon
OC-005137,PAT-00376,2024-03-29 14:00:00,ActivitePas,5894.0,Bon
OC-005138,PAT-00376,2024-03-29 20:00:00,SpO2,88.0,Gap
OC-005139,PAT-00376,2024-03-30 08:00:00,SpO2,94.0,Bon
OC-005140,PAT-00376,2024-03-30 14:00:00,ActivitePas,7625.0,Bon
OC-005141,PAT-00376,2024-03-30 20:00:00,ActivitePas,3764.0,Bon
OC-005142,PAT-00376,2024-03-31 08:00:00,ActivitePas,4559.0,Bon
OC-005143,PAT-00376,2024-03-31 20:00:00,SpO2,93.0,Bon
OC-005144,PAT-00607,2024-02-01 08:00:00,FrequenceCardiaque,65.0,Bon
OC-005145,PAT-00607,2024-02-01 20:00:00,FrequenceCardiaque,73.0,Bon
OC-005146,PAT-00607,2024-02-02 08:00:00,FrequenceCardiaque,81.0,CapteurDefaillant
OC-005147,PAT-00607,2024-02-02 14:00:00,Poids,76.7,Gap
OC-005148,PAT-00607,2024-02-03 08:00:00,SpO2,100.0,Bon
OC-005149,PAT-00607,2024-02-03 20:00:00,SpO2,93.0,Bon
OC-005150,PAT-00607,2024-02-04 08:00:00,ActivitePas,0.0,CapteurDefaillant
OC-005151,PAT-00607,2024-02-04 20:00:00,Poids,80.1,Bon
OC-005152,PAT-00607,2024-02-05 14:00:00,SpO2,96.0,Bon
OC-005153,PAT-00607,2024-02-05 20:00:00,ActivitePas,706.0,Bon
OC-005154,PAT-00607,2024-02-06 08:00:00,FrequenceCardiaque,97.0,Bon
OC-005155,PAT-00607,2024-02-06 14:00:00,Poids,67.4,Bon
OC-005156,PAT-00607,2024-02-06 20:00:00,FrequenceCardiaque,91.0,Bon
OC-005157,PAT-00607,2024-02-07 08:00:00,FrequenceCardiaque,74.0,Bon
OC-005158,PAT-00607,2024-02-07 14:00:00,FrequenceCardiaque,70.0,Bon
OC-005159,PAT-00607,2024-02-08 08:00:00,FrequenceCardiaque,71.0,Bon
OC-005160,PAT-00607,2024-02-09 08:00:00,SpO2,96.0,Bon
OC-005161,PAT-00607,2024-02-09 14:00:00,FrequenceCardiaque,93.0,Bon
OC-005162,PAT-00607,2024-02-09 20:00:00,FrequenceCardiaque,84.0,Bon
OC-005163,PAT-00607,2024-02-10 08:00:00,FrequenceCardiaque,96.0,Bon
OC-005164,PAT-00607,2024-02-10 14:00:00,SpO2,95.0,Bon
OC-005165,PAT-00607,2024-02-10 20:00:00,FrequenceCardiaque,73.0,CapteurDefaillant
OC-005166,PAT-00607,2024-02-11 08:00:00,ActivitePas,5375.0,Bon
OC-005167,PAT-00607,2024-02-11 14:00:00,ActivitePas,0.0,Bon
OC-005168,PAT-00607,2024-02-11 20:00:00,ActivitePas,3847.0,CapteurDefaillant
OC-005169,PAT-00607,2024-02-12 08:00:00,Poids,88.1,Bon
OC-005170,PAT-00607,2024-02-12 14:00:00,SpO2,87.0,Bon
OC-005171,PAT-00607,2024-02-12 20:00:00,FrequenceCardiaque,84.0,Bon
OC-005172,PAT-00607,2024-02-13 08:00:00,Poids,54.1,CapteurDefaillant
OC-005173,PAT-00607,2024-02-13 14:00:00,Poids,87.1,Bon
OC-005174,PAT-00607,2024-02-13 20:00:00,Poids,62.6,Bon
OC-005175,PAT-00607,2024-02-14 08:00:00,ActivitePas,2512.0,Bon
OC-005176,PAT-00607,2024-02-14 20:00:00,SpO2,88.0,Bon
OC-005177,PAT-00206,2024-01-20 08:00:00,FrequenceCardiaque,94.0,Bon
OC-005178,PAT-00206,2024-01-20 14:00:00,FrequenceCardiaque,89.0,Bon
OC-005179,PAT-00206,2024-01-20 20:00:00,Poids,45.1,Bon
OC-005180,PAT-00206,2024-01-21 08:00:00,ActivitePas,4443.0,Bon
OC-005181,PAT-00206,2024-01-21 14:00:00,Poids,73.5,Bon
OC-005182,PAT-00206,2024-01-22 08:00:00,Poids,63.9,CapteurDefaillant
OC-005183,PAT-00206,2024-01-22 14:00:00,FrequenceCardiaque,78.0,Bon
OC-005184,PAT-00206,2024-01-23 08:00:00,FrequenceCardiaque,93.0,CapteurDefaillant
OC-005185,PAT-00206,2024-01-23 14:00:00,FrequenceCardiaque,103.0,Bon
OC-005186,PAT-00206,2024-01-23 20:00:00,ActivitePas,2355.0,Bon
OC-005187,PAT-00206,2024-01-24 08:00:00,SpO2,94.0,Bon
OC-005188,PAT-00206,2024-01-24 14:00:00,FrequenceCardiaque,88.0,Bon
OC-005189,PAT-00206,2024-01-24 20:00:00,Poids,56.0,Bon
OC-005190,PAT-00206,2024-01-25 08:00:00,SpO2,89.0,Gap
OC-005191,PAT-00206,2024-01-25 14:00:00,ActivitePas,4341.0,Bon
OC-005192,PAT-00206,2024-01-25 20:00:00,SpO2,97.0,Bon
OC-005193,PAT-00206,2024-01-26 08:00:00,SpO2,97.0,Bon
OC-005194,PAT-00206,2024-01-26 14:00:00,SpO2,96.0,Bon
OC-005195,PAT-00206,2024-01-26 20:00:00,Poids,78.9,Bon
OC-005196,PAT-00206,2024-01-27 08:00:00,Poids,48.2,CapteurDefaillant
OC-005197,PAT-00206,2024-01-27 14:00:00,ActivitePas,1546.0,Bon
OC-005198,PAT-00206,2024-01-28 08:00:00,SpO2,92.0,Bon
OC-005199,PAT-00206,2024-01-28 14:00:00,FrequenceCardiaque,76.0,Bon
OC-005200,PAT-00206,2024-01-28 20:00:00,SpO2,95.0,Bon
OC-005201,PAT-00206,2024-01-29 20:00:00,SpO2,96.0,Bon
OC-005202,PAT-00206,2024-01-30 08:00:00,SpO2,99.0,Bon
OC-005203,PAT-00206,2024-01-30 14:00:00,FrequenceCardiaque,72.0,Bon
OC-005204,PAT-00206,2024-01-30 20:00:00,Poids,80.4,CapteurDefaillant
OC-005205,PAT-00206,2024-01-31 08:00:00,ActivitePas,4517.0,Gap
OC-005206,PAT-00206,2024-01-31 20:00:00,SpO2,90.0,Bon
OC-005207,PAT-00206,2024-02-01 08:00:00,SpO2,96.0,Bon
OC-005208,PAT-00206,2024-02-01 14:00:00,FrequenceCardiaque,86.0,Bon
OC-005209,PAT-00206,2024-02-01 20:00:00,FrequenceCardiaque,60.0,CapteurDefaillant
OC-005210,PAT-00206,2024-02-02 08:00:00,FrequenceCardiaque,64.0,Bon
OC-005211,PAT-00206,2024-02-02 14:00:00,SpO2,93.0,Bon
OC-005212,PAT-00206,2024-02-02 20:00:00,Poids,91.3,Bon
OC-005213,PAT-00032,2024-01-09 14:00:00,SpO2,89.0,CapteurDefaillant
OC-005214,PAT-00032,2024-01-09 20:00:00,ActivitePas,3438.0,Bon
OC-005215,PAT-00032,2024-01-10 08:00:00,FrequenceCardiaque,75.0,Bon
OC-005216,PAT-00032,2024-01-10 14:00:00,SpO2,89.0,Bon
OC-005217,PAT-00032,2024-01-10 20:00:00,FrequenceCardiaque,83.0,Bon
OC-005218,PAT-00032,2024-01-11 08:00:00,Poids,77.5,Bon
OC-005219,PAT-00032,2024-01-11 14:00:00,FrequenceCardiaque,82.0,CapteurDefaillant
OC-005220,PAT-00032,2024-01-11 20:00:00,FrequenceCardiaque,82.0,Gap
OC-005221,PAT-00032,2024-01-12 08:00:00,ActivitePas,3836.0,Bon
OC-005222,PAT-00032,2024-01-12 14:00:00,SpO2,91.0,Bon
OC-005223,PAT-00032,2024-01-12 20:00:00,ActivitePas,1055.0,Bon
OC-005224,PAT-999999,2024-01-13 14:00:00,Poids,77.5,Bon
OC-005225,PAT-00032,2024-01-13 20:00:00,FrequenceCardiaque,77.0,CapteurDefaillant
OC-005226,PAT-00032,2024-01-14 08:00:00,ActivitePas,6004.0,Bon
OC-005227,PAT-00032,2024-01-14 14:00:00,SpO2,92.0,CapteurDefaillant
OC-005228,PAT-00032,2024-01-14 20:00:00,FrequenceCardiaque,85.0,Bon
OC-005229,PAT-00032,2024-01-15 08:00:00,ActivitePas,0.0,Bon
OC-005230,PAT-00032,2024-01-15 14:00:00,FrequenceCardiaque,62.0,Bon
OC-005231,PAT-00032,2024-01-15 20:00:00,FrequenceCardiaque,94.0,Bon
OC-005232,PAT-00032,2024-01-16 08:00:00,ActivitePas,3160.0,Bon
OC-005233,PAT-00032,2024-01-17 08:00:00,ActivitePas,1836.0,Bon
OC-005234,PAT-00032,2024-01-18 08:00:00,SpO2,91.0,Bon
OC-005235,PAT-00032,2024-01-18 14:00:00,ActivitePas,5846.0,Bon
OC-005236,PAT-00032,2024-01-18 20:00:00,SpO2,90.0,Bon
OC-005237,PAT-00032,2024-01-19 08:00:00,Poids,83.8,Bon
OC-005238,PAT-00032,2024-01-19 14:00:00,Poids,81.1,Gap
OC-005239,PAT-00032,2024-01-19 20:00:00,FrequenceCardiaque,96.0,Bon
OC-005240,PAT-00032,2024-01-20 08:00:00,Poids,59.1,Bon
OC-005241,PAT-00032,2024-01-20 14:00:00,Poids,79.1,Bon
OC-005242,PAT-00032,2024-01-21 08:00:00,Poids,57.3,Bon
OC-005243,PAT-00032,2024-01-21 14:00:00,ActivitePas,5148.0,Bon
OC-005244,PAT-00032,2024-01-21 20:00:00,SpO2,94.0,Gap
OC-005245,PAT-00032,2024-01-22 14:00:00,SpO2,96.0,Bon
OC-005246,PAT-00032,2024-01-22 20:00:00,FrequenceCardiaque,78.0,Bon
OC-005247,PAT-00519,2024-04-23 08:00:00,FrequenceCardiaque,87.0,Bon
OC-005248,PAT-00519,2024-04-23 14:00:00,ActivitePas,0.0,Bon
OC-005249,PAT-00519,2024-04-23 20:00:00,SpO2,95.0,Bon
OC-005250,PAT-00519,2024-04-24 08:00:00,Poids,93.9,Bon
OC-005251,PAT-00519,2024-04-24 14:00:00,Poids,58.9,Bon
OC-005252,PAT-00519,2024-04-25 08:00:00,ActivitePas,0.0,Bon
OC-005253,PAT-00519,2024-04-25 14:00:00,SpO2,91.0,Bon
OC-005254,PAT-00519,2024-04-25 20:00:00,ActivitePas,5374.0,Bon
OC-005255,PAT-00519,2024-04-26 08:00:00,Poids,93.6,Bon
OC-005256,PAT-00519,2024-04-26 14:00:00,ActivitePas,3450.0,Bon
OC-005257,PAT-00519,2024-04-26 20:00:00,SpO2,91.0,Bon
OC-005258,PAT-00519,2024-04-27 08:00:00,FrequenceCardiaque,87.0,Gap
OC-005259,PAT-00519,2024-04-27 14:00:00,FrequenceCardiaque,74.0,CapteurDefaillant
OC-005260,PAT-00519,2024-04-27 20:00:00,ActivitePas,5935.0,Bon
OC-005261,PAT-00519,2024-04-28 08:00:00,FrequenceCardiaque,76.0,Bon
OC-005262,PAT-00519,2024-04-28 14:00:00,SpO2,94.0,Bon
OC-005263,PAT-00519,2024-04-28 20:00:00,ActivitePas,2965.0,Bon
OC-005264,PAT-00519,2024-04-29 08:00:00,ActivitePas,4231.0,Bon
OC-005265,PAT-00519,2024-04-29 14:00:00,ActivitePas,2355.0,Bon
OC-005266,PAT-00519,2024-04-29 20:00:00,ActivitePas,1413.0,Bon
OC-005267,PAT-00519,2024-04-30 14:00:00,ActivitePas,3568.0,Bon
OC-005268,PAT-00519,2024-04-30 20:00:00,ActivitePas,5008.0,Bon
OC-005269,PAT-00519,2024-05-01 14:00:00,ActivitePas,4130.0,Bon
OC-005270,PAT-00519,2024-05-01 20:00:00,FrequenceCardiaque,103.0,Bon
OC-005271,PAT-00519,2024-05-02 08:00:00,FrequenceCardiaque,84.0,Bon
OC-005272,PAT-00519,2024-05-02 14:00:00,Poids,93.1,Bon
OC-005273,PAT-00519,2024-05-02 20:00:00,FrequenceCardiaque,80.0,Bon
OC-005274,PAT-00519,2024-05-03 08:00:00,Poids,71.5,Bon
OC-005275,PAT-00519,2024-05-03 14:00:00,FrequenceCardiaque,63.0,Gap
OC-005276,PAT-00519,2024-05-03 20:00:00,SpO2,92.0,Bon
OC-005277,PAT-00519,2024-05-04 08:00:00,SpO2,98.0,CapteurDefaillant
OC-005278,PAT-00519,2024-05-04 20:00:00,Poids,65.1,Bon
OC-005279,PAT-00519,2024-05-05 14:00:00,ActivitePas,1486.0,Bon
OC-005280,PAT-00519,2024-05-05 20:00:00,ActivitePas,4693.0,Bon
OC-005281,PAT-00519,2024-05-06 08:00:00,SpO2,92.0,Bon
OC-005282,PAT-00519,2024-05-06 20:00:00,Poids,64.7,Bon
OC-005283,PAT-00455,2024-03-05 08:00:00,FrequenceCardiaque,72.0,Bon
OC-005284,PAT-00455,2024-03-05 20:00:00,FrequenceCardiaque,70.0,CapteurDefaillant
OC-005285,PAT-00455,2024-03-06 20:00:00,FrequenceCardiaque,63.0,CapteurDefaillant
OC-005286,PAT-00455,2024-03-07 14:00:00,FrequenceCardiaque,60.0,Bon
OC-005287,PAT-00455,2024-03-07 20:00:00,Poids,76.7,Bon
OC-005288,PAT-00455,2024-03-08 08:00:00,Poids,47.0,Bon
OC-005289,PAT-00455,2024-03-08 14:00:00,Poids,81.2,Bon
OC-005290,PAT-00455,2024-03-09 08:00:00,SpO2,89.0,Bon
OC-005291,PAT-00455,2024-03-09 14:00:00,Poids,65.0,Bon
OC-005292,PAT-00455,2024-03-10 08:00:00,FrequenceCardiaque,74.0,Bon
OC-005293,PAT-00455,2024-03-10 14:00:00,FrequenceCardiaque,56.0,Bon
OC-005294,PAT-00455,2024-03-10 20:00:00,FrequenceCardiaque,62.0,Gap
OC-005295,PAT-00455,2024-03-11 08:00:00,Poids,97.4,Bon
OC-005296,PAT-00455,2024-03-11 14:00:00,FrequenceCardiaque,72.0,Bon
OC-005297,PAT-00455,2024-03-11 20:00:00,FrequenceCardiaque,62.0,Bon
OC-005298,PAT-00455,2024-03-12 08:00:00,ActivitePas,6132.0,Bon
OC-005299,PAT-00455,2024-03-12 14:00:00,Poids,71.9,Bon
OC-005300,PAT-00455,2024-03-12 20:00:00,Poids,60.7,CapteurDefaillant
OC-005301,PAT-00455,2024-03-13 08:00:00,FrequenceCardiaque,76.0,Bon
OC-005302,PAT-00455,2024-03-14 14:00:00,ActivitePas,4264.0,Bon
OC-005303,PAT-00455,2024-03-14 20:00:00,Poids,60.0,Bon
OC-005304,PAT-00455,2024-03-15 08:00:00,FrequenceCardiaque,84.0,Bon
OC-005305,PAT-00455,2024-03-15 14:00:00,SpO2,92.0,Bon
OC-005306,PAT-00455,2024-03-15 20:00:00,ActivitePas,1381.0,Bon
OC-005307,PAT-00455,2024-03-16 08:00:00,ActivitePas,2791.0,Bon
OC-005308,PAT-00455,2024-03-16 14:00:00,ActivitePas,3930.0,Bon
OC-005309,PAT-00455,2024-03-16 20:00:00,SpO2,97.0,Bon
OC-005310,PAT-00455,2024-03-17 08:00:00,ActivitePas,275.0,Bon
OC-005311,PAT-00455,2024-03-17 14:00:00,SpO2,100.0,Bon
OC-005312,PAT-00455,2024-03-17 20:00:00,FrequenceCardiaque,81.0,Bon
OC-005313,PAT-00455,2024-03-18 08:00:00,SpO2,95.0,Bon
OC-005314,PAT-00455,2024-03-18 14:00:00,Poids,64.0,Bon
OC-005315,PAT-00455,2024-03-18 20:00:00,ActivitePas,4107.0,CapteurDefaillant
OC-005316,PAT-00450,2024-02-06 08:00:00,ActivitePas,3534.0,Bon
OC-005317,PAT-00450,2024-02-06 20:00:00,SpO2,98.0,Bon
OC-005318,PAT-00450,2024-02-07 08:00:00,FrequenceCardiaque,74.0,Bon
OC-005319,PAT-00450,2024-02-08 08:00:00,FrequenceCardiaque,82.0,CapteurDefaillant
OC-005320,PAT-00450,2024-02-08 14:00:00,SpO2,97.0,Bon
OC-005321,PAT-00450,2024-02-08 20:00:00,FrequenceCardiaque,65.0,Bon
OC-005322,PAT-00450,2024-02-09 20:00:00,Poids,94.0,Bon
OC-005323,PAT-00450,2024-02-10 14:00:00,SpO2,93.0,CapteurDefaillant
OC-005324,PAT-00450,2024-02-10 20:00:00,FrequenceCardiaque,84.0,Bon
OC-005325,PAT-00450,2024-02-11 08:00:00,ActivitePas,4605.0,Bon
OC-005326,PAT-00450,2024-02-11 20:00:00,SpO2,95.0,Gap
OC-005327,PAT-00450,2024-02-12 08:00:00,FrequenceCardiaque,81.0,Bon
OC-005328,PAT-00450,2024-02-12 20:00:00,SpO2,97.0,CapteurDefaillant
OC-005329,PAT-00450,2024-02-13 20:00:00,SpO2,100.0,Bon
OC-005330,PAT-00450,2024-02-14 08:00:00,FrequenceCardiaque,84.0,Bon
OC-005331,PAT-00450,2024-02-14 14:00:00,ActivitePas,2843.0,Bon
OC-005332,PAT-00450,2024-02-14 20:00:00,ActivitePas,0.0,CapteurDefaillant
OC-005333,PAT-00450,2024-02-15 08:00:00,Poids,74.4,Bon
OC-005334,PAT-00450,2024-02-15 14:00:00,ActivitePas,2776.0,Bon
OC-005335,PAT-00450,2024-02-16 08:00:00,Poids,95.9,Bon
OC-005336,PAT-00450,2024-02-16 14:00:00,ActivitePas,3627.0,Gap
OC-005337,PAT-00450,2024-02-16 20:00:00,Poids,51.8,Bon
OC-005338,PAT-00450,2024-02-17 08:00:00,FrequenceCardiaque,55.0,Bon
OC-005339,PAT-00450,2024-02-17 14:00:00,SpO2,90.0,Bon
OC-005340,PAT-00450,2024-02-17 20:00:00,FrequenceCardiaque,45.0,Bon
OC-005341,PAT-00450,2024-02-18 08:00:00,ActivitePas,5640.0,Bon
OC-005342,PAT-00450,2024-02-18 14:00:00,FrequenceCardiaque,66.0,Bon
OC-005343,PAT-00450,2024-02-19 08:00:00,SpO2,100.0,Bon
OC-005344,PAT-00450,2024-02-19 20:00:00,ActivitePas,4475.0,Bon
OC-005345,PAT-00554,2024-02-21 08:00:00,FrequenceCardiaque,86.0,Bon
OC-005346,PAT-00554,2024-02-21 14:00:00,ActivitePas,3191.0,Bon
OC-005347,PAT-00554,2024-02-21 20:00:00,SpO2,94.0,Bon
OC-005348,PAT-00554,2024-02-22 08:00:00,ActivitePas,4137.0,Bon
OC-005349,PAT-00554,2024-02-22 14:00:00,ActivitePas,5554.0,Bon
OC-005350,PAT-00554,2024-02-22 20:00:00,SpO2,91.0,Bon
OC-005351,PAT-00554,2024-02-23 08:00:00,Poids,61.9,Bon
OC-005352,PAT-00554,2024-02-23 14:00:00,SpO2,93.0,Bon
OC-005353,PAT-00554,2024-02-23 20:00:00,ActivitePas,4399.0,Bon
OC-005354,PAT-00554,2024-02-24 08:00:00,ActivitePas,3971.0,Bon
OC-005355,PAT-00554,2024-02-24 14:00:00,SpO2,94.0,Bon
OC-005356,PAT-00554,2024-02-24 20:00:00,FrequenceCardiaque,84.0,Bon
OC-005357,PAT-00554,2024-02-25 08:00:00,FrequenceCardiaque,71.0,Bon
OC-005358,PAT-00554,2024-02-25 14:00:00,Poids,78.1,Bon
OC-005359,PAT-00554,2024-02-25 20:00:00,SpO2,94.0,CapteurDefaillant
OC-005360,PAT-00554,2024-02-26 08:00:00,ActivitePas,4035.0,Bon
OC-005361,PAT-00554,2024-02-26 14:00:00,Poids,90.3,Bon
OC-005362,PAT-00554,2024-02-26 20:00:00,Poids,94.4,Bon
OC-005363,PAT-00554,2024-02-27 08:00:00,Poids,49.4,Gap
OC-005364,PAT-00554,2024-02-27 14:00:00,ActivitePas,4052.0,Bon
OC-005365,PAT-00554,2024-02-27 20:00:00,FrequenceCardiaque,71.0,Bon
OC-005366,PAT-00554,2024-02-28 08:00:00,SpO2,95.0,Bon
OC-005367,PAT-00554,2024-02-28 14:00:00,FrequenceCardiaque,84.0,CapteurDefaillant
OC-005368,PAT-00554,2024-02-28 20:00:00,ActivitePas,1532.0,Bon
OC-005369,PAT-00554,2024-02-29 14:00:00,SpO2,94.0,CapteurDefaillant
OC-005370,PAT-00554,2024-02-29 20:00:00,FrequenceCardiaque,72.0,Bon
OC-005371,PAT-00554,2024-03-01 08:00:00,ActivitePas,3211.0,Bon
OC-005372,PAT-00554,2024-03-01 20:00:00,ActivitePas,3360.0,Bon
OC-005373,PAT-00554,2024-03-02 08:00:00,FrequenceCardiaque,70.0,Bon
OC-005374,PAT-00554,2024-03-02 14:00:00,FrequenceCardiaque,54.0,Bon
OC-005375,PAT-00554,2024-03-02 20:00:00,ActivitePas,5248.0,Bon
OC-005376,PAT-00554,2024-03-03 08:00:00,FrequenceCardiaque,82.0,CapteurDefaillant
OC-005377,PAT-00554,2024-03-04 08:00:00,FrequenceCardiaque,63.0,Bon
OC-005378,PAT-00554,2024-03-04 14:00:00,FrequenceCardiaque,72.0,CapteurDefaillant
OC-005379,PAT-00554,2024-03-04 20:00:00,FrequenceCardiaque,69.0,Bon
OC-005380,PAT-00554,2024-03-05 14:00:00,FrequenceCardiaque,84.0,Bon
OC-005381,PAT-00554,2024-03-05 20:00:00,FrequenceCardiaque,93.0,Bon
OC-005382,PAT-00610,2023-11-18 08:00:00,FrequenceCardiaque,90.0,CapteurDefaillant
OC-005383,PAT-00610,2023-11-18 14:00:00,ActivitePas,2833.0,Bon
OC-005384,PAT-00610,2023-11-18 20:00:00,Poids,75.3,CapteurDefaillant
OC-005385,PAT-00610,2023-11-19 14:00:00,FrequenceCardiaque,90.0,CapteurDefaillant
OC-005386,PAT-00610,2023-11-19 20:00:00,FrequenceCardiaque,79.0,Bon
OC-005387,PAT-00610,2023-11-20 08:00:00,ActivitePas,5060.0,Bon
OC-005388,PAT-00610,2023-11-20 14:00:00,ActivitePas,2639.0,Bon
OC-005389,PAT-00610,2023-11-20 20:00:00,ActivitePas,5800.0,CapteurDefaillant
OC-005390,PAT-00610,2023-11-21 08:00:00,FrequenceCardiaque,57.0,Bon
OC-005391,PAT-00610,2023-11-22 08:00:00,Poids,74.8,CapteurDefaillant
OC-005392,PAT-00610,2023-11-22 14:00:00,Poids,72.3,Bon
OC-005393,PAT-00610,2023-11-22 20:00:00,SpO2,97.0,Bon
OC-005394,PAT-00610,2023-11-23 08:00:00,ActivitePas,4060.0,Gap
OC-005395,PAT-00610,2023-11-23 14:00:00,SpO2,91.0,Bon
OC-005396,PAT-00610,2023-11-23 20:00:00,Poids,86.4,Bon
OC-005397,PAT-00610,2023-11-24 08:00:00,SpO2,96.0,Bon
OC-005398,PAT-00610,2023-11-24 14:00:00,ActivitePas,1728.0,Bon
OC-005399,PAT-00610,2023-11-24 20:00:00,ActivitePas,5075.0,Bon
OC-005400,PAT-00610,2023-11-25 08:00:00,FrequenceCardiaque,60.0,CapteurDefaillant
OC-005401,PAT-00610,2023-11-25 14:00:00,ActivitePas,854.0,Bon
OC-005402,PAT-00610,2023-11-25 20:00:00,Poids,64.8,Bon
OC-005403,PAT-00610,2023-11-26 08:00:00,SpO2,96.0,Bon
OC-005404,PAT-00610,2023-11-26 14:00:00,FrequenceCardiaque,67.0,Bon
OC-005405,PAT-00610,2023-11-26 20:00:00,FrequenceCardiaque,99.0,Bon
OC-005406,PAT-00610,2023-11-27 08:00:00,Poids,78.6,Bon
OC-005407,PAT-00610,2023-11-27 14:00:00,ActivitePas,6073.0,Bon
OC-005408,PAT-00610,2023-11-27 20:00:00,Poids,55.0,Gap
OC-005409,PAT-00610,2023-11-28 14:00:00,FrequenceCardiaque,67.0,Gap
OC-005410,PAT-00610,2023-11-29 14:00:00,FrequenceCardiaque,74.0,CapteurDefaillant
OC-005411,PAT-00610,2023-11-29 20:00:00,FrequenceCardiaque,80.0,Bon
OC-005412,PAT-00610,2023-11-30 20:00:00,FrequenceCardiaque,87.0,Bon
OC-005413,PAT-00610,2023-12-01 08:00:00,FrequenceCardiaque,89.0,Bon
OC-005414,PAT-00610,2023-12-01 14:00:00,FrequenceCardiaque,83.0,Bon
OC-005415,PAT-00610,2023-12-01 20:00:00,ActivitePas,0.0,Bon
OC-005416,PAT-00359,2024-01-07 08:00:00,ActivitePas,4956.0,Bon
OC-005417,PAT-00359,2024-01-07 20:00:00,ActivitePas,3199.0,Gap
OC-005418,PAT-00359,2024-01-08 08:00:00,FrequenceCardiaque,63.0,CapteurDefaillant
OC-005419,PAT-00359,2024-01-08 14:00:00,FrequenceCardiaque,75.0,Bon
OC-005420,PAT-00359,2024-01-08 20:00:00,SpO2,88.0,Bon
OC-005421,PAT-00359,2024-01-09 08:00:00,Poids,61.5,Bon
OC-005422,PAT-00359,2024-01-09 14:00:00,FrequenceCardiaque,76.0,Bon
OC-005423,PAT-999999,2024-01-09 20:00:00,FrequenceCardiaque,73.0,Bon
OC-005424,PAT-00359,2024-01-10 08:00:00,FrequenceCardiaque,59.0,Bon
OC-005425,PAT-00359,2024-01-10 14:00:00,Poids,104.7,Bon
OC-005426,PAT-00359,2024-01-10 20:00:00,FrequenceCardiaque,88.0,Bon
OC-005427,PAT-00359,2024-01-11 14:00:00,FrequenceCardiaque,80.0,Bon
OC-005428,PAT-00359,2024-01-11 20:00:00,ActivitePas,4581.0,Bon
OC-005429,PAT-00359,2024-01-12 08:00:00,ActivitePas,2370.0,Bon
OC-005430,PAT-00359,2024-01-12 14:00:00,ActivitePas,5468.0,Bon
OC-005431,PAT-00359,2024-01-12 20:00:00,SpO2,95.0,Bon
OC-005432,PAT-00359,2024-01-13 08:00:00,FrequenceCardiaque,72.0,Bon
OC-005433,PAT-00359,2024-01-13 14:00:00,ActivitePas,5313.0,Bon
OC-005434,PAT-00359,2024-01-13 20:00:00,FrequenceCardiaque,72.0,Bon
OC-005435,PAT-00359,2024-01-14 08:00:00,FrequenceCardiaque,73.0,Bon
OC-005436,PAT-00359,2024-01-14 14:00:00,FrequenceCardiaque,81.0,Bon
OC-005437,PAT-00359,2024-01-14 20:00:00,FrequenceCardiaque,67.0,CapteurDefaillant
OC-005438,PAT-00359,2024-01-15 08:00:00,Poids,53.0,Bon
OC-005439,PAT-00359,2024-01-15 20:00:00,FrequenceCardiaque,78.0,Bon
OC-005440,PAT-00359,2024-01-16 08:00:00,SpO2,96.0,Bon
OC-005441,PAT-00359,2024-01-16 14:00:00,ActivitePas,3665.0,Bon
OC-005442,PAT-00359,2024-01-16 20:00:00,ActivitePas,183.0,Bon
OC-005443,PAT-00359,2024-01-17 08:00:00,FrequenceCardiaque,85.0,Bon
OC-005444,PAT-00359,2024-01-17 14:00:00,ActivitePas,4632.0,Bon
OC-005445,PAT-00359,2024-01-18 08:00:00,SpO2,95.0,Bon
OC-005446,PAT-00359,2024-01-18 14:00:00,ActivitePas,3026.0,Gap
OC-005447,PAT-00359,2024-01-19 08:00:00,Poids,97.0,Bon
OC-005448,PAT-00359,2024-01-19 20:00:00,FrequenceCardiaque,78.0,Gap
OC-005449,PAT-00359,2024-01-20 08:00:00,ActivitePas,3969.0,Bon
OC-005450,PAT-00359,2024-01-20 14:00:00,SpO2,94.0,Bon
OC-005451,PAT-00359,2024-01-20 20:00:00,Poids,92.0,Bon
OC-005452,PAT-00378,2024-01-01 08:00:00,ActivitePas,4179.0,Gap
OC-005453,PAT-00378,2024-01-01 14:00:00,ActivitePas,0.0,Bon
OC-005454,PAT-00378,2024-01-01 20:00:00,ActivitePas,2946.0,Bon
OC-005455,PAT-00378,2024-01-02 14:00:00,FrequenceCardiaque,80.0,Bon
OC-005456,PAT-00378,2024-01-02 20:00:00,SpO2,93.0,Bon
OC-005457,PAT-00378,2024-01-03 14:00:00,ActivitePas,2141.0,Bon
OC-005458,PAT-00378,2024-01-04 08:00:00,FrequenceCardiaque,68.0,Bon
OC-005459,PAT-00378,2024-01-04 14:00:00,ActivitePas,451.0,Bon
OC-005460,PAT-00378,2024-01-04 20:00:00,ActivitePas,112.0,Bon
OC-005461,PAT-00378,2024-01-05 08:00:00,ActivitePas,5566.0,Bon
OC-005462,PAT-00378,2024-01-05 14:00:00,ActivitePas,2663.0,Bon
OC-005463,PAT-00378,2024-01-05 20:00:00,Poids,59.7,Bon
OC-005464,PAT-00378,2024-01-06 08:00:00,ActivitePas,5308.0,Bon
OC-005465,PAT-00378,2024-01-06 14:00:00,ActivitePas,1885.0,Bon
OC-005466,PAT-00378,2024-01-06 20:00:00,ActivitePas,2637.0,Bon
OC-005467,PAT-00378,2024-01-07 08:00:00,ActivitePas,5474.0,CapteurDefaillant
OC-005468,PAT-00378,2024-01-07 14:00:00,SpO2,93.0,Bon
OC-005469,PAT-00378,2024-01-07 20:00:00,ActivitePas,5010.0,Bon
OC-005470,PAT-00378,2024-01-08 14:00:00,ActivitePas,1447.0,Bon
OC-005471,PAT-00378,2024-01-08 20:00:00,ActivitePas,7909.0,Bon
OC-005472,PAT-00378,2024-01-09 08:00:00,FrequenceCardiaque,76.0,Bon
OC-005473,PAT-00378,2024-01-09 14:00:00,Poids,94.8,Gap
OC-005474,PAT-00378,2024-01-09 20:00:00,FrequenceCardiaque,71.0,Bon
OC-005475,PAT-00378,2024-01-10 08:00:00,FrequenceCardiaque,89.0,Bon
OC-005476,PAT-00378,2024-01-10 14:00:00,ActivitePas,1636.0,CapteurDefaillant
OC-005477,PAT-00378,2024-01-10 20:00:00,ActivitePas,1002.0,CapteurDefaillant
OC-005478,PAT-00378,2024-01-11 08:00:00,ActivitePas,4246.0,Gap
OC-005479,PAT-00378,2024-01-11 14:00:00,SpO2,91.0,CapteurDefaillant
OC-005480,PAT-00378,2024-01-12 08:00:00,FrequenceCardiaque,74.0,Bon
OC-005481,PAT-00378,2024-01-13 08:00:00,ActivitePas,4327.0,CapteurDefaillant
OC-005482,PAT-00378,2024-01-13 14:00:00,FrequenceCardiaque,92.0,Bon
OC-005483,PAT-00378,2024-01-13 20:00:00,Poids,55.5,Bon
OC-005484,PAT-00378,2024-01-14 08:00:00,SpO2,95.0,Bon
OC-005485,PAT-00378,2024-01-14 14:00:00,SpO2,98.0,CapteurDefaillant
OC-005486,PAT-00378,2024-01-14 20:00:00,FrequenceCardiaque,78.0,Bon
OC-005487,PAT-00339,2023-11-20 20:00:00,ActivitePas,2230.0,CapteurDefaillant
OC-005488,PAT-00339,2023-11-21 08:00:00,FrequenceCardiaque,76.0,Bon
OC-005489,PAT-00339,2023-11-21 14:00:00,ActivitePas,2418.0,Bon
OC-005490,PAT-00339,2023-11-21 20:00:00,SpO2,96.0,Bon
OC-005491,PAT-00339,2023-11-22 08:00:00,ActivitePas,3818.0,Bon
OC-005492,PAT-00339,2023-11-22 20:00:00,FrequenceCardiaque,93.0,Bon
OC-005493,PAT-00339,2023-11-23 08:00:00,ActivitePas,5047.0,Bon
OC-005494,PAT-00339,2023-11-23 14:00:00,SpO2,94.0,Bon
OC-005495,PAT-00339,2023-11-23 20:00:00,FrequenceCardiaque,79.0,Bon
OC-005496,PAT-00339,2023-11-24 08:00:00,FrequenceCardiaque,63.0,Bon
OC-005497,PAT-00339,2023-11-24 14:00:00,ActivitePas,602.0,Bon
OC-005498,PAT-00339,2023-11-24 20:00:00,FrequenceCardiaque,94.0,Bon
OC-005499,PAT-00339,2023-11-25 08:00:00,ActivitePas,4827.0,CapteurDefaillant
OC-005500,PAT-00339,2023-11-25 14:00:00,ActivitePas,732.0,Bon
OC-005501,PAT-00339,2023-11-25 20:00:00,SpO2,89.0,Bon
OC-005502,PAT-00339,2023-11-26 14:00:00,FrequenceCardiaque,85.0,Bon
OC-005503,PAT-00339,2023-11-26 20:00:00,Poids,84.2,Bon
OC-005504,PAT-00339,2023-11-27 08:00:00,SpO2,95.0,Bon
OC-005505,PAT-00339,2023-11-27 14:00:00,FrequenceCardiaque,72.0,Bon
OC-005506,PAT-00339,2023-11-27 20:00:00,ActivitePas,2186.0,Bon
OC-005507,PAT-00339,2023-11-28 08:00:00,SpO2,92.0,CapteurDefaillant
OC-005508,PAT-00339,2023-11-28 14:00:00,Poids,80.1,Bon
OC-005509,PAT-00339,2023-11-28 20:00:00,FrequenceCardiaque,89.0,Bon
OC-005510,PAT-00339,2023-11-29 08:00:00,Poids,48.1,Bon
OC-005511,PAT-00339,2023-11-29 20:00:00,FrequenceCardiaque,49.0,Bon
OC-005512,PAT-00339,2023-11-30 08:00:00,FrequenceCardiaque,82.0,Bon
OC-005513,PAT-00339,2023-11-30 14:00:00,ActivitePas,2090.0,Bon
OC-005514,PAT-00339,2023-11-30 20:00:00,ActivitePas,6677.0,Bon
OC-005515,PAT-00339,2023-12-01 08:00:00,FrequenceCardiaque,60.0,CapteurDefaillant
OC-005516,PAT-00339,2023-12-01 14:00:00,ActivitePas,0.0,Bon
OC-005517,PAT-00339,2023-12-01 20:00:00,FrequenceCardiaque,83.0,Bon
OC-005518,PAT-00339,2023-12-02 08:00:00,FrequenceCardiaque,81.0,Bon
OC-005519,PAT-00339,2023-12-03 08:00:00,Poids,72.3,Bon
OC-005520,PAT-00339,2023-12-03 14:00:00,ActivitePas,2858.0,Bon
OC-005521,PAT-00339,2023-12-03 20:00:00,ActivitePas,1453.0,Bon
OC-005522,PAT-00465,2024-05-23 20:00:00,ActivitePas,4956.0,Bon
OC-005523,PAT-00465,2024-05-24 08:00:00,FrequenceCardiaque,66.0,Bon
OC-005524,PAT-00465,2024-05-24 14:00:00,ActivitePas,3523.0,Bon
OC-005525,PAT-00465,2024-05-24 20:00:00,FrequenceCardiaque,103.0,Bon
OC-005526,PAT-00465,2024-05-25 08:00:00,ActivitePas,4142.0,Bon
OC-005527,PAT-00465,2024-05-25 20:00:00,Poids,47.3,Bon
OC-005528,PAT-00465,2024-05-26 08:00:00,SpO2,92.0,Bon
OC-005529,PAT-00465,2024-05-26 14:00:00,Poids,40.0,CapteurDefaillant
OC-005530,PAT-00465,2024-05-26 20:00:00,Poids,88.0,Bon
OC-005531,PAT-00465,2024-05-27 14:00:00,Poids,78.2,Bon
OC-005532,PAT-00465,2024-05-27 20:00:00,ActivitePas,5468.0,Bon
OC-005533,PAT-00465,2024-05-28 08:00:00,FrequenceCardiaque,91.0,Bon
OC-005534,PAT-00465,2024-05-28 14:00:00,FrequenceCardiaque,92.0,Bon
OC-005535,PAT-00465,2024-05-30 08:00:00,FrequenceCardiaque,70.0,Bon
OC-005536,PAT-00465,2024-05-30 14:00:00,SpO2,97.0,Bon
OC-005537,PAT-00465,2024-05-31 08:00:00,FrequenceCardiaque,91.0,Bon
OC-005538,PAT-00465,2024-05-31 14:00:00,ActivitePas,5740.0,Bon
OC-005539,PAT-00465,2024-05-31 20:00:00,SpO2,96.0,Bon
OC-005540,PAT-00465,2024-06-01 08:00:00,FrequenceCardiaque,94.0,Bon
OC-005541,PAT-00465,2024-06-01 14:00:00,Poids,61.5,Bon
OC-005542,PAT-00465,2024-06-01 20:00:00,SpO2,93.0,CapteurDefaillant
OC-005543,PAT-00465,2024-06-02 14:00:00,ActivitePas,6263.0,Bon
OC-005544,PAT-00465,2024-06-02 20:00:00,Poids,87.4,Bon
OC-005545,PAT-00465,2024-06-03 14:00:00,Poids,90.6,Bon
OC-005546,PAT-00465,2024-06-04 08:00:00,FrequenceCardiaque,82.0,Bon
OC-005547,PAT-00465,2024-06-04 14:00:00,FrequenceCardiaque,67.0,Bon
OC-005548,PAT-00465,2024-06-04 20:00:00,ActivitePas,4219.0,Gap
OC-005549,PAT-00465,2024-06-05 08:00:00,SpO2,100.0,Bon
OC-005550,PAT-00465,2024-06-05 14:00:00,FrequenceCardiaque,92.0,Bon
OC-005551,PAT-00465,2024-06-05 20:00:00,FrequenceCardiaque,58.0,Bon
OC-005552,PAT-00536,2023-11-28 14:00:00,ActivitePas,2343.0,Bon
OC-005553,PAT-00536,2023-11-28 20:00:00,ActivitePas,4278.0,Bon
OC-005554,PAT-00536,2023-11-29 20:00:00,FrequenceCardiaque,71.0,Gap
OC-005555,PAT-00536,2023-11-30 20:00:00,FrequenceCardiaque,80.0,Bon
OC-005556,PAT-00536,2023-12-01 08:00:00,SpO2,91.0,Bon
OC-005557,PAT-00536,2023-12-01 14:00:00,ActivitePas,1880.0,Bon
OC-005558,PAT-00536,2023-12-01 20:00:00,ActivitePas,0.0,Bon
OC-005559,PAT-00536,2023-12-02 08:00:00,SpO2,95.0,Bon
OC-005560,PAT-00536,2023-12-02 14:00:00,FrequenceCardiaque,72.0,Bon
OC-005561,PAT-00536,2023-12-02 20:00:00,Poids,71.8,CapteurDefaillant
OC-005562,PAT-00536,2023-12-03 08:00:00,ActivitePas,3743.0,Bon
OC-005563,PAT-00536,2023-12-03 14:00:00,SpO2,96.0,Gap
OC-005564,PAT-00536,2023-12-03 20:00:00,SpO2,92.0,Bon
OC-005565,PAT-00536,2023-12-04 08:00:00,ActivitePas,2850.0,Bon
OC-005566,PAT-00536,2023-12-04 14:00:00,ActivitePas,3500.0,Bon
OC-005567,PAT-00536,2023-12-04 20:00:00,FrequenceCardiaque,87.0,Bon
OC-005568,PAT-00536,2023-12-05 08:00:00,SpO2,98.0,Bon
OC-005569,PAT-00536,2023-12-05 14:00:00,Poids,76.2,Bon
OC-005570,PAT-00536,2023-12-05 20:00:00,SpO2,96.0,Bon
OC-005571,PAT-00536,2023-12-06 08:00:00,ActivitePas,1426.0,CapteurDefaillant
OC-005572,PAT-00536,2023-12-06 14:00:00,Poids,69.2,Bon
OC-005573,PAT-00536,2023-12-06 20:00:00,Poids,77.3,Bon
OC-005574,PAT-00536,2023-12-07 08:00:00,SpO2,91.0,Bon
OC-005575,PAT-00536,2023-12-07 20:00:00,ActivitePas,1566.0,Bon
OC-005576,PAT-00536,2023-12-08 08:00:00,FrequenceCardiaque,72.0,Bon
OC-005577,PAT-00536,2023-12-08 20:00:00,ActivitePas,2498.0,Bon
OC-005578,PAT-00536,2023-12-09 08:00:00,ActivitePas,3100.0,Bon
OC-005579,PAT-00536,2023-12-09 14:00:00,Poids,69.7,CapteurDefaillant
OC-005580,PAT-00536,2023-12-10 08:00:00,FrequenceCardiaque,83.0,Bon
OC-005581,PAT-00536,2023-12-10 14:00:00,ActivitePas,3336.0,CapteurDefaillant
OC-005582,PAT-00536,2023-12-10 20:00:00,Poids,60.1,Bon
OC-005583,PAT-00536,2023-12-11 08:00:00,SpO2,91.0,Bon
OC-005584,PAT-00536,2023-12-11 14:00:00,SpO2,95.0,Bon
OC-005585,PAT-00536,2023-12-11 20:00:00,Poids,109.7,Bon
OC-005586,PAT-00111,2024-05-12 08:00:00,SpO2,96.0,Bon
OC-005587,PAT-999999,2024-05-12 14:00:00,SpO2,94.0,Bon
OC-005588,PAT-00111,2024-05-12 20:00:00,ActivitePas,6588.0,Bon
OC-005589,PAT-00111,2024-05-13 08:00:00,SpO2,96.0,Bon
OC-005590,PAT-00111,2024-05-13 14:00:00,SpO2,90.0,Gap
OC-005591,PAT-00111,2024-05-13 20:00:00,Poids,62.7,Bon
OC-005592,PAT-00111,2024-05-14 14:00:00,FrequenceCardiaque,84.0,Bon
OC-005593,PAT-00111,2024-05-15 08:00:00,Poids,91.4,Bon
OC-005594,PAT-999999,2024-05-15 14:00:00,SpO2,94.0,CapteurDefaillant
OC-005595,PAT-00111,2024-05-16 08:00:00,ActivitePas,5174.0,Bon
OC-005596,PAT-00111,2024-05-16 14:00:00,ActivitePas,1773.0,Bon
OC-005597,PAT-00111,2024-05-16 20:00:00,SpO2,97.0,Bon
OC-005598,PAT-00111,2024-05-17 08:00:00,ActivitePas,0.0,Gap
OC-005599,PAT-00111,2024-05-17 14:00:00,ActivitePas,5768.0,Bon
OC-005600,PAT-00111,2024-05-17 20:00:00,ActivitePas,342.0,Bon
OC-005601,PAT-00111,2024-05-18 14:00:00,SpO2,100.0,Bon
OC-005602,PAT-00111,2024-05-19 08:00:00,FrequenceCardiaque,65.0,Bon
OC-005603,PAT-00111,2024-05-19 14:00:00,FrequenceCardiaque,76.0,Bon
OC-005604,PAT-00111,2024-05-19 20:00:00,ActivitePas,4088.0,Bon
OC-005605,PAT-00111,2024-05-20 08:00:00,ActivitePas,2318.0,Bon
OC-005606,PAT-00111,2024-05-20 14:00:00,SpO2,93.0,Bon
OC-005607,PAT-00111,2024-05-21 08:00:00,SpO2,97.0,Bon
OC-005608,PAT-00111,2024-05-21 20:00:00,ActivitePas,4393.0,Bon
OC-005609,PAT-00111,2024-05-22 08:00:00,ActivitePas,2900.0,Bon
OC-005610,PAT-00111,2024-05-22 20:00:00,Poids,96.2,Bon
OC-005611,PAT-00111,2024-05-23 20:00:00,SpO2,95.0,Bon
OC-005612,PAT-00111,2024-05-24 08:00:00,SpO2,92.0,Bon
OC-005613,PAT-00111,2024-05-25 08:00:00,ActivitePas,3098.0,Bon
OC-005614,PAT-00111,2024-05-25 14:00:00,ActivitePas,2636.0,CapteurDefaillant
OC-005615,PAT-00111,2024-05-25 20:00:00,Poids,68.7,CapteurDefaillant
OC-005616,PAT-00341,2023-11-22 08:00:00,SpO2,94.0,Bon
OC-005617,PAT-00341,2023-11-22 14:00:00,Poids,68.0,Bon
OC-005618,PAT-00341,2023-11-22 20:00:00,FrequenceCardiaque,58.0,CapteurDefaillant
OC-005619,PAT-00341,2023-11-23 14:00:00,ActivitePas,2261.0,CapteurDefaillant
OC-005620,PAT-00341,2023-11-23 20:00:00,ActivitePas,874.0,Bon
OC-005621,PAT-00341,2023-11-24 08:00:00,ActivitePas,4957.0,Gap
OC-005622,PAT-00341,2023-11-25 08:00:00,FrequenceCardiaque,69.0,CapteurDefaillant
OC-005623,PAT-00341,2023-11-25 14:00:00,SpO2,100.0,Bon
OC-005624,PAT-00341,2023-11-25 20:00:00,Poids,85.2,Bon
OC-005625,PAT-00341,2023-11-26 14:00:00,Poids,65.0,Bon
OC-005626,PAT-00341,2023-11-26 20:00:00,ActivitePas,4538.0,Bon
OC-005627,PAT-00341,2023-11-27 08:00:00,FrequenceCardiaque,59.0,Bon
OC-005628,PAT-00341,2023-11-27 14:00:00,Poids,48.3,Bon
OC-005629,PAT-00341,2023-11-27 20:00:00,SpO2,100.0,Bon
OC-005630,PAT-00341,2023-11-28 14:00:00,SpO2,93.0,Bon
OC-005631,PAT-00341,2023-11-28 20:00:00,SpO2,92.0,Bon
OC-005632,PAT-00341,2023-11-29 08:00:00,FrequenceCardiaque,87.0,Bon
OC-005633,PAT-00341,2023-11-29 14:00:00,Poids,55.6,Bon
OC-005634,PAT-00341,2023-11-30 08:00:00,FrequenceCardiaque,87.0,CapteurDefaillant
OC-005635,PAT-00341,2023-11-30 14:00:00,FrequenceCardiaque,70.0,Bon
OC-005636,PAT-00341,2023-11-30 20:00:00,Poids,53.3,Bon
OC-005637,PAT-00341,2023-12-01 14:00:00,Poids,75.4,Bon
OC-005638,PAT-00341,2023-12-01 20:00:00,FrequenceCardiaque,93.0,Bon
OC-005639,PAT-00341,2023-12-02 08:00:00,ActivitePas,4247.0,Bon
OC-005640,PAT-00341,2023-12-02 14:00:00,FrequenceCardiaque,69.0,Bon
OC-005641,PAT-00341,2023-12-02 20:00:00,Poids,94.8,Bon
OC-005642,PAT-00341,2023-12-03 08:00:00,FrequenceCardiaque,63.0,Bon
OC-005643,PAT-00341,2023-12-03 20:00:00,SpO2,90.0,Bon
OC-005644,PAT-00341,2023-12-04 08:00:00,FrequenceCardiaque,84.0,Gap
OC-005645,PAT-00341,2023-12-04 14:00:00,SpO2,98.0,Gap
OC-005646,PAT-00341,2023-12-04 20:00:00,ActivitePas,1429.0,Bon
OC-005647,PAT-00341,2023-12-05 08:00:00,ActivitePas,2659.0,Bon
OC-005648,PAT-00341,2023-12-05 14:00:00,ActivitePas,2223.0,Bon
OC-005649,PAT-00341,2023-12-05 20:00:00,Poids,62.0,Gap
OC-005650,PAT-00415,2023-12-14 08:00:00,FrequenceCardiaque,79.0,Bon
OC-005651,PAT-00415,2023-12-14 14:00:00,Poids,68.6,Bon
OC-005652,PAT-00415,2023-12-14 20:00:00,SpO2,97.0,Gap
OC-005653,PAT-00415,2023-12-15 08:00:00,ActivitePas,4845.0,Bon
OC-005654,PAT-00415,2023-12-16 08:00:00,FrequenceCardiaque,95.0,Bon
OC-005655,PAT-00415,2023-12-16 14:00:00,ActivitePas,5720.0,Bon
OC-005656,PAT-00415,2023-12-17 08:00:00,FrequenceCardiaque,96.0,Bon
OC-005657,PAT-00415,2023-12-17 14:00:00,ActivitePas,3190.0,Bon
OC-005658,PAT-00415,2023-12-18 08:00:00,FrequenceCardiaque,65.0,Bon
OC-005659,PAT-00415,2023-12-18 20:00:00,Poids,84.8,CapteurDefaillant
OC-005660,PAT-00415,2023-12-19 08:00:00,ActivitePas,5506.0,Bon
OC-005661,PAT-00415,2023-12-19 14:00:00,ActivitePas,1704.0,Bon
OC-005662,PAT-00415,2023-12-19 20:00:00,ActivitePas,3529.0,Bon
OC-005663,PAT-00415,2023-12-20 08:00:00,FrequenceCardiaque,79.0,Bon
OC-005664,PAT-00415,2023-12-20 14:00:00,ActivitePas,5097.0,Bon
OC-005665,PAT-00415,2023-12-20 20:00:00,ActivitePas,6774.0,Bon
OC-005666,PAT-00415,2023-12-21 14:00:00,ActivitePas,824.0,Gap
OC-005667,PAT-00415,2023-12-21 20:00:00,Poids,64.4,Bon
OC-005668,PAT-999999,2023-12-22 08:00:00,FrequenceCardiaque,45.0,Bon
OC-005669,PAT-00415,2023-12-22 14:00:00,FrequenceCardiaque,79.0,Bon
OC-005670,PAT-00415,2023-12-22 20:00:00,SpO2,91.0,Bon
OC-005671,PAT-00415,2023-12-23 08:00:00,FrequenceCardiaque,68.0,Bon
OC-005672,PAT-00415,2023-12-23 14:00:00,ActivitePas,6506.0,Gap
OC-005673,PAT-00415,2023-12-24 08:00:00,FrequenceCardiaque,70.0,Bon
OC-005674,PAT-00415,2023-12-24 14:00:00,Poids,53.4,Bon
OC-005675,PAT-00415,2023-12-25 08:00:00,FrequenceCardiaque,55.0,Gap
OC-005676,PAT-00415,2023-12-25 14:00:00,Poids,67.9,Bon
OC-005677,PAT-00415,2023-12-25 20:00:00,FrequenceCardiaque,76.0,CapteurDefaillant
OC-005678,PAT-00415,2023-12-26 08:00:00,ActivitePas,2793.0,Bon
OC-005679,PAT-00415,2023-12-26 20:00:00,ActivitePas,5375.0,Bon
OC-005680,PAT-999999,2023-12-27 08:00:00,FrequenceCardiaque,63.0,Bon
OC-005681,PAT-00415,2023-12-27 14:00:00,ActivitePas,3219.0,CapteurDefaillant
OC-005682,PAT-00415,2023-12-27 20:00:00,ActivitePas,4655.0,Bon
OC-005683,PAT-00083,2023-11-29 08:00:00,FrequenceCardiaque,65.0,Bon
OC-005684,PAT-999999,2023-11-29 14:00:00,FrequenceCardiaque,96.0,Bon
OC-005685,PAT-00083,2023-11-29 20:00:00,ActivitePas,4375.0,Bon
OC-005686,PAT-00083,2023-11-30 08:00:00,Poids,75.8,Bon
OC-005687,PAT-00083,2023-11-30 14:00:00,ActivitePas,5557.0,CapteurDefaillant
OC-005688,PAT-00083,2023-11-30 20:00:00,Poids,81.9,Bon
OC-005689,PAT-00083,2023-12-01 14:00:00,ActivitePas,4493.0,Bon
OC-005690,PAT-00083,2023-12-01 20:00:00,ActivitePas,7605.0,Bon
OC-005691,PAT-00083,2023-12-02 08:00:00,SpO2,95.0,Bon
OC-005692,PAT-00083,2023-12-02 14:00:00,FrequenceCardiaque,85.0,Bon
OC-005693,PAT-00083,2023-12-03 14:00:00,FrequenceCardiaque,61.0,Bon
OC-005694,PAT-00083,2023-12-04 08:00:00,FrequenceCardiaque,93.0,Bon
OC-005695,PAT-00083,2023-12-04 14:00:00,SpO2,99.0,Bon
OC-005696,PAT-00083,2023-12-04 20:00:00,ActivitePas,2610.0,CapteurDefaillant
OC-005697,PAT-00083,2023-12-05 08:00:00,SpO2,97.0,CapteurDefaillant
OC-005698,PAT-00083,2023-12-05 14:00:00,FrequenceCardiaque,52.0,Bon
OC-005699,PAT-00083,2023-12-05 20:00:00,SpO2,93.0,Bon
OC-005700,PAT-00083,2023-12-06 08:00:00,ActivitePas,2817.0,Bon
OC-005701,PAT-00083,2023-12-06 14:00:00,SpO2,89.0,Bon
OC-005702,PAT-00083,2023-12-06 20:00:00,ActivitePas,912.0,CapteurDefaillant
OC-005703,PAT-00083,2023-12-07 08:00:00,FrequenceCardiaque,92.0,CapteurDefaillant
OC-005704,PAT-00083,2023-12-07 14:00:00,ActivitePas,4057.0,Bon
OC-005705,PAT-00083,2023-12-07 20:00:00,ActivitePas,2326.0,Bon
OC-005706,PAT-00083,2023-12-08 08:00:00,SpO2,94.0,Bon
OC-005707,PAT-00083,2023-12-08 14:00:00,FrequenceCardiaque,105.0,CapteurDefaillant
OC-005708,PAT-00083,2023-12-08 20:00:00,ActivitePas,3857.0,Bon
OC-005709,PAT-00083,2023-12-09 08:00:00,SpO2,96.0,Bon
OC-005710,PAT-00083,2023-12-09 14:00:00,SpO2,96.0,Bon
OC-005711,PAT-00083,2023-12-09 20:00:00,FrequenceCardiaque,77.0,Bon
OC-005712,PAT-00083,2023-12-10 08:00:00,ActivitePas,3795.0,CapteurDefaillant
OC-005713,PAT-00083,2023-12-10 14:00:00,ActivitePas,0.0,Bon
OC-005714,PAT-00083,2023-12-10 20:00:00,FrequenceCardiaque,88.0,Bon
OC-005715,PAT-00083,2023-12-11 08:00:00,SpO2,95.0,Bon
OC-005716,PAT-00083,2023-12-11 14:00:00,Poids,83.2,Bon
OC-005717,PAT-00083,2023-12-11 20:00:00,Poids,59.2,Bon
OC-005718,PAT-00083,2023-12-12 08:00:00,SpO2,97.0,Bon
OC-005719,PAT-00083,2023-12-12 20:00:00,FrequenceCardiaque,77.0,Bon
OC-005720,PAT-00232,2023-12-24 08:00:00,ActivitePas,3994.0,Bon
OC-005721,PAT-00232,2023-12-24 14:00:00,ActivitePas,1571.0,Bon
OC-005722,PAT-00232,2023-12-24 20:00:00,ActivitePas,3495.0,Bon
OC-005723,PAT-00232,2023-12-25 08:00:00,ActivitePas,3796.0,Bon
OC-005724,PAT-00232,2023-12-25 14:00:00,FrequenceCardiaque,74.0,Bon
OC-005725,PAT-00232,2023-12-25 20:00:00,FrequenceCardiaque,82.0,Bon
OC-005726,PAT-00232,2023-12-26 08:00:00,Poids,53.7,CapteurDefaillant
OC-005727,PAT-00232,2023-12-26 14:00:00,SpO2,93.0,Bon
OC-005728,PAT-00232,2023-12-26 20:00:00,FrequenceCardiaque,74.0,Bon
OC-005729,PAT-00232,2023-12-27 14:00:00,SpO2,96.0,Bon
OC-005730,PAT-00232,2023-12-27 20:00:00,FrequenceCardiaque,87.0,Bon
OC-005731,PAT-00232,2023-12-28 08:00:00,FrequenceCardiaque,89.0,Gap
OC-005732,PAT-00232,2023-12-28 14:00:00,FrequenceCardiaque,87.0,Bon
OC-005733,PAT-00232,2023-12-28 20:00:00,ActivitePas,5380.0,Bon
OC-005734,PAT-00232,2023-12-29 08:00:00,FrequenceCardiaque,72.0,Bon
OC-005735,PAT-00232,2023-12-29 14:00:00,FrequenceCardiaque,53.0,CapteurDefaillant
OC-005736,PAT-00232,2023-12-29 20:00:00,FrequenceCardiaque,59.0,Bon
OC-005737,PAT-00232,2023-12-30 08:00:00,ActivitePas,2051.0,Bon
OC-005738,PAT-00232,2023-12-30 14:00:00,SpO2,92.0,Bon
OC-005739,PAT-00232,2023-12-30 20:00:00,FrequenceCardiaque,79.0,Bon
OC-005740,PAT-00232,2023-12-31 08:00:00,Poids,62.2,Bon
OC-005741,PAT-00232,2023-12-31 14:00:00,SpO2,91.0,Bon
OC-005742,PAT-00232,2024-01-01 08:00:00,SpO2,90.0,Bon
OC-005743,PAT-00232,2024-01-01 20:00:00,SpO2,97.0,Gap
OC-005744,PAT-00232,2024-01-02 08:00:00,Poids,68.6,Bon
OC-005745,PAT-00232,2024-01-03 08:00:00,Poids,107.8,Bon
OC-005746,PAT-00232,2024-01-03 20:00:00,Poids,114.5,Bon
OC-005747,PAT-00232,2024-01-04 14:00:00,FrequenceCardiaque,77.0,Bon
OC-005748,PAT-00232,2024-01-04 20:00:00,Poids,103.3,Bon
OC-005749,PAT-00232,2024-01-05 08:00:00,FrequenceCardiaque,72.0,Bon
OC-005750,PAT-00232,2024-01-05 14:00:00,ActivitePas,3006.0,Bon
OC-005751,PAT-00232,2024-01-05 20:00:00,FrequenceCardiaque,61.0,Bon
OC-005752,PAT-00232,2024-01-06 08:00:00,FrequenceCardiaque,90.0,Bon
OC-005753,PAT-00232,2024-01-06 14:00:00,SpO2,98.0,Gap
OC-005754,PAT-00338,2024-05-23 14:00:00,ActivitePas,2684.0,Bon
OC-005755,PAT-00338,2024-05-23 20:00:00,SpO2,97.0,Bon
OC-005756,PAT-00338,2024-05-24 08:00:00,ActivitePas,3360.0,Bon
OC-005757,PAT-00338,2024-05-24 14:00:00,SpO2,95.0,CapteurDefaillant
OC-005758,PAT-00338,2024-05-24 20:00:00,ActivitePas,3037.0,Bon
OC-005759,PAT-00338,2024-05-25 08:00:00,SpO2,96.0,Bon
OC-005760,PAT-00338,2024-05-25 14:00:00,Poids,75.8,Bon
OC-005761,PAT-00338,2024-05-25 20:00:00,Poids,73.8,Bon
OC-005762,PAT-00338,2024-05-26 08:00:00,FrequenceCardiaque,80.0,Bon
OC-005763,PAT-00338,2024-05-26 20:00:00,ActivitePas,1633.0,Bon
OC-005764,PAT-00338,2024-05-27 08:00:00,ActivitePas,868.0,Bon
OC-005765,PAT-00338,2024-05-27 20:00:00,Poids,66.9,Gap
OC-005766,PAT-00338,2024-05-28 08:00:00,FrequenceCardiaque,66.0,Bon
OC-005767,PAT-00338,2024-05-28 20:00:00,Poids,93.0,Bon
OC-005768,PAT-00338,2024-05-29 08:00:00,ActivitePas,2448.0,Bon
OC-005769,PAT-00338,2024-05-29 14:00:00,Poids,60.2,Bon
OC-005770,PAT-00338,2024-05-29 20:00:00,ActivitePas,6785.0,Gap
OC-005771,PAT-00338,2024-05-30 08:00:00,FrequenceCardiaque,80.0,Bon
OC-005772,PAT-00338,2024-05-30 20:00:00,Poids,92.2,Bon
OC-005773,PAT-00338,2024-05-31 08:00:00,FrequenceCardiaque,80.0,CapteurDefaillant
OC-005774,PAT-00338,2024-05-31 14:00:00,ActivitePas,4523.0,Bon
OC-005775,PAT-00338,2024-05-31 20:00:00,SpO2,94.0,Bon
OC-005776,PAT-00338,2024-06-01 08:00:00,FrequenceCardiaque,64.0,Bon
OC-005777,PAT-00338,2024-06-01 14:00:00,Poids,87.6,Bon
OC-005778,PAT-00338,2024-06-01 20:00:00,ActivitePas,3256.0,Bon
OC-005779,PAT-00338,2024-06-02 08:00:00,SpO2,95.0,Bon
OC-005780,PAT-00338,2024-06-02 14:00:00,FrequenceCardiaque,84.0,Gap
OC-005781,PAT-00338,2024-06-02 20:00:00,FrequenceCardiaque,86.0,Bon
OC-005782,PAT-00338,2024-06-03 08:00:00,Poids,59.0,CapteurDefaillant
OC-005783,PAT-00338,2024-06-03 14:00:00,SpO2,94.0,Bon
OC-005784,PAT-00338,2024-06-03 20:00:00,FrequenceCardiaque,105.0,Bon
OC-005785,PAT-00338,2024-06-04 08:00:00,FrequenceCardiaque,65.0,CapteurDefaillant
OC-005786,PAT-00338,2024-06-04 14:00:00,SpO2,96.0,Bon
OC-005787,PAT-00338,2024-06-04 20:00:00,SpO2,92.0,Bon
OC-005788,PAT-00338,2024-06-05 08:00:00,FrequenceCardiaque,68.0,Bon
OC-005789,PAT-00338,2024-06-05 14:00:00,ActivitePas,3107.0,Bon
OC-005790,PAT-00246,2023-12-03 08:00:00,FrequenceCardiaque,81.0,Bon
OC-005791,PAT-00246,2023-12-03 14:00:00,FrequenceCardiaque,71.0,Bon
OC-005792,PAT-00246,2023-12-04 14:00:00,FrequenceCardiaque,53.0,Bon
OC-005793,PAT-00246,2023-12-05 08:00:00,ActivitePas,3031.0,Bon
OC-005794,PAT-00246,2023-12-05 14:00:00,ActivitePas,1740.0,Bon
OC-005795,PAT-00246,2023-12-05 20:00:00,ActivitePas,4513.0,Bon
OC-005796,PAT-00246,2023-12-06 08:00:00,ActivitePas,2664.0,Bon
OC-005797,PAT-00246,2023-12-06 14:00:00,ActivitePas,4818.0,Bon
OC-005798,PAT-00246,2023-12-06 20:00:00,FrequenceCardiaque,78.0,Bon
OC-005799,PAT-00246,2023-12-07 08:00:00,SpO2,94.0,Bon
OC-005800,PAT-00246,2023-12-07 20:00:00,FrequenceCardiaque,63.0,Bon
OC-005801,PAT-00246,2023-12-08 08:00:00,ActivitePas,3252.0,Bon
OC-005802,PAT-00246,2023-12-08 14:00:00,FrequenceCardiaque,72.0,Bon
OC-005803,PAT-00246,2023-12-08 20:00:00,FrequenceCardiaque,65.0,Gap
OC-005804,PAT-00246,2023-12-09 08:00:00,FrequenceCardiaque,84.0,Bon
OC-005805,PAT-00246,2023-12-09 14:00:00,Poids,79.0,Gap
OC-005806,PAT-00246,2023-12-09 20:00:00,FrequenceCardiaque,78.0,Bon
OC-005807,PAT-00246,2023-12-10 08:00:00,ActivitePas,2001.0,Bon
OC-005808,PAT-00246,2023-12-10 14:00:00,FrequenceCardiaque,90.0,Bon
OC-005809,PAT-00246,2023-12-11 08:00:00,ActivitePas,3266.0,Bon
OC-005810,PAT-00246,2023-12-11 14:00:00,ActivitePas,2827.0,CapteurDefaillant
OC-005811,PAT-00246,2023-12-11 20:00:00,FrequenceCardiaque,62.0,Bon
OC-005812,PAT-00246,2023-12-12 08:00:00,ActivitePas,1197.0,Bon
OC-005813,PAT-00246,2023-12-12 14:00:00,SpO2,95.0,Bon
OC-005814,PAT-00246,2023-12-13 08:00:00,ActivitePas,4259.0,Bon
OC-005815,PAT-00246,2023-12-13 14:00:00,ActivitePas,3375.0,Bon
OC-005816,PAT-00246,2023-12-13 20:00:00,Poids,95.5,Bon
OC-005817,PAT-00246,2023-12-14 08:00:00,Poids,79.0,Bon
OC-005818,PAT-00246,2023-12-14 14:00:00,Poids,78.7,Gap
OC-005819,PAT-00246,2023-12-15 08:00:00,SpO2,92.0,Bon
OC-005820,PAT-00246,2023-12-15 14:00:00,FrequenceCardiaque,92.0,Bon
OC-005821,PAT-00246,2023-12-16 08:00:00,FrequenceCardiaque,61.0,Bon
OC-005822,PAT-00246,2023-12-16 14:00:00,FrequenceCardiaque,64.0,Bon
OC-005823,PAT-00246,2023-12-16 20:00:00,FrequenceCardiaque,92.0,Bon
OC-005824,PAT-00569,2024-04-14 08:00:00,ActivitePas,5956.0,Bon
OC-005825,PAT-00569,2024-04-14 20:00:00,SpO2,94.0,Bon
OC-005826,PAT-00569,2024-04-15 14:00:00,ActivitePas,2787.0,Bon
OC-005827,PAT-999999,2024-04-16 08:00:00,FrequenceCardiaque,91.0,Gap
OC-005828,PAT-00569,2024-04-16 14:00:00,FrequenceCardiaque,73.0,Bon
OC-005829,PAT-00569,2024-04-16 20:00:00,SpO2,97.0,Bon
OC-005830,PAT-00569,2024-04-17 08:00:00,ActivitePas,6138.0,Bon
OC-005831,PAT-00569,2024-04-17 14:00:00,FrequenceCardiaque,82.0,Bon
OC-005832,PAT-00569,2024-04-17 20:00:00,ActivitePas,1853.0,Bon
OC-005833,PAT-00569,2024-04-18 08:00:00,FrequenceCardiaque,60.0,Bon
OC-005834,PAT-00569,2024-04-18 14:00:00,Poids,51.8,Bon
OC-005835,PAT-00569,2024-04-18 20:00:00,ActivitePas,5307.0,Bon
OC-005836,PAT-00569,2024-04-19 08:00:00,ActivitePas,911.0,Bon
OC-005837,PAT-00569,2024-04-20 08:00:00,SpO2,90.0,Bon
OC-005838,PAT-00569,2024-04-20 14:00:00,ActivitePas,2356.0,Bon
OC-005839,PAT-00569,2024-04-21 08:00:00,ActivitePas,0.0,Bon
OC-005840,PAT-00569,2024-04-21 20:00:00,SpO2,98.0,Bon
OC-005841,PAT-00569,2024-04-22 08:00:00,ActivitePas,5095.0,Bon
OC-005842,PAT-00569,2024-04-22 14:00:00,FrequenceCardiaque,91.0,Bon
OC-005843,PAT-00569,2024-04-22 20:00:00,ActivitePas,2714.0,Bon
OC-005844,PAT-00569,2024-04-23 08:00:00,ActivitePas,2094.0,Bon
OC-005845,PAT-00569,2024-04-23 14:00:00,FrequenceCardiaque,79.0,Gap
OC-005846,PAT-00569,2024-04-24 08:00:00,ActivitePas,0.0,Bon
OC-005847,PAT-00569,2024-04-24 20:00:00,Poids,68.0,CapteurDefaillant
OC-005848,PAT-00569,2024-04-25 08:00:00,ActivitePas,5230.0,Bon
OC-005849,PAT-00569,2024-04-25 14:00:00,SpO2,98.0,Gap
OC-005850,PAT-00569,2024-04-25 20:00:00,SpO2,95.0,Bon
OC-005851,PAT-00569,2024-04-26 14:00:00,ActivitePas,4297.0,Bon
OC-005852,PAT-00569,2024-04-26 20:00:00,ActivitePas,2809.0,Bon
OC-005853,PAT-00569,2024-04-27 08:00:00,ActivitePas,1036.0,CapteurDefaillant
OC-005854,PAT-00569,2024-04-27 14:00:00,ActivitePas,3752.0,Bon
OC-005855,PAT-00569,2024-04-27 20:00:00,FrequenceCardiaque,84.0,Bon
OC-005856,PAT-00041,2024-03-16 08:00:00,FrequenceCardiaque,80.0,Bon
OC-005857,PAT-00041,2024-03-16 14:00:00,SpO2,98.0,CapteurDefaillant
OC-005858,PAT-00041,2024-03-16 20:00:00,FrequenceCardiaque,72.0,Bon
OC-005859,PAT-00041,2024-03-17 08:00:00,Poids,90.9,Bon
OC-005860,PAT-00041,2024-03-17 14:00:00,Poids,64.3,Bon
OC-005861,PAT-00041,2024-03-18 08:00:00,FrequenceCardiaque,96.0,Bon
OC-005862,PAT-00041,2024-03-18 14:00:00,ActivitePas,6743.0,Bon
OC-005863,PAT-00041,2024-03-18 20:00:00,FrequenceCardiaque,73.0,Bon
OC-005864,PAT-00041,2024-03-19 08:00:00,Poids,115.5,Gap
OC-005865,PAT-999999,2024-03-19 20:00:00,Poids,78.4,CapteurDefaillant
OC-005866,PAT-00041,2024-03-20 08:00:00,SpO2,92.0,Bon
OC-005867,PAT-00041,2024-03-20 14:00:00,ActivitePas,3327.0,CapteurDefaillant
OC-005868,PAT-00041,2024-03-20 20:00:00,FrequenceCardiaque,80.0,Bon
OC-005869,PAT-00041,2024-03-21 14:00:00,FrequenceCardiaque,98.0,CapteurDefaillant
OC-005870,PAT-00041,2024-03-21 20:00:00,FrequenceCardiaque,106.0,Bon
OC-005871,PAT-00041,2024-03-22 14:00:00,FrequenceCardiaque,78.0,Gap
OC-005872,PAT-00041,2024-03-22 20:00:00,SpO2,93.0,Bon
OC-005873,PAT-00041,2024-03-23 08:00:00,FrequenceCardiaque,82.0,Bon
OC-005874,PAT-00041,2024-03-23 14:00:00,Poids,76.0,Bon
OC-005875,PAT-00041,2024-03-23 20:00:00,FrequenceCardiaque,56.0,Bon
OC-005876,PAT-00041,2024-03-24 08:00:00,ActivitePas,479.0,Bon
OC-005877,PAT-999999,2024-03-24 20:00:00,FrequenceCardiaque,58.0,Bon
OC-005878,PAT-00041,2024-03-25 14:00:00,FrequenceCardiaque,65.0,CapteurDefaillant
OC-005879,PAT-999999,2024-03-25 20:00:00,ActivitePas,3473.0,Bon
OC-005880,PAT-00041,2024-03-26 08:00:00,Poids,74.6,Bon
OC-005881,PAT-00041,2024-03-26 14:00:00,Poids,83.8,Bon
OC-005882,PAT-00041,2024-03-26 20:00:00,ActivitePas,0.0,Bon
OC-005883,PAT-00041,2024-03-27 08:00:00,Poids,76.8,Bon
OC-005884,PAT-00041,2024-03-27 20:00:00,Poids,78.8,Gap
OC-005885,PAT-00041,2024-03-28 14:00:00,SpO2,93.0,Bon
OC-005886,PAT-00041,2024-03-28 20:00:00,SpO2,94.0,Bon
OC-005887,PAT-00041,2024-03-29 08:00:00,Poids,83.2,Bon
OC-005888,PAT-00041,2024-03-29 14:00:00,SpO2,94.0,Bon
OC-005889,PAT-00041,2024-03-29 20:00:00,ActivitePas,4401.0,Bon
OC-005890,PAT-00590,2024-04-01 08:00:00,FrequenceCardiaque,69.0,Bon
OC-005891,PAT-999999,2024-04-01 14:00:00,ActivitePas,4157.0,Bon
OC-005892,PAT-00590,2024-04-01 20:00:00,ActivitePas,3648.0,Bon
OC-005893,PAT-00590,2024-04-02 08:00:00,SpO2,96.0,Gap
OC-005894,PAT-00590,2024-04-02 14:00:00,FrequenceCardiaque,85.0,Bon
OC-005895,PAT-00590,2024-04-02 20:00:00,SpO2,93.0,Bon
OC-005896,PAT-00590,2024-04-03 08:00:00,FrequenceCardiaque,81.0,Bon
OC-005897,PAT-00590,2024-04-03 14:00:00,ActivitePas,0.0,Bon
OC-005898,PAT-00590,2024-04-03 20:00:00,ActivitePas,4174.0,Bon
OC-005899,PAT-00590,2024-04-05 08:00:00,SpO2,96.0,Bon
OC-005900,PAT-00590,2024-04-05 20:00:00,ActivitePas,2060.0,Bon
OC-005901,PAT-00590,2024-04-06 08:00:00,Poids,88.1,CapteurDefaillant
OC-005902,PAT-00590,2024-04-06 14:00:00,ActivitePas,5990.0,Bon
OC-005903,PAT-00590,2024-04-06 20:00:00,ActivitePas,2506.0,Bon
OC-005904,PAT-00590,2024-04-07 08:00:00,FrequenceCardiaque,71.0,Bon
OC-005905,PAT-00590,2024-04-07 14:00:00,ActivitePas,4849.0,CapteurDefaillant
OC-005906,PAT-00590,2024-04-07 20:00:00,ActivitePas,5203.0,Bon
OC-005907,PAT-00590,2024-04-08 08:00:00,Poids,69.3,Bon
OC-005908,PAT-00590,2024-04-08 14:00:00,SpO2,99.0,Bon
OC-005909,PAT-00590,2024-04-08 20:00:00,SpO2,99.0,Bon
OC-005910,PAT-00590,2024-04-09 08:00:00,ActivitePas,241.0,Bon
OC-005911,PAT-00590,2024-04-09 14:00:00,SpO2,97.0,Bon
OC-005912,PAT-00590,2024-04-09 20:00:00,ActivitePas,2504.0,Bon
OC-005913,PAT-00590,2024-04-10 08:00:00,SpO2,91.0,Bon
OC-005914,PAT-00590,2024-04-10 14:00:00,SpO2,91.0,Bon
OC-005915,PAT-00590,2024-04-10 20:00:00,Poids,80.4,Bon
OC-005916,PAT-00590,2024-04-11 08:00:00,SpO2,95.0,Gap
OC-005917,PAT-00590,2024-04-11 14:00:00,FrequenceCardiaque,84.0,Bon
OC-005918,PAT-00590,2024-04-12 14:00:00,SpO2,94.0,Bon
OC-005919,PAT-00590,2024-04-13 08:00:00,Poids,61.0,Bon
OC-005920,PAT-00590,2024-04-13 20:00:00,Poids,69.1,Bon
OC-005921,PAT-00590,2024-04-14 08:00:00,ActivitePas,5460.0,Bon
OC-005922,PAT-00383,2024-03-12 20:00:00,Poids,53.6,Bon
OC-005923,PAT-00383,2024-03-13 14:00:00,ActivitePas,5345.0,Bon
OC-005924,PAT-00383,2024-03-13 20:00:00,FrequenceCardiaque,63.0,Gap
OC-005925,PAT-00383,2024-03-14 08:00:00,SpO2,94.0,Bon
OC-005926,PAT-00383,2024-03-14 14:00:00,FrequenceCardiaque,84.0,Gap
OC-005927,PAT-00383,2024-03-14 20:00:00,ActivitePas,4475.0,Bon
OC-005928,PAT-00383,2024-03-15 14:00:00,FrequenceCardiaque,78.0,Bon
OC-005929,PAT-00383,2024-03-15 20:00:00,FrequenceCardiaque,76.0,Bon
OC-005930,PAT-00383,2024-03-16 08:00:00,SpO2,97.0,CapteurDefaillant
OC-005931,PAT-00383,2024-03-16 14:00:00,ActivitePas,5279.0,Bon
OC-005932,PAT-00383,2024-03-16 20:00:00,ActivitePas,2242.0,Bon
OC-005933,PAT-00383,2024-03-17 08:00:00,ActivitePas,2487.0,Bon
OC-005934,PAT-00383,2024-03-17 20:00:00,ActivitePas,2400.0,Bon
OC-005935,PAT-00383,2024-03-18 20:00:00,FrequenceCardiaque,90.0,Bon
OC-005936,PAT-00383,2024-03-19 08:00:00,FrequenceCardiaque,93.0,Bon
OC-005937,PAT-00383,2024-03-19 14:00:00,ActivitePas,4185.0,Bon
OC-005938,PAT-00383,2024-03-19 20:00:00,SpO2,99.0,Bon
OC-005939,PAT-00383,2024-03-20 08:00:00,Poids,45.1,Bon
OC-005940,PAT-00383,2024-03-20 14:00:00,ActivitePas,1025.0,Bon
OC-005941,PAT-00383,2024-03-20 20:00:00,FrequenceCardiaque,64.0,Bon
OC-005942,PAT-00383,2024-03-21 08:00:00,ActivitePas,2960.0,Bon
OC-005943,PAT-00383,2024-03-21 14:00:00,SpO2,93.0,CapteurDefaillant
OC-005944,PAT-00383,2024-03-21 20:00:00,ActivitePas,1923.0,Bon
OC-005945,PAT-00383,2024-03-22 08:00:00,FrequenceCardiaque,80.0,Bon
OC-005946,PAT-00383,2024-03-22 14:00:00,ActivitePas,6729.0,Gap
OC-005947,PAT-00383,2024-03-22 20:00:00,FrequenceCardiaque,96.0,Bon
OC-005948,PAT-00383,2024-03-23 08:00:00,FrequenceCardiaque,63.0,Bon
OC-005949,PAT-00383,2024-03-23 14:00:00,FrequenceCardiaque,95.0,Bon
OC-005950,PAT-00383,2024-03-23 20:00:00,ActivitePas,4685.0,Bon
OC-005951,PAT-00383,2024-03-24 08:00:00,FrequenceCardiaque,72.0,CapteurDefaillant
OC-005952,PAT-00383,2024-03-24 14:00:00,ActivitePas,4495.0,Bon
OC-005953,PAT-00383,2024-03-24 20:00:00,FrequenceCardiaque,87.0,Gap
OC-005954,PAT-999999,2024-03-25 14:00:00,ActivitePas,3847.0,Bon
OC-005955,PAT-00383,2024-03-25 20:00:00,ActivitePas,2291.0,Bon
OC-005956,PAT-00489,2024-02-02 08:00:00,Poids,74.5,CapteurDefaillant
OC-005957,PAT-00489,2024-02-02 14:00:00,SpO2,93.0,Bon
OC-005958,PAT-00489,2024-02-02 20:00:00,FrequenceCardiaque,89.0,Bon
OC-005959,PAT-00489,2024-02-03 14:00:00,ActivitePas,4673.0,Gap
OC-005960,PAT-00489,2024-02-03 20:00:00,FrequenceCardiaque,56.0,Bon
OC-005961,PAT-00489,2024-02-04 08:00:00,Poids,73.1,Bon
OC-005962,PAT-00489,2024-02-04 14:00:00,FrequenceCardiaque,83.0,Bon
OC-005963,PAT-00489,2024-02-04 20:00:00,ActivitePas,0.0,Bon
OC-005964,PAT-00489,2024-02-05 08:00:00,FrequenceCardiaque,74.0,Bon
OC-005965,PAT-00489,2024-02-05 20:00:00,FrequenceCardiaque,86.0,Bon
OC-005966,PAT-00489,2024-02-06 08:00:00,ActivitePas,4318.0,Bon
OC-005967,PAT-00489,2024-02-06 14:00:00,FrequenceCardiaque,64.0,Bon
OC-005968,PAT-00489,2024-02-06 20:00:00,FrequenceCardiaque,79.0,Bon
OC-005969,PAT-00489,2024-02-07 08:00:00,ActivitePas,1438.0,Bon
OC-005970,PAT-00489,2024-02-07 14:00:00,ActivitePas,6102.0,Bon
OC-005971,PAT-00489,2024-02-07 20:00:00,Poids,97.2,Bon
OC-005972,PAT-00489,2024-02-08 08:00:00,Poids,68.3,Bon
OC-005973,PAT-00489,2024-02-08 14:00:00,ActivitePas,3945.0,Bon
OC-005974,PAT-00489,2024-02-08 20:00:00,SpO2,93.0,Bon
OC-005975,PAT-00489,2024-02-09 08:00:00,Poids,63.5,CapteurDefaillant
OC-005976,PAT-00489,2024-02-09 14:00:00,ActivitePas,3581.0,Bon
OC-005977,PAT-00489,2024-02-09 20:00:00,ActivitePas,4067.0,Bon
OC-005978,PAT-00489,2024-02-10 08:00:00,ActivitePas,3941.0,Bon
OC-005979,PAT-00489,2024-02-10 14:00:00,Poids,93.7,Bon
OC-005980,PAT-00489,2024-02-10 20:00:00,FrequenceCardiaque,77.0,Gap
OC-005981,PAT-00489,2024-02-11 08:00:00,ActivitePas,5728.0,Gap
OC-005982,PAT-00489,2024-02-11 14:00:00,SpO2,94.0,Bon
OC-005983,PAT-00489,2024-02-11 20:00:00,Poids,74.7,Bon
OC-005984,PAT-00489,2024-02-12 08:00:00,SpO2,99.0,Bon
OC-005985,PAT-00489,2024-02-12 14:00:00,FrequenceCardiaque,49.0,Bon
OC-005986,PAT-00489,2024-02-12 20:00:00,ActivitePas,1898.0,Gap
OC-005987,PAT-00489,2024-02-13 08:00:00,FrequenceCardiaque,87.0,CapteurDefaillant
OC-005988,PAT-00489,2024-02-14 08:00:00,ActivitePas,2533.0,Bon
OC-005989,PAT-00489,2024-02-14 14:00:00,ActivitePas,57.0,Bon
OC-005990,PAT-00489,2024-02-15 08:00:00,FrequenceCardiaque,94.0,Bon
OC-005991,PAT-00489,2024-02-15 14:00:00,ActivitePas,5130.0,Bon
OC-005992,PAT-00348,2024-01-11 08:00:00,Poids,57.8,Bon
OC-005993,PAT-00348,2024-01-11 20:00:00,Poids,63.7,Bon
OC-005994,PAT-00348,2024-01-12 08:00:00,Poids,61.1,Bon
OC-005995,PAT-00348,2024-01-12 14:00:00,FrequenceCardiaque,92.0,Bon
OC-005996,PAT-00348,2024-01-13 08:00:00,FrequenceCardiaque,78.0,Bon
OC-005997,PAT-00348,2024-01-13 14:00:00,SpO2,97.0,Bon
OC-005998,PAT-00348,2024-01-13 20:00:00,Poids,88.1,Bon
OC-005999,PAT-00348,2024-01-14 14:00:00,FrequenceCardiaque,87.0,Bon
OC-006000,PAT-00348,2024-01-14 20:00:00,ActivitePas,4914.0,Bon
OC-006001,PAT-00348,2024-01-15 08:00:00,ActivitePas,3050.0,Bon
OC-006002,PAT-00348,2024-01-15 14:00:00,FrequenceCardiaque,95.0,Bon
OC-006003,PAT-00348,2024-01-15 20:00:00,ActivitePas,3088.0,Bon
OC-006004,PAT-00348,2024-01-16 08:00:00,FrequenceCardiaque,66.0,Bon
OC-006005,PAT-00348,2024-01-16 14:00:00,Poids,61.7,Gap
OC-006006,PAT-00348,2024-01-16 20:00:00,ActivitePas,1715.0,Bon
OC-006007,PAT-00348,2024-01-17 08:00:00,ActivitePas,2270.0,Bon
OC-006008,PAT-00348,2024-01-17 20:00:00,Poids,70.8,Bon
OC-006009,PAT-00348,2024-01-18 08:00:00,ActivitePas,6018.0,Bon
OC-006010,PAT-00348,2024-01-18 14:00:00,FrequenceCardiaque,96.0,Bon
OC-006011,PAT-00348,2024-01-18 20:00:00,ActivitePas,4761.0,Bon
OC-006012,PAT-00348,2024-01-19 08:00:00,SpO2,93.0,Bon
OC-006013,PAT-999999,2024-01-19 14:00:00,FrequenceCardiaque,57.0,Gap
OC-006014,PAT-00348,2024-01-19 20:00:00,FrequenceCardiaque,82.0,Bon
OC-006015,PAT-00348,2024-01-20 08:00:00,ActivitePas,4589.0,Bon
OC-006016,PAT-00348,2024-01-20 20:00:00,FrequenceCardiaque,83.0,CapteurDefaillant
OC-006017,PAT-00348,2024-01-21 14:00:00,SpO2,94.0,Bon
OC-006018,PAT-00348,2024-01-21 20:00:00,ActivitePas,0.0,Bon
OC-006019,PAT-00348,2024-01-22 08:00:00,ActivitePas,3018.0,Bon
OC-006020,PAT-00348,2024-01-22 14:00:00,FrequenceCardiaque,85.0,Bon
OC-006021,PAT-999999,2024-01-22 20:00:00,ActivitePas,5960.0,Bon
OC-006022,PAT-00348,2024-01-23 08:00:00,FrequenceCardiaque,79.0,Bon
OC-006023,PAT-00348,2024-01-23 14:00:00,FrequenceCardiaque,61.0,Gap
OC-006024,PAT-00348,2024-01-24 08:00:00,FrequenceCardiaque,65.0,Bon
OC-006025,PAT-00348,2024-01-24 14:00:00,FrequenceCardiaque,77.0,Bon
OC-006026,PAT-00441,2024-04-06 08:00:00,SpO2,99.0,Bon
OC-006027,PAT-00441,2024-04-06 14:00:00,FrequenceCardiaque,76.0,CapteurDefaillant
OC-006028,PAT-00441,2024-04-06 20:00:00,FrequenceCardiaque,78.0,Bon
OC-006029,PAT-00441,2024-04-07 08:00:00,Poids,81.6,Bon
OC-006030,PAT-00441,2024-04-07 14:00:00,FrequenceCardiaque,71.0,Bon
OC-006031,PAT-00441,2024-04-07 20:00:00,ActivitePas,2815.0,CapteurDefaillant
OC-006032,PAT-00441,2024-04-08 08:00:00,Poids,63.7,Bon
OC-006033,PAT-00441,2024-04-08 14:00:00,Poids,85.1,Bon
OC-006034,PAT-00441,2024-04-09 14:00:00,ActivitePas,1760.0,Bon
OC-006035,PAT-00441,2024-04-10 08:00:00,Poids,40.0,Bon
OC-006036,PAT-00441,2024-04-10 20:00:00,SpO2,94.0,Bon
OC-006037,PAT-00441,2024-04-11 08:00:00,SpO2,98.0,Bon
OC-006038,PAT-00441,2024-04-11 20:00:00,FrequenceCardiaque,80.0,Bon
OC-006039,PAT-00441,2024-04-12 08:00:00,FrequenceCardiaque,72.0,Bon
OC-006040,PAT-00441,2024-04-12 14:00:00,SpO2,93.0,Bon
OC-006041,PAT-00441,2024-04-12 20:00:00,FrequenceCardiaque,92.0,Bon
OC-006042,PAT-00441,2024-04-13 08:00:00,Poids,46.6,Bon
OC-006043,PAT-00441,2024-04-13 14:00:00,ActivitePas,5173.0,Bon
OC-006044,PAT-00441,2024-04-14 08:00:00,FrequenceCardiaque,94.0,Bon
OC-006045,PAT-00441,2024-04-14 14:00:00,FrequenceCardiaque,71.0,Bon
OC-006046,PAT-00441,2024-04-14 20:00:00,ActivitePas,4036.0,Bon
OC-006047,PAT-00441,2024-04-15 08:00:00,ActivitePas,4337.0,Bon
OC-006048,PAT-00441,2024-04-15 14:00:00,ActivitePas,483.0,Bon
OC-006049,PAT-00441,2024-04-16 14:00:00,ActivitePas,2448.0,Bon
OC-006050,PAT-00441,2024-04-16 20:00:00,FrequenceCardiaque,107.0,Bon
OC-006051,PAT-00441,2024-04-17 08:00:00,FrequenceCardiaque,65.0,Bon
OC-006052,PAT-00441,2024-04-17 14:00:00,SpO2,92.0,Bon
OC-006053,PAT-00441,2024-04-17 20:00:00,ActivitePas,5521.0,Bon
OC-006054,PAT-00441,2024-04-18 08:00:00,ActivitePas,5110.0,Bon
OC-006055,PAT-00441,2024-04-18 14:00:00,Poids,65.8,Bon
OC-006056,PAT-00441,2024-04-18 20:00:00,Poids,81.2,Gap
OC-006057,PAT-00441,2024-04-19 08:00:00,SpO2,92.0,Bon
OC-006058,PAT-00441,2024-04-19 14:00:00,ActivitePas,4367.0,Bon
OC-006059,PAT-00441,2024-04-19 20:00:00,FrequenceCardiaque,83.0,Bon
OC-006060,PAT-00393,2023-12-25 08:00:00,FrequenceCardiaque,76.0,Bon
OC-006061,PAT-00393,2023-12-25 14:00:00,FrequenceCardiaque,76.0,Bon
OC-006062,PAT-00393,2023-12-26 08:00:00,Poids,74.1,Bon
OC-006063,PAT-00393,2023-12-26 14:00:00,Poids,55.5,Bon
OC-006064,PAT-00393,2023-12-26 20:00:00,SpO2,95.0,Bon
OC-006065,PAT-00393,2023-12-27 14:00:00,SpO2,90.0,Bon
OC-006066,PAT-00393,2023-12-27 20:00:00,Poids,66.9,Bon
OC-006067,PAT-00393,2023-12-28 08:00:00,ActivitePas,4595.0,Bon
OC-006068,PAT-00393,2023-12-28 14:00:00,FrequenceCardiaque,97.0,Gap
OC-006069,PAT-00393,2023-12-28 20:00:00,Poids,64.3,Bon
OC-006070,PAT-00393,2023-12-29 14:00:00,ActivitePas,4080.0,Bon
OC-006071,PAT-00393,2023-12-29 20:00:00,ActivitePas,4078.0,Bon
OC-006072,PAT-00393,2023-12-30 08:00:00,ActivitePas,2476.0,CapteurDefaillant
OC-006073,PAT-00393,2023-12-30 14:00:00,FrequenceCardiaque,67.0,Bon
OC-006074,PAT-00393,2023-12-30 20:00:00,SpO2,90.0,Bon
OC-006075,PAT-00393,2023-12-31 08:00:00,ActivitePas,3064.0,Bon
OC-006076,PAT-00393,2023-12-31 14:00:00,SpO2,97.0,CapteurDefaillant
OC-006077,PAT-00393,2024-01-01 14:00:00,Poids,68.0,Bon
OC-006078,PAT-00393,2024-01-01 20:00:00,FrequenceCardiaque,100.0,Bon
OC-006079,PAT-00393,2024-01-02 14:00:00,Poids,80.7,Bon
OC-006080,PAT-00393,2024-01-02 20:00:00,FrequenceCardiaque,76.0,Bon
OC-006081,PAT-00393,2024-01-03 08:00:00,FrequenceCardiaque,55.0,Bon
OC-006082,PAT-00393,2024-01-04 08:00:00,Poids,72.9,CapteurDefaillant
OC-006083,PAT-00393,2024-01-04 14:00:00,FrequenceCardiaque,78.0,Bon
OC-006084,PAT-00393,2024-01-04 20:00:00,ActivitePas,7048.0,CapteurDefaillant
OC-006085,PAT-00393,2024-01-05 08:00:00,FrequenceCardiaque,72.0,Bon
OC-006086,PAT-00393,2024-01-05 14:00:00,FrequenceCardiaque,84.0,Bon
OC-006087,PAT-00393,2024-01-05 20:00:00,ActivitePas,2650.0,Bon
OC-006088,PAT-00393,2024-01-06 08:00:00,Poids,65.3,Bon
OC-006089,PAT-00393,2024-01-06 14:00:00,FrequenceCardiaque,73.0,Bon
OC-006090,PAT-00393,2024-01-06 20:00:00,FrequenceCardiaque,83.0,Bon
OC-006091,PAT-00393,2024-01-07 20:00:00,SpO2,94.0,Bon
OC-006092,PAT-00379,2024-04-25 08:00:00,Poids,62.8,CapteurDefaillant
OC-006093,PAT-00379,2024-04-25 14:00:00,Poids,71.2,Bon
OC-006094,PAT-00379,2024-04-25 20:00:00,FrequenceCardiaque,101.0,Bon
OC-006095,PAT-00379,2024-04-26 08:00:00,ActivitePas,0.0,Bon
OC-006096,PAT-00379,2024-04-26 14:00:00,FrequenceCardiaque,72.0,Bon
OC-006097,PAT-00379,2024-04-26 20:00:00,Poids,60.0,Bon
OC-006098,PAT-00379,2024-04-27 08:00:00,ActivitePas,3712.0,Bon
OC-006099,PAT-00379,2024-04-27 14:00:00,FrequenceCardiaque,76.0,Bon
OC-006100,PAT-00379,2024-04-27 20:00:00,FrequenceCardiaque,70.0,Bon
OC-006101,PAT-00379,2024-04-28 08:00:00,FrequenceCardiaque,70.0,CapteurDefaillant
OC-006102,PAT-00379,2024-04-28 14:00:00,FrequenceCardiaque,45.0,Bon
OC-006103,PAT-00379,2024-04-28 20:00:00,SpO2,98.0,Bon
OC-006104,PAT-00379,2024-04-29 08:00:00,Poids,73.4,Bon
OC-006105,PAT-00379,2024-04-29 14:00:00,Poids,66.4,CapteurDefaillant
OC-006106,PAT-00379,2024-04-29 20:00:00,FrequenceCardiaque,78.0,Bon
OC-006107,PAT-00379,2024-04-30 08:00:00,FrequenceCardiaque,83.0,CapteurDefaillant
OC-006108,PAT-00379,2024-04-30 14:00:00,Poids,100.8,Bon
OC-006109,PAT-00379,2024-04-30 20:00:00,ActivitePas,717.0,Gap
OC-006110,PAT-00379,2024-05-01 08:00:00,ActivitePas,1080.0,Bon
OC-006111,PAT-00379,2024-05-01 14:00:00,FrequenceCardiaque,88.0,CapteurDefaillant
OC-006112,PAT-00379,2024-05-02 08:00:00,FrequenceCardiaque,72.0,Bon
OC-006113,PAT-00379,2024-05-02 20:00:00,ActivitePas,3728.0,Bon
OC-006114,PAT-00379,2024-05-03 08:00:00,FrequenceCardiaque,94.0,CapteurDefaillant
OC-006115,PAT-00379,2024-05-03 14:00:00,SpO2,89.0,Bon
OC-006116,PAT-00379,2024-05-04 08:00:00,SpO2,96.0,Bon
OC-006117,PAT-00379,2024-05-04 14:00:00,FrequenceCardiaque,77.0,Bon
OC-006118,PAT-00379,2024-05-04 20:00:00,ActivitePas,5039.0,Bon
OC-006119,PAT-00379,2024-05-05 08:00:00,FrequenceCardiaque,79.0,Bon
OC-006120,PAT-00379,2024-05-05 14:00:00,ActivitePas,3859.0,Bon
OC-006121,PAT-00379,2024-05-05 20:00:00,FrequenceCardiaque,80.0,Gap
OC-006122,PAT-00379,2024-05-06 08:00:00,SpO2,93.0,Bon
OC-006123,PAT-00379,2024-05-06 14:00:00,Poids,55.8,Bon
OC-006124,PAT-00379,2024-05-07 08:00:00,ActivitePas,3913.0,Bon
OC-006125,PAT-00379,2024-05-07 14:00:00,ActivitePas,4228.0,Gap
OC-006126,PAT-00379,2024-05-07 20:00:00,SpO2,91.0,Gap
OC-006127,PAT-00379,2024-05-08 08:00:00,Poids,116.7,Bon
OC-006128,PAT-00379,2024-05-08 14:00:00,ActivitePas,2573.0,Bon
OC-006129,PAT-00379,2024-05-08 20:00:00,ActivitePas,2963.0,Bon
OC-006130,PAT-00551,2023-12-27 08:00:00,SpO2,93.0,Gap
OC-006131,PAT-00551,2023-12-27 14:00:00,Poids,84.5,Bon
OC-006132,PAT-00551,2023-12-27 20:00:00,ActivitePas,1945.0,Gap
OC-006133,PAT-999999,2023-12-28 08:00:00,Poids,62.6,CapteurDefaillant
OC-006134,PAT-00551,2023-12-28 14:00:00,SpO2,100.0,Bon
OC-006135,PAT-00551,2023-12-28 20:00:00,ActivitePas,3754.0,Bon
OC-006136,PAT-00551,2023-12-29 08:00:00,FrequenceCardiaque,91.0,Bon
OC-006137,PAT-00551,2023-12-29 14:00:00,SpO2,92.0,Bon
OC-006138,PAT-00551,2023-12-29 20:00:00,ActivitePas,2294.0,Bon
OC-006139,PAT-00551,2023-12-30 08:00:00,Poids,72.7,CapteurDefaillant
OC-006140,PAT-00551,2023-12-30 14:00:00,ActivitePas,2647.0,Bon
OC-006141,PAT-00551,2023-12-30 20:00:00,Poids,71.4,Bon
OC-006142,PAT-00551,2023-12-31 08:00:00,ActivitePas,3217.0,Gap
OC-006143,PAT-00551,2023-12-31 20:00:00,ActivitePas,2987.0,Bon
OC-006144,PAT-00551,2024-01-01 14:00:00,Poids,82.7,CapteurDefaillant
OC-006145,PAT-00551,2024-01-01 20:00:00,Poids,68.0,Bon
OC-006146,PAT-00551,2024-01-02 08:00:00,ActivitePas,4559.0,Bon
OC-006147,PAT-00551,2024-01-02 14:00:00,ActivitePas,3058.0,Bon
OC-006148,PAT-00551,2024-01-02 20:00:00,FrequenceCardiaque,79.0,Bon
OC-006149,PAT-00551,2024-01-03 08:00:00,ActivitePas,2954.0,Bon
OC-006150,PAT-00551,2024-01-03 14:00:00,SpO2,96.0,Bon
OC-006151,PAT-00551,2024-01-03 20:00:00,Poids,80.6,Bon
OC-006152,PAT-00551,2024-01-04 20:00:00,FrequenceCardiaque,92.0,Bon
OC-006153,PAT-00551,2024-01-05 08:00:00,Poids,73.6,Bon
OC-006154,PAT-00551,2024-01-05 14:00:00,ActivitePas,0.0,Bon
OC-006155,PAT-00551,2024-01-05 20:00:00,FrequenceCardiaque,72.0,Bon
OC-006156,PAT-00551,2024-01-06 08:00:00,FrequenceCardiaque,75.0,Gap
OC-006157,PAT-00551,2024-01-06 14:00:00,ActivitePas,3196.0,Bon
OC-006158,PAT-00551,2024-01-06 20:00:00,ActivitePas,525.0,Bon
OC-006159,PAT-00551,2024-01-07 08:00:00,ActivitePas,4413.0,Bon
OC-006160,PAT-00551,2024-01-07 14:00:00,ActivitePas,1302.0,Bon
OC-006161,PAT-00551,2024-01-08 14:00:00,SpO2,96.0,Bon
OC-006162,PAT-00551,2024-01-08 20:00:00,ActivitePas,3958.0,Bon
OC-006163,PAT-00551,2024-01-09 08:00:00,Poids,80.6,Bon
OC-006164,PAT-00551,2024-01-09 14:00:00,FrequenceCardiaque,80.0,Bon
OC-006165,PAT-00551,2024-01-09 20:00:00,Poids,79.6,Bon
OC-006166,PAT-00507,2023-11-19 08:00:00,SpO2,97.0,Bon
OC-006167,PAT-00507,2023-11-19 14:00:00,SpO2,95.0,Bon
OC-006168,PAT-00507,2023-11-20 08:00:00,FrequenceCardiaque,71.0,Bon
OC-006169,PAT-00507,2023-11-20 20:00:00,FrequenceCardiaque,69.0,Bon
OC-006170,PAT-00507,2023-11-21 08:00:00,FrequenceCardiaque,71.0,Bon
OC-006171,PAT-00507,2023-11-21 14:00:00,ActivitePas,1964.0,Bon
OC-006172,PAT-00507,2023-11-21 20:00:00,ActivitePas,4549.0,Gap
OC-006173,PAT-00507,2023-11-22 08:00:00,SpO2,92.0,Bon
OC-006174,PAT-00507,2023-11-22 14:00:00,FrequenceCardiaque,69.0,Bon
OC-006175,PAT-00507,2023-11-23 08:00:00,ActivitePas,5340.0,Bon
OC-006176,PAT-00507,2023-11-23 14:00:00,FrequenceCardiaque,74.0,CapteurDefaillant
OC-006177,PAT-00507,2023-11-23 20:00:00,SpO2,95.0,CapteurDefaillant
OC-006178,PAT-00507,2023-11-24 08:00:00,Poids,56.3,CapteurDefaillant
OC-006179,PAT-00507,2023-11-24 14:00:00,FrequenceCardiaque,57.0,Bon
OC-006180,PAT-00507,2023-11-25 14:00:00,ActivitePas,2774.0,Bon
OC-006181,PAT-00507,2023-11-25 20:00:00,ActivitePas,5471.0,Bon
OC-006182,PAT-00507,2023-11-26 08:00:00,FrequenceCardiaque,64.0,Bon
OC-006183,PAT-00507,2023-11-26 14:00:00,SpO2,94.0,Gap
OC-006184,PAT-00507,2023-11-26 20:00:00,Poids,63.2,Gap
OC-006185,PAT-00507,2023-11-27 08:00:00,FrequenceCardiaque,65.0,CapteurDefaillant
OC-006186,PAT-00507,2023-11-27 20:00:00,FrequenceCardiaque,93.0,Bon
OC-006187,PAT-00507,2023-11-28 14:00:00,ActivitePas,2421.0,Bon
OC-006188,PAT-00507,2023-11-28 20:00:00,FrequenceCardiaque,83.0,CapteurDefaillant
OC-006189,PAT-00507,2023-11-29 08:00:00,SpO2,98.0,Bon
OC-006190,PAT-00507,2023-11-29 20:00:00,FrequenceCardiaque,80.0,Bon
OC-006191,PAT-00507,2023-11-30 08:00:00,ActivitePas,2929.0,Bon
OC-006192,PAT-00507,2023-11-30 14:00:00,SpO2,95.0,Bon
OC-006193,PAT-00507,2023-12-01 08:00:00,SpO2,99.0,Bon
OC-006194,PAT-00507,2023-12-01 20:00:00,FrequenceCardiaque,70.0,Bon
OC-006195,PAT-00507,2023-12-02 08:00:00,FrequenceCardiaque,75.0,CapteurDefaillant
OC-006196,PAT-00507,2023-12-02 20:00:00,ActivitePas,2917.0,Bon
OC-006197,PAT-00048,2023-11-28 08:00:00,FrequenceCardiaque,82.0,Bon
OC-006198,PAT-00048,2023-11-28 14:00:00,Poids,73.3,Gap
OC-006199,PAT-00048,2023-11-28 20:00:00,FrequenceCardiaque,93.0,Bon
OC-006200,PAT-00048,2023-11-29 08:00:00,Poids,79.4,Bon
OC-006201,PAT-00048,2023-11-29 14:00:00,SpO2,98.0,Bon
OC-006202,PAT-00048,2023-11-29 20:00:00,FrequenceCardiaque,73.0,Bon
OC-006203,PAT-00048,2023-11-30 08:00:00,SpO2,94.0,Bon
OC-006204,PAT-00048,2023-11-30 14:00:00,FrequenceCardiaque,81.0,CapteurDefaillant
OC-006205,PAT-00048,2023-11-30 20:00:00,FrequenceCardiaque,85.0,Bon
OC-006206,PAT-00048,2023-12-01 08:00:00,ActivitePas,1677.0,Bon
OC-006207,PAT-00048,2023-12-01 14:00:00,FrequenceCardiaque,72.0,Bon
OC-006208,PAT-00048,2023-12-01 20:00:00,FrequenceCardiaque,59.0,Bon
OC-006209,PAT-00048,2023-12-02 08:00:00,FrequenceCardiaque,91.0,Bon
OC-006210,PAT-00048,2023-12-02 14:00:00,ActivitePas,4190.0,Bon
OC-006211,PAT-00048,2023-12-03 08:00:00,SpO2,89.0,Bon
OC-006212,PAT-00048,2023-12-03 14:00:00,FrequenceCardiaque,58.0,Bon
OC-006213,PAT-00048,2023-12-03 20:00:00,FrequenceCardiaque,83.0,Bon
OC-006214,PAT-00048,2023-12-04 08:00:00,FrequenceCardiaque,79.0,Bon
OC-006215,PAT-00048,2023-12-04 14:00:00,Poids,64.9,Bon
OC-006216,PAT-00048,2023-12-04 20:00:00,ActivitePas,3637.0,Bon
OC-006217,PAT-00048,2023-12-05 08:00:00,ActivitePas,4204.0,Bon
OC-006218,PAT-00048,2023-12-05 14:00:00,SpO2,95.0,Bon
OC-006219,PAT-00048,2023-12-06 08:00:00,SpO2,95.0,Bon
OC-006220,PAT-00048,2023-12-06 14:00:00,FrequenceCardiaque,86.0,Bon
OC-006221,PAT-00048,2023-12-07 14:00:00,Poids,79.5,Bon
OC-006222,PAT-00048,2023-12-07 20:00:00,SpO2,98.0,Gap
OC-006223,PAT-00048,2023-12-08 14:00:00,ActivitePas,3592.0,Bon
OC-006224,PAT-00048,2023-12-08 20:00:00,Poids,93.1,Bon
OC-006225,PAT-00048,2023-12-09 14:00:00,FrequenceCardiaque,69.0,Bon
OC-006226,PAT-00048,2023-12-09 20:00:00,SpO2,96.0,Bon
OC-006227,PAT-00048,2023-12-10 08:00:00,FrequenceCardiaque,93.0,Bon
OC-006228,PAT-00048,2023-12-10 14:00:00,SpO2,96.0,Gap
OC-006229,PAT-00048,2023-12-10 20:00:00,SpO2,93.0,Bon
OC-006230,PAT-00048,2023-12-11 08:00:00,FrequenceCardiaque,68.0,CapteurDefaillant
OC-006231,PAT-00048,2023-12-11 14:00:00,FrequenceCardiaque,97.0,Bon
OC-006232,PAT-00124,2024-03-12 08:00:00,FrequenceCardiaque,72.0,Bon
OC-006233,PAT-00124,2024-03-12 14:00:00,Poids,102.3,Bon
OC-006234,PAT-00124,2024-03-12 20:00:00,Poids,76.4,Bon
OC-006235,PAT-00124,2024-03-13 08:00:00,ActivitePas,6778.0,Bon
OC-006236,PAT-00124,2024-03-13 14:00:00,SpO2,95.0,Bon
OC-006237,PAT-00124,2024-03-14 14:00:00,Poids,59.6,Bon
OC-006238,PAT-00124,2024-03-14 20:00:00,Poids,63.3,Bon
OC-006239,PAT-00124,2024-03-15 14:00:00,FrequenceCardiaque,70.0,CapteurDefaillant
OC-006240,PAT-00124,2024-03-16 08:00:00,Poids,78.6,Bon
OC-006241,PAT-00124,2024-03-16 14:00:00,ActivitePas,3741.0,Bon
OC-006242,PAT-00124,2024-03-16 20:00:00,SpO2,95.0,Bon
OC-006243,PAT-00124,2024-03-17 08:00:00,Poids,77.8,Bon
OC-006244,PAT-00124,2024-03-17 14:00:00,Poids,96.4,Bon
OC-006245,PAT-00124,2024-03-17 20:00:00,Poids,85.2,Bon
OC-006246,PAT-00124,2024-03-18 08:00:00,FrequenceCardiaque,66.0,Bon
OC-006247,PAT-00124,2024-03-18 14:00:00,FrequenceCardiaque,82.0,Bon
OC-006248,PAT-00124,2024-03-19 08:00:00,FrequenceCardiaque,70.0,Gap
OC-006249,PAT-00124,2024-03-19 14:00:00,FrequenceCardiaque,81.0,Bon
OC-006250,PAT-00124,2024-03-19 20:00:00,SpO2,89.0,Gap
OC-006251,PAT-00124,2024-03-20 08:00:00,FrequenceCardiaque,67.0,Bon
OC-006252,PAT-00124,2024-03-20 14:00:00,FrequenceCardiaque,88.0,Bon
OC-006253,PAT-00124,2024-03-20 20:00:00,ActivitePas,3521.0,Bon
OC-006254,PAT-00124,2024-03-21 08:00:00,Poids,57.7,Bon
OC-006255,PAT-00124,2024-03-21 20:00:00,SpO2,99.0,Bon
OC-006256,PAT-00124,2024-03-22 08:00:00,FrequenceCardiaque,100.0,Bon
OC-006257,PAT-00124,2024-03-22 14:00:00,Poids,65.9,CapteurDefaillant
OC-006258,PAT-00124,2024-03-22 20:00:00,FrequenceCardiaque,67.0,Bon
OC-006259,PAT-00124,2024-03-23 08:00:00,SpO2,90.0,Bon
OC-006260,PAT-00124,2024-03-23 14:00:00,ActivitePas,4477.0,Bon
OC-006261,PAT-00124,2024-03-23 20:00:00,ActivitePas,2189.0,Bon
OC-006262,PAT-00124,2024-03-24 14:00:00,SpO2,93.0,Bon
OC-006263,PAT-00124,2024-03-24 20:00:00,FrequenceCardiaque,73.0,Bon
OC-006264,PAT-00124,2024-03-25 08:00:00,ActivitePas,5994.0,Bon
OC-006265,PAT-00161,2024-01-04 08:00:00,SpO2,97.0,Bon
OC-006266,PAT-00161,2024-01-04 14:00:00,ActivitePas,3751.0,Bon
OC-006267,PAT-00161,2024-01-05 08:00:00,FrequenceCardiaque,76.0,Bon
OC-006268,PAT-00161,2024-01-05 14:00:00,Poids,62.1,CapteurDefaillant
OC-006269,PAT-00161,2024-01-05 20:00:00,FrequenceCardiaque,74.0,Bon
OC-006270,PAT-00161,2024-01-06 08:00:00,Poids,43.5,Bon
OC-006271,PAT-00161,2024-01-06 14:00:00,FrequenceCardiaque,91.0,Bon
OC-006272,PAT-00161,2024-01-06 20:00:00,FrequenceCardiaque,72.0,Bon
OC-006273,PAT-00161,2024-01-07 08:00:00,ActivitePas,1508.0,Bon
OC-006274,PAT-00161,2024-01-07 14:00:00,Poids,98.3,Bon
OC-006275,PAT-00161,2024-01-07 20:00:00,SpO2,93.0,Bon
OC-006276,PAT-00161,2024-01-08 08:00:00,FrequenceCardiaque,84.0,Gap
OC-006277,PAT-00161,2024-01-08 14:00:00,ActivitePas,0.0,Bon
OC-006278,PAT-00161,2024-01-08 20:00:00,ActivitePas,1418.0,Bon
OC-006279,PAT-00161,2024-01-09 08:00:00,ActivitePas,5744.0,Bon
OC-006280,PAT-00161,2024-01-09 20:00:00,ActivitePas,7600.0,Bon
OC-006281,PAT-00161,2024-01-10 08:00:00,ActivitePas,5139.0,Bon
OC-006282,PAT-00161,2024-01-10 14:00:00,FrequenceCardiaque,93.0,Bon
OC-006283,PAT-00161,2024-01-10 20:00:00,ActivitePas,597.0,Bon
OC-006284,PAT-00161,2024-01-11 20:00:00,ActivitePas,3695.0,CapteurDefaillant
OC-006285,PAT-00161,2024-01-12 08:00:00,SpO2,100.0,Bon
OC-006286,PAT-00161,2024-01-12 14:00:00,SpO2,100.0,Bon
OC-006287,PAT-00161,2024-01-12 20:00:00,Poids,66.4,Gap
OC-006288,PAT-00161,2024-01-13 08:00:00,Poids,47.7,Bon
OC-006289,PAT-00161,2024-01-13 14:00:00,ActivitePas,5323.0,Bon
OC-006290,PAT-00161,2024-01-13 20:00:00,FrequenceCardiaque,53.0,Bon
OC-006291,PAT-00161,2024-01-14 08:00:00,FrequenceCardiaque,58.0,Bon
OC-006292,PAT-00161,2024-01-14 14:00:00,FrequenceCardiaque,78.0,Bon
OC-006293,PAT-00161,2024-01-15 08:00:00,SpO2,97.0,CapteurDefaillant
OC-006294,PAT-00161,2024-01-15 14:00:00,Poids,88.7,Gap
OC-006295,PAT-00161,2024-01-16 14:00:00,FrequenceCardiaque,87.0,Bon
OC-006296,PAT-00161,2024-01-16 20:00:00,Poids,88.8,Bon
OC-006297,PAT-00161,2024-01-17 14:00:00,ActivitePas,0.0,Bon
